Date,"ï»¿""Symbol""",Series,PrevClose,OpenPrice,HighPrice,LowPrice,LastPrice,ClosePrice,AveragePrice,TotalTradedQuantity,TurnoverInRs,No.ofTrades,DeliverableQty,%DlyQttoTradedQty
2016-05-19,BAJAJFINSV,EQ,"1,859.05","1,860.00","1,879.00","1,842.10","1,842.25","1,853.45","1,863.14",32240,60067665.75,3635,19128.0,59.33
2016-05-20,BAJAJFINSV,EQ,"1,853.45","1,854.00","1,871.00","1,790.00","1,805.55","1,804.80","1,823.34",48472,88381022.0,5485,27246.0,56.21
2016-05-23,BAJAJFINSV,EQ,"1,804.80","1,823.00","1,855.95","1,794.00","1,820.00","1,806.15","1,830.26",38996,71372824.15,3646,25674.0,65.84
2016-05-24,BAJAJFINSV,EQ,"1,806.15","1,821.65","1,834.00","1,725.55","1,759.95","1,762.25","1,776.48",95703,170014333.5,11658,49068.0,51.27
2016-05-25,BAJAJFINSV,EQ,"1,762.25","1,784.95","1,815.00","1,763.00","1,785.00","1,789.35","1,793.95",102265,183458000.55,14061,65558.0,64.11
2016-05-26,BAJAJFINSV,EQ,"1,789.35","1,798.00","1,820.00","1,785.00","1,795.00","1,792.15","1,801.82",61945,111613761.85,8304,31185.0,50.34
2016-05-27,BAJAJFINSV,EQ,"1,792.15","1,799.90","1,853.90","1,790.05","1,837.10","1,835.70","1,810.66",206841,374518867.25,10803,161686.0,78.17
2016-05-30,BAJAJFINSV,EQ,"1,835.70","1,838.00","1,864.85","1,828.25","1,840.00","1,839.15","1,841.34",51768,95322461.35,5105,38420.0,74.22
2016-05-31,BAJAJFINSV,EQ,"1,839.15","1,855.00","1,855.00","1,798.70","1,816.60","1,820.65","1,824.06",42522,77562522.95,6626,25085.0,58.99
2016-06-01,BAJAJFINSV,EQ,"1,820.65","1,835.95","1,839.00","1,774.05","1,774.05","1,798.55","1,806.16",171646,310020096.75,8429,133118.0,77.55
2016-06-02,BAJAJFINSV,EQ,"1,798.55","1,804.90","1,867.90","1,791.35","1,859.95","1,851.40","1,839.38",185707,341586636.35,10055,150983.0,81.3
2016-06-03,BAJAJFINSV,EQ,"1,851.40","1,870.00","1,920.95","1,845.00","1,860.00","1,855.80","1,892.82",169990,321759703.0,17525,123885.0,72.88
2016-06-06,BAJAJFINSV,EQ,"1,855.80","1,855.00","1,892.00","1,854.95","1,865.00","1,866.00","1,871.12",48081,89965421.45,3829,29786.0,61.95
2016-06-07,BAJAJFINSV,EQ,"1,866.00","1,883.00","1,884.00","1,858.00","1,878.70","1,876.75","1,872.73",62687,117395848.85,3208,48753.0,77.77
2016-06-08,BAJAJFINSV,EQ,"1,876.75","1,877.00","1,902.90","1,850.55","1,859.85","1,860.20","1,866.38",57478,107275955.5,2526,48533.0,84.44
2016-06-09,BAJAJFINSV,EQ,"1,860.20","1,862.30","1,877.00","1,831.50","1,838.00","1,840.35","1,849.98",50087,92660041.0,3315,37919.0,75.71
2016-06-10,BAJAJFINSV,EQ,"1,840.35","1,850.00","1,850.00","1,800.15","1,809.70","1,812.15","1,825.65",78984,144197029.9,12425,66441.0,84.12
2016-06-13,BAJAJFINSV,EQ,"1,812.15","1,810.00","1,810.00","1,766.00","1,768.15","1,771.85","1,776.41",79866,141875013.6,13389,53687.0,67.22
2016-06-14,BAJAJFINSV,EQ,"1,771.85","1,775.00","1,897.00","1,762.10","1,878.45","1,873.90","1,838.38",250086,459753036.25,21270,135371.0,54.13
2016-06-15,BAJAJFINSV,EQ,"1,873.90","1,887.95","1,952.00","1,879.95","1,945.15","1,946.90","1,926.80",306570,590697828.3,22761,165207.0,53.89
2016-06-16,BAJAJFINSV,EQ,"1,946.90","1,948.95","2,149.60","1,908.10","2,015.00","2,043.95","2,049.03",619399,1269169142.7,31112,311654.0,50.32
2016-06-17,BAJAJFINSV,EQ,"2,043.95","2,065.00","2,099.90","2,022.00","2,047.20","2,056.15","2,062.71",183292,378078695.4,11281,101553.0,55.41
2016-06-20,BAJAJFINSV,EQ,"2,056.15","2,037.65","2,059.95","1,994.00","2,000.00","2,007.85","2,023.94",126667,256366922.75,10456,81546.0,64.38
2016-06-21,BAJAJFINSV,EQ,"2,007.85","2,012.00","2,033.40","2,006.35","2,015.00","2,013.05","2,019.55",41164,83132594.8,3871,20713.0,50.32
2016-06-22,BAJAJFINSV,EQ,"2,013.05","2,018.00","2,050.00","2,005.00","2,020.00","2,025.60","2,022.50",57540,116374929.55,4881,36088.0,62.72
2016-06-23,BAJAJFINSV,EQ,"2,025.60","2,024.95","2,024.95","1,982.20","1,999.00","2,002.90","2,001.67",51463,103012109.35,6627,28896.0,56.15
2016-06-24,BAJAJFINSV,EQ,"2,002.90","1,978.00","2,099.00","1,919.00","2,070.00","2,077.65","2,010.98",170471,342813076.85,14873,84710.0,49.69
2016-06-27,BAJAJFINSV,EQ,"2,077.65","2,091.00","2,244.00","2,090.00","2,166.00","2,181.90","2,181.96",523701,1142693783.7,23820,272859.0,52.1
2016-06-28,BAJAJFINSV,EQ,"2,181.90","2,200.00","2,246.95","2,190.05","2,201.00","2,196.10","2,209.98",220239,486724140.15,13988,124838.0,56.68
2016-06-29,BAJAJFINSV,EQ,"2,196.10","2,205.40","2,390.00","2,180.50","2,295.05","2,298.10","2,290.50",325093,744625783.4,27357,129241.0,39.76
2016-06-30,BAJAJFINSV,EQ,"2,298.10","2,320.00","2,359.70","2,279.55","2,332.00","2,321.60","2,322.04",299835,696228910.75,22272,171675.0,57.26
2016-07-01,BAJAJFINSV,EQ,"2,321.60","2,321.00","2,390.00","2,316.25","2,339.95","2,354.80","2,355.13",203829,480044725.7,16389,87811.0,43.08
2016-07-04,BAJAJFINSV,EQ,"2,354.80","2,370.00","2,399.70","2,328.80","2,360.00","2,351.75","2,371.28",165371,392140866.35,14713,67056.0,40.55
2016-07-05,BAJAJFINSV,EQ,"2,351.75","2,389.00","2,389.00","2,306.00","2,319.80","2,314.65","2,339.11",81604,190881028.5,7366,36921.0,45.24
2016-07-07,BAJAJFINSV,EQ,"2,314.65","2,326.00","2,339.90","2,300.00","2,313.80","2,323.80","2,320.62",70960,164671419.75,8377,29797.0,41.99
2016-07-08,BAJAJFINSV,EQ,"2,323.80","2,313.85","2,323.20","2,292.05","2,306.05","2,306.05","2,307.36",41234,95141698.5,2857,16515.0,40.05
2016-07-11,BAJAJFINSV,EQ,"2,306.05","2,325.00","2,399.00","2,320.00","2,358.00","2,359.15","2,367.03",282287,668180669.75,16500,130799.0,46.34
2016-07-12,BAJAJFINSV,EQ,"2,359.15","2,375.00","2,490.35","2,365.05","2,430.00","2,429.10","2,431.77",279770,680335354.45,22274,101279.0,36.2
2016-07-13,BAJAJFINSV,EQ,"2,429.10","2,448.00","2,448.00","2,350.00","2,364.00","2,361.85","2,390.40",110100,263183247.15,10766,54631.0,49.62
2016-07-14,BAJAJFINSV,EQ,"2,361.85","2,378.00","2,435.00","2,377.95","2,399.00","2,397.30","2,400.38",93311,223981927.25,7379,43647.0,46.78
2016-07-15,BAJAJFINSV,EQ,"2,397.30","2,419.00","2,444.00","2,390.00","2,428.00","2,430.20","2,423.62",74456,180452877.7,5294,29200.0,39.22
2016-07-18,BAJAJFINSV,EQ,"2,430.20","2,435.00","2,480.00","2,414.45","2,464.00","2,460.55","2,451.38",136300,334123025.55,10184,59930.0,43.97
2016-07-19,BAJAJFINSV,EQ,"2,460.55","2,480.00","2,511.00","2,471.10","2,490.00","2,498.35","2,494.53",112405,280398044.65,7912,47470.0,42.23
2016-07-20,BAJAJFINSV,EQ,"2,498.35","2,500.00","2,571.00","2,457.10","2,552.00","2,554.20","2,515.40",278900,701545329.2,15987,141060.0,50.58
2016-07-21,BAJAJFINSV,EQ,"2,554.20","2,559.10","2,730.00","2,559.10","2,614.45","2,608.70","2,651.63",273400,724955574.95,24320,115398.0,42.21
2016-07-22,BAJAJFINSV,EQ,"2,608.70","2,630.00","2,648.00","2,576.10","2,599.95","2,599.85","2,609.08",210403,548958648.45,20768,132037.0,62.75
2016-07-25,BAJAJFINSV,EQ,"2,599.85","2,616.80","2,677.95","2,595.00","2,599.00","2,599.95","2,617.36",184636,483258394.95,14778,121403.0,65.75
2016-07-26,BAJAJFINSV,EQ,"2,599.95","2,618.00","2,775.00","2,571.10","2,690.00","2,715.05","2,678.59",712262,1907855759.0,40923,210532.0,29.56
2016-07-27,BAJAJFINSV,EQ,"2,715.05","2,715.00","2,715.00","2,601.00","2,619.00","2,614.15","2,634.89",212238,559224087.8,16942,98332.0,46.33
2016-07-28,BAJAJFINSV,EQ,"2,614.15","2,634.80","2,730.00","2,619.50","2,650.00","2,665.05","2,684.53",337816,906877530.95,25540,150030.0,44.41
2016-07-29,BAJAJFINSV,EQ,"2,665.05","2,659.90","2,784.90","2,652.65","2,724.00","2,723.90","2,735.18",352214,963370422.45,22427,153158.0,43.48
2016-08-01,BAJAJFINSV,EQ,"2,723.90","2,739.80","2,874.00","2,738.70","2,838.00","2,828.75","2,824.40",340420,961482044.95,28308,109800.0,32.25
2016-08-02,BAJAJFINSV,EQ,"2,828.75","2,867.30","2,950.00","2,675.75","2,736.70","2,726.10","2,863.92",434130,1243312068.2,32240,159913.0,36.84
2016-08-03,BAJAJFINSV,EQ,"2,726.10","2,748.00","2,748.95","2,601.00","2,650.30","2,645.50","2,669.20",247573,660820752.1,22326,83146.0,33.58
2016-08-04,BAJAJFINSV,EQ,"2,645.50","2,676.00","2,735.00","2,621.10","2,656.00","2,668.60","2,672.56",205738,549847983.7,15563,75447.0,36.67
2016-08-05,BAJAJFINSV,EQ,"2,668.60","2,679.00","2,708.65","2,634.00","2,675.00","2,669.70","2,674.05",146436,391577178.15,9429,59020.0,40.3
2016-08-08,BAJAJFINSV,EQ,"2,669.70","2,690.00","2,698.00","2,624.60","2,635.00","2,642.05","2,655.60",90897,241386386.75,10114,42337.0,46.58
2016-08-09,BAJAJFINSV,EQ,"2,642.05","2,653.70","2,662.00","2,576.15","2,600.00","2,604.75","2,618.47",136262,356797589.15,11300,59469.0,43.64
2016-08-10,BAJAJFINSV,EQ,"2,604.75","2,614.00","2,749.00","2,614.00","2,692.10","2,695.50","2,690.00",272747,733689705.55,22278,112136.0,41.11
2016-08-11,BAJAJFINSV,EQ,"2,695.50","2,700.00","2,778.00","2,680.00","2,777.00","2,760.55","2,735.95",197825,541238919.55,16079,76537.0,38.69
2016-08-12,BAJAJFINSV,EQ,"2,760.55","2,710.00","2,780.00","2,673.95","2,757.50","2,770.85","2,729.70",174893,477405014.5,20155,84956.0,48.58
2016-08-16,BAJAJFINSV,EQ,"2,770.85","2,780.80","2,802.45","2,740.05","2,758.00","2,750.20","2,763.94",100241,277059884.3,11452,39970.0,39.87
2016-08-17,BAJAJFINSV,EQ,"2,750.20","2,766.95","2,779.95","2,700.00","2,705.10","2,716.80","2,737.23",91741,251116522.75,11319,51243.0,55.86
2016-08-18,BAJAJFINSV,EQ,"2,716.80","2,737.95","2,748.95","2,657.00","2,707.00","2,711.70","2,719.36",78129,212460787.05,10914,38141.0,48.82
2016-08-19,BAJAJFINSV,EQ,"2,711.70","2,731.00","2,757.00","2,689.00","2,702.00","2,698.90","2,719.78",71542,194578825.6,7131,32612.0,45.58
2016-08-22,BAJAJFINSV,EQ,"2,698.90","2,712.55","2,749.00","2,705.50","2,710.00","2,718.00","2,725.04",73675,200767314.55,9325,35894.0,48.72
2016-08-23,BAJAJFINSV,EQ,"2,718.00","2,727.95","2,735.00","2,655.60","2,683.00","2,682.40","2,691.88",89090,239819427.5,11247,45993.0,51.63
2016-08-24,BAJAJFINSV,EQ,"2,682.40","2,692.70","2,727.00","2,692.70","2,715.00","2,711.40","2,714.15",58518,158826395.05,6922,31747.0,54.25
2016-08-25,BAJAJFINSV,EQ,"2,711.40","2,721.65","2,727.15","2,675.50","2,697.00","2,688.25","2,699.56",61638,166395346.7,7905,36853.0,59.79
2016-08-26,BAJAJFINSV,EQ,"2,688.25","2,708.85","2,823.95","2,691.40","2,800.00","2,808.00","2,771.17",227483,630393925.2,19748,104804.0,46.07
2016-08-29,BAJAJFINSV,EQ,"2,808.00","2,826.70","2,845.00","2,802.00","2,819.85","2,815.90","2,822.24",122056,344471345.75,13510,55785.0,45.7
2016-08-30,BAJAJFINSV,EQ,"2,815.90","2,825.00","2,859.00","2,814.00","2,833.00","2,844.50","2,842.90",98384,279695956.75,9496,43917.0,44.64
2016-08-31,BAJAJFINSV,EQ,"2,844.50","2,850.00","2,997.00","2,846.00","2,955.00","2,967.30","2,947.69",356075,1049597009.5,35651,144595.0,40.61
2016-09-01,BAJAJFINSV,EQ,"2,967.30","2,962.00","3,077.00","2,930.00","3,038.50","3,030.55","3,016.26",297297,896724253.7,20695,110263.0,37.09
2016-09-02,BAJAJFINSV,EQ,"3,030.55","3,030.00","3,113.00","3,030.00","3,045.00","3,052.50","3,072.14",157450,483708048.45,15330,58541.0,37.18
2016-09-06,BAJAJFINSV,EQ,"3,052.50","3,079.70","3,088.00","3,055.00","3,070.00","3,073.50","3,073.38",106428,327093632.85,12871,54982.0,51.66
2016-09-07,BAJAJFINSV,EQ,"3,073.50","3,062.50","3,099.00","3,040.00","3,076.00","3,057.35","3,063.08",107109,328083518.55,11078,43880.0,40.97
2016-09-08,BAJAJFINSV,EQ,"3,057.35","3,076.70","3,155.00","3,050.00","3,130.00","3,129.40","3,093.00",350855,1085196145.5,26289,197363.0,56.25
2016-09-09,BAJAJFINSV,EQ,"3,129.40","3,164.00","3,164.00","3,017.00","3,023.05","3,034.40","3,088.73",128166,395870179.0,11481,74678.0,58.27
2016-09-12,BAJAJFINSV,EQ,"3,034.40","2,970.00","2,996.95","2,884.95","2,948.85","2,942.90","2,957.28",158032,467344836.85,16228,92713.0,58.67
2016-09-14,BAJAJFINSV,EQ,"2,942.90","2,970.00","2,997.90","2,880.00","2,896.00","2,903.40","2,944.37",137915,406072346.65,18720,93319.0,67.66
2016-09-15,BAJAJFINSV,EQ,"2,903.40","2,927.00","2,986.55","2,910.10","2,977.95","2,966.15","2,958.79",109780,324815545.8,12091,62174.0,56.64
2016-09-16,BAJAJFINSV,EQ,"2,966.15","2,994.50","3,019.95","2,862.10","2,919.00","2,895.05","2,953.36",182523,539055535.0,19126,121698.0,66.68
2016-09-19,BAJAJFINSV,EQ,"2,895.05","2,911.00","2,978.75","2,910.75","2,978.00","2,964.00","2,946.37",101284,298420106.8,12329,56183.0,55.47
2016-09-20,BAJAJFINSV,EQ,"2,964.00","2,980.00","3,109.80","2,974.95","3,098.00","3,096.20","3,066.27",273623,839001287.7,23663,95847.0,35.03
2016-09-21,BAJAJFINSV,EQ,"3,096.20","3,115.00","3,199.00","3,109.95","3,165.10","3,174.95","3,173.74",228765,726041741.1,27275,99482.0,43.49
2016-09-22,BAJAJFINSV,EQ,"3,174.95","3,199.00","3,300.00","3,146.20","3,288.00","3,254.20","3,200.89",282425,904012478.95,28461,123974.0,43.9
2016-09-23,BAJAJFINSV,EQ,"3,254.20","3,279.00","3,424.80","3,260.00","3,298.00","3,294.65","3,329.16",327849,1091461880.75,27498,131130.0,40.0
2016-09-26,BAJAJFINSV,EQ,"3,294.65","3,323.00","3,355.20","3,245.00","3,295.00","3,287.00","3,291.54",174130,573155798.15,14738,70602.0,40.55
2016-09-27,BAJAJFINSV,EQ,"3,287.00","3,301.00","3,317.80","3,258.30","3,276.00","3,272.65","3,281.94",135971,446248321.8,14965,76420.0,56.2
2016-09-28,BAJAJFINSV,EQ,"3,272.65","3,262.00","3,265.00","3,203.00","3,235.00","3,234.65","3,237.46",200871,650311042.55,29943,123955.0,61.71
2016-09-29,BAJAJFINSV,EQ,"3,234.65","3,265.00","3,309.70","2,974.90","3,100.00","3,105.70","3,170.20",301395,955482065.6,30307,145024.0,48.12
2016-09-30,BAJAJFINSV,EQ,"3,105.70","3,103.00","3,198.00","3,040.05","3,065.00","3,069.55","3,096.25",269368,834029490.4,46801,161488.0,59.95
2016-10-03,BAJAJFINSV,EQ,"3,069.55","3,109.00","3,201.90","3,102.00","3,188.05","3,194.65","3,183.49",167480,533170805.3,21789,96043.0,57.35
2016-10-04,BAJAJFINSV,EQ,"3,194.65","3,236.90","3,240.50","3,174.20","3,200.00","3,199.85","3,208.55",182588,585843437.55,35193,111612.0,61.13
2016-10-05,BAJAJFINSV,EQ,"3,199.85","3,228.00","3,228.00","3,110.40","3,168.00","3,154.65","3,169.91",116651,369773409.65,16998,64077.0,54.93
2016-10-06,BAJAJFINSV,EQ,"3,154.65","3,187.90","3,188.00","3,152.00","3,165.00","3,159.45","3,167.43",159232,504356547.95,23438,109624.0,68.85
2016-10-07,BAJAJFINSV,EQ,"3,159.45","3,168.00","3,168.00","3,111.00","3,150.80","3,149.85","3,143.20",90612,284811221.55,15953,52876.0,58.35
2016-10-10,BAJAJFINSV,EQ,"3,149.85","3,153.15","3,166.85","3,110.00","3,111.00","3,119.90","3,125.92",107671,336570993.3,19919,73757.0,68.5
2016-10-13,BAJAJFINSV,EQ,"3,119.90","3,114.90","3,130.00","3,089.00","3,125.10","3,117.60","3,111.75",147343,458495078.1,21136,95847.0,65.05
2016-10-14,BAJAJFINSV,EQ,"3,117.60","3,140.00","3,249.90","3,111.60","3,172.00","3,174.95","3,186.47",233247,743234197.25,21016,117167.0,50.23
2016-10-17,BAJAJFINSV,EQ,"3,174.95","3,180.00","3,215.25","3,135.20","3,198.10","3,197.00","3,193.87",149486,477438768.35,13266,80517.0,53.86
2016-10-18,BAJAJFINSV,EQ,"3,197.00","3,205.00","3,360.00","3,204.85","3,343.00","3,326.00","3,302.68",362753,1198055395.25,32277,194814.0,53.7
2016-10-19,BAJAJFINSV,EQ,"3,326.00","3,380.00","3,445.00","3,312.00","3,350.00","3,361.20","3,364.85",308174,1036958940.9,48645,159679.0,51.81
2016-10-20,BAJAJFINSV,EQ,"3,361.20","3,375.00","3,440.00","3,310.00","3,329.95","3,337.30","3,386.03",192297,651123638.8,24614,83237.0,43.29
2016-10-21,BAJAJFINSV,EQ,"3,337.30","3,345.00","3,345.00","3,262.00","3,270.15","3,275.40","3,293.52",169033,556713985.25,20253,100966.0,59.73
2016-10-24,BAJAJFINSV,EQ,"3,275.40","3,291.00","3,309.95","3,195.00","3,215.00","3,220.95","3,234.31",128698,416249650.3,24072,78789.0,61.22
2016-10-25,BAJAJFINSV,EQ,"3,220.95","3,234.00","3,274.00","3,186.30","3,246.50","3,248.60","3,238.87",124434,403025839.8,26104,70403.0,56.58
2016-10-26,BAJAJFINSV,EQ,"3,248.60","3,242.55","3,362.00","3,210.10","3,323.00","3,327.95","3,312.75",227392,753292691.5,25545,98309.0,43.23
2016-10-27,BAJAJFINSV,EQ,"3,327.95","3,325.50","3,359.65","3,185.00","3,270.00","3,268.05","3,269.41",243573,796340438.3,27763,117791.0,48.36
2016-10-28,BAJAJFINSV,EQ,"3,268.05","3,300.00","3,410.00","3,295.50","3,390.00","3,383.20","3,385.60",361297,1223206398.35,34605,185728.0,51.41
2016-10-30,BAJAJFINSV,EQ,"3,383.20","3,405.00","3,433.00","3,399.95","3,420.00","3,416.75","3,416.84",35745,122134966.5,2435,15786.0,44.16
2016-11-01,BAJAJFINSV,EQ,"3,416.75","3,440.00","3,480.00","3,410.00","3,452.20","3,458.90","3,458.77",192355,665312009.3,24851,137992.0,71.74
2016-11-02,BAJAJFINSV,EQ,"3,458.90","3,448.00","3,448.00","3,357.10","3,373.85","3,372.55","3,386.48",133116,450794927.15,29837,82734.0,62.15
2016-11-03,BAJAJFINSV,EQ,"3,372.55","3,372.00","3,398.00","3,323.05","3,351.00","3,347.75","3,360.54",85341,286791904.3,16164,41329.0,48.43
2016-11-04,BAJAJFINSV,EQ,"3,347.75","3,347.80","3,360.00","3,181.00","3,185.00","3,196.70","3,247.11",233335,757665374.15,32410,119902.0,51.39
2016-11-07,BAJAJFINSV,EQ,"3,196.70","3,248.00","3,287.00","3,115.10","3,130.00","3,141.45","3,208.50",338349,1085593642.45,37847,235010.0,69.46
2016-11-08,BAJAJFINSV,EQ,"3,141.45","3,160.00","3,188.00","3,020.00","3,104.50","3,072.05","3,054.99",340893,1041426279.55,47170,234472.0,68.78
2016-11-09,BAJAJFINSV,EQ,"3,072.05","2,950.00","3,185.95","2,480.00","3,039.00","3,032.45","2,968.15",222034,659029633.15,22801,117309.0,52.83
2016-11-10,BAJAJFINSV,EQ,"3,032.45","3,087.70","3,140.00","3,054.60","3,075.00","3,089.45","3,096.31",240541,744790102.9,29102,167580.0,69.67
2016-11-11,BAJAJFINSV,EQ,"3,089.45","3,049.95","3,117.45","2,895.00","3,018.05","3,021.85","2,997.57",354680,1063176662.6,51561,240112.0,67.7
2016-11-15,BAJAJFINSV,EQ,"3,021.85","3,030.05","3,038.00","2,784.95","2,830.00","2,827.85","2,848.06",529100,1506908190.2,59163,343598.0,64.94
2016-11-16,BAJAJFINSV,EQ,"2,827.85","2,885.00","3,037.00","2,860.65","2,920.10","2,924.45","2,935.79",413541,1214070453.2,60532,246905.0,59.71
2016-11-17,BAJAJFINSV,EQ,"2,924.45","2,952.95","3,098.40","2,883.65","2,905.00","2,918.15","2,998.30",293395,879686231.5,38699,157752.0,53.77
2016-11-18,BAJAJFINSV,EQ,"2,918.15","2,929.70","3,016.05","2,910.05","2,937.00","2,943.20","2,964.77",370661,1098924322.7,66992,257284.0,69.41
2016-11-21,BAJAJFINSV,EQ,"2,943.20","2,998.70","3,005.00","2,783.00","2,859.00","2,845.70","2,854.97",264002,753717721.55,38858,143696.0,54.43
2016-11-22,BAJAJFINSV,EQ,"2,845.70","2,876.00","2,928.70","2,876.00","2,890.00","2,901.55","2,898.48",323345,937210096.05,52909,228773.0,70.75
2016-11-23,BAJAJFINSV,EQ,"2,901.55","2,938.00","2,959.00","2,875.80","2,935.00","2,931.15","2,918.30",228999,668287777.15,35507,150043.0,65.52
2016-11-24,BAJAJFINSV,EQ,"2,931.15","2,935.00","2,975.50","2,883.10","2,966.00","2,949.45","2,945.34",369076,1087053358.0,40155,232098.0,62.89
2016-11-25,BAJAJFINSV,EQ,"2,949.45","2,979.00","3,028.80","2,940.00","2,950.00","2,970.15","2,982.79",516372,1540231424.5,56427,337418.0,65.34
2016-11-28,BAJAJFINSV,EQ,"2,970.15","2,985.00","2,997.40","2,925.00","2,936.00","2,941.90","2,964.59",368787,1093300682.5,60751,247439.0,67.1
2016-11-29,BAJAJFINSV,EQ,"2,941.90","2,951.00","2,979.50","2,928.95","2,940.00","2,938.10","2,949.64",277511,818557615.3,50255,188258.0,67.84
2016-11-30,BAJAJFINSV,EQ,"2,938.10","2,954.95","3,005.00","2,908.70","3,000.00","2,990.00","2,984.18",4060622,12117634864.25,153610,3350588.0,82.51
2016-12-01,BAJAJFINSV,EQ,"2,990.00","3,009.00","3,019.00","2,930.25","2,937.00","2,939.30","2,964.85",166356,493221179.55,29864,99188.0,59.62
2016-12-02,BAJAJFINSV,EQ,"2,939.30","2,935.00","2,999.00","2,923.05","2,979.00","2,977.65","2,970.57",159690,474371030.7,31697,92736.0,58.07
2016-12-05,BAJAJFINSV,EQ,"2,977.65","2,990.00","3,095.00","2,980.00","3,000.00","3,031.65","3,018.50",147477,445159938.9,25305,80273.0,54.43
2016-12-06,BAJAJFINSV,EQ,"3,031.65","3,029.00","3,044.00","2,990.00","3,000.00","2,999.00","3,009.83",213031,641187730.2,36318,157943.0,74.14
2016-12-07,BAJAJFINSV,EQ,"2,999.00","3,020.00","3,020.00","2,946.10","2,970.00","2,957.20","2,977.82",71578,213146087.7,9416,42862.0,59.88
2016-12-08,BAJAJFINSV,EQ,"2,957.20","2,970.10","3,000.25","2,961.10","2,987.00","2,995.40","2,987.37",93049,277971895.5,9252,70462.0,75.73
2016-12-09,BAJAJFINSV,EQ,"2,995.40","3,009.90","3,009.95","2,983.00","2,987.65","2,997.15","2,996.85",75328,225747082.3,12569,49996.0,66.37
2016-12-12,BAJAJFINSV,EQ,"2,997.15","2,986.95","3,048.00","2,960.00","2,977.25","2,975.25","3,007.93",105499,317333970.65,11582,52217.0,49.5
2016-12-13,BAJAJFINSV,EQ,"2,975.25","2,989.85","3,000.00","2,836.00","2,887.00","2,874.80","2,893.17",213187,616786169.35,23173,129687.0,60.83
2016-12-14,BAJAJFINSV,EQ,"2,874.80","2,890.00","2,892.40","2,760.00","2,764.25","2,775.75","2,813.75",147517,415076240.15,18915,80114.0,54.31
2016-12-15,BAJAJFINSV,EQ,"2,775.75","2,760.00","2,803.55","2,700.00","2,715.00","2,710.75","2,737.69",197986,542024017.55,21403,95572.0,48.27
2016-12-16,BAJAJFINSV,EQ,"2,710.75","2,731.00","2,851.05","2,719.00","2,845.00","2,829.80","2,799.67",185787,520142093.75,16939,103874.0,55.91
2016-12-19,BAJAJFINSV,EQ,"2,829.80","2,834.80","2,839.80","2,725.00","2,729.00","2,732.80","2,745.37",131081,359866026.1,12231,63707.0,48.6
2016-12-20,BAJAJFINSV,EQ,"2,732.80","2,746.95","2,773.95","2,675.50","2,693.00","2,694.65","2,725.68",128587,350487484.7,18510,60456.0,47.02
2016-12-21,BAJAJFINSV,EQ,"2,694.65","2,709.90","2,717.85","2,650.00","2,655.00","2,659.90","2,681.50",100191,268661942.05,9502,63272.0,63.15
2016-12-22,BAJAJFINSV,EQ,"2,659.90","2,652.00","2,652.00","2,542.15","2,563.00","2,550.10","2,577.78",152438,392950871.4,14568,79416.0,52.1
2016-12-23,BAJAJFINSV,EQ,"2,550.10","2,555.00","2,640.00","2,541.30","2,635.00","2,620.40","2,603.11",220535,574077457.5,19847,106050.0,48.09
2016-12-26,BAJAJFINSV,EQ,"2,620.40","2,630.00","2,637.95","2,555.00","2,626.00","2,617.85","2,601.55",74403,193563477.85,8016,21228.0,28.53
2016-12-27,BAJAJFINSV,EQ,"2,617.85","2,625.00","2,775.00","2,606.00","2,740.00","2,743.55","2,691.79",101362,272845314.9,7929,34498.0,34.03
2016-12-28,BAJAJFINSV,EQ,"2,743.55","2,754.00","2,820.00","2,728.50","2,811.00","2,800.75","2,781.91",105911,294634996.8,11307,32754.0,30.93
2016-12-29,BAJAJFINSV,EQ,"2,800.75","2,825.00","2,892.00","2,812.00","2,880.00","2,872.20","2,864.82",138991,398184524.75,12166,53117.0,38.22
2016-12-30,BAJAJFINSV,EQ,"2,872.20","2,880.00","2,942.00","2,877.15","2,880.00","2,894.85","2,911.13",75673,220294277.75,6741,25027.0,33.07
2017-01-02,BAJAJFINSV,EQ,"2,894.85","2,898.00","2,979.00","2,858.80","2,974.00","2,949.65","2,920.41",77962,227681095.5,6743,29791.0,38.21
2017-01-03,BAJAJFINSV,EQ,"2,949.65","2,950.00","3,045.00","2,940.10","3,007.00","3,016.65","2,998.25",89363,267933013.45,6602,33068.0,37.0
2017-01-04,BAJAJFINSV,EQ,"3,016.65","3,020.05","3,037.00","2,947.60","2,967.00","2,960.85","2,989.65",85592,255890449.5,7817,42956.0,50.19
2017-01-05,BAJAJFINSV,EQ,"2,960.85","2,984.10","3,024.00","2,970.00","3,019.00","3,018.45","3,003.22",76912,230984002.55,10516,37331.0,48.54
2017-01-06,BAJAJFINSV,EQ,"3,018.45","3,018.00","3,021.00","2,968.00","2,976.00","2,978.55","2,993.95",57125,171029351.0,5798,28436.0,49.78
2017-01-09,BAJAJFINSV,EQ,"2,978.55","2,981.00","3,024.95","2,970.00","2,996.00","2,992.65","3,000.36",77239,231744740.3,5377,50680.0,65.61
2017-01-10,BAJAJFINSV,EQ,"2,992.65","2,996.00","3,020.00","2,990.00","2,998.00","3,010.15","3,008.31",34970,105200557.2,5459,16560.0,47.35
2017-01-11,BAJAJFINSV,EQ,"3,010.15","3,015.00","3,027.15","2,932.45","3,019.00","3,018.50","3,007.18",90149,271094201.25,7999,52232.0,57.94
2017-01-12,BAJAJFINSV,EQ,"3,018.50","3,019.00","3,020.20","2,990.10","3,020.00","3,018.60","3,008.60",52413,157689972.05,6539,29561.0,56.4
2017-01-13,BAJAJFINSV,EQ,"3,018.60","3,021.75","3,021.75","2,997.00","3,020.00","3,019.60","3,013.89",40033,120654986.65,3566,22443.0,56.06
2017-01-16,BAJAJFINSV,EQ,"3,019.60","3,018.00","3,028.20","2,993.50","3,005.00","3,012.60","3,012.95",22013,66324068.9,2165,11564.0,52.53
2017-01-17,BAJAJFINSV,EQ,"3,012.60","3,029.00","3,029.90","3,008.00","3,024.90","3,019.70","3,019.03",53717,162173158.8,3215,40173.0,74.79
2017-01-18,BAJAJFINSV,EQ,"3,019.70","3,011.00","3,059.95","3,011.00","3,035.05","3,046.65","3,047.22",90597,276068677.95,11328,55638.0,61.41
2017-01-19,BAJAJFINSV,EQ,"3,046.65","3,033.00","3,175.00","3,011.60","3,152.00","3,154.75","3,133.46",279957,877234711.95,18723,141123.0,50.41
2017-01-20,BAJAJFINSV,EQ,"3,154.75","3,140.00","3,167.95","3,027.60","3,050.00","3,064.00","3,092.21",91901,284177635.25,15916,45656.0,49.68
2017-01-23,BAJAJFINSV,EQ,"3,064.00","3,056.65","3,082.05","3,024.40","3,076.00","3,063.45","3,056.21",64569,197336708.05,7036,30542.0,47.3
2017-01-24,BAJAJFINSV,EQ,"3,063.45","3,089.90","3,158.00","3,080.00","3,130.00","3,128.80","3,127.81",63922,199936024.35,5752,27025.0,42.28
2017-01-25,BAJAJFINSV,EQ,"3,128.80","3,154.80","3,175.00","3,132.75","3,165.10","3,169.70","3,163.74",124818,394892174.9,11736,87775.0,70.32
2017-01-27,BAJAJFINSV,EQ,"3,169.70","3,160.00","3,195.00","3,160.00","3,169.00","3,169.40","3,177.68",74741,237502861.4,12351,42431.0,56.77
2017-01-30,BAJAJFINSV,EQ,"3,169.40","3,169.40","3,246.55","3,134.45","3,231.05","3,205.45","3,176.68",175971,559004014.5,9846,88031.0,50.03
2017-01-31,BAJAJFINSV,EQ,"3,205.45","3,262.00","3,338.00","3,212.55","3,235.00","3,245.85","3,274.86",184606,604558075.8,15945,92187.0,49.94
2017-02-01,BAJAJFINSV,EQ,"3,245.85","3,270.00","3,347.00","3,166.00","3,328.00","3,328.40","3,272.96",124882,408734320.15,13423,53074.0,42.5
2017-02-02,BAJAJFINSV,EQ,"3,328.40","3,335.00","3,510.00","3,280.00","3,478.00","3,462.10","3,404.52",170594,580791520.15,16331,73953.0,43.35
2017-02-03,BAJAJFINSV,EQ,"3,462.10","3,490.00","3,500.00","3,400.00","3,438.00","3,419.95","3,441.02",68814,236790032.7,8975,31945.0,46.42
2017-02-06,BAJAJFINSV,EQ,"3,419.95","3,452.00","3,748.00","3,429.10","3,730.00","3,721.95","3,643.23",386613,1408521773.35,31332,140947.0,36.46
2017-02-07,BAJAJFINSV,EQ,"3,721.95","3,738.00","3,777.80","3,655.00","3,684.00","3,691.25","3,708.30",154712,573718441.15,16678,52108.0,33.68
2017-02-08,BAJAJFINSV,EQ,"3,691.25","3,700.00","3,743.00","3,605.00","3,657.00","3,663.00","3,666.71",116934,428762639.4,14951,51407.0,43.96
2017-02-09,BAJAJFINSV,EQ,"3,663.00","3,665.00","3,704.75","3,551.00","3,560.00","3,577.00","3,606.30",123312,444699712.0,16690,61210.0,49.64
2017-02-10,BAJAJFINSV,EQ,"3,577.00","3,590.00","3,661.00","3,565.00","3,651.00","3,630.95","3,633.58",170482,619460151.0,25536,106818.0,62.66
2017-02-13,BAJAJFINSV,EQ,"3,630.95","3,655.20","3,685.00","3,592.65","3,639.00","3,637.25","3,643.41",105482,384314598.4,16590,57945.0,54.93
2017-02-14,BAJAJFINSV,EQ,"3,637.25","3,639.90","3,654.70","3,572.60","3,615.00","3,592.90","3,597.28",71644,257723333.05,15995,45807.0,63.94
2017-02-15,BAJAJFINSV,EQ,"3,592.90","3,599.00","3,690.00","3,595.00","3,625.05","3,628.35","3,647.73",130707,476783241.0,15581,65967.0,50.47
2017-02-16,BAJAJFINSV,EQ,"3,628.35","3,628.35","3,679.00","3,628.35","3,667.00","3,671.20","3,656.37",50784,185685121.5,7699,27732.0,54.61
2017-02-17,BAJAJFINSV,EQ,"3,671.20","3,675.00","3,698.95","3,651.65","3,687.00","3,685.50","3,680.24",45122,166059651.2,5312,20144.0,44.64
2017-02-20,BAJAJFINSV,EQ,"3,685.50","3,670.00","3,715.35","3,622.85","3,628.00","3,641.75","3,671.46",42617,156466732.7,7612,17445.0,40.93
2017-02-21,BAJAJFINSV,EQ,"3,641.75","3,649.75","3,649.75","3,581.15","3,619.00","3,624.10","3,620.75",60573,219319970.9,8012,42264.0,69.77
2017-02-22,BAJAJFINSV,EQ,"3,624.10","3,638.00","3,775.00","3,630.40","3,765.00","3,750.20","3,710.33",119505,443403494.2,14765,61738.0,51.66
2017-02-23,BAJAJFINSV,EQ,"3,750.20","3,779.00","3,907.95","3,742.40","3,843.50","3,847.20","3,857.84",200336,772863371.3,18750,57142.0,28.52
2017-02-27,BAJAJFINSV,EQ,"3,847.20","3,847.20","3,876.00","3,752.00","3,852.00","3,836.60","3,833.17",107482,411996415.7,12274,42836.0,39.85
2017-02-28,BAJAJFINSV,EQ,"3,836.60","3,849.95","3,980.00","3,795.05","3,976.00","3,914.15","3,872.04",166741,645627781.55,19413,85456.0,51.25
2017-03-01,BAJAJFINSV,EQ,"3,914.15","3,969.00","4,020.00","3,895.95","3,910.00","3,923.85","3,963.72",121113,480057728.65,15512,43820.0,36.18
2017-03-02,BAJAJFINSV,EQ,"3,923.85","3,940.00","3,959.95","3,846.75","3,849.95","3,875.50","3,906.79",88498,345743402.9,11141,43318.0,48.95
2017-03-03,BAJAJFINSV,EQ,"3,875.50","3,846.70","3,867.55","3,740.00","3,745.20","3,761.75","3,783.65",100341,379655442.0,12895,42018.0,41.88
2017-03-06,BAJAJFINSV,EQ,"3,761.75","3,784.00","3,849.00","3,775.00","3,815.10","3,817.70","3,824.92",81752,312694803.05,9930,37632.0,46.03
2017-03-07,BAJAJFINSV,EQ,"3,817.70","3,839.00","3,858.00","3,781.00","3,791.00","3,805.10","3,817.58",72461,276625529.1,10900,31188.0,43.04
2017-03-08,BAJAJFINSV,EQ,"3,805.10","3,805.10","3,862.00","3,762.05","3,836.00","3,832.05","3,804.32",72292,275021950.95,9799,29863.0,41.31
2017-03-09,BAJAJFINSV,EQ,"3,832.05","3,811.00","3,847.00","3,776.00","3,785.00","3,804.85","3,806.04",83678,318481799.35,9531,44982.0,53.76
2017-03-10,BAJAJFINSV,EQ,"3,804.85","3,802.50","3,844.00","3,792.35","3,820.00","3,826.05","3,826.19",60087,229904018.25,9551,39214.0,65.26
2017-03-14,BAJAJFINSV,EQ,"3,826.05","3,900.00","3,950.00","3,840.70","3,940.00","3,931.25","3,899.06",144365,562887256.65,21007,71463.0,49.5
2017-03-15,BAJAJFINSV,EQ,"3,931.25","3,940.00","3,978.00","3,910.05","3,940.00","3,938.65","3,941.09",93641,369048019.85,6293,58637.0,62.62
2017-03-16,BAJAJFINSV,EQ,"3,938.65","3,950.10","4,081.30","3,950.00","4,031.00","4,040.05","4,036.97",110599,446485131.75,11691,39980.0,36.15
2017-03-17,BAJAJFINSV,EQ,"4,040.05","4,050.00","4,060.00","3,950.00","3,970.00","3,969.10","3,979.60",114395,455246819.45,16654,72301.0,63.2
2017-03-20,BAJAJFINSV,EQ,"3,969.10","3,970.00","3,998.00","3,942.40","3,967.00","3,965.80","3,966.94",46436,184208808.7,6619,20225.0,43.55
2017-03-21,BAJAJFINSV,EQ,"3,965.80","3,990.00","4,089.00","3,960.00","4,085.00","4,057.45","4,017.55",109627,440431976.1,14877,54138.0,49.38
2017-03-22,BAJAJFINSV,EQ,"4,057.45","4,025.00","4,217.00","3,966.00","4,195.00","4,107.85","4,061.24",140996,572618655.4,16393,69352.0,49.19
2017-03-23,BAJAJFINSV,EQ,"4,107.85","4,200.00","4,200.10","4,110.95","4,124.90","4,148.50","4,159.21",79510,330698421.45,9902,39447.0,49.61
2017-03-24,BAJAJFINSV,EQ,"4,148.50","4,120.00","4,194.95","4,106.50","4,122.20","4,129.35","4,156.01",51885,215634503.05,7723,20901.0,40.28
2017-03-27,BAJAJFINSV,EQ,"4,129.35","4,145.00","4,190.00","4,010.00","4,040.00","4,044.80","4,090.53",65888,269516780.0,8205,36108.0,54.8
2017-03-28,BAJAJFINSV,EQ,"4,044.80","4,065.00","4,124.50","4,060.70","4,100.00","4,090.75","4,091.45",74378,304313933.55,9718,39021.0,52.46
2017-03-29,BAJAJFINSV,EQ,"4,090.75","4,109.00","4,120.00","4,030.00","4,052.00","4,062.65","4,074.99",107992,440066420.55,12712,59432.0,55.03
2017-03-30,BAJAJFINSV,EQ,"4,062.65","4,078.00","4,112.35","4,040.00","4,080.00","4,060.60","4,067.63",79777,324503275.7,7983,42115.0,52.79
2017-03-31,BAJAJFINSV,EQ,"4,060.60","4,050.00","4,120.00","4,050.00","4,080.00","4,098.40","4,100.13",65665,269234786.65,10026,37105.0,56.51
2017-04-03,BAJAJFINSV,EQ,"4,098.40","4,098.40","4,133.95","4,065.00","4,098.95","4,098.25","4,098.56",45544,186664838.2,5904,20506.0,45.02
2017-04-05,BAJAJFINSV,EQ,"4,098.25","4,091.00","4,167.45","4,086.00","4,121.00","4,128.80","4,132.45",92521,382338611.0,18377,42043.0,45.44
2017-04-06,BAJAJFINSV,EQ,"4,128.80","4,128.80","4,195.15","4,106.25","4,168.05","4,178.35","4,160.25",55202,229654277.9,6458,26674.0,48.32
2017-04-07,BAJAJFINSV,EQ,"4,178.35","4,155.00","4,290.05","4,140.45","4,221.90","4,226.20","4,240.45",147025,623451849.6,24580,65791.0,44.75
2017-04-10,BAJAJFINSV,EQ,"4,226.20","4,241.00","4,390.00","4,233.35","4,358.00","4,373.00","4,321.32",161729,698882205.65,19309,65012.0,40.2
2017-04-11,BAJAJFINSV,EQ,"4,373.00","4,385.00","4,455.00","4,346.50","4,355.55","4,374.85","4,412.25",78505,346383701.5,10483,26342.0,33.55
2017-04-12,BAJAJFINSV,EQ,"4,374.85","4,389.70","4,528.00","4,380.00","4,480.00","4,502.95","4,470.56",145418,650099826.5,13383,53272.0,36.63
2017-04-13,BAJAJFINSV,EQ,"4,502.95","4,500.05","4,659.70","4,471.00","4,650.00","4,611.90","4,571.88",133243,609171517.4,13114,42771.0,32.1
2017-04-17,BAJAJFINSV,EQ,"4,611.90","4,647.90","4,699.00","4,472.00","4,495.00","4,493.45","4,584.43",137018,628148990.05,14153,60986.0,44.51
2017-04-18,BAJAJFINSV,EQ,"4,493.45","4,525.00","4,565.00","4,350.10","4,358.05","4,369.40","4,422.84",129393,572284793.55,14700,67591.0,52.24
2017-04-19,BAJAJFINSV,EQ,"4,369.40","4,374.30","4,425.00","4,325.00","4,345.00","4,340.05","4,361.55",86116,375599664.85,12389,45899.0,53.3
2017-04-20,BAJAJFINSV,EQ,"4,340.05","4,450.00","4,450.05","4,340.10","4,344.00","4,355.40","4,389.16",104209,457390324.75,9159,57777.0,55.44
2017-04-21,BAJAJFINSV,EQ,"4,355.40","4,394.00","4,398.00","4,287.30","4,290.25","4,304.05","4,320.90",73137,316018028.95,7491,46041.0,62.95
2017-04-24,BAJAJFINSV,EQ,"4,304.05","4,310.00","4,388.00","4,270.00","4,366.00","4,371.75","4,334.48",87376,378729688.1,10811,42981.0,49.19
2017-04-25,BAJAJFINSV,EQ,"4,371.75","4,390.00","4,559.95","4,375.10","4,531.00","4,524.35","4,481.04",152942,685338791.15,13605,63484.0,41.51
2017-04-26,BAJAJFINSV,EQ,"4,524.35","4,555.00","4,575.00","4,430.00","4,525.00","4,534.20","4,520.73",90897,410920579.25,9149,30424.0,33.47
2017-04-27,BAJAJFINSV,EQ,"4,534.20","4,534.00","4,556.80","4,480.00","4,525.00","4,524.75","4,513.45",72445,326976939.4,13081,42616.0,58.83
2017-04-28,BAJAJFINSV,EQ,"4,524.75","4,545.00","4,750.00","4,530.00","4,555.00","4,575.65","4,628.78",210948,976430872.95,17500,86342.0,40.93
2017-05-02,BAJAJFINSV,EQ,"4,575.65","4,580.75","4,671.75","4,520.00","4,556.00","4,566.15","4,571.36",121557,555681147.65,14660,60348.0,49.65
2017-05-03,BAJAJFINSV,EQ,"4,566.15","4,589.00","4,650.00","4,550.00","4,565.00","4,562.90","4,579.12",85470,391377603.8,9868,40489.0,47.37
2017-05-04,BAJAJFINSV,EQ,"4,562.90","4,599.00","4,619.80","4,560.00","4,564.00","4,569.60","4,581.25",79220,362926930.7,6904,46044.0,58.12
2017-05-05,BAJAJFINSV,EQ,"4,569.60","4,564.00","4,589.00","4,355.60","4,395.05","4,428.40","4,444.40",120140,533949856.5,12895,60014.0,49.95
2017-05-08,BAJAJFINSV,EQ,"4,428.40","4,448.70","4,477.95","4,391.60","4,409.05","4,420.95","4,432.28",53386,236621966.65,5234,20773.0,38.91
2017-05-09,BAJAJFINSV,EQ,"4,420.95","4,421.00","4,455.00","4,370.00","4,375.75","4,378.45","4,388.76",49435,216958248.55,6934,25761.0,52.11
2017-05-10,BAJAJFINSV,EQ,"4,378.45","4,400.00","4,431.80","4,356.00","4,360.00","4,391.45","4,405.12",104346,459656560.7,15471,70009.0,67.09
2017-05-11,BAJAJFINSV,EQ,"4,391.45","4,400.00","4,528.95","4,381.25","4,485.00","4,495.80","4,482.46",135384,606853191.35,12951,60131.0,44.42
2017-05-12,BAJAJFINSV,EQ,"4,495.80","4,510.00","4,525.00","4,365.00","4,402.00","4,395.55","4,425.77",87415,386878438.85,9523,32261.0,36.91
2017-05-15,BAJAJFINSV,EQ,"4,395.55","4,427.00","4,589.95","4,381.20","4,575.00","4,550.95","4,494.36",188113,845447149.7,12950,109709.0,58.32
2017-05-16,BAJAJFINSV,EQ,"4,550.95","4,584.00","4,614.95","4,525.00","4,550.00","4,567.50","4,579.83",105034,481038120.75,12748,44670.0,42.53
2017-05-17,BAJAJFINSV,EQ,"4,567.50","4,575.00","4,610.00","4,406.40","4,474.05","4,486.75","4,536.11",170295,772477483.9,20138,66378.0,38.98
2017-05-18,BAJAJFINSV,EQ,"4,486.75","4,405.00","4,425.00","4,300.05","4,310.00","4,319.00","4,371.39",163765,715880175.25,12080,60306.0,36.82
2017-05-19,BAJAJFINSV,EQ,"4,319.00","4,369.00","4,385.35","4,085.00","4,200.00","4,169.90","4,193.29",253364,1062429950.9,25011,88232.0,34.82
2017-05-22,BAJAJFINSV,EQ,"4,169.90","4,200.50","4,247.95","3,950.00","3,968.00","3,964.20","4,032.12",192674,776884784.25,16616,86126.0,44.7
2017-05-23,BAJAJFINSV,EQ,"3,964.20","3,968.60","4,025.00","3,801.00","3,984.00","3,983.05","3,904.09",392627,1532849870.75,36665,163651.0,41.68
2017-05-24,BAJAJFINSV,EQ,"3,983.05","4,016.90","4,031.00","3,931.10","3,950.00","3,953.95","3,982.42",226604,902431952.95,24943,108512.0,47.89
2017-05-25,BAJAJFINSV,EQ,"3,953.95","3,974.70","4,015.00","3,945.25","3,999.00","3,997.10","3,995.46",108531,433631374.95,9259,56487.0,52.05
2017-05-26,BAJAJFINSV,EQ,"3,997.10","4,021.00","4,080.00","3,965.00","4,014.70","4,007.35","4,024.00",161514,649931547.7,14911,71654.0,44.36
2017-05-29,BAJAJFINSV,EQ,"4,007.35","4,020.55","4,066.00","3,945.60","4,004.00","3,998.05","4,016.11",78651,315870713.1,9789,32306.0,41.08
2017-05-30,BAJAJFINSV,EQ,"3,998.05","4,000.00","4,173.75","3,942.00","4,151.00","4,154.50","4,095.17",181270,742331636.75,21683,76277.0,42.08
2017-05-31,BAJAJFINSV,EQ,"4,154.50","4,178.00","4,220.00","4,115.65","4,186.95","4,192.00","4,182.50",283516,1185805421.05,36614,115944.0,40.9
2017-06-01,BAJAJFINSV,EQ,"4,192.00","4,141.00","4,240.05","4,141.00","4,185.00","4,205.60","4,205.29",94518,397475408.3,9714,48747.0,51.57
2017-06-02,BAJAJFINSV,EQ,"4,205.60","4,220.00","4,321.85","4,205.10","4,290.10","4,305.80","4,268.91",127932,546129937.3,14074,64787.0,50.64
2017-06-05,BAJAJFINSV,EQ,"4,305.80","4,339.00","4,343.45","4,298.00","4,299.00","4,304.75","4,318.37",57413,247930566.55,6503,22712.0,39.56
2017-06-06,BAJAJFINSV,EQ,"4,304.75","4,340.00","4,340.05","4,176.00","4,248.00","4,244.10","4,239.62",92133,390609017.5,10300,40596.0,44.06
2017-06-07,BAJAJFINSV,EQ,"4,244.10","4,274.95","4,280.00","4,181.20","4,275.00","4,254.15","4,220.60",94267,397863344.35,11573,44139.0,46.82
2017-06-08,BAJAJFINSV,EQ,"4,254.15","4,278.60","4,310.00","4,236.00","4,267.90","4,280.00","4,276.38",58681,250942441.55,8309,28419.0,48.43
2017-06-09,BAJAJFINSV,EQ,"4,280.00","4,299.00","4,299.00","4,190.90","4,235.00","4,242.20","4,231.64",104304,441377425.55,20036,55323.0,53.04
2017-06-12,BAJAJFINSV,EQ,"4,242.20","4,235.00","4,235.00","4,140.00","4,156.40","4,152.65","4,170.13",63575,265115910.3,6282,32165.0,50.59
2017-06-13,BAJAJFINSV,EQ,"4,152.65","4,174.00","4,229.90","4,152.65","4,179.90","4,176.85","4,203.05",61327,257760698.1,6969,22553.0,36.77
2017-06-14,BAJAJFINSV,EQ,"4,176.85","4,185.00","4,194.90","4,103.00","4,120.00","4,128.40","4,131.74",84652,349759887.3,14553,46748.0,55.22
2017-06-15,BAJAJFINSV,EQ,"4,128.40","4,130.00","4,149.95","4,070.00","4,099.00","4,098.40","4,102.31",148021,607227337.6,19788,84319.0,56.96
2017-06-16,BAJAJFINSV,EQ,"4,098.40","4,102.00","4,255.00","4,102.00","4,200.00","4,199.70","4,201.27",255011,1071370018.05,25929,136746.0,53.62
2017-06-19,BAJAJFINSV,EQ,"4,199.70","4,230.20","4,288.00","4,162.65","4,240.30","4,242.45","4,226.79",132057,558177676.45,11598,79834.0,60.45
2017-06-20,BAJAJFINSV,EQ,"4,242.45","4,232.00","4,287.95","4,218.80","4,268.00","4,264.40","4,251.70",105308,447737793.75,16883,63593.0,60.39
2017-06-21,BAJAJFINSV,EQ,"4,264.40","4,265.00","4,329.00","4,248.10","4,272.00","4,268.40","4,298.26",203709,875594603.1,15495,139740.0,68.6
2017-06-22,BAJAJFINSV,EQ,"4,268.40","4,272.00","4,315.00","4,198.05","4,230.00","4,220.00","4,256.69",74343,316454818.95,10365,31142.0,41.89
2017-06-23,BAJAJFINSV,EQ,"4,220.00","4,222.70","4,236.00","4,089.55","4,104.00","4,101.30","4,135.17",93020,384653230.7,11599,47963.0,51.56
2017-06-27,BAJAJFINSV,EQ,"4,101.30","4,106.00","4,117.45","3,982.20","4,018.80","4,036.05","4,019.70",122618,492887101.55,14591,57958.0,47.27
2017-06-28,BAJAJFINSV,EQ,"4,036.05","4,025.00","4,155.00","3,950.00","4,152.00","4,108.15","4,059.25",111692,453385413.25,9628,38580.0,34.54
2017-06-29,BAJAJFINSV,EQ,"4,108.15","4,150.00","4,168.70","4,075.00","4,100.00","4,098.75","4,126.17",142918,589703798.95,11010,84673.0,59.25
2017-06-30,BAJAJFINSV,EQ,"4,098.75","4,100.00","4,141.80","4,052.25","4,107.15","4,118.70","4,110.05",86710,356382678.35,20803,39329.0,45.36
2017-07-03,BAJAJFINSV,EQ,"4,118.70","4,125.00","4,168.60","4,092.95","4,130.00","4,130.70","4,122.36",108062,445470178.8,19366,56118.0,51.93
2017-07-04,BAJAJFINSV,EQ,"4,130.70","4,149.00","4,189.00","4,105.40","4,113.20","4,132.70","4,158.37",87938,365678528.15,13163,42155.0,47.94
2017-07-05,BAJAJFINSV,EQ,"4,132.70","4,135.15","4,174.00","4,118.40","4,170.00","4,149.25","4,144.11",179431,743582434.0,20469,134105.0,74.74
2017-07-06,BAJAJFINSV,EQ,"4,149.25","4,162.00","4,198.95","4,120.20","4,125.00","4,151.50","4,158.96",98393,409212082.6,11536,64249.0,65.3
2017-07-07,BAJAJFINSV,EQ,"4,151.50","4,140.50","4,153.30","4,080.00","4,108.60","4,115.90","4,115.88",93621,385332426.15,12760,49796.0,53.19
2017-07-10,BAJAJFINSV,EQ,"4,115.90","4,116.10","4,145.30","4,090.70","4,090.70","4,103.00","4,111.63",17464,71805556.25,1153,11132.0,63.74
2017-07-11,BAJAJFINSV,EQ,"4,103.00","4,105.10","4,142.20","4,091.15","4,120.00","4,123.20","4,117.16",103330,425426507.85,20519,62902.0,60.87
2017-07-12,BAJAJFINSV,EQ,"4,123.20","4,093.00","4,249.00","4,093.00","4,237.00","4,229.30","4,183.69",213039,891289017.85,23880,117998.0,55.39
2017-07-13,BAJAJFINSV,EQ,"4,229.30","4,273.30","4,373.55","4,240.10","4,365.00","4,364.55","4,331.30",409545,1773863291.25,26637,228256.0,55.73
2017-07-14,BAJAJFINSV,EQ,"4,364.55","4,400.00","4,424.00","4,328.15","4,400.00","4,399.90","4,386.76",229905,1008538220.85,22494,112910.0,49.11
2017-07-17,BAJAJFINSV,EQ,"4,399.90","4,418.90","4,483.35","4,400.00","4,436.10","4,446.30","4,453.93",169423,754598545.55,17831,84487.0,49.87
2017-07-18,BAJAJFINSV,EQ,"4,446.30","4,450.15","4,469.80","4,394.00","4,419.85","4,419.55","4,440.47",103425,459255738.65,11981,49379.0,47.74
2017-07-19,BAJAJFINSV,EQ,"4,419.55","4,430.00","4,595.95","4,428.80","4,579.00","4,564.50","4,528.18",355676,1610565471.75,34089,141246.0,39.71
2017-07-20,BAJAJFINSV,EQ,"4,564.50","4,595.00","4,747.00","4,527.70","4,675.00","4,679.30","4,660.01",347484,1619280412.8,26562,108225.0,31.15
2017-07-21,BAJAJFINSV,EQ,"4,679.30","4,682.80","4,975.00","4,678.90","4,930.00","4,910.40","4,862.10",516203,2509830923.05,46395,136324.0,26.41
2017-07-24,BAJAJFINSV,EQ,"4,910.40","4,950.00","5,044.70","4,905.00","4,949.00","4,949.95","4,971.18",321007,1595783122.7,27668,81897.0,25.51
2017-07-25,BAJAJFINSV,EQ,"4,949.95","4,949.00","5,001.00","4,920.00","4,949.00","4,958.50","4,951.76",147644,731097079.45,17422,53550.0,36.27
2017-07-26,BAJAJFINSV,EQ,"4,958.50","4,949.00","4,996.75","4,925.00","4,938.00","4,955.45","4,964.30",122925,610236164.85,12008,44646.0,36.32
2017-07-27,BAJAJFINSV,EQ,"4,955.45","4,950.00","5,098.00","4,890.10","4,898.85","4,934.45","5,012.59",321478,1611436632.75,32092,107479.0,33.43
2017-07-28,BAJAJFINSV,EQ,"4,934.45","4,896.95","5,014.00","4,890.00","4,941.00","4,926.30","4,947.07",166077,821594328.1,17997,56422.0,33.97
2017-07-31,BAJAJFINSV,EQ,"4,926.30","4,940.00","5,009.75","4,927.00","5,002.00","4,991.85","4,980.61",147439,734335898.3,14582,56158.0,38.09
2017-08-01,BAJAJFINSV,EQ,"4,991.85","5,025.00","5,084.40","4,990.00","5,068.90","5,067.25","5,051.55",146487,739986098.95,16029,49278.0,33.64
2017-08-02,BAJAJFINSV,EQ,"5,067.25","5,070.00","5,100.00","4,984.40","4,990.00","5,002.35","5,025.86",142369,715526467.4,23078,62738.0,44.07
2017-08-03,BAJAJFINSV,EQ,"5,002.35","5,027.70","5,177.70","5,010.00","5,105.00","5,115.05","5,106.20",311578,1590978686.55,36401,129236.0,41.48
2017-08-04,BAJAJFINSV,EQ,"5,115.05","5,121.00","5,341.80","5,118.60","5,309.00","5,308.15","5,228.10",268186,1402102789.9,23492,90442.0,33.72
2017-08-07,BAJAJFINSV,EQ,"5,308.15","5,310.80","5,495.00","5,310.80","5,435.00","5,433.05","5,416.86",243057,1316606303.05,30253,79588.0,32.74
2017-08-08,BAJAJFINSV,EQ,"5,433.05","5,479.00","5,479.90","5,302.25","5,347.00","5,336.10","5,370.10",257108,1380696592.4,29810,102730.0,39.96
2017-08-09,BAJAJFINSV,EQ,"5,336.10","5,336.00","5,336.00","5,076.00","5,076.00","5,121.90","5,199.45",225019,1169974982.2,19802,98386.0,43.72
2017-08-10,BAJAJFINSV,EQ,"5,121.90","5,098.90","5,174.95","4,963.45","5,065.00","5,024.75","5,053.20",237901,1202162066.4,23731,61965.0,26.05
2017-08-11,BAJAJFINSV,EQ,"5,024.75","4,990.00","5,169.40","4,913.00","5,003.00","4,992.00","5,036.28",288737,1454160599.75,28085,91687.0,31.75
2017-08-14,BAJAJFINSV,EQ,"4,992.00","5,050.00","5,245.00","5,049.45","5,239.60","5,222.05","5,172.53",195624,1011870382.75,22725,54781.0,28.0
2017-08-16,BAJAJFINSV,EQ,"5,222.05","5,269.00","5,423.50","5,169.75","5,398.10","5,356.80","5,270.45",224358,1182466827.7,23951,59994.0,26.74
2017-08-17,BAJAJFINSV,EQ,"5,356.80","5,384.00","5,456.50","5,281.00","5,303.85","5,304.45","5,373.03",182299,979497416.85,23985,47028.0,25.8
2017-08-18,BAJAJFINSV,EQ,"5,304.45","5,296.95","5,365.00","5,201.05","5,300.00","5,309.50","5,297.76",151327,801693393.65,18094,32566.0,21.52
2017-08-21,BAJAJFINSV,EQ,"5,309.50","5,315.00","5,360.00","5,181.05","5,220.00","5,216.85","5,242.43",164539,862583457.6,14265,82486.0,50.13
2017-08-22,BAJAJFINSV,EQ,"5,216.85","5,250.00","5,290.15","5,176.05","5,239.90","5,234.60","5,239.78",130727,684980805.35,16203,46612.0,35.66
2017-08-23,BAJAJFINSV,EQ,"5,234.60","5,249.85","5,375.00","5,220.45","5,350.00","5,351.30","5,333.64",194647,1038176821.3,19015,84142.0,43.23
2017-08-24,BAJAJFINSV,EQ,"5,351.30","5,399.80","5,521.00","5,304.05","5,516.00","5,506.25","5,427.52",185689,1007830031.2,18782,46484.0,25.03
2017-08-28,BAJAJFINSV,EQ,"5,506.25","5,557.00","5,630.00","5,530.05","5,578.00","5,578.00","5,589.76",214750,1200400128.65,26897,90572.0,42.18
2017-08-29,BAJAJFINSV,EQ,"5,578.00","5,575.00","5,583.60","5,425.50","5,431.10","5,442.95","5,483.00",150716,826375458.55,16440,51104.0,33.91
2017-08-30,BAJAJFINSV,EQ,"5,442.95","5,499.00","5,586.95","5,450.00","5,494.30","5,489.65","5,527.46",139515,771164168.25,16217,48254.0,34.59
2017-08-31,BAJAJFINSV,EQ,"5,489.65","5,490.00","5,540.00","5,455.55","5,518.95","5,502.85","5,496.78",143342,787919244.65,19002,78091.0,54.48
2017-09-01,BAJAJFINSV,EQ,"5,502.85","5,530.00","5,573.00","5,480.10","5,486.00","5,495.30","5,523.18",91200,503713930.65,13150,36628.0,40.16
2017-09-04,BAJAJFINSV,EQ,"5,495.30","5,495.00","5,495.00","5,345.05","5,380.00","5,377.25","5,413.28",121880,659770298.4,13418,42263.0,34.68
2017-09-05,BAJAJFINSV,EQ,"5,377.25","5,401.00","5,444.40","5,374.20","5,400.00","5,395.90","5,402.89",105781,571522936.2,12493,52361.0,49.5
2017-09-06,BAJAJFINSV,EQ,"5,395.90","5,389.90","5,520.00","5,352.30","5,450.00","5,456.15","5,471.68",258895,1416590181.25,34797,122305.0,47.24
2017-09-07,BAJAJFINSV,EQ,"5,456.15","5,500.00","5,650.00","5,460.00","5,635.00","5,623.80","5,556.06",356624,1981423592.3,42962,154033.0,43.19
2017-09-08,BAJAJFINSV,EQ,"5,623.80","5,665.00","5,680.00","5,550.00","5,594.80","5,594.75","5,600.36",178818,1001445626.35,26992,62354.0,34.87
2017-09-11,BAJAJFINSV,EQ,"5,594.75","5,649.00","5,790.00","5,620.00","5,733.35","5,733.30","5,739.00",203830,1169779826.1,19629,54220.0,26.6
2017-09-12,BAJAJFINSV,EQ,"5,733.30","5,786.00","5,786.00","5,660.00","5,676.00","5,678.90","5,691.46",148537,845393124.15,13681,68171.0,45.89
2017-09-13,BAJAJFINSV,EQ,"5,678.90","5,711.00","5,788.30","5,678.90","5,720.00","5,723.35","5,733.32",161275,924640482.2,18891,67346.0,41.76
2017-09-14,BAJAJFINSV,EQ,"5,723.35","5,775.00","5,775.00","5,660.10","5,695.00","5,680.60","5,709.27",141118,805681296.4,17099,49812.0,35.3
2017-09-15,BAJAJFINSV,EQ,"5,680.60","5,674.90","5,720.00","5,620.30","5,671.25","5,674.55","5,674.76",183979,1044036794.15,21979,84115.0,45.72
2017-09-18,BAJAJFINSV,EQ,"5,674.55","5,690.00","5,725.00","5,607.30","5,640.00","5,626.45","5,667.98",139901,792955806.65,10821,66454.0,47.5
2017-09-19,BAJAJFINSV,EQ,"5,626.45","5,640.00","5,673.80","5,600.00","5,663.70","5,651.25","5,635.46",104130,586820559.3,14590,39440.0,37.88
2017-09-20,BAJAJFINSV,EQ,"5,651.25","5,670.00","5,675.00","5,587.95","5,607.00","5,602.90","5,626.22",126778,713281165.55,11095,69739.0,55.01
2017-09-21,BAJAJFINSV,EQ,"5,602.90","5,606.00","5,620.00","5,442.30","5,469.00","5,486.30","5,485.91",244183,1339564946.15,24201,138453.0,56.7
2017-09-22,BAJAJFINSV,EQ,"5,486.30","5,440.10","5,459.00","5,200.00","5,235.00","5,231.65","5,305.49",248932,1320707236.15,28172,96139.0,38.62
2017-09-25,BAJAJFINSV,EQ,"5,231.65","5,230.00","5,234.80","5,001.75","5,107.00","5,110.60","5,083.78",261373,1328763601.45,30508,97870.0,37.44
2017-09-26,BAJAJFINSV,EQ,"5,110.60","5,100.00","5,255.05","5,005.00","5,152.65","5,170.50","5,127.74",234772,1203849253.1,29002,65271.0,27.8
2017-09-27,BAJAJFINSV,EQ,"5,170.50","5,220.00","5,238.10","5,045.00","5,045.00","5,071.35","5,118.86",186629,955328103.6,19713,51566.0,27.63
2017-09-28,BAJAJFINSV,EQ,"5,071.35","5,070.00","5,131.40","5,022.15","5,044.00","5,043.75","5,064.67",276635,1401066307.95,23176,138725.0,50.15
2017-09-29,BAJAJFINSV,EQ,"5,043.75","5,099.00","5,246.00","5,062.60","5,175.00","5,154.45","5,153.45",236821,1220445000.65,26277,96627.0,40.8
2017-10-03,BAJAJFINSV,EQ,"5,154.45","5,210.00","5,344.85","5,141.00","5,315.05","5,325.45","5,285.81",297740,1573796921.45,30519,142863.0,47.98
2017-10-04,BAJAJFINSV,EQ,"5,325.45","5,348.00","5,348.00","5,250.00","5,280.00","5,274.50","5,296.06",116412,616524615.35,16798,39093.0,33.58
2017-10-05,BAJAJFINSV,EQ,"5,274.50","5,299.00","5,326.00","5,209.30","5,255.85","5,258.70","5,291.30",128849,681778229.55,21280,53836.0,41.78
2017-10-06,BAJAJFINSV,EQ,"5,258.70","5,285.00","5,354.00","5,245.55","5,297.00","5,297.95","5,305.97",257532,1366458068.05,24454,98190.0,38.13
2017-10-09,BAJAJFINSV,EQ,"5,297.95","5,318.85","5,367.65","5,290.00","5,302.00","5,305.80","5,324.93",131215,698711234.75,12847,47141.0,35.93
2017-10-10,BAJAJFINSV,EQ,"5,305.80","5,355.00","5,360.00","5,306.80","5,329.10","5,333.65","5,343.32",94363,504211382.65,10156,32631.0,34.58
2017-10-11,BAJAJFINSV,EQ,"5,333.65","5,365.00","5,448.80","5,250.05","5,275.00","5,301.20","5,366.72",324156,1739652899.2,36335,136367.0,42.07
2017-10-12,BAJAJFINSV,EQ,"5,301.20","5,309.95","5,403.00","5,290.00","5,403.00","5,392.15","5,349.54",144302,771949457.8,18836,53866.0,37.33
2017-10-13,BAJAJFINSV,EQ,"5,392.15","5,415.00","5,448.00","5,360.00","5,389.00","5,375.25","5,397.22",131788,711288591.7,10807,55395.0,42.03
2017-10-16,BAJAJFINSV,EQ,"5,375.25","5,429.00","5,436.60","5,315.20","5,337.95","5,354.30","5,392.57",136498,736074639.4,13797,43420.0,31.81
2017-10-17,BAJAJFINSV,EQ,"5,354.30","5,380.00","5,414.65","5,307.75","5,348.80","5,356.75","5,368.56",138637,744281645.65,13325,47749.0,34.44
2017-10-18,BAJAJFINSV,EQ,"5,356.75","5,379.80","5,379.80","4,827.10","5,320.00","5,315.05","5,326.46",101122,538622518.15,11288,30554.0,30.21
2017-10-19,BAJAJFINSV,EQ,"5,315.05","5,343.00","5,343.00","5,250.00","5,250.00","5,306.10","5,311.97",21122,112199331.4,1957,9057.0,42.88
2017-10-23,BAJAJFINSV,EQ,"5,306.10","5,275.00","5,327.00","5,235.00","5,327.00","5,287.30","5,272.47",88707,467704900.8,9532,24251.0,27.34
2017-10-24,BAJAJFINSV,EQ,"5,287.30","5,331.00","5,335.00","5,243.05","5,250.00","5,252.80","5,281.63",83074,438765789.55,11166,34418.0,41.43
2017-10-25,BAJAJFINSV,EQ,"5,252.80","5,278.00","5,376.00","4,906.20","5,001.05","4,997.00","5,043.32",242390,1222450047.35,24716,86814.0,35.82
2017-10-26,BAJAJFINSV,EQ,"4,997.00","4,990.00","5,067.00","4,885.20","5,014.00","4,982.00","4,991.07",233169,1163763039.95,28352,75922.0,32.56
2017-10-27,BAJAJFINSV,EQ,"4,982.00","4,988.80","5,089.25","4,988.80","5,025.00","5,033.95","5,043.09",158840,801043627.85,21295,74440.0,46.86
2017-10-30,BAJAJFINSV,EQ,"5,033.95","5,064.00","5,075.00","4,971.95","5,000.00","4,994.85","5,003.67",110610,553456283.4,14777,47876.0,43.28
2017-10-31,BAJAJFINSV,EQ,"4,994.85","5,015.00","5,158.75","4,881.00","5,049.80","5,010.35","5,013.74",318607,1597411431.3,33563,112128.0,35.19
2017-11-01,BAJAJFINSV,EQ,"5,010.35","5,050.00","5,099.00","5,000.00","5,025.00","5,022.60","5,048.02",99629,502929057.1,10573,42923.0,43.08
2017-11-02,BAJAJFINSV,EQ,"5,022.60","5,068.00","5,068.00","4,970.00","4,978.00","4,982.15","5,018.64",79540,399182275.5,9119,30240.0,38.02
2017-11-03,BAJAJFINSV,EQ,"4,982.15","4,989.00","5,082.20","4,965.00","5,020.00","5,032.60","5,033.83",123701,622690217.15,14733,43596.0,35.24
2017-11-06,BAJAJFINSV,EQ,"5,032.60","5,030.00","5,050.00","4,992.00","5,010.00","5,009.60","5,011.37",79496,398384139.45,7156,35480.0,44.63
2017-11-07,BAJAJFINSV,EQ,"5,009.60","5,038.00","5,038.00","4,955.00","4,976.00","4,981.00","4,990.90",101453,506341608.95,8714,57389.0,56.57
2017-11-08,BAJAJFINSV,EQ,"4,981.00","5,005.00","5,044.45","4,950.00","5,018.00","5,022.70","5,015.23",140928,706786407.3,11699,65283.0,46.32
2017-11-09,BAJAJFINSV,EQ,"5,022.70","5,005.10","5,094.00","4,991.40","5,005.20","5,006.75","5,023.92",139597,701323916.3,11227,64664.0,46.32
2017-11-10,BAJAJFINSV,EQ,"5,006.75","5,021.00","5,075.25","4,990.00","5,035.00","5,027.45","5,032.71",84973,427644368.85,7306,35672.0,41.98
2017-11-13,BAJAJFINSV,EQ,"5,027.45","5,028.00","5,050.00","4,962.60","4,974.75","4,998.35","5,002.27",84985,425117879.0,6970,44440.0,52.29
2017-11-14,BAJAJFINSV,EQ,"4,998.35","4,978.35","5,059.00","4,964.50","5,020.00","5,014.40","5,008.75",65822,329685765.3,8158,27397.0,41.62
2017-11-15,BAJAJFINSV,EQ,"5,014.40","5,024.85","5,049.00","4,850.00","4,912.00","4,902.65","4,953.82",116297,576114009.65,13279,59612.0,51.26
2017-11-16,BAJAJFINSV,EQ,"4,902.65","4,949.00","5,009.35","4,905.05","4,990.60","4,984.75","4,959.63",84334,418265667.4,12188,28733.0,34.07
2017-11-17,BAJAJFINSV,EQ,"4,984.75","5,030.00","5,195.65","5,015.05","5,132.00","5,129.75","5,125.30",227223,1164586090.3,19349,67597.0,29.75
2017-11-20,BAJAJFINSV,EQ,"5,129.75","5,156.80","5,215.00","5,144.10","5,171.00","5,173.55","5,179.54",85975,445311165.45,11021,25706.0,29.9
2017-11-21,BAJAJFINSV,EQ,"5,173.55","5,200.00","5,244.00","5,115.00","5,210.00","5,206.20","5,189.29",105469,547308805.1,11051,36623.0,34.72
2017-11-22,BAJAJFINSV,EQ,"5,206.20","5,206.00","5,221.00","5,150.00","5,180.00","5,176.35","5,175.01",104244,539464125.75,10879,64457.0,61.83
2017-11-23,BAJAJFINSV,EQ,"5,176.35","5,188.00","5,189.00","5,101.00","5,125.00","5,133.60","5,135.69",81941,420823846.65,6859,39231.0,47.88
2017-11-24,BAJAJFINSV,EQ,"5,133.60","5,141.10","5,191.00","5,123.65","5,160.00","5,160.60","5,158.37",67352,347426343.5,6511,20654.0,30.67
2017-11-27,BAJAJFINSV,EQ,"5,160.60","5,159.00","5,159.95","5,121.00","5,148.90","5,151.85","5,140.94",95340,490137055.4,6580,71921.0,75.44
2017-11-28,BAJAJFINSV,EQ,"5,151.85","5,145.05","5,274.80","5,122.65","5,244.00","5,240.20","5,226.94",153601,802862908.8,15165,52673.0,34.29
2017-11-29,BAJAJFINSV,EQ,"5,240.20","5,260.00","5,349.00","5,224.85","5,290.00","5,305.60","5,303.12",161851,858315606.55,13434,78361.0,48.42
2017-11-30,BAJAJFINSV,EQ,"5,305.60","5,251.50","5,290.00","5,151.00","5,185.00","5,214.10","5,224.14",282218,1474345649.95,26664,203920.0,72.26
2017-12-01,BAJAJFINSV,EQ,"5,214.10","5,213.75","5,282.25","5,060.00","5,075.30","5,098.85","5,176.89",98823,511595696.7,11407,34190.0,34.6
2017-12-04,BAJAJFINSV,EQ,"5,098.85","5,100.00","5,137.00","5,005.00","5,065.00","5,056.80","5,044.74",131794,664866498.1,20631,72655.0,55.13
2017-12-05,BAJAJFINSV,EQ,"5,056.80","5,051.05","5,084.30","4,982.80","5,001.50","5,003.65","5,017.23",154886,777097972.6,13593,88629.0,57.22
2017-12-06,BAJAJFINSV,EQ,"5,003.65","4,970.05","5,032.95","4,905.00","4,967.00","4,964.65","4,978.09",208715,1039002147.2,32698,105190.0,50.4
2017-12-07,BAJAJFINSV,EQ,"4,964.65","4,940.00","5,093.00","4,940.00","5,069.35","5,070.20","5,041.68",120619,608122929.8,15910,50646.0,41.99
2017-12-08,BAJAJFINSV,EQ,"5,070.20","5,090.00","5,147.70","5,070.20","5,111.35","5,125.10","5,116.32",141024,721523975.2,14311,91025.0,64.55
2017-12-11,BAJAJFINSV,EQ,"5,125.10","5,159.00","5,159.00","5,059.65","5,110.00","5,106.30","5,102.50",81543,416073052.95,8824,42388.0,51.98
2017-12-12,BAJAJFINSV,EQ,"5,106.30","5,120.00","5,129.00","5,073.50","5,112.00","5,109.70","5,104.04",118285,603731511.65,12142,70554.0,59.65
2017-12-13,BAJAJFINSV,EQ,"5,109.70","5,114.85","5,125.00","5,001.15","5,091.00","5,056.15","5,069.58",117002,593151020.35,11371,61991.0,52.98
2017-12-14,BAJAJFINSV,EQ,"5,056.15","5,000.00","5,132.00","5,000.00","5,115.00","5,116.25","5,075.63",161585,820146186.2,18234,107001.0,66.22
2017-12-15,BAJAJFINSV,EQ,"5,116.25","5,160.00","5,187.50","5,111.50","5,160.00","5,170.35","5,158.09",145700,751533785.35,15491,89338.0,61.32
2017-12-18,BAJAJFINSV,EQ,"5,170.35","5,050.00","5,233.80","5,004.05","5,220.00","5,210.60","5,170.41",99880,516420074.25,9558,29174.0,29.21
2017-12-19,BAJAJFINSV,EQ,"5,210.60","5,255.00","5,288.00","5,201.20","5,275.00","5,279.50","5,258.69",91737,482416852.35,8125,37711.0,41.11
2017-12-20,BAJAJFINSV,EQ,"5,279.50","5,288.00","5,340.00","5,271.00","5,322.80","5,312.70","5,308.85",100708,534643570.75,7782,55095.0,54.71
2017-12-21,BAJAJFINSV,EQ,"5,312.70","5,340.00","5,370.00","5,315.10","5,340.00","5,353.35","5,349.33",87711,469194662.65,12111,51829.0,59.09
2017-12-22,BAJAJFINSV,EQ,"5,353.35","5,316.00","5,444.90","5,316.00","5,420.00","5,428.15","5,405.59",116452,629491245.85,11564,58435.0,50.18
2017-12-26,BAJAJFINSV,EQ,"5,428.15","5,431.90","5,435.00","5,355.00","5,402.00","5,403.55","5,400.12",59737,322586740.6,5643,29825.0,49.93
2017-12-27,BAJAJFINSV,EQ,"5,403.55","5,411.00","5,418.80","5,280.80","5,328.00","5,326.30","5,336.67",78924,421191659.3,8267,25058.0,31.75
2017-12-28,BAJAJFINSV,EQ,"5,326.30","5,291.00","5,357.00","5,266.35","5,303.00","5,305.75","5,313.41",137276,729403511.9,13613,48069.0,35.02
2017-12-29,BAJAJFINSV,EQ,"5,305.75","5,280.05","5,330.00","5,185.25","5,234.00","5,230.40","5,259.59",78892,414939638.85,10336,30454.0,38.6
2018-01-01,BAJAJFINSV,EQ,"5,230.40","5,208.00","5,308.75","5,151.60","5,167.00","5,171.85","5,224.56",44899,234577505.35,6275,18364.0,40.9
2018-01-02,BAJAJFINSV,EQ,"5,171.85","5,199.90","5,229.00","5,047.75","5,080.00","5,101.10","5,134.71",79123,406273658.85,10498,26895.0,33.99
2018-01-03,BAJAJFINSV,EQ,"5,101.10","5,139.35","5,179.80","5,088.80","5,100.00","5,099.45","5,143.02",119413,614143603.4,9240,71015.0,59.47
2018-01-04,BAJAJFINSV,EQ,"5,099.45","5,120.00","5,135.00","5,051.00","5,064.00","5,062.55","5,078.79",79205,402265228.2,7742,38475.0,48.58
2018-01-05,BAJAJFINSV,EQ,"5,062.55","5,098.80","5,144.95","5,076.10","5,125.00","5,127.20","5,114.04",151818,776403937.0,11402,93922.0,61.86
2018-01-08,BAJAJFINSV,EQ,"5,127.20","5,170.00","5,253.00","5,146.15","5,220.00","5,221.25","5,211.50",181068,943636503.1,18617,117693.0,65.0
2018-01-09,BAJAJFINSV,EQ,"5,221.25","5,230.00","5,242.40","5,105.00","5,151.25","5,156.40","5,154.20",233510,1203557648.05,20669,120424.0,51.57
2018-01-10,BAJAJFINSV,EQ,"5,156.40","5,160.00","5,272.60","5,130.00","5,199.60","5,199.55","5,201.53",260021,1352507140.7,21563,116004.0,44.61
2018-01-11,BAJAJFINSV,EQ,"5,199.55","5,198.00","5,198.00","5,135.00","5,138.50","5,146.40","5,168.33",71160,367778309.15,8869,38081.0,53.51
2018-01-12,BAJAJFINSV,EQ,"5,146.40","5,146.40","5,170.00","5,032.00","5,050.00","5,057.30","5,089.10",224758,1143816010.4,22405,147256.0,65.52
2018-01-15,BAJAJFINSV,EQ,"5,057.30","5,052.00","5,105.20","5,001.10","5,007.20","5,010.35","5,050.14",173185,874608632.45,19652,112197.0,64.78
2018-01-16,BAJAJFINSV,EQ,"5,010.35","5,039.00","5,060.00","4,935.00","4,939.00","4,956.80","4,989.73",124186,619654074.45,16304,69338.0,55.83
2018-01-17,BAJAJFINSV,EQ,"4,956.80","4,950.00","5,012.00","4,890.40","5,000.10","4,964.90","4,963.56",140637,698060651.55,16203,75233.0,53.49
2018-01-18,BAJAJFINSV,EQ,"4,964.90","5,007.00","5,045.00","4,884.50","4,901.00","4,922.60","4,979.82",211086,1051170130.9,23578,134241.0,63.6
2018-01-19,BAJAJFINSV,EQ,"4,922.60","4,920.00","5,021.00","4,842.35","5,000.00","4,973.05","4,910.77",110406,542178544.9,12284,43309.0,39.23
2018-01-22,BAJAJFINSV,EQ,"4,973.05","5,000.00","5,064.95","4,951.00","5,042.00","5,051.45","5,012.62",104891,525778637.6,15591,46035.0,43.89
2018-01-23,BAJAJFINSV,EQ,"5,051.45","5,042.00","5,089.00","4,987.60","5,010.00","5,014.60","5,029.11",178301,896696038.7,20146,125470.0,70.37
2018-01-24,BAJAJFINSV,EQ,"5,014.60","5,015.00","5,072.80","4,949.00","5,040.00","5,014.45","5,009.95",88003,440890299.4,11711,35315.0,40.13
2018-01-25,BAJAJFINSV,EQ,"5,014.45","5,025.00","5,070.00","4,900.00","4,903.10","4,933.05","4,994.40",149077,744550495.3,16221,68755.0,46.12
2018-01-29,BAJAJFINSV,EQ,"4,933.05","4,949.50","5,010.00","4,899.00","4,902.50","4,912.40","4,945.65",100404,496562625.9,10109,50151.0,49.95
2018-01-30,BAJAJFINSV,EQ,"4,912.40","4,925.00","4,939.00","4,860.00","4,865.75","4,875.65","4,897.23",104332,510938084.65,10857,51161.0,49.04
2018-01-31,BAJAJFINSV,EQ,"4,875.65","4,861.00","4,863.45","4,736.45","4,791.00","4,812.35","4,798.22",220161,1056380073.95,20982,113513.0,51.56
2018-02-01,BAJAJFINSV,EQ,"4,812.35","4,811.05","5,080.00","4,770.00","5,070.00","5,038.40","4,931.80",350858,1730360197.15,29286,166669.0,47.5
2018-02-02,BAJAJFINSV,EQ,"5,038.40","5,001.00","5,148.10","4,890.95","4,950.00","4,935.75","5,033.77",375160,1888469450.9,42642,170074.0,45.33
2018-02-05,BAJAJFINSV,EQ,"4,935.75","4,810.00","4,994.90","4,763.05","4,969.00","4,918.00","4,898.29",295940,1449599369.0,45821,186396.0,62.98
2018-02-06,BAJAJFINSV,EQ,"4,918.00","4,500.00","4,949.00","4,500.00","4,905.50","4,904.60","4,816.32",263080,1267077656.15,42622,126434.0,48.06
2018-02-07,BAJAJFINSV,EQ,"4,904.60","5,009.00","5,056.00","4,927.55","5,001.00","5,012.05","4,986.07",201435,1004369745.8,19304,114588.0,56.89
2018-02-08,BAJAJFINSV,EQ,"5,012.05","5,000.00","5,174.00","4,975.00","5,039.95","5,057.25","5,095.68",154586,787721093.25,24569,62006.0,40.11
2018-02-09,BAJAJFINSV,EQ,"5,057.25","4,989.90","5,088.00","4,961.20","5,068.00","5,059.35","5,037.19",144600,728376955.0,27475,77717.0,53.75
2018-02-12,BAJAJFINSV,EQ,"5,059.35","5,096.30","5,244.00","5,042.80","5,210.00","5,235.45","5,184.22",141176,731887262.1,17853,64498.0,45.69
2018-02-14,BAJAJFINSV,EQ,"5,235.45","5,260.00","5,350.00","5,152.30","5,175.00","5,189.00","5,272.21",154547,814804683.25,15170,40819.0,26.41
2018-02-15,BAJAJFINSV,EQ,"5,189.00","5,200.00","5,291.00","5,112.05","5,134.00","5,130.35","5,197.04",104197,541516294.8,11190,38775.0,37.21
2018-02-16,BAJAJFINSV,EQ,"5,130.35","5,168.85","5,199.80","5,030.00","5,055.55","5,058.25","5,089.32",88468,450241691.6,8493,25421.0,28.73
2018-02-19,BAJAJFINSV,EQ,"5,058.25","5,095.00","5,119.85","4,970.00","4,992.20","5,000.75","5,017.36",146928,737190001.5,12503,77234.0,52.57
2018-02-20,BAJAJFINSV,EQ,"5,000.75","5,030.00","5,049.00","4,976.20","5,004.15","5,014.30","5,011.71",107899,540759000.0,12241,31214.0,28.93
2018-02-21,BAJAJFINSV,EQ,"5,014.30","5,040.00","5,050.25","4,955.10","4,957.55","4,973.45","4,995.70",100845,503791406.2,12025,38057.0,37.74
2018-02-22,BAJAJFINSV,EQ,"4,973.45","4,989.00","5,030.00","4,925.15","4,943.45","4,951.85","4,978.18",123453,614571520.3,13829,61922.0,50.16
2018-02-23,BAJAJFINSV,EQ,"4,951.85","4,943.15","5,057.00","4,940.00","5,025.00","5,019.65","5,015.65",136396,684114336.35,15160,59515.0,43.63
2018-02-26,BAJAJFINSV,EQ,"5,019.65","5,051.00","5,260.00","5,030.05","5,200.00","5,192.95","5,146.31",169230,870909382.8,15806,87112.0,51.48
2018-02-27,BAJAJFINSV,EQ,"5,192.95","5,208.00","5,227.50","5,101.10","5,120.10","5,121.35","5,151.69",82961,427389732.05,10436,36281.0,43.73
2018-02-28,BAJAJFINSV,EQ,"5,121.35","5,090.00","5,131.80","5,030.20","5,049.00","5,051.70","5,086.84",130485,663755771.05,16665,77130.0,59.11
2018-03-01,BAJAJFINSV,EQ,"5,051.70","5,052.00","5,087.90","4,986.00","5,004.00","4,999.40","5,030.57",84916,427175852.5,10749,44874.0,52.85
2018-03-05,BAJAJFINSV,EQ,"4,999.40","4,999.40","5,067.60","4,952.20","5,053.00","5,037.45","5,005.57",114133,571301286.9,19862,65051.0,57.0
2018-03-06,BAJAJFINSV,EQ,"5,037.45","5,075.50","5,097.95","4,955.00","4,957.00","4,980.65","5,030.99",86842,436901346.75,11684,36873.0,42.46
2018-03-07,BAJAJFINSV,EQ,"4,980.65","4,980.00","4,980.00","4,806.00","4,830.00","4,836.15","4,909.79",123770,607684105.35,15354,67313.0,54.39
2018-03-08,BAJAJFINSV,EQ,"4,836.15","4,863.95","4,889.00","4,800.00","4,861.20","4,864.60","4,852.42",102351,496649720.85,19439,53943.0,52.7
2018-03-09,BAJAJFINSV,EQ,"4,864.60","4,893.40","4,990.00","4,845.00","4,986.00","4,966.25","4,930.19",140074,690592003.5,14883,68391.0,48.82
2018-03-12,BAJAJFINSV,EQ,"4,966.25","5,002.50","5,077.85","4,967.20","5,040.00","5,040.05","5,005.10",107704,539069558.1,11391,55438.0,51.47
2018-03-13,BAJAJFINSV,EQ,"5,040.05","5,039.00","5,119.95","5,016.60","5,104.00","5,098.40","5,085.58",92570,470772050.7,9972,43374.0,46.86
2018-03-14,BAJAJFINSV,EQ,"5,098.40","5,090.00","5,134.40","5,053.45","5,125.00","5,111.60","5,091.59",78975,402108470.25,9510,35582.0,45.05
2018-03-15,BAJAJFINSV,EQ,"5,111.60","5,111.50","5,140.05","5,020.05","5,029.90","5,034.50","5,076.09",82293,417726673.65,12122,49396.0,60.02
2018-03-16,BAJAJFINSV,EQ,"5,034.50","4,971.60","5,085.00","4,971.60","5,011.00","5,011.35","5,018.41",178245,894506016.75,19283,125609.0,70.47
2018-03-19,BAJAJFINSV,EQ,"5,011.35","5,020.00","5,049.95","4,932.25","4,950.00","4,963.45","4,981.59",84292,419908589.75,10071,48410.0,57.43
2018-03-20,BAJAJFINSV,EQ,"4,963.45","4,945.00","5,090.00","4,942.55","5,080.00","5,080.85","5,043.87",107777,543612839.65,11998,64138.0,59.51
2018-03-21,BAJAJFINSV,EQ,"5,080.85","5,090.00","5,149.85","5,090.00","5,120.00","5,131.50","5,128.29",99953,512588174.05,16013,56768.0,56.79
2018-03-22,BAJAJFINSV,EQ,"5,131.50","5,100.00","5,135.45","5,090.00","5,099.95","5,119.85","5,117.92",73966,378551766.0,9702,47473.0,64.18
2018-03-23,BAJAJFINSV,EQ,"5,119.85","5,058.90","5,151.70","5,040.00","5,120.05","5,126.70","5,089.49",173772,884410900.9,19763,114994.0,66.18
2018-03-26,BAJAJFINSV,EQ,"5,126.70","5,128.00","5,187.85","5,063.15","5,130.00","5,151.05","5,131.60",126482,649054933.65,13666,67945.0,53.72
2018-03-27,BAJAJFINSV,EQ,"5,151.05","5,180.00","5,278.45","5,111.00","5,266.05","5,258.95","5,193.28",129719,673667415.35,20577,50867.0,39.21
2018-03-28,BAJAJFINSV,EQ,"5,258.95","5,230.00","5,299.00","5,021.55","5,075.00","5,171.55","5,182.77",1229462,6372023961.45,49258,902198.0,73.38
2018-04-02,BAJAJFINSV,EQ,"5,171.55","5,075.00","5,295.00","5,071.15","5,270.00","5,267.40","5,223.09",239474,1250794998.85,23397,127646.0,53.3
2018-04-03,BAJAJFINSV,EQ,"5,267.40","5,269.00","5,418.45","5,232.60","5,414.00","5,381.60","5,326.97",189750,1010791673.1,16488,110764.0,58.37
2018-04-04,BAJAJFINSV,EQ,"5,381.60","5,420.00","5,445.60","5,202.80","5,231.00","5,228.55","5,348.08",188780,1009609757.35,15546,78415.0,41.54
2018-04-05,BAJAJFINSV,EQ,"5,228.55","5,333.00","5,500.00","5,315.00","5,500.00","5,443.85","5,390.27",205387,1107090879.95,17670,86231.0,41.98
2018-04-06,BAJAJFINSV,EQ,"5,443.85","5,463.30","5,513.95","5,415.05","5,469.00","5,484.25","5,470.26",121693,665692037.3,11444,24259.0,19.93
2018-04-09,BAJAJFINSV,EQ,"5,484.25","5,488.00","5,579.00","5,454.55","5,551.00","5,561.30","5,531.62",137636,761349398.35,17752,66687.0,48.45
2018-04-10,BAJAJFINSV,EQ,"5,561.30","5,581.05","5,585.95","5,394.95","5,425.00","5,412.90","5,459.22",157907,862048336.9,15965,81093.0,51.35
2018-04-11,BAJAJFINSV,EQ,"5,412.90","5,439.05","5,473.90","5,340.00","5,385.00","5,420.20","5,403.20",146251,790224118.6,12310,63491.0,43.41
2018-04-12,BAJAJFINSV,EQ,"5,420.20","5,425.00","5,454.00","5,365.25","5,421.00","5,420.75","5,418.33",79654,431591867.85,11076,34337.0,43.11
2018-04-13,BAJAJFINSV,EQ,"5,420.75","5,438.00","5,442.00","5,293.55","5,332.00","5,316.80","5,345.50",179869,961489593.8,17415,89729.0,49.89
2018-04-16,BAJAJFINSV,EQ,"5,316.80","5,320.00","5,397.00","5,309.95","5,385.00","5,386.15","5,352.58",80113,428811045.8,10395,39446.0,49.24
2018-04-17,BAJAJFINSV,EQ,"5,386.15","5,410.00","5,449.80","5,390.00","5,416.00","5,426.10","5,422.67",129734,703504626.35,13796,60250.0,46.44
2018-04-18,BAJAJFINSV,EQ,"5,426.10","5,435.00","5,456.90","5,354.80","5,355.00","5,371.85","5,411.14",83355,451045509.45,9873,40562.0,48.66
2018-04-19,BAJAJFINSV,EQ,"5,371.85","5,375.10","5,412.00","5,360.05","5,372.75","5,385.20","5,378.48",65288,351150127.9,13651,30900.0,47.33
2018-04-20,BAJAJFINSV,EQ,"5,385.20","5,370.00","5,389.90","5,265.00","5,298.85","5,286.35","5,312.55",157393,836157649.6,18333,94990.0,60.35
2018-04-23,BAJAJFINSV,EQ,"5,286.35","5,298.85","5,348.85","5,256.65","5,291.20","5,294.00","5,304.06",87805,465722994.4,13586,39630.0,45.13
2018-04-24,BAJAJFINSV,EQ,"5,294.00","5,300.00","5,454.00","5,300.00","5,444.00","5,427.65","5,404.36",142075,767823942.6,14461,53202.0,37.45
2018-04-25,BAJAJFINSV,EQ,"5,427.65","5,443.00","5,497.55","5,381.25","5,415.00","5,434.30","5,434.75",139298,757050485.6,12123,56227.0,40.36
2018-04-26,BAJAJFINSV,EQ,"5,434.30","5,435.10","5,479.50","5,315.20","5,355.00","5,339.25","5,347.91",161700,864756303.1,22600,95856.0,59.28
2018-04-27,BAJAJFINSV,EQ,"5,339.25","5,358.00","5,468.00","5,358.00","5,437.00","5,435.25","5,421.09",87173,472573030.25,16466,29354.0,33.67
2018-04-30,BAJAJFINSV,EQ,"5,435.25","5,459.00","5,534.90","5,401.10","5,482.00","5,482.60","5,484.12",93148,510834384.35,12612,37476.0,40.23
2018-05-02,BAJAJFINSV,EQ,"5,482.60","5,480.00","5,531.00","5,394.00","5,437.00","5,436.90","5,479.98",104324,571693909.4,14197,44912.0,43.05
2018-05-03,BAJAJFINSV,EQ,"5,436.90","5,460.00","5,470.00","5,370.00","5,370.20","5,402.05","5,409.98",91065,492660205.9,9987,42621.0,46.8
2018-05-04,BAJAJFINSV,EQ,"5,402.05","5,402.00","5,423.10","5,318.20","5,375.00","5,348.05","5,388.25",56689,305454244.55,11064,28047.0,49.48
2018-05-07,BAJAJFINSV,EQ,"5,348.05","5,400.00","5,429.85","5,320.15","5,385.00","5,401.30","5,367.84",57978,311216912.1,6753,23574.0,40.66
2018-05-08,BAJAJFINSV,EQ,"5,401.30","5,410.00","5,439.00","5,320.00","5,345.00","5,340.70","5,360.45",74472,399203467.35,9342,35766.0,48.03
2018-05-09,BAJAJFINSV,EQ,"5,340.70","5,341.00","5,394.00","5,312.10","5,340.00","5,349.50","5,354.59",45001,240961757.95,5144,14796.0,32.88
2018-05-10,BAJAJFINSV,EQ,"5,349.50","5,355.00","5,382.00","5,225.00","5,260.00","5,237.95","5,286.39",87163,460777629.1,12500,38899.0,44.63
2018-05-11,BAJAJFINSV,EQ,"5,237.95","5,275.00","5,364.75","5,250.10","5,315.00","5,345.45","5,308.17",62942,334107034.35,6325,24214.0,38.47
2018-05-14,BAJAJFINSV,EQ,"5,345.45","5,343.70","5,405.00","5,320.55","5,375.00","5,386.45","5,367.55",70870,380398266.5,6686,38319.0,54.07
2018-05-15,BAJAJFINSV,EQ,"5,386.45","5,320.00","5,439.30","5,319.15","5,395.50","5,397.50","5,403.17",129693,700753288.05,19007,62892.0,48.49
2018-05-16,BAJAJFINSV,EQ,"5,397.50","5,350.00","5,369.90","5,301.00","5,325.00","5,319.20","5,329.20",82453,439408158.45,9678,32244.0,39.11
2018-05-17,BAJAJFINSV,EQ,"5,319.20","5,370.00","5,608.95","5,282.00","5,558.00","5,569.25","5,501.46",393030,2162240248.2,32581,110788.0,28.19
2018-05-18,BAJAJFINSV,EQ,"5,569.25","5,578.95","5,824.00","5,465.00","5,726.00","5,729.80","5,647.31",589024,3326400008.1,53113,117807.0,20.0
2018-05-21,BAJAJFINSV,EQ,"5,729.80","5,735.00","5,775.00","5,620.80","5,745.00","5,722.05","5,681.86",163075,926569514.95,20769,49874.0,30.58
2018-05-22,BAJAJFINSV,EQ,"5,722.05","5,715.00","6,020.00","5,682.15","5,999.00","5,971.80","5,906.58",429138,2534736537.45,40068,145598.0,33.93
2018-05-23,BAJAJFINSV,EQ,"5,971.80","5,949.00","5,960.00","5,770.00","5,780.00","5,790.05","5,874.11",162348,953649861.0,18063,44664.0,27.51
2018-05-24,BAJAJFINSV,EQ,"5,790.05","5,820.00","5,875.00","5,703.70","5,862.00","5,826.40","5,791.76",154493,894785701.2,15936,29634.0,19.18
2018-05-25,BAJAJFINSV,EQ,"5,826.40","5,864.00","6,097.30","5,850.00","6,084.95","6,071.70","6,008.81",316608,1902435735.2,29585,100143.0,31.63
2018-05-28,BAJAJFINSV,EQ,"6,071.70","6,080.00","6,121.00","5,980.15","6,002.00","6,009.35","6,051.74",151343,915888310.5,16919,41810.0,27.63
2018-05-29,BAJAJFINSV,EQ,"6,009.35","6,009.35","6,055.00","5,865.10","5,868.00","5,887.85","5,960.68",117673,701411090.5,17708,37886.0,32.2
2018-05-30,BAJAJFINSV,EQ,"5,887.85","5,848.65","5,995.30","5,815.00","5,973.00","5,958.85","5,921.94",197976,1172402708.7,27723,57213.0,28.9
2018-05-31,BAJAJFINSV,EQ,"5,958.85","5,995.00","6,156.90","5,930.80","6,050.00","6,042.25","6,020.61",264768,1594064857.3,28406,115200.0,43.51
2018-06-01,BAJAJFINSV,EQ,"6,042.25","6,069.00","6,069.00","5,850.00","5,855.00","5,882.20","5,918.21",153804,910244158.4,18903,49255.0,32.02
2018-06-04,BAJAJFINSV,EQ,"5,882.20","5,802.25","5,914.40","5,730.00","5,764.30","5,748.55","5,817.37",103183,600253851.8,14109,31190.0,30.23
2018-06-05,BAJAJFINSV,EQ,"5,748.55","5,779.95","5,818.00","5,682.60","5,817.95","5,770.95","5,740.68",137632,790100698.2,23907,57127.0,41.51
2018-06-06,BAJAJFINSV,EQ,"5,770.95","5,807.00","5,929.90","5,777.35","5,914.00","5,914.75","5,859.19",123156,721594549.8,17825,31301.0,25.42
2018-06-07,BAJAJFINSV,EQ,"5,914.75","5,939.00","6,040.00","5,907.05","6,015.10","6,014.25","5,991.04",147187,881803191.15,16855,34589.0,23.5
2018-06-08,BAJAJFINSV,EQ,"6,014.25","5,997.80","6,047.40","5,926.00","6,005.00","6,025.50","5,991.64",183674,1100508199.65,18978,33439.0,18.21
2018-06-11,BAJAJFINSV,EQ,"6,025.50","6,015.00","6,148.00","5,993.10","6,056.00","6,068.95","6,095.28",148193,903277156.45,18274,38323.0,25.86
2018-06-12,BAJAJFINSV,EQ,"6,068.95","6,120.00","6,120.00","6,045.30","6,080.15","6,078.55","6,087.11",106911,650779393.4,16089,40778.0,38.14
2018-06-13,BAJAJFINSV,EQ,"6,078.55","6,078.00","6,108.00","6,015.10","6,085.00","6,074.80","6,078.26",93790,570079897.2,17005,31346.0,33.42
2018-06-14,BAJAJFINSV,EQ,"6,074.80","6,070.00","6,070.00","5,991.30","6,021.00","6,028.00","6,029.42",65910,397398757.3,9471,22032.0,33.43
2018-06-15,BAJAJFINSV,EQ,"6,028.00","6,025.00","6,033.25","5,930.35","5,967.10","5,979.10","5,978.63",251127,1501395391.0,32157,145955.0,58.12
2018-06-18,BAJAJFINSV,EQ,"5,979.10","5,965.90","6,073.25","5,962.60","5,970.00","5,995.75","6,028.41",97677,588836520.0,10714,23821.0,24.39
2018-06-19,BAJAJFINSV,EQ,"5,995.75","5,975.00","5,991.75","5,901.00","5,905.00","5,913.20","5,932.40",124685,739681243.95,20551,59640.0,47.83
2018-06-20,BAJAJFINSV,EQ,"5,913.20","5,936.95","5,969.90","5,908.55","5,938.95","5,947.55","5,938.64",149334,886840354.6,25101,64805.0,43.4
2018-06-21,BAJAJFINSV,EQ,"5,947.55","5,959.00","6,034.00","5,950.60","5,990.05","5,991.55","6,006.53",229623,1379237412.65,27686,114941.0,50.06
2018-06-22,BAJAJFINSV,EQ,"5,991.55","5,999.55","6,190.00","5,991.00","6,179.00","6,176.50","6,099.88",242597,1479811390.25,25926,52228.0,21.53
2018-06-25,BAJAJFINSV,EQ,"6,176.50","6,200.00","6,293.60","6,146.00","6,174.00","6,165.65","6,229.96",262420,1634865611.4,28272,61842.0,23.57
2018-06-26,BAJAJFINSV,EQ,"6,165.65","6,174.90","6,207.50","6,061.00","6,069.90","6,084.35","6,121.49",164996,1010021947.8,22277,47559.0,28.82
2018-06-27,BAJAJFINSV,EQ,"6,084.35","6,089.00","6,119.00","5,940.00","5,975.10","5,975.10","6,005.78",120421,723222107.15,17342,44593.0,37.03
2018-06-28,BAJAJFINSV,EQ,"5,975.10","5,980.00","5,980.00","5,760.05","5,850.10","5,848.00","5,856.39",212176,1242586119.25,24899,83066.0,39.15
2018-06-29,BAJAJFINSV,EQ,"5,848.00","5,870.00","5,932.70","5,808.00","5,830.00","5,821.10","5,862.52",153569,900301082.0,18165,56790.0,36.98
2018-07-02,BAJAJFINSV,EQ,"5,821.10","5,860.00","5,880.00","5,750.45","5,762.95","5,778.30","5,814.11",113658,660820159.3,17726,45026.0,39.62
2018-07-03,BAJAJFINSV,EQ,"5,778.30","5,777.80","5,899.00","5,759.80","5,897.55","5,885.20","5,853.09",162273,949798044.45,18450,43065.0,26.54
2018-07-04,BAJAJFINSV,EQ,"5,885.20","5,897.00","6,049.00","5,877.90","6,035.00","6,032.85","5,980.81",192202,1149524317.25,18755,67511.0,35.13
2018-07-05,BAJAJFINSV,EQ,"6,032.85","6,045.00","6,133.45","6,045.00","6,075.00","6,069.00","6,090.76",199187,1213200717.05,19007,67957.0,34.12
2018-07-06,BAJAJFINSV,EQ,"6,069.00","6,080.00","6,159.85","6,000.00","6,035.00","6,058.55","6,068.95",168049,1019881078.2,15401,30107.0,17.92
2018-07-09,BAJAJFINSV,EQ,"6,058.55","6,090.00","6,165.00","6,052.65","6,135.00","6,124.70","6,117.95",100337,613856820.35,12222,21405.0,21.33
2018-07-10,BAJAJFINSV,EQ,"6,124.70","6,160.00","6,215.00","6,126.25","6,188.80","6,199.80","6,184.05",129972,803752985.3,18577,47999.0,36.93
2018-07-11,BAJAJFINSV,EQ,"6,199.80","6,198.00","6,198.00","6,101.75","6,110.00","6,114.25","6,140.66",101277,621907259.4,13743,34699.0,34.26
2018-07-12,BAJAJFINSV,EQ,"6,114.25","6,125.00","6,290.00","6,120.05","6,261.00","6,261.30","6,241.57",224323,1400126597.9,21313,68032.0,30.33
2018-07-13,BAJAJFINSV,EQ,"6,261.30","6,297.90","6,348.00","6,248.00","6,332.00","6,324.45","6,310.96",182684,1152910980.65,16926,47167.0,25.82
2018-07-16,BAJAJFINSV,EQ,"6,324.45","6,330.00","6,350.60","6,216.00","6,256.00","6,247.85","6,254.78",131475,822347260.65,17123,52571.0,39.99
2018-07-17,BAJAJFINSV,EQ,"6,247.85","6,225.00","6,367.00","6,212.45","6,354.00","6,346.05","6,298.91",105454,664245450.65,12335,26872.0,25.48
2018-07-18,BAJAJFINSV,EQ,"6,346.05","6,390.00","6,430.00","6,345.00","6,352.00","6,365.70","6,389.58",168066,1073870999.05,16925,57286.0,34.09
2018-07-19,BAJAJFINSV,EQ,"6,365.70","6,377.00","6,377.00","6,120.45","6,286.00","6,296.90","6,273.26",294030,1844526738.1,30682,44691.0,15.2
2018-07-20,BAJAJFINSV,EQ,"6,296.90","6,319.00","6,782.00","6,200.00","6,660.10","6,663.95","6,587.29",968973,6382904471.25,100265,174434.0,18.0
2018-07-23,BAJAJFINSV,EQ,"6,663.95","6,631.00","6,990.00","6,631.00","6,920.00","6,923.10","6,867.81",601600,4131676660.7,65067,100823.0,16.76
2018-07-24,BAJAJFINSV,EQ,"6,923.10","6,948.00","6,948.00","6,771.10","6,850.00","6,827.70","6,838.83",279282,1909961437.0,32275,41020.0,14.69
2018-07-25,BAJAJFINSV,EQ,"6,827.70","6,850.00","7,080.00","6,835.40","6,950.00","6,949.50","6,999.39",431627,3021126012.5,58558,111888.0,25.92
2018-07-26,BAJAJFINSV,EQ,"6,949.50","6,959.00","7,088.00","6,951.40","7,041.00","7,035.30","6,999.65",262679,1838662018.35,33069,74319.0,28.29
2018-07-27,BAJAJFINSV,EQ,"7,035.30","7,098.65","7,100.00","6,893.55","6,925.05","6,927.20","6,953.67",195800,1361528371.3,20176,58115.0,29.68
2018-07-30,BAJAJFINSV,EQ,"6,927.20","6,964.00","6,978.65","6,861.05","6,908.00","6,895.85","6,909.56",121952,842635004.2,13165,25120.0,20.6
2018-07-31,BAJAJFINSV,EQ,"6,895.85","6,922.00","7,015.00","6,855.00","6,980.00","6,977.30","6,930.26",131814,913504932.95,15070,36520.0,27.71
2018-08-01,BAJAJFINSV,EQ,"6,977.30","7,039.70","7,173.20","6,941.00","6,972.45","6,990.15","7,061.29",303720,2144654069.15,34544,71642.0,23.59
2018-08-02,BAJAJFINSV,EQ,"6,990.15","7,037.95","7,039.00","6,890.00","6,915.00","6,903.35","6,945.40",123608,858506590.9,14977,35924.0,29.06
2018-08-03,BAJAJFINSV,EQ,"6,903.35","6,960.00","6,983.95","6,879.15","6,954.00","6,943.15","6,932.14",141430,980412155.8,13852,50905.0,35.99
2018-08-06,BAJAJFINSV,EQ,"6,943.15","6,985.00","6,995.00","6,908.00","6,930.00","6,919.05","6,933.05",98437,682468309.15,11552,40121.0,40.76
2018-08-07,BAJAJFINSV,EQ,"6,919.05","6,933.00","7,020.00","6,905.60","7,010.00","6,994.20","6,975.28",139986,976441154.05,19174,46247.0,33.04
2018-08-08,BAJAJFINSV,EQ,"6,994.20","7,038.00","7,099.90","6,980.05","7,043.00","7,051.60","7,054.74",198751,1402136992.65,18948,44669.0,22.47
2018-08-09,BAJAJFINSV,EQ,"7,051.60","7,051.60","7,120.00","7,000.00","7,062.00","7,075.10","7,061.00",110927,783255791.15,11632,19347.0,17.44
2018-08-10,BAJAJFINSV,EQ,"7,075.10","7,072.70","7,134.65","6,996.35","7,105.00","7,083.85","7,067.59",139036,982648927.2,13458,44102.0,31.72
2018-08-13,BAJAJFINSV,EQ,"7,083.85","7,029.25","7,076.35","6,928.80","6,953.00","6,945.45","7,012.27",91832,643951009.9,11035,25342.0,27.6
2018-08-14,BAJAJFINSV,EQ,"6,945.45","6,955.00","7,130.45","6,955.00","7,100.00","7,112.70","7,070.40",246253,1741106348.2,26006,87056.0,35.35
2018-08-16,BAJAJFINSV,EQ,"7,112.70","7,090.00","7,200.00","7,046.10","7,071.05","7,076.00","7,139.13",207567,1481846759.8,24650,54006.0,26.02
2018-08-17,BAJAJFINSV,EQ,"7,076.00","7,125.00","7,169.00","7,075.00","7,093.00","7,097.35","7,130.55",120981,862661643.4,13338,40325.0,33.33
2018-08-20,BAJAJFINSV,EQ,"7,097.35","7,129.00","7,159.90","7,050.00","7,071.00","7,063.60","7,091.77",91898,651719051.95,18893,35598.0,38.74
2018-08-21,BAJAJFINSV,EQ,"7,063.60","7,104.00","7,130.00","7,012.20","7,105.00","7,116.60","7,059.88",144611,1020936575.1,18246,44365.0,30.68
2018-08-23,BAJAJFINSV,EQ,"7,116.60","7,170.00","7,185.00","7,075.10","7,086.10","7,092.10","7,134.64",137409,980364395.0,18425,43321.0,31.53
2018-08-24,BAJAJFINSV,EQ,"7,092.10","7,092.00","7,129.00","7,025.25","7,048.05","7,050.65","7,096.71",128111,909166393.3,19707,47063.0,36.74
2018-08-27,BAJAJFINSV,EQ,"7,050.65","7,089.20","7,112.45","7,014.05","7,030.45","7,030.15","7,056.97",136724,964856708.1,18556,60689.0,44.39
2018-08-28,BAJAJFINSV,EQ,"7,030.15","7,074.00","7,074.00","6,935.95","6,973.75","6,971.45","6,992.76",145321,1016195151.8,18772,66932.0,46.06
2018-08-29,BAJAJFINSV,EQ,"6,971.45","6,975.00","7,042.00","6,900.50","6,974.95","6,968.55","6,958.88",177432,1234727415.4,15753,77428.0,43.64
2018-08-30,BAJAJFINSV,EQ,"6,968.55","6,969.00","6,993.70","6,900.00","6,950.00","6,929.90","6,932.96",167502,1161284237.05,13113,92120.0,55.0
2018-08-31,BAJAJFINSV,EQ,"6,929.90","6,940.00","6,968.40","6,725.00","6,753.00","6,747.80","6,800.33",223887,1522506144.25,29065,118071.0,52.74
2018-09-03,BAJAJFINSV,EQ,"6,747.80","6,770.00","6,840.00","6,625.00","6,650.05","6,652.90","6,756.85",196221,1325835354.95,18856,80646.0,41.1
2018-09-04,BAJAJFINSV,EQ,"6,652.90","6,660.00","6,673.80","6,480.05","6,516.00","6,508.20","6,548.00",391449,2563208579.9,48238,197085.0,50.35
2018-09-05,BAJAJFINSV,EQ,"6,508.20","6,500.00","6,559.15","6,401.00","6,509.55","6,503.05","6,489.04",182931,1187046956.85,25085,53631.0,29.32
2018-09-06,BAJAJFINSV,EQ,"6,503.05","6,520.00","6,574.90","6,458.90","6,526.00","6,547.30","6,524.52",155679,1015730785.3,20800,51215.0,32.9
2018-09-07,BAJAJFINSV,EQ,"6,547.30","6,600.00","6,639.30","6,505.00","6,592.00","6,600.10","6,587.71",115576,761381321.6,14669,43516.0,37.65
2018-09-10,BAJAJFINSV,EQ,"6,600.10","6,580.00","6,581.00","6,315.00","6,335.00","6,347.45","6,399.85",238799,1528278869.95,31155,95806.0,40.12
2018-09-11,BAJAJFINSV,EQ,"6,347.45","6,351.10","6,479.20","6,252.00","6,362.00","6,362.15","6,393.90",358140,2289912422.75,36320,99496.0,27.78
2018-09-12,BAJAJFINSV,EQ,"6,362.15","6,351.00","6,474.00","6,320.00","6,413.90","6,412.95","6,403.48",193742,1240622433.3,24482,68889.0,35.56
2018-09-14,BAJAJFINSV,EQ,"6,412.95","6,479.00","6,799.00","6,402.00","6,775.00","6,709.65","6,609.93",265042,1751908332.4,28068,126859.0,47.86
2018-09-17,BAJAJFINSV,EQ,"6,709.65","6,691.20","6,699.95","6,530.00","6,540.15","6,549.95","6,595.67",165064,1088706974.55,17609,50012.0,30.3
2018-09-18,BAJAJFINSV,EQ,"6,549.95","6,570.00","6,635.60","6,495.00","6,520.00","6,527.60","6,551.14",222470,1457431846.5,33104,74837.0,33.64
2018-09-19,BAJAJFINSV,EQ,"6,527.60","6,555.00","6,580.00","6,281.05","6,310.00","6,312.05","6,405.54",207789,1331000391.7,22886,69390.0,33.39
2018-09-21,BAJAJFINSV,EQ,"6,312.05","6,362.00","6,445.00","5,366.00","6,275.00","6,259.70","6,111.08",681976,4167610759.9,56726,266323.0,39.05
2018-09-24,BAJAJFINSV,EQ,"6,259.70","6,305.60","6,307.00","6,007.85","6,061.55","6,067.65","6,108.86",510326,3117509467.85,69664,219184.0,42.95
2018-09-25,BAJAJFINSV,EQ,"6,067.65","6,060.00","6,250.00","5,932.05","6,190.00","6,185.65","6,115.79",345421,2112521054.95,38518,98143.0,28.41
2018-09-26,BAJAJFINSV,EQ,"6,185.65","6,207.00","6,289.00","6,188.00","6,205.00","6,212.55","6,233.31",164588,1025928073.5,24835,54467.0,33.09
2018-09-27,BAJAJFINSV,EQ,"6,212.55","6,219.00","6,240.00","5,955.10","5,975.45","5,979.80","6,066.75",276735,1678883226.5,23236,110256.0,39.84
2018-09-28,BAJAJFINSV,EQ,"5,979.80","5,987.00","6,059.50","5,885.00","6,028.00","6,006.20","5,976.36",254770,1522598457.1,29498,78322.0,30.74
2018-10-01,BAJAJFINSV,EQ,"6,006.20","6,000.00","6,040.00","5,771.00","5,909.00","5,881.85","5,868.44",276252,1621168659.95,29560,95135.0,34.44
2018-10-03,BAJAJFINSV,EQ,"5,881.85","5,908.00","5,949.00","5,701.00","5,714.95","5,752.50","5,820.39",312920,1821316911.0,36773,89020.0,28.45
2018-10-04,BAJAJFINSV,EQ,"5,752.50","5,660.00","5,730.00","5,524.75","5,611.00","5,632.10","5,631.61",209825,1181652540.0,22480,63043.0,30.05
2018-10-05,BAJAJFINSV,EQ,"5,632.10","5,614.00","5,721.00","5,222.90","5,333.40","5,375.65","5,532.16",252881,1398978421.7,28953,67688.0,26.77
2018-10-08,BAJAJFINSV,EQ,"5,375.65","5,350.00","5,500.00","5,230.40","5,379.95","5,395.55","5,356.61",271315,1453329974.85,33193,61867.0,22.8
2018-10-09,BAJAJFINSV,EQ,"5,395.55","5,412.00","5,580.00","5,275.30","5,405.00","5,429.10","5,413.42",216160,1170165195.8,22949,24949.0,11.54
2018-10-10,BAJAJFINSV,EQ,"5,429.10","5,455.00","6,014.00","5,430.00","5,980.00","5,961.50","5,795.72",514698,2983044311.7,56537,134078.0,26.05
2018-10-11,BAJAJFINSV,EQ,"5,961.50","5,685.00","5,775.00","5,551.00","5,592.00","5,592.00","5,658.74",319463,1807758912.75,42529,61682.0,19.31
2018-10-12,BAJAJFINSV,EQ,"5,592.00","5,698.50","5,910.20","5,680.10","5,774.00","5,813.55","5,815.99",297224,1728650774.35,35274,74021.0,24.9
2018-10-15,BAJAJFINSV,EQ,"5,813.55","5,815.00","5,815.00","5,611.00","5,660.00","5,634.25","5,681.18",174947,993905230.15,25868,49524.0,28.31
2018-10-16,BAJAJFINSV,EQ,"5,634.25","5,657.00","5,749.95","5,565.55","5,620.00","5,657.10","5,659.65",219586,1242779761.05,24460,52074.0,23.71
2018-10-17,BAJAJFINSV,EQ,"5,657.10","5,700.00","5,740.00","5,350.00","5,400.00","5,380.25","5,521.44",301825,1666509418.0,26416,109562.0,36.3
2018-10-19,BAJAJFINSV,EQ,"5,380.25","5,370.00","5,514.05","5,240.05","5,437.00","5,419.20","5,348.15",296640,1586474805.65,35107,77382.0,26.09
2018-10-22,BAJAJFINSV,EQ,"5,419.20","5,470.00","5,511.00","5,206.50","5,270.00","5,250.20","5,387.37",211210,1137866190.75,23542,47509.0,22.49
2018-10-23,BAJAJFINSV,EQ,"5,250.20","5,250.00","5,285.00","5,055.00","5,166.35","5,167.75","5,179.27",456251,2363046023.35,55106,128985.0,28.27
2018-10-24,BAJAJFINSV,EQ,"5,167.75","5,200.00","5,448.50","4,955.00","5,380.00","5,391.45","5,183.74",1105550,5730886189.35,150747,264292.0,23.91
2018-10-25,BAJAJFINSV,EQ,"5,391.45","5,299.00","5,462.05","5,257.25","5,387.00","5,367.65","5,358.14",345421,1850813798.9,49903,81588.0,23.62
2018-10-26,BAJAJFINSV,EQ,"5,367.65","5,380.00","5,434.00","5,258.00","5,388.00","5,399.20","5,378.82",290536,1562741598.4,33234,109012.0,37.52
2018-10-29,BAJAJFINSV,EQ,"5,399.20","5,415.00","5,491.05","5,353.20","5,390.00","5,409.85","5,415.73",291708,1579812830.3,40480,144190.0,49.43
2018-10-30,BAJAJFINSV,EQ,"5,409.85","5,420.00","5,455.00","5,322.55","5,378.00","5,391.15","5,394.24",291037,1569923922.15,21953,130247.0,44.75
2018-10-31,BAJAJFINSV,EQ,"5,391.15","5,413.00","5,436.00","5,241.00","5,381.50","5,404.65","5,338.47",355131,1895855478.35,29828,176018.0,49.56
2018-11-01,BAJAJFINSV,EQ,"5,404.65","5,420.00","5,467.00","5,370.65","5,385.00","5,386.50","5,410.71",193618,1047610869.45,19658,70204.0,36.26
2018-11-02,BAJAJFINSV,EQ,"5,386.50","5,395.00","5,623.80","5,395.00","5,570.00","5,525.30","5,548.31",414185,2298027473.5,35964,161714.0,39.04
2018-11-05,BAJAJFINSV,EQ,"5,525.30","5,560.00","5,653.30","5,501.65","5,545.00","5,569.60","5,586.32",203187,1135066627.35,31439,62680.0,30.85
2018-11-06,BAJAJFINSV,EQ,"5,569.60","5,598.80","5,689.80","5,564.95","5,570.00","5,591.00","5,636.59",208350,1174383657.65,19719,76187.0,36.57
2018-11-07,BAJAJFINSV,EQ,"5,591.00","5,645.00","5,645.00","5,600.00","5,640.00","5,628.20","5,627.79",17624,99184122.8,2512,4777.0,27.11
2018-11-09,BAJAJFINSV,EQ,"5,628.20","5,680.00","5,725.00","5,595.65","5,699.00","5,701.40","5,697.13",236068,1344909634.7,23510,124735.0,52.84
2018-11-12,BAJAJFINSV,EQ,"5,701.40","5,705.00","5,783.00","5,516.50","5,541.00","5,549.10","5,679.50",165617,940622294.55,21039,62902.0,37.98
2018-11-13,BAJAJFINSV,EQ,"5,549.10","5,541.00","5,609.35","5,536.05","5,574.90","5,571.70","5,572.44",148588,827997829.7,19581,69536.0,46.8
2018-11-14,BAJAJFINSV,EQ,"5,571.70","5,606.00","5,648.00","5,560.00","5,569.10","5,577.65","5,595.41",137523,769498126.35,16763,53957.0,39.23
2018-11-15,BAJAJFINSV,EQ,"5,577.65","5,578.90","5,685.00","5,578.90","5,609.00","5,597.10","5,624.60",194450,1093703137.35,21561,90459.0,46.52
2018-11-16,BAJAJFINSV,EQ,"5,597.10","5,640.00","5,730.00","5,612.70","5,710.00","5,695.65","5,663.25",141140,799311162.2,19799,51441.0,36.45
2018-11-19,BAJAJFINSV,EQ,"5,695.65","5,720.00","5,765.00","5,650.00","5,739.00","5,725.95","5,704.54",98362,561110448.45,12931,34370.0,34.94
2018-11-20,BAJAJFINSV,EQ,"5,725.95","5,715.00","5,764.70","5,648.00","5,675.10","5,688.55","5,694.66",122296,696434326.6,18661,31766.0,25.97
2018-11-21,BAJAJFINSV,EQ,"5,688.55","5,690.00","5,872.60","5,690.00","5,868.00","5,851.95","5,786.61",214025,1238478941.3,27511,54394.0,25.41
2018-11-22,BAJAJFINSV,EQ,"5,851.95","5,870.00","5,926.25","5,700.00","5,720.15","5,723.05","5,834.83",198644,1159053496.9,25136,65554.0,33.0
2018-11-26,BAJAJFINSV,EQ,"5,723.05","5,730.20","5,824.80","5,684.50","5,740.00","5,737.90","5,752.08",203676,1171561375.0,28828,67404.0,33.09
2018-11-27,BAJAJFINSV,EQ,"5,737.90","5,740.00","5,910.00","5,730.00","5,910.00","5,880.35","5,834.57",182540,1065042534.4,22901,55179.0,30.23
2018-11-28,BAJAJFINSV,EQ,"5,880.35","5,910.00","5,917.10","5,792.55","5,830.00","5,818.45","5,842.97",128949,753444929.8,16468,35829.0,27.79
2018-11-29,BAJAJFINSV,EQ,"5,818.45","5,850.00","6,050.00","5,843.00","6,006.00","6,010.75","5,989.67",263956,1581008673.45,28733,82755.0,31.35
2018-11-30,BAJAJFINSV,EQ,"6,010.75","6,019.70","6,100.00","5,960.00","6,011.00","5,994.35","6,000.41",358307,2149989860.7,44018,224422.0,62.63
2018-12-03,BAJAJFINSV,EQ,"5,994.35","6,060.00","6,088.35","5,975.05","6,029.60","5,999.30","6,014.74",159769,960969447.45,20954,67530.0,42.27
2018-12-04,BAJAJFINSV,EQ,"5,999.30","6,020.00","6,090.00","6,004.35","6,071.95","6,070.20","6,051.32",166285,1006244539.6,21191,73042.0,43.93
2018-12-05,BAJAJFINSV,EQ,"6,070.20","6,070.00","6,070.00","5,838.75","5,917.00","5,902.50","5,933.79",159561,946800933.05,27726,69732.0,43.70
2018-12-06,BAJAJFINSV,EQ,"5,902.50","5,902.00","5,910.00","5,631.55","5,641.00","5,667.50","5,787.48",192895,1116376286.95,27292,56404.0,29.24
2018-12-07,BAJAJFINSV,EQ,"5,667.50","5,708.40","5,875.55","5,668.50","5,847.00","5,849.90","5,769.98",220039,1269620503.0,28798,55881.0,25.40
2018-12-10,BAJAJFINSV,EQ,"5,849.90","5,612.00","5,788.00","5,612.00","5,727.70","5,693.95","5,677.01",245845,1395663544.8,28025,86464.0,35.17
2018-12-11,BAJAJFINSV,EQ,"5,693.95","5,643.00","5,870.00","5,623.10","5,870.00","5,827.15","5,758.06",231580,1333452692.0,30537,45132.0,19.49
2018-12-12,BAJAJFINSV,EQ,"5,827.15","5,851.00","6,023.60","5,851.00","6,001.00","5,989.00","5,939.91",156702,930795277.0,18532,39016.0,24.90
2018-12-13,BAJAJFINSV,EQ,"5,989.00","6,050.00","6,228.00","6,020.10","6,179.45","6,159.40","6,139.85",272548,1673403387.4,31070,62747.0,23.02
2018-12-14,BAJAJFINSV,EQ,"6,159.40","6,179.90","6,208.20","6,101.30","6,153.10","6,177.65","6,157.67",168709,1038854441.25,23032,34913.0,20.69
2018-12-17,BAJAJFINSV,EQ,"6,177.65","6,175.05","6,199.00","6,050.00","6,089.75","6,087.80","6,092.07",153950,937873944.55,23261,49227.0,31.98
2018-12-18,BAJAJFINSV,EQ,"6,087.80","6,090.00","6,165.00","6,076.70","6,138.50","6,152.65","6,134.24",151411,928790780.2,16173,26083.0,17.23
2018-12-19,BAJAJFINSV,EQ,"6,152.65","6,190.00","6,425.00","6,188.10","6,397.95","6,405.45","6,346.36",355577,2256618507.15,56446,118942.0,33.45
2018-12-20,BAJAJFINSV,EQ,"6,405.45","6,330.05","6,421.00","6,302.15","6,410.00","6,404.95","6,375.12",187601,1195978992.9,20483,25918.0,13.82
2018-12-21,BAJAJFINSV,EQ,"6,404.95","6,447.00","6,500.00","6,296.10","6,355.90","6,360.10","6,387.36",309851,1979129683.95,36305,87528.0,28.25
2018-12-24,BAJAJFINSV,EQ,"6,360.10","6,360.75","6,393.95","6,260.00","6,280.00","6,274.45","6,308.27",132247,834250331.9,16718,14457.0,10.93
2018-12-26,BAJAJFINSV,EQ,"6,274.45","6,272.00","6,465.00","6,150.00","6,465.00","6,439.05","6,322.02",272610,1723444983.6,26810,33419.0,12.26
2018-12-27,BAJAJFINSV,EQ,"6,439.05","6,500.00","6,550.00","6,350.00","6,381.00","6,405.05","6,450.86",297717,1920530887.75,30379,36737.0,12.34
2018-12-28,BAJAJFINSV,EQ,"6,405.05","6,424.00","6,530.00","6,412.60","6,522.00","6,502.90","6,488.84",199807,1296515668.3,23857,40269.0,20.15
2018-12-31,BAJAJFINSV,EQ,"6,502.90","6,548.00","6,591.20","6,436.20","6,472.15","6,476.95","6,510.95",204888,1334015041.0,24167,43035.0,21.00
2019-01-01,BAJAJFINSV,EQ,"6,476.95","6,515.00","6,530.00","6,418.00","6,515.00","6,521.95","6,477.89",141821,918701513.5,13006,24254.0,17.10
2019-01-02,BAJAJFINSV,EQ,"6,521.95","6,475.00","6,526.00","6,360.00","6,404.00","6,384.00","6,440.03",221274,1425010130.0,21556,70111.0,31.69
2019-01-03,BAJAJFINSV,EQ,"6,384.00","6,439.00","6,479.90","6,331.65","6,390.00","6,383.30","6,406.39",215845,1382788072.2,24053,32329.0,14.98
2019-01-04,BAJAJFINSV,EQ,"6,383.30","6,419.95","6,460.00","6,357.00","6,418.00","6,410.45","6,404.79",156323,1001215724.35,17590,18048.0,11.55
2019-01-07,BAJAJFINSV,EQ,"6,410.45","6,450.50","6,500.00","6,385.00","6,416.00","6,407.15","6,432.71",103217,663965043.4,11119,22874.0,22.16
2019-01-08,BAJAJFINSV,EQ,"6,407.15","6,430.00","6,460.00","6,355.00","6,442.00","6,443.05","6,407.87",111249,712868635.05,11483,23364.0,21.00
2019-01-09,BAJAJFINSV,EQ,"6,443.05","6,460.00","6,476.00","6,365.00","6,425.00","6,399.10","6,412.72",159769,1024553857.7,17959,41196.0,25.78
2019-01-10,BAJAJFINSV,EQ,"6,399.10","6,425.00","6,430.00","6,337.70","6,339.95","6,371.95","6,388.12",164715,1052218833.15,29888,83767.0,50.86
2019-01-11,BAJAJFINSV,EQ,"6,371.95","6,355.00","6,389.90","6,291.00","6,388.90","6,371.65","6,346.12",122432,776968765.55,14893,31153.0,25.45
2019-01-14,BAJAJFINSV,EQ,"6,371.65","6,388.90","6,388.90","6,265.00","6,364.00","6,368.80","6,319.33",152409,963122784.4,16885,50900.0,33.40
2019-01-15,BAJAJFINSV,EQ,"6,368.80","6,385.00","6,524.00","6,380.00","6,493.00","6,509.70","6,456.60",133336,860896874.2,16804,30979.0,23.23
2019-01-16,BAJAJFINSV,EQ,"6,509.70","6,500.00","6,535.00","6,440.40","6,445.00","6,464.85","6,480.99",119680,775645086.5,15044,27526.0,23.00
2019-01-17,BAJAJFINSV,EQ,"6,464.85","6,466.00","6,485.00","6,336.05","6,354.95","6,359.00","6,401.71",139043,890112367.05,17171,45408.0,32.66
2019-01-18,BAJAJFINSV,EQ,"6,359.00","6,366.10","6,379.95","6,230.00","6,236.00","6,249.90","6,273.70",191626,1202203425.7,24548,91049.0,47.51
2019-01-21,BAJAJFINSV,EQ,"6,249.90","6,253.85","6,400.00","6,211.10","6,380.00","6,384.55","6,343.19",177176,1123861628.5,19736,27972.0,15.79
2019-01-22,BAJAJFINSV,EQ,"6,384.55","6,377.00","6,447.05","6,350.00","6,429.85","6,435.55","6,408.58",173775,1113651398.75,22483,43134.0,24.82
2019-01-23,BAJAJFINSV,EQ,"6,435.55","6,429.85","6,528.00","6,405.00","6,505.00","6,493.15","6,480.66",187445,1214767564.7,15533,78634.0,41.95
2019-01-24,BAJAJFINSV,EQ,"6,493.15","6,515.00","6,517.50","6,382.05","6,420.00","6,407.30","6,439.39",108993,701848448.65,12871,26818.0,24.61
2019-01-25,BAJAJFINSV,EQ,"6,407.30","6,479.90","6,479.90","6,286.95","6,322.75","6,321.55","6,392.38",92525,591455212.35,12767,19339.0,20.90
2019-01-28,BAJAJFINSV,EQ,"6,321.55","6,335.00","6,352.80","5,948.80","6,050.00","6,050.90","6,095.23",299286,1824216313.35,39644,,-
2019-01-29,BAJAJFINSV,EQ,"6,050.90","6,015.00","6,295.00","5,951.00","6,295.00","6,233.05","6,128.04",578958,3547880067.85,61924,86382.0,14.92
2019-01-30,BAJAJFINSV,EQ,"6,233.05","6,295.00","6,368.80","6,200.35","6,212.10","6,247.20","6,292.28",338788,2131749750.85,47081,67168.0,19.83
2019-01-31,BAJAJFINSV,EQ,"6,247.20","6,244.20","6,268.90","6,050.00","6,109.00","6,091.90","6,103.25",377632,2304783756.65,48045,193022.0,51.11
2019-02-01,BAJAJFINSV,EQ,"6,091.90","6,123.90","6,250.00","6,055.00","6,110.80","6,096.95","6,141.37",311984,1916008778.05,44856,90120.0,28.89
2019-02-04,BAJAJFINSV,EQ,"6,096.95","6,110.85","6,122.00","5,995.65","6,014.00","6,009.20","6,030.63",128108,772571644.3,14895,41147.0,32.12
2019-02-05,BAJAJFINSV,EQ,"6,009.20","6,019.95","6,064.00","5,969.00","6,034.90","6,017.10","6,016.10",175304,1054646774.3,23850,58913.0,33.61
2019-02-06,BAJAJFINSV,EQ,"6,017.10","6,059.00","6,231.00","6,048.80","6,210.10","6,208.65","6,151.87",228970,1408594084.85,30349,66580.0,29.08
2019-02-07,BAJAJFINSV,EQ,"6,208.65","6,219.95","6,288.95","6,200.00","6,237.00","6,253.10","6,249.89",134879,842978431.7,14906,24844.0,18.42
2019-02-08,BAJAJFINSV,EQ,"6,253.10","6,254.60","6,294.45","6,150.95","6,178.00","6,182.70","6,240.66",138456,864056769.95,19600,48384.0,34.95
2019-02-11,BAJAJFINSV,EQ,"6,182.70","6,184.00","6,223.50","6,077.10","6,099.00","6,096.25","6,123.79",113518,695160685.0,15791,41983.0,36.98
2019-02-12,BAJAJFINSV,EQ,"6,096.25","6,115.00","6,174.00","6,065.10","6,104.00","6,096.40","6,101.46",148869,908317998.65,22665,62424.0,41.93
2019-02-13,BAJAJFINSV,EQ,"6,096.40","6,165.00","6,216.35","6,099.80","6,119.00","6,127.65","6,168.33",262494,1619150410.45,36665,122546.0,46.69
2019-02-14,BAJAJFINSV,EQ,"6,127.65","6,119.00","6,140.45","6,025.00","6,045.00","6,035.60","6,071.04",198337,1204112608.7,21192,90060.0,45.41
2019-02-15,BAJAJFINSV,EQ,"6,035.60","6,050.00","6,080.00","5,855.00","6,070.00","6,025.45","5,959.98",277871,1656106211.6,33013,88880.0,31.99
2019-02-18,BAJAJFINSV,EQ,"6,025.45","6,069.00","6,083.05","5,860.35","5,886.00","5,885.15","5,906.47",245222,1448395516.95,29534,54206.0,22.10
2019-02-19,BAJAJFINSV,EQ,"5,885.15","5,886.50","6,030.00","5,862.35","5,960.00","5,969.75","5,978.40",213067,1273800426.55,23996,45571.0,21.39
2019-02-20,BAJAJFINSV,EQ,"5,969.75","6,007.00","6,045.00","5,932.20","6,005.00","5,998.45","5,985.83",161713,967986516.95,23617,31486.0,19.47
2019-02-21,BAJAJFINSV,EQ,"5,998.45","6,040.00","6,220.00","5,982.00","6,191.05","6,169.10","6,099.84",230121,1403702221.95,21194,86921.0,37.77
2019-02-22,BAJAJFINSV,EQ,"6,169.10","6,170.00","6,272.70","6,146.95","6,199.00","6,195.65","6,211.80",211012,1310763749.1,24121,46597.0,22.08
2019-02-25,BAJAJFINSV,EQ,"6,195.65","6,220.00","6,391.30","6,180.00","6,367.05","6,333.55","6,272.80",232170,1456355683.25,31899,94163.0,40.56
2019-02-26,BAJAJFINSV,EQ,"6,333.55","6,265.00","6,498.25","6,241.15","6,459.00","6,452.65","6,405.15",564523,3615856001.85,62429,162637.0,28.81
2019-02-27,BAJAJFINSV,EQ,"6,452.65","6,475.00","6,509.70","6,380.05","6,403.00","6,419.85","6,430.21",298539,1919667297.2,40485,96014.0,32.16
2019-02-28,BAJAJFINSV,EQ,"6,419.85","6,478.00","6,480.00","6,413.10","6,448.00","6,462.45","6,450.90",158931,1025247488.15,21103,41713.0,26.25
2019-03-01,BAJAJFINSV,EQ,"6,462.45","6,480.00","6,540.00","6,428.05","6,435.00","6,440.60","6,476.46",222076,1438266920.15,25908,38023.0,17.12
2019-03-05,BAJAJFINSV,EQ,"6,440.60","6,440.00","6,650.00","6,386.00","6,610.00","6,543.75","6,480.38",229793,1489145375.95,26539,73919.0,32.17
2019-03-06,BAJAJFINSV,EQ,"6,543.75","6,610.00","6,625.00","6,518.35","6,601.00","6,609.15","6,578.91",236921,1558680898.75,28690,57934.0,24.45
2019-03-07,BAJAJFINSV,EQ,"6,609.15","6,580.10","6,668.60","6,565.00","6,581.70","6,598.50","6,604.54",199032,1314514515.45,25320,57529.0,28.9
2019-03-08,BAJAJFINSV,EQ,"6,598.50","6,570.00","6,640.00","6,550.00","6,616.50","6,616.95","6,596.29",144867,955584553.9,16510,32771.0,22.62
2019-03-11,BAJAJFINSV,EQ,"6,616.95","6,616.50","6,812.10","6,612.25","6,800.00","6,783.60","6,738.37",268460,1808982841.25,36089,100320.0,37.37
2019-03-12,BAJAJFINSV,EQ,"6,783.60","6,858.00","6,891.00","6,791.80","6,860.00","6,860.90","6,850.44",262373,1797371397.5,42104,86798.0,33.08
2019-03-13,BAJAJFINSV,EQ,"6,860.90","6,850.00","6,931.00","6,792.65","6,915.00","6,898.20","6,863.59",221233,1518452376.15,25257,38040.0,17.19
2019-03-14,BAJAJFINSV,EQ,"6,898.20","6,900.00","6,955.00","6,857.65","6,935.00","6,932.10","6,909.45",181236,1252240249.0,18115,30161.0,16.64
2019-03-15,BAJAJFINSV,EQ,"6,932.10","6,920.00","7,004.00","6,900.00","6,924.35","6,927.95","6,955.56",219456,1526438912.1,25402,93297.0,42.51
2019-03-18,BAJAJFINSV,EQ,"6,927.95","6,970.00","7,044.90","6,880.05","7,021.00","7,006.80","6,952.35",171373,1191444888.1,17955,35905.0,20.95
2019-03-19,BAJAJFINSV,EQ,"7,006.80","7,000.00","7,036.00","6,950.00","6,950.00","6,975.65","6,988.83",160837,1124062097.05,19957,40202.0,25.0
2019-03-20,BAJAJFINSV,EQ,"6,975.65","6,990.00","6,998.70","6,907.20","6,970.00","6,953.50","6,957.82",119525,831633880.75,15741,24434.0,20.44
2019-03-22,BAJAJFINSV,EQ,"6,953.50","6,970.00","7,080.00","6,938.90","6,970.00","6,960.05","6,988.75",155624,1087617630.45,17048,28922.0,18.58
2019-03-25,BAJAJFINSV,EQ,"6,960.05","6,942.70","6,969.20","6,881.00","6,938.70","6,917.25","6,931.52",138280,958490690.3,17831,32240.0,23.32
2019-03-26,BAJAJFINSV,EQ,"6,917.25","6,967.00","7,060.00","6,920.00","6,970.25","6,987.85","6,966.86",221597,1543835136.45,22283,99599.0,44.95
2019-03-27,BAJAJFINSV,EQ,"6,987.85","7,000.00","7,079.00","6,951.35","6,969.75","6,980.35","7,025.30",444893,3125505124.75,43011,218642.0,49.14
2019-03-28,BAJAJFINSV,EQ,"6,980.35","6,994.00","7,022.70","6,857.50","6,970.00","6,952.55","6,940.59",328240,2278179263.15,41230,157531.0,47.99
2019-03-29,BAJAJFINSV,EQ,"6,952.55","7,001.00","7,060.00","6,941.00","7,035.00","7,037.05","7,024.15",211740,1487293784.1,29944,82751.0,39.08
2019-04-01,BAJAJFINSV,EQ,"7,037.05","7,090.00","7,180.00","7,040.00","7,170.00","7,158.80","7,125.79",311482,2219555461.2,32141,147619.0,47.39
2019-04-02,BAJAJFINSV,EQ,"7,158.80","7,197.40","7,311.00","7,159.90","7,298.00","7,279.60","7,231.20",264666,1913852661.6,35614,98767.0,37.32
2019-04-03,BAJAJFINSV,EQ,"7,279.60","7,299.00","7,450.00","7,285.15","7,405.05","7,401.55","7,384.34",426738,3151179604.05,42294,182887.0,42.86
2019-04-04,BAJAJFINSV,EQ,"7,401.55","7,411.55","7,422.00","7,282.00","7,313.40","7,318.55","7,352.16",202173,1486408371.2,24715,56064.0,27.73
2019-04-05,BAJAJFINSV,EQ,"7,318.55","7,350.00","7,420.45","7,320.40","7,408.00","7,397.80","7,384.53",170143,1256426749.65,18772,40719.0,23.93
2019-04-08,BAJAJFINSV,EQ,"7,397.80","7,438.80","7,440.00","7,310.00","7,321.30","7,347.25","7,364.33",165975,1222293934.05,16711,37491.0,22.59
2019-04-09,BAJAJFINSV,EQ,"7,347.25","7,340.00","7,400.00","7,272.00","7,371.00","7,379.20","7,324.23",159866,1170894910.5,19977,41104.0,25.71
2019-04-10,BAJAJFINSV,EQ,"7,379.20","7,373.90","7,445.00","7,345.00","7,423.00","7,423.30","7,403.57",165487,1225194613.9,19788,74443.0,44.98
2019-04-11,BAJAJFINSV,EQ,"7,423.30","7,419.50","7,590.00","7,396.20","7,560.00","7,562.75","7,504.05",276607,2075671595.45,26633,78743.0,28.47
2019-04-12,BAJAJFINSV,EQ,"7,562.75","7,572.00","7,594.95","7,506.00","7,562.00","7,536.85","7,542.82",180707,1363040390.25,13938,53379.0,29.54
2019-04-15,BAJAJFINSV,EQ,"7,536.85","7,580.00","7,580.00","7,480.30","7,495.00","7,509.15","7,534.27",101240,762769923.8,10284,26070.0,25.75
2019-04-16,BAJAJFINSV,EQ,"7,509.15","7,548.00","7,620.00","7,496.00","7,593.00","7,578.95","7,567.60",128121,969568755.7,16822,29755.0,23.22
2019-04-18,BAJAJFINSV,EQ,"7,578.95","7,593.00","7,595.00","7,465.00","7,591.55","7,571.15","7,529.76",162690,1225017138.0,21309,53688.0,33.0
2019-04-22,BAJAJFINSV,EQ,"7,571.15","7,580.00","7,580.00","7,455.35","7,485.00","7,472.75","7,506.08",127023,953445026.65,18708,42233.0,33.25
2019-04-23,BAJAJFINSV,EQ,"7,472.75","7,488.00","7,533.00","7,485.00","7,498.00","7,495.05","7,504.28",110014,825575986.7,12433,31779.0,28.89
2019-04-24,BAJAJFINSV,EQ,"7,495.05","7,490.00","7,672.50","7,475.55","7,667.45","7,637.95","7,568.52",133887,1013326333.95,17548,34331.0,25.64
2019-04-25,BAJAJFINSV,EQ,"7,637.95","7,663.50","7,735.95","7,625.00","7,671.00","7,669.50","7,667.17",288510,2212054737.3,20652,165698.0,57.43
2019-04-26,BAJAJFINSV,EQ,"7,669.50","7,685.10","7,747.20","7,625.00","7,699.90","7,721.25","7,684.01",109306,839908861.1,13630,18031.0,16.5
2019-04-30,BAJAJFINSV,EQ,"7,721.25","7,721.25","7,730.00","7,449.15","7,515.00","7,520.45","7,582.77",253399,1921465838.7,22564,99859.0,39.41
2019-05-02,BAJAJFINSV,EQ,"7,520.45","7,522.00","7,625.00","7,500.85","7,595.00","7,578.85","7,581.62",103551,785084828.3,13008,12542.0,12.11
2019-05-03,BAJAJFINSV,EQ,"7,578.85","7,595.00","7,669.90","7,590.00","7,610.00","7,624.20","7,633.59",80422,613908764.75,10009,14642.0,18.21
2019-05-06,BAJAJFINSV,EQ,"7,624.20","7,580.00","7,699.75","7,557.60","7,684.80","7,667.95","7,645.28",118824,908442694.1,13727,21265.0,17.9
2019-05-07,BAJAJFINSV,EQ,"7,667.95","7,684.00","7,698.75","7,525.00","7,553.00","7,561.95","7,609.73",103553,788010214.85,15771,24334.0,23.5
2019-05-08,BAJAJFINSV,EQ,"7,561.95","7,550.00","7,551.00","7,312.30","7,345.00","7,345.75","7,403.36",230383,1705609386.9,30277,59811.0,25.96
2019-05-09,BAJAJFINSV,EQ,"7,345.75","7,305.00","7,494.20","7,278.00","7,494.20","7,467.30","7,408.60",238193,1764677030.9,25858,35896.0,15.07
2019-05-10,BAJAJFINSV,EQ,"7,467.30","7,495.00","7,528.95","7,351.00","7,399.00","7,383.70","7,403.59",181924,1346890641.8,21785,24005.0,13.2
2019-05-13,BAJAJFINSV,EQ,"7,383.70","7,416.20","7,416.20","7,303.25","7,391.00","7,347.35","7,345.46",111869,821729007.5,13173,27879.0,24.92
2019-05-14,BAJAJFINSV,EQ,"7,347.35","7,320.15","7,418.00","7,226.05","7,362.00","7,365.70","7,336.05",269637,1978070117.0,40685,115837.0,42.96
2019-05-15,BAJAJFINSV,EQ,"7,365.70","7,399.00","7,535.00","7,335.15","7,451.00","7,454.70","7,428.22",244031,1812716506.6,27030,65986.0,27.04
2019-05-16,BAJAJFINSV,EQ,"7,454.70","7,483.75","7,663.15","7,422.00","7,639.00","7,617.45","7,518.10",355788,2674850604.85,38856,86266.0,24.25
2019-05-17,BAJAJFINSV,EQ,"7,617.45","7,675.00","8,029.75","7,588.35","7,979.00","7,992.95","7,843.02",1012415,7940394417.75,88043,102029.0,10.08
2019-05-20,BAJAJFINSV,EQ,"7,992.95","8,056.00","8,294.00","8,056.00","8,230.65","8,235.00","8,208.09",343089,2816104370.4,30508,56515.0,16.47
2019-05-21,BAJAJFINSV,EQ,"8,235.00","8,239.00","8,335.00","8,100.05","8,170.00","8,185.40","8,209.36",379115,3112293017.7,40375,74908.0,19.76
2019-05-22,BAJAJFINSV,EQ,"8,185.40","8,194.00","8,273.00","8,102.00","8,215.00","8,221.55","8,192.87",215233,1763376662.55,29982,58653.0,27.25
2019-05-23,BAJAJFINSV,EQ,"8,221.55","8,275.00","8,303.00","7,980.00","8,008.00","8,013.30","8,159.30",311471,2541383980.55,47441,104980.0,33.7
2019-05-24,BAJAJFINSV,EQ,"8,013.30","8,013.00","8,185.00","7,998.30","8,157.00","8,151.70","8,098.67",224594,1818913526.7,27174,61393.0,27.34
2019-05-27,BAJAJFINSV,EQ,"8,151.70","8,150.00","8,250.00","8,112.00","8,210.00","8,213.05","8,198.76",169859,1392633100.65,15616,37357.0,21.99
2019-05-28,BAJAJFINSV,EQ,"8,213.05","8,200.00","8,242.50","8,069.50","8,100.00","8,128.55","8,145.26",263409,2145535772.3,29858,126208.0,47.91
2019-05-29,BAJAJFINSV,EQ,"8,128.55","8,128.40","8,160.00","8,055.15","8,110.05","8,131.75","8,113.94",106040,860401982.9,12554,24237.0,22.86
2019-05-30,BAJAJFINSV,EQ,"8,131.75","8,150.00","8,260.00","8,120.00","8,199.90","8,226.90","8,207.64",211411,1735184978.55,16814,103128.0,48.78
2019-05-31,BAJAJFINSV,EQ,"8,226.90","8,219.00","8,279.00","8,152.65","8,194.00","8,187.95","8,214.61",252199,2071715732.55,25099,86018.0,34.11
2019-06-03,BAJAJFINSV,EQ,"8,187.95","8,194.00","8,365.00","8,194.00","8,346.20","8,348.10","8,302.11",170966,1419378031.9,17926,39989.0,23.39
2019-06-04,BAJAJFINSV,EQ,"8,348.10","8,344.95","8,388.00","8,292.35","8,310.00","8,312.85","8,339.79",132333,1103629305.65,16878,25386.0,19.18
2019-06-06,BAJAJFINSV,EQ,"8,312.85","8,329.00","8,362.80","8,102.10","8,149.70","8,125.20","8,221.91",176636,1452284504.8,22674,66084.0,37.41
2019-06-07,BAJAJFINSV,EQ,"8,125.20","8,160.00","8,245.00","8,103.40","8,186.95","8,202.35","8,183.58",159028,1301418628.6,16962,31451.0,19.78
2019-06-10,BAJAJFINSV,EQ,"8,202.35","8,260.00","8,360.00","8,226.70","8,290.00","8,304.45","8,310.04",186362,1548675017.7,21366,61037.0,32.75
2019-06-11,BAJAJFINSV,EQ,"8,304.45","8,310.00","8,339.10","8,241.60","8,260.00","8,270.65","8,287.62",165578,1372247600.0,17272,41556.0,25.1
2019-06-12,BAJAJFINSV,EQ,"8,270.65","8,275.00","8,288.60","8,185.90","8,232.00","8,245.60","8,237.75",125371,1032774828.0,17443,52072.0,41.53
2019-06-13,BAJAJFINSV,EQ,"8,245.60","8,237.45","8,320.00","8,213.00","8,307.00","8,292.35","8,260.12",115153,951178126.4,14850,32557.0,28.27
2019-06-14,BAJAJFINSV,EQ,"8,292.35","8,287.00","8,315.00","8,200.00","8,221.00","8,235.15","8,263.46",101331,837344401.95,14936,37139.0,36.65
2019-06-17,BAJAJFINSV,EQ,"8,235.15","8,244.00","8,244.00","8,094.65","8,104.00","8,121.30","8,173.23",104058,850489628.1,14331,29727.0,27.46
2019-06-18,BAJAJFINSV,EQ,"8,121.30","8,144.00","8,275.00","8,130.00","8,250.00","8,246.25","8,197.32",134711,1104269424.15,18649,30091.0,21.45
2019-06-19,BAJAJFINSV,EQ,"8,246.25","8,285.00","8,310.00","8,191.30","8,229.95","8,257.00","8,257.33",130334,1076211238.25,18973,30315.0,23.26
2019-06-20,BAJAJFINSV,EQ,"8,257.00","8,177.00","8,474.00","8,177.00","8,431.00","8,417.85","8,356.93",143596,1200022283.75,20756,31633.0,22.03
2019-06-21,BAJAJFINSV,EQ,"8,417.85","8,382.00","8,459.00","8,363.50","8,383.00","8,392.45","8,406.07",230915,1941088172.8,27015,123068.0,53.3
2019-06-24,BAJAJFINSV,EQ,"8,392.45","8,392.45","8,432.00","8,338.00","8,375.00","8,354.65","8,379.54",107927,904378548.9,14537,31078.0,28.8
2019-06-25,BAJAJFINSV,EQ,"8,354.65","8,350.00","8,399.65","8,327.00","8,336.00","8,346.15","8,357.89",108873,909948854.35,16517,33032.0,30.34
2019-06-26,BAJAJFINSV,EQ,"8,346.15","8,339.70","8,437.95","8,304.10","8,422.00","8,410.50","8,378.57",117884,987699505.9,12742,33290.0,28.24
2019-06-27,BAJAJFINSV,EQ,"8,410.50","8,405.20","8,479.00","8,400.20","8,434.00","8,443.90","8,445.72",157072,1326586561.25,23110,70009.0,44.57
2019-06-28,BAJAJFINSV,EQ,"8,443.90","8,443.90","8,557.85","8,423.80","8,549.90","8,524.65","8,488.76",224278,1903842715.3,27897,89954.0,40.11
2019-07-01,BAJAJFINSV,EQ,"8,524.65","8,548.00","8,575.00","8,503.05","8,511.05","8,521.05","8,543.52",102735,877718898.55,15001,18957.0,18.45
2019-07-02,BAJAJFINSV,EQ,"8,521.05","8,549.00","8,549.00","8,422.00","8,465.05","8,474.85","8,464.08",152306,1289130506.35,27430,49840.0,32.72
2019-07-03,BAJAJFINSV,EQ,"8,474.85","8,509.00","8,510.00","8,405.60","8,418.75","8,430.45","8,441.45",161661,1364653258.65,20058,64701.0,40.02
2019-07-04,BAJAJFINSV,EQ,"8,430.45","8,420.00","8,556.10","8,420.00","8,531.00","8,537.55","8,516.62",144946,1234450075.75,21624,38543.0,26.59
2019-07-05,BAJAJFINSV,EQ,"8,537.55","8,545.00","8,580.00","8,411.40","8,420.00","8,435.35","8,516.70",159449,1357979399.3,27205,40309.0,25.28
2019-07-08,BAJAJFINSV,EQ,"8,435.35","8,499.90","8,499.90","7,463.05","7,581.90","7,593.05","7,778.71",826206,6426816697.1,95212,235416.0,28.49
2019-07-09,BAJAJFINSV,EQ,"7,593.05","7,590.00","7,934.35","7,418.95","7,812.00","7,855.40","7,730.22",1267816,9800493326.25,154282,261791.0,20.65
2019-07-10,BAJAJFINSV,EQ,"7,855.40","7,819.90","7,907.20","7,602.65","7,611.90","7,658.20","7,799.09",506277,3948499652.95,73955,106672.0,21.07
2019-07-11,BAJAJFINSV,EQ,"7,658.20","7,693.00","7,799.00","7,601.00","7,680.00","7,645.70","7,702.89",373119,2874095693.7,49187,52969.0,14.2
2019-07-12,BAJAJFINSV,EQ,"7,645.70","7,690.00","7,779.90","7,635.00","7,750.00","7,725.70","7,717.73",350571,2705611942.2,49548,98480.0,28.09
2019-07-15,BAJAJFINSV,EQ,"7,725.70","7,750.70","7,780.00","7,672.00","7,700.00","7,714.45","7,717.80",178663,1378885706.45,24666,26586.0,14.88
2019-07-16,BAJAJFINSV,EQ,"7,714.45","7,711.00","7,900.00","7,702.05","7,899.00","7,881.70","7,822.69",191188,1495604704.65,27584,33078.0,17.3
2019-07-17,BAJAJFINSV,EQ,"7,881.70","7,882.00","7,909.00","7,820.50","7,858.70","7,854.55","7,868.28",168284,1324106267.95,22801,27835.0,16.54
2019-07-18,BAJAJFINSV,EQ,"7,854.55","7,858.70","7,907.90","7,810.00","7,834.30","7,847.65","7,865.85",134466,1057689844.0,21446,27875.0,20.73
2019-07-19,BAJAJFINSV,EQ,"7,847.65","7,900.00","7,900.00","7,506.00","7,544.00","7,566.35","7,614.55",406851,3097988130.9,48311,74166.0,18.23
2019-07-22,BAJAJFINSV,EQ,"7,566.35","7,541.00","7,544.00","7,080.80","7,144.90","7,162.45","7,215.87",693477,5004039163.9,84724,167834.0,24.2
2019-07-23,BAJAJFINSV,EQ,"7,162.45","7,164.80","7,254.95","7,115.00","7,184.00","7,170.35","7,192.02",324922,2336844725.4,38662,49483.0,15.23
2019-07-24,BAJAJFINSV,EQ,"7,170.35","7,205.00","7,223.00","6,966.05","7,063.00","7,065.30","7,059.26",441763,3118518563.1,44444,94794.0,21.46
2019-07-25,BAJAJFINSV,EQ,"7,065.30","7,069.90","7,170.00","6,760.00","6,770.00","6,782.30","6,937.95",1095745,7602220614.85,105631,275412.0,25.13
2019-07-26,BAJAJFINSV,EQ,"6,782.30","6,775.00","7,298.00","6,631.70","7,279.70","7,233.00","7,064.96",1282898,9063618599.5,118484,162497.0,12.67
2019-07-29,BAJAJFINSV,EQ,"7,233.00","7,235.00","7,283.70","7,090.00","7,133.00","7,120.85","7,171.91",419089,3005666639.15,44379,40535.0,9.67
2019-07-30,BAJAJFINSV,EQ,"7,120.85","7,150.00","7,257.75","7,056.00","7,093.65","7,078.05","7,160.54",342504,2452513862.6,37172,55546.0,16.22
2019-07-31,BAJAJFINSV,EQ,"7,078.05","7,088.00","7,123.20","6,895.00","7,089.90","7,097.85","7,024.59",356118,2501582970.45,41618,39244.0,11.02
2019-08-01,BAJAJFINSV,EQ,"7,097.85","7,075.00","7,179.80","6,970.55","7,094.95","7,082.00","7,103.99",365797,2598619231.6,47021,82111.0,22.45
2019-08-02,BAJAJFINSV,EQ,"7,082.00","6,955.00","7,125.00","6,902.00","7,060.10","7,063.70","7,017.24",469811,3296774445.8,57042,65110.0,13.86
2019-08-05,BAJAJFINSV,EQ,"7,063.70","6,975.00","7,035.00","6,942.00","6,975.30","6,986.95","6,980.93",296069,2066835839.65,35766,69109.0,23.34
2019-08-06,BAJAJFINSV,EQ,"6,986.95","6,950.00","7,128.00","6,950.00","7,096.40","7,096.35","7,081.49",349945,2478132263.25,50279,108146.0,30.9
2019-08-07,BAJAJFINSV,EQ,"7,096.35","7,115.00","7,190.00","7,076.45","7,156.85","7,152.45","7,149.05",395853,2829971154.6,56648,114586.0,28.95
2019-08-08,BAJAJFINSV,EQ,"7,152.45","7,200.05","7,376.30","7,128.00","7,355.00","7,290.45","7,199.58",243718,1754667940.2,23833,44980.0,18.46
2019-08-09,BAJAJFINSV,EQ,"7,290.45","7,355.00","7,590.00","7,325.00","7,494.00","7,504.00","7,474.95",416412,3112658363.55,39329,68621.0,16.48
2019-08-13,BAJAJFINSV,EQ,"7,504.00","7,510.00","7,545.00","7,066.05","7,088.00","7,089.15","7,314.97",406528,2973740413.05,45308,128453.0,31.6
2019-08-14,BAJAJFINSV,EQ,"7,089.15","7,198.00","7,449.90","7,130.05","7,413.00","7,415.20","7,290.84",546578,3985014286.85,49073,155780.0,28.5
2019-08-16,BAJAJFINSV,EQ,"7,415.20","7,391.00","7,575.00","7,283.35","7,428.00","7,439.40","7,452.98",459164,3422139582.3,56197,78742.0,17.15
2019-08-19,BAJAJFINSV,EQ,"7,439.40","7,465.30","7,530.85","7,340.55","7,380.00","7,376.65","7,457.23",300128,2238124852.25,35808,35764.0,11.92
2019-08-20,BAJAJFINSV,EQ,"7,376.65","7,420.00","7,450.00","7,207.00","7,232.55","7,236.15","7,265.27",427881,3108671738.4,40256,97549.0,22.8
2019-08-21,BAJAJFINSV,EQ,"7,236.15","7,241.00","7,334.00","7,117.35","7,150.00","7,145.85","7,222.63",369263,2667049384.4,35774,55537.0,15.04
2019-08-22,BAJAJFINSV,EQ,"7,145.85","7,164.00","7,186.25","6,740.00","6,774.00","6,767.35","6,900.88",710196,4900977977.05,73064,226397.0,31.88
2019-08-23,BAJAJFINSV,EQ,"6,767.35","6,773.00","6,963.00","6,581.00","6,900.00","6,884.60","6,808.41",613954,4180052799.55,72611,63302.0,10.31
2019-08-26,BAJAJFINSV,EQ,"6,884.60","7,149.00","7,223.65","6,909.55","7,178.00","7,190.80","7,059.33",547043,3861756886.85,59066,96599.0,17.66
2019-08-27,BAJAJFINSV,EQ,"7,190.80","7,220.80","7,242.00","7,095.00","7,108.30","7,126.50","7,171.55",683327,4900516989.1,87177,248332.0,36.34
2019-08-28,BAJAJFINSV,EQ,"7,126.50","7,107.00","7,140.00","6,983.30","7,040.00","7,035.95","7,041.07",392626,2764506684.6,39063,73053.0,18.61
2019-08-29,BAJAJFINSV,EQ,"7,035.95","7,025.00","7,055.00","6,931.20","6,997.00","6,979.85","6,990.47",312764,2186367499.9,36630,42220.0,13.5
2019-08-30,BAJAJFINSV,EQ,"6,979.85","6,997.00","7,146.55","6,965.00","7,122.05","7,119.55","7,055.35",472409,3333009126.3,50448,83688.0,17.72
2019-09-03,BAJAJFINSV,EQ,"7,119.55","7,050.00","7,093.95","7,000.00","7,022.70","7,026.30","7,054.87",237446,1675151301.2,24594,41746.0,17.58
2019-09-04,BAJAJFINSV,EQ,"7,026.30","7,030.00","7,077.00","6,950.00","6,995.00","7,023.10","7,024.82",303358,2131036263.45,33713,38978.0,12.85
2019-09-05,BAJAJFINSV,EQ,"7,023.10","7,050.00","7,094.95","6,953.60","6,993.00","7,001.05","7,038.40",281048,1978127507.1,34739,61614.0,21.92
2019-09-06,BAJAJFINSV,EQ,"7,001.05","7,023.50","7,187.95","7,023.50","7,156.30","7,175.90","7,116.54",302126,2150091161.0,31185,49745.0,16.46
2019-09-09,BAJAJFINSV,EQ,"7,175.90","7,160.00","7,357.40","7,137.10","7,303.00","7,323.95","7,276.66",397840,2894946757.8,37327,95324.0,23.96
2019-09-11,BAJAJFINSV,EQ,"7,323.95","7,349.95","7,419.00","7,295.00","7,300.00","7,354.20","7,369.17",348066,2564957884.0,46495,96062.0,27.6
2019-09-12,BAJAJFINSV,EQ,"7,354.20","7,355.00","7,357.90","7,126.65","7,303.95","7,291.95","7,283.46",250803,1826713549.25,30922,43486.0,17.34
2019-09-13,BAJAJFINSV,EQ,"7,291.95","7,303.95","7,399.75","7,256.00","7,389.00","7,388.75","7,337.04",213756,1568336120.8,24874,21919.0,10.25
2019-09-16,BAJAJFINSV,EQ,"7,388.75","7,314.85","7,385.00","7,252.90","7,264.60","7,280.25","7,325.56",251990,1845967807.35,31338,41887.0,16.62
2019-09-17,BAJAJFINSV,EQ,"7,280.25","7,291.00","7,325.00","7,108.30","7,180.00","7,150.50","7,239.46",250105,1810625672.3,26523,38380.0,15.35
2019-09-18,BAJAJFINSV,EQ,"7,150.50","7,221.00","7,348.00","7,196.00","7,260.00","7,255.05","7,281.21",307394,2238199490.95,33222,29258.0,9.52
2019-09-19,BAJAJFINSV,EQ,"7,255.05","7,246.00","7,249.00","7,135.55","7,195.00","7,188.65","7,198.89",222370,1600818051.85,25422,37662.0,16.94
2019-09-20,BAJAJFINSV,EQ,"7,188.65","7,230.00","7,800.00","7,102.00","7,720.00","7,693.65","7,507.20",965027,7244647028.15,101301,207220.0,21.47
2019-09-23,BAJAJFINSV,EQ,"7,693.65","7,852.00","8,392.90","7,831.00","8,273.30","8,297.75","8,160.79",806321,6580219468.55,82675,140325.0,17.4
2019-09-24,BAJAJFINSV,EQ,"8,297.75","8,298.00","8,374.75","8,157.05","8,260.00","8,240.70","8,250.42",376734,3108215595.3,47340,68308.0,18.13
2019-09-25,BAJAJFINSV,EQ,"8,240.70","8,221.00","8,374.95","8,160.80","8,265.00","8,255.60","8,284.66",474853,3933996347.5,60379,72652.0,15.3
2019-09-26,BAJAJFINSV,EQ,"8,255.60","8,300.00","8,498.80","8,295.00","8,486.00","8,464.60","8,419.22",581577,4896425956.0,64323,97260.0,16.72
2019-09-27,BAJAJFINSV,EQ,"8,464.60","8,480.00","8,577.00","8,404.00","8,560.00","8,550.35","8,537.45",384278,3280755605.3,37185,46324.0,12.05
2019-09-30,BAJAJFINSV,EQ,"8,550.35","8,560.00","8,668.80","8,410.35","8,497.90","8,513.00","8,543.45",462717,3953200614.45,53309,93708.0,20.25
2019-10-01,BAJAJFINSV,EQ,"8,513.00","8,571.00","8,613.95","8,285.90","8,471.00","8,458.35","8,472.43",352809,2989149760.4,44501,66460.0,18.84
2019-10-03,BAJAJFINSV,EQ,"8,458.35","8,433.00","8,485.00","8,320.45","8,420.10","8,446.45","8,425.30",207759,1750432228.0,24262,33937.0,16.33
2019-10-04,BAJAJFINSV,EQ,"8,446.45","8,514.00","8,541.35","8,250.70","8,284.75","8,300.75","8,414.91",271416,2283941141.35,29653,43424.0,16.0
2019-10-07,BAJAJFINSV,EQ,"8,300.75","8,295.00","8,355.00","8,190.00","8,240.00","8,220.00","8,278.57",276990,2293081015.75,27601,62593.0,22.6
2019-10-09,BAJAJFINSV,EQ,"8,220.00","8,279.00","8,349.90","8,176.00","8,300.00","8,318.25","8,257.09",329837,2723493344.2,33409,95587.0,28.98
2019-10-10,BAJAJFINSV,EQ,"8,318.25","8,280.00","8,345.00","8,175.00","8,202.00","8,201.85","8,242.46",200005,1648533991.25,23125,60685.0,30.34
2019-10-11,BAJAJFINSV,EQ,"8,201.85","8,224.00","8,328.85","8,105.00","8,147.55","8,169.45","8,201.20",270260,2216457120.0,30822,44468.0,16.45
2019-10-14,BAJAJFINSV,EQ,"8,169.45","8,195.00","8,254.10","8,052.00","8,070.00","8,082.25","8,156.94",190372,1552853427.4,20728,44387.0,23.32
2019-10-15,BAJAJFINSV,EQ,"8,082.25","8,130.00","8,130.00","8,013.00","8,050.00","8,035.85","8,070.25",217114,1752164536.9,19905,60604.0,27.91
2019-10-16,BAJAJFINSV,EQ,"8,035.85","8,085.55","8,260.00","8,065.05","8,151.00","8,134.30","8,140.85",453154,3689060002.3,42082,135854.0,29.98
2019-10-17,BAJAJFINSV,EQ,"8,134.30","8,154.00","8,357.40","8,102.00","8,316.65","8,316.65","8,213.54",622466,5112646362.55,39639,237298.0,38.12
2019-10-18,BAJAJFINSV,EQ,"8,316.65","8,316.00","8,437.60","8,230.00","8,285.00","8,265.95","8,328.42",352909,2939175669.15,31151,77086.0,21.84
2019-10-22,BAJAJFINSV,EQ,"8,265.95","8,300.00","8,393.00","7,975.25","8,005.00","8,008.85","8,192.78",503368,4123983476.45,51345,139370.0,27.69
2019-10-23,BAJAJFINSV,EQ,"8,008.85","8,173.00","8,276.60","8,021.00","8,076.10","8,070.95","8,142.77",570989,4649432280.65,53255,109932.0,19.25
2019-10-24,BAJAJFINSV,EQ,"8,070.95","8,129.95","8,200.00","8,035.00","8,085.00","8,091.00","8,127.75",336515,2735110371.35,33640,78361.0,23.29
2019-10-25,BAJAJFINSV,EQ,"8,091.00","8,141.00","8,160.00","7,852.00","7,978.00","7,972.15","8,011.76",354844,2842925239.5,40102,67233.0,18.95
2019-10-27,BAJAJFINSV,EQ,"7,972.15","7,980.00","8,085.45","7,954.35","8,016.15","8,001.50","8,015.01",41755,334666929.0,5011,12162.0,29.13
2019-10-29,BAJAJFINSV,EQ,"8,001.50","8,113.00","8,174.35","8,013.00","8,150.00","8,150.90","8,119.33",389923,3165913832.95,52616,186241.0,47.76
2019-10-30,BAJAJFINSV,EQ,"8,150.90","8,196.85","8,199.05","8,061.25","8,086.00","8,082.40","8,120.49",226406,1838527354.95,26805,71612.0,31.63
2019-10-31,BAJAJFINSV,EQ,"8,082.40","8,120.00","8,241.95","8,100.00","8,130.00","8,134.35","8,179.30",423287,3462192262.05,36910,175782.0,41.53
2019-11-01,BAJAJFINSV,EQ,"8,134.35","8,168.00","8,429.00","8,110.50","8,394.85","8,384.75","8,347.47",656439,5479608035.7,56137,248572.0,37.87
2019-11-04,BAJAJFINSV,EQ,"8,384.75","8,480.00","8,750.00","8,450.25","8,745.00","8,706.60","8,636.20",552812,4774197680.95,47326,129957.0,23.51
2019-11-05,BAJAJFINSV,EQ,"8,706.60","8,800.00","8,887.75","8,655.40","8,839.90","8,845.75","8,776.22",598420,5251865872.85,66393,141179.0,23.59
2019-11-06,BAJAJFINSV,EQ,"8,845.75","8,800.00","8,875.00","8,721.05","8,735.30","8,772.85","8,787.72",320303,2814732297.65,35973,63525.0,19.83
2019-11-07,BAJAJFINSV,EQ,"8,772.85","8,798.00","8,859.70","8,762.05","8,827.40","8,832.90","8,815.72",213383,1881124433.9,26266,46514.0,21.8
2019-11-08,BAJAJFINSV,EQ,"8,832.90","8,795.00","8,950.00","8,750.00","8,812.00","8,818.85","8,853.34",294904,2610886065.6,34977,52673.0,17.86
2019-11-11,BAJAJFINSV,EQ,"8,818.85","8,799.00","8,925.00","8,775.00","8,925.00","8,903.30","8,862.60",174978,1550759984.3,21337,37131.0,21.22
2019-11-13,BAJAJFINSV,EQ,"8,903.30","8,888.00","9,027.00","8,855.55","8,970.00","8,978.35","8,956.21",360673,3230263998.3,37151,117054.0,32.45
2019-11-14,BAJAJFINSV,EQ,"8,978.35","8,979.95","9,091.00","8,900.00","9,090.00","9,061.85","9,014.63",348634,3142804903.25,55135,104816.0,30.06
2019-11-15,BAJAJFINSV,EQ,"9,061.85","9,070.20","9,140.00","9,033.60","9,057.90","9,057.85","9,095.92",295919,2691655506.45,29859,91036.0,30.76
2019-11-18,BAJAJFINSV,EQ,"9,057.85","9,065.50","9,126.00","9,015.45","9,099.50","9,104.25","9,077.84",211760,1922322350.1,24040,46616.0,22.01
2019-11-19,BAJAJFINSV,EQ,"9,104.25","9,070.00","9,189.00","9,066.30","9,163.00","9,152.80","9,147.14",237653,2173844961.95,26363,67305.0,28.32
2019-11-20,BAJAJFINSV,EQ,"9,152.80","9,135.00","9,185.00","9,060.00","9,074.55","9,079.25","9,133.13",243993,2228420208.5,24747,82635.0,33.87
2019-11-21,BAJAJFINSV,EQ,"9,079.25","9,085.00","9,117.00","9,032.00","9,050.00","9,055.10","9,079.38",173328,1573710174.8,18910,34661.0,20.0
2019-11-22,BAJAJFINSV,EQ,"9,055.10","9,059.80","9,080.00","8,981.00","9,074.00","9,039.30","9,025.26",155772,1405883499.3,15923,29176.0,18.73
2019-11-25,BAJAJFINSV,EQ,"9,039.30","9,051.00","9,220.00","9,015.20","9,190.00","9,175.00","9,106.62",148437,1351759224.35,16287,38060.0,25.64
2019-11-26,BAJAJFINSV,EQ,"9,175.00","9,170.00","9,215.00","9,089.60","9,121.35","9,121.30","9,149.88",295094,2700075598.1,34027,159844.0,54.17
2019-11-27,BAJAJFINSV,EQ,"9,121.30","9,141.00","9,260.30","9,121.30","9,255.20","9,228.45","9,188.39",147351,1353919027.7,22220,43155.0,29.29
2019-11-28,BAJAJFINSV,EQ,"9,228.45","9,254.50","9,284.75","9,190.05","9,240.20","9,240.10","9,228.39",164635,1519316478.35,19853,29566.0,17.96
2019-11-29,BAJAJFINSV,EQ,"9,240.10","9,230.00","9,235.80","9,095.30","9,118.90","9,110.25","9,155.10",148877,1362983957.95,21054,38263.0,25.7
2019-12-02,BAJAJFINSV,EQ,"9,110.25","9,110.00","9,110.00","8,900.00","8,995.20","8,948.30","8,952.38",320750,2871475817.65,33145,101839.0,31.75
2019-12-03,BAJAJFINSV,EQ,"8,948.30","8,975.00","9,127.30","8,926.50","9,100.00","9,089.75","9,020.96",180880,1631711031.25,24835,40399.0,22.33
2019-12-04,BAJAJFINSV,EQ,"9,089.75","9,068.90","9,088.00","8,955.05","8,993.00","9,030.25","9,008.40",216459,1949948445.3,22715,72331.0,33.42
2019-12-05,BAJAJFINSV,EQ,"9,030.25","9,015.00","9,030.25","8,935.05","8,955.00","8,965.50","8,984.16",119246,1071324942.3,14665,28318.0,23.75
2019-12-06,BAJAJFINSV,EQ,"8,965.50","9,012.00","9,035.50","8,824.25","8,860.00","8,853.10","8,917.32",167027,1489432858.35,17509,38007.0,22.76
2019-12-09,BAJAJFINSV,EQ,"8,853.10","8,896.70","8,994.75","8,821.05","8,921.00","8,929.00","8,926.11",149833,1337425553.8,20760,33190.0,22.15
2019-12-10,BAJAJFINSV,EQ,"8,929.00","8,910.00","8,993.00","8,879.00","8,935.00","8,927.20","8,942.20",143935,1287095380.15,18476,39232.0,27.26
2019-12-11,BAJAJFINSV,EQ,"8,927.20","8,950.00","9,100.00","8,935.05","9,095.00","9,079.10","9,045.19",225881,2043136520.2,28926,67720.0,29.98
2019-12-12,BAJAJFINSV,EQ,"9,079.10","9,100.00","9,184.00","9,081.20","9,170.00","9,169.25","9,145.41",191985,1755780798.85,21988,40806.0,21.25
2019-12-13,BAJAJFINSV,EQ,"9,169.25","9,200.00","9,274.90","9,142.15","9,217.30","9,210.30","9,215.56",215357,1984636206.8,25579,58116.0,26.99
2019-12-16,BAJAJFINSV,EQ,"9,210.30","9,250.00","9,300.00","9,150.00","9,281.80","9,288.10","9,268.71",197075,1826630879.65,26216,64306.0,32.63
2019-12-17,BAJAJFINSV,EQ,"9,288.10","9,281.80","9,389.80","9,261.40","9,382.95","9,361.75","9,333.11",220998,2062599000.95,31676,72311.0,32.72
2019-12-18,BAJAJFINSV,EQ,"9,361.75","9,365.00","9,421.00","9,326.65","9,360.00","9,362.60","9,373.35",228424,2141097707.55,25026,65968.0,28.88
2019-12-19,BAJAJFINSV,EQ,"9,362.60","9,350.00","9,358.80","9,256.60","9,290.00","9,270.75","9,306.67",135843,1264245789.1,19830,30819.0,22.69
2019-12-20,BAJAJFINSV,EQ,"9,270.75","9,290.00","9,333.00","9,260.00","9,282.00","9,280.05","9,291.74",167670,1557945996.05,26435,65391.0,39.0
2019-12-23,BAJAJFINSV,EQ,"9,280.05","9,281.75","9,370.00","9,260.75","9,290.00","9,304.05","9,318.34",169704,1581359103.05,23274,33709.0,19.86
2019-12-24,BAJAJFINSV,EQ,"9,304.05","9,290.05","9,327.90","9,252.30","9,302.10","9,294.85","9,300.11",100160,931499124.8,10822,19951.0,19.92
2019-12-26,BAJAJFINSV,EQ,"9,294.85","9,325.00","9,392.00","9,290.00","9,347.90","9,350.10","9,353.31",165007,1543360810.45,17511,26427.0,16.02
2019-12-27,BAJAJFINSV,EQ,"9,350.10","9,360.00","9,465.00","9,348.05","9,440.00","9,443.15","9,410.36",133407,1255407949.15,15206,25342.0,19.0
2019-12-30,BAJAJFINSV,EQ,"9,443.15","9,444.00","9,482.00","9,402.55","9,423.80","9,439.20","9,441.31",124965,1179833567.45,12641,27362.0,21.9
2019-12-31,BAJAJFINSV,EQ,"9,439.20","9,422.40","9,444.95","9,379.00","9,420.00","9,393.35","9,415.62",116732,1099103881.95,11628,33658.0,28.83
2020-01-01,BAJAJFINSV,EQ,"9,393.35","9,420.00","9,432.45","9,351.95","9,371.35","9,378.45","9,386.28",63668,597605431.1,7532,9700.0,15.24
2020-01-02,BAJAJFINSV,EQ,"9,378.45","9,378.50","9,530.95","9,378.45","9,525.00","9,505.60","9,474.82",157891,1495989408.15,13307,65379.0,41.41
2020-01-03,BAJAJFINSV,EQ,"9,505.60","9,465.00","9,504.60","9,324.00","9,352.00","9,345.85","9,395.24",182479,1714433092.95,21847,43650.0,23.92
2020-01-06,BAJAJFINSV,EQ,"9,345.85","9,339.00","9,339.00","9,022.00","9,029.00","9,042.70","9,118.93",244289,2227654498.6,29396,66207.0,27.1
2020-01-07,BAJAJFINSV,EQ,"9,042.70","9,125.00","9,265.00","9,065.05","9,080.00","9,095.65","9,141.52",242676,2218427376.3,23159,26715.0,11.01
2020-01-08,BAJAJFINSV,EQ,"9,095.65","8,971.00","9,166.85","8,961.60","9,144.00","9,145.50","9,092.38",269718,2452378749.35,24581,26407.0,9.79
2020-01-09,BAJAJFINSV,EQ,"9,145.50","9,499.90","9,499.90","9,209.00","9,375.10","9,395.25","9,339.60",214197,2000515204.25,26850,42599.0,19.89
2020-01-10,BAJAJFINSV,EQ,"9,395.25","9,375.15","9,434.85","9,338.30","9,362.00","9,372.25","9,386.14",139393,1308362223.15,16472,24298.0,17.43
2020-01-13,BAJAJFINSV,EQ,"9,372.25","9,399.80","9,468.00","9,365.00","9,462.00","9,455.25","9,429.84",150713,1421200133.5,19247,56707.0,37.63
2020-01-14,BAJAJFINSV,EQ,"9,455.25","9,446.00","9,579.80","9,405.30","9,574.00","9,554.85","9,505.83",162899,1548489671.9,18883,55995.0,34.37
2020-01-15,BAJAJFINSV,EQ,"9,554.85","9,539.85","9,619.00","9,501.60","9,586.00","9,589.15","9,574.05",137230,1313847500.05,16401,29095.0,21.2
2020-01-16,BAJAJFINSV,EQ,"9,589.15","9,590.00","9,640.00","9,565.05","9,635.00","9,622.15","9,606.07",135782,1304331085.8,16182,45561.0,33.55
2020-01-17,BAJAJFINSV,EQ,"9,622.15","9,614.00","9,740.30","9,601.00","9,725.00","9,715.00","9,678.16",284129,2749845254.7,24884,169199.0,59.55
2020-01-20,BAJAJFINSV,EQ,"9,715.00","9,725.00","9,764.35","9,550.00","9,594.00","9,572.75","9,662.79",184198,1779865725.4,19202,71885.0,39.03
2020-01-21,BAJAJFINSV,EQ,"9,572.75","9,583.95","9,625.00","9,508.20","9,572.45","9,534.30","9,571.81",174507,1670347638.0,22520,54486.0,31.22
2020-01-22,BAJAJFINSV,EQ,"9,534.30","9,590.00","9,600.00","9,495.00","9,545.00","9,547.50","9,554.71",139525,1333120746.2,12824,61731.0,44.24
2020-01-23,BAJAJFINSV,EQ,"9,547.50","9,547.50","9,596.00","9,484.15","9,509.40","9,534.20","9,543.09",181280,1729972042.1,15995,54561.0,30.1
2020-01-24,BAJAJFINSV,EQ,"9,534.20","9,519.20","9,650.00","9,480.10","9,628.90","9,633.75","9,586.40",123978,1188502944.3,14622,32224.0,25.99
2020-01-27,BAJAJFINSV,EQ,"9,633.75","9,590.00","9,648.90","9,535.00","9,550.45","9,557.60","9,597.49",113128,1085744626.45,18052,29555.0,26.13
2020-01-28,BAJAJFINSV,EQ,"9,557.60","9,557.60","9,710.00","9,530.00","9,646.00","9,631.30","9,632.53",190469,1834697646.0,27397,57685.0,30.29
2020-01-29,BAJAJFINSV,EQ,"9,631.30","9,649.00","9,929.00","9,649.00","9,924.00","9,894.25","9,807.54",501913,4922531177.4,64178,144258.0,28.74
2020-01-30,BAJAJFINSV,EQ,"9,894.25","9,924.00","9,950.00","9,603.35","9,621.65","9,639.65","9,734.08",412825,4018470103.2,48856,84320.0,20.43
2020-01-31,BAJAJFINSV,EQ,"9,639.65","9,708.00","9,708.00","9,410.00","9,465.00","9,441.40","9,529.80",329541,3140461200.9,38729,89602.0,27.19
2020-02-01,BAJAJFINSV,EQ,"9,441.40","9,442.55","9,614.00","8,820.00","8,950.00","8,947.40","9,162.15",714893,6549959231.7,78300,218737.0,30.6
2020-02-03,BAJAJFINSV,EQ,"8,947.40","8,955.00","9,235.00","8,885.00","9,105.00","9,086.15","9,077.24",502551,4561775748.0,56745,143938.0,28.64
2020-02-04,BAJAJFINSV,EQ,"9,086.15","9,180.00","9,624.90","9,161.30","9,535.00","9,534.90","9,424.64",463697,4370177959.95,53019,90796.0,19.58
2020-02-05,BAJAJFINSV,EQ,"9,534.90","9,540.00","9,684.00","9,457.70","9,580.00","9,591.40","9,592.44",324540,3113131504.7,41358,63124.0,19.45
2020-02-06,BAJAJFINSV,EQ,"9,591.40","9,600.00","9,709.00","9,560.00","9,610.00","9,619.70","9,630.15",271343,2613073978.35,32993,53879.0,19.86
2020-02-07,BAJAJFINSV,EQ,"9,619.70","9,610.00","9,673.65","9,561.05","9,605.00","9,623.30","9,625.84",142626,1372895749.75,24400,29861.0,20.94
2020-02-10,BAJAJFINSV,EQ,"9,623.30","9,605.00","9,657.95","9,531.00","9,644.00","9,627.00","9,607.79",143528,1378986182.45,20391,18017.0,12.55
2020-02-11,BAJAJFINSV,EQ,"9,627.00","9,643.50","9,810.00","9,643.50","9,716.10","9,731.60","9,755.90",195579,1908048464.0,20192,38005.0,19.43
2020-02-12,BAJAJFINSV,EQ,"9,731.60","9,738.00","9,840.95","9,685.25","9,775.00","9,771.85","9,774.01",188528,1842674169.95,22377,39191.0,20.79
2020-02-13,BAJAJFINSV,EQ,"9,771.85","9,758.00","9,795.00","9,689.00","9,713.20","9,717.20","9,732.92",136630,1329808471.9,17452,32376.0,23.7
2020-02-14,BAJAJFINSV,EQ,"9,717.20","9,735.00","9,795.00","9,653.05","9,673.00","9,690.50","9,745.75",139237,1356968845.35,18186,40480.0,29.07
2020-02-17,BAJAJFINSV,EQ,"9,690.50","9,699.80","9,785.25","9,514.55","9,530.00","9,528.85","9,578.90",175401,1680147992.05,23128,44837.0,25.56
2020-02-18,BAJAJFINSV,EQ,"9,528.85","9,527.00","9,564.95","9,416.00","9,550.00","9,529.50","9,499.65",266384,2530554449.5,27598,109337.0,41.04
2020-02-19,BAJAJFINSV,EQ,"9,529.50","9,580.00","9,780.00","9,580.00","9,761.00","9,758.65","9,709.25",221132,2147026326.3,30144,43359.0,19.61
2020-02-20,BAJAJFINSV,EQ,"9,758.65","9,758.00","9,827.55","9,693.75","9,715.00","9,709.70","9,760.96",167020,1630275528.9,22679,40840.0,24.45
2020-02-24,BAJAJFINSV,EQ,"9,709.70","9,680.00","9,680.00","9,448.30","9,475.00","9,466.90","9,522.12",199329,1898034341.6,25476,44975.0,22.56
2020-02-25,BAJAJFINSV,EQ,"9,466.90","9,500.00","9,550.00","9,351.10","9,520.00","9,525.00","9,475.20",222018,2103665630.65,32241,50343.0,22.68
2020-02-26,BAJAJFINSV,EQ,"9,525.00","9,455.00","9,494.90","9,360.00","9,377.00","9,387.00","9,430.54",175517,1655220328.25,24442,47448.0,27.03
2020-02-27,BAJAJFINSV,EQ,"9,387.00","9,385.00","9,494.70","9,266.80","9,450.00","9,408.00","9,351.31",207583,1941173203.55,38429,51164.0,24.65
2020-02-28,BAJAJFINSV,EQ,"9,408.00","9,270.50","9,286.55","8,825.05","9,100.00","9,050.75","9,068.63",537852,4877580648.05,59749,131801.0,24.51
2020-03-02,BAJAJFINSV,EQ,"9,050.75","9,300.00","9,300.00","8,808.00","8,919.00","8,914.50","9,126.35",309031,2820324986.9,40005,72889.0,23.59
2020-03-03,BAJAJFINSV,EQ,"8,914.50","9,000.00","9,116.65","8,680.00","8,993.00","8,963.65","8,890.70",550729,4896366229.35,77414,128136.0,23.27
2020-03-04,BAJAJFINSV,EQ,"8,963.65","9,000.00","9,066.60","8,593.25","8,777.20","8,799.70","8,849.42",440251,3895966775.1,59129,107006.0,24.31
2020-03-05,BAJAJFINSV,EQ,"8,799.70","8,870.00","8,970.00","8,761.05","8,870.00","8,879.90","8,890.73",319853,2843725444.85,41053,67254.0,21.03
2020-03-06,BAJAJFINSV,EQ,"8,879.90","8,570.00","8,625.00","8,400.00","8,600.00","8,603.20","8,531.18",408699,3486683303.05,65219,108991.0,26.67
2020-03-09,BAJAJFINSV,EQ,"8,603.20","8,439.00","8,450.00","8,160.00","8,180.00","8,207.10","8,287.05",370508,3070418261.3,55462,99201.0,26.77
2020-03-11,BAJAJFINSV,EQ,"8,207.10","8,180.00","8,397.10","8,128.05","8,265.00","8,254.00","8,266.58",372353,3078085849.3,52083,89509.0,24.04
2020-03-12,BAJAJFINSV,EQ,"8,254.00","7,900.00","7,981.95","7,400.00","7,405.10","7,438.05","7,605.90",619201,4709579011.3,84233,194560.0,31.42
2020-03-13,BAJAJFINSV,EQ,"7,438.05","6,800.00","7,883.90","6,524.25","7,728.00","7,742.00","7,439.52",595673,4431519150.3,89840,168589.0,28.30
2020-03-16,BAJAJFINSV,EQ,"7,742.00","7,450.00","7,566.50","7,200.00","7,501.00","7,495.60","7,373.42",562246,4145676676.45,60737,245165.0,43.60
2020-03-17,BAJAJFINSV,EQ,"7,495.60","7,501.00","7,521.95","6,956.80","7,017.55","7,017.50","7,225.96",447612,3234426475.8,63673,140665.0,31.43
2020-03-18,BAJAJFINSV,EQ,"7,017.50","7,150.00","7,200.00","6,257.40","6,314.95","6,310.20","6,592.50",645498,4255444849.15,87028,209415.0,32.44
2020-03-19,BAJAJFINSV,EQ,"6,310.20","5,865.00","6,205.85","5,442.65","5,842.00","5,785.50","5,804.79",816638,4740409080.25,114537,261586.0,32.03
2020-03-20,BAJAJFINSV,EQ,"5,785.50","5,725.20","6,391.95","5,700.00","6,240.00","6,233.05","6,004.17",657470,3947562615.9,97177,173668.0,26.41
2020-03-23,BAJAJFINSV,EQ,"6,233.05","5,640.00","5,890.40","4,449.00","4,520.00","4,621.05","4,971.12",688028,3420271248.4,120916,275402.0,40.03
2020-03-24,BAJAJFINSV,EQ,"4,621.05","4,900.00","5,080.00","4,160.25","4,600.00","4,497.75","4,551.60",1558786,7094970924.25,209363,352137.0,22.59
2020-03-25,BAJAJFINSV,EQ,"4,497.75","4,450.00","4,920.00","4,400.05","4,902.00","4,830.30","4,698.82",797273,3746241047.45,135939,177677.0,22.29
2020-03-26,BAJAJFINSV,EQ,"4,830.30","4,975.00","5,554.80","4,825.20","5,135.00","5,147.25","5,175.19",1019124,5274161874.75,150906,210209.0,20.63
2020-03-27,BAJAJFINSV,EQ,"5,147.25","5,477.00","5,660.00","4,675.00","5,025.00","4,890.60","5,126.70",1291819,6622773281.15,200043,219344.0,16.98
2020-03-30,BAJAJFINSV,EQ,"4,890.60","4,700.00","4,779.60","4,555.00","4,640.00","4,661.15","4,677.54",750912,3512417674.65,115533,173896.0,23.16
2020-03-31,BAJAJFINSV,EQ,"4,661.15","4,810.00","4,879.55","4,430.00","4,600.00","4,591.20","4,562.22",1156179,5274737401.25,201921,290947.0,25.16
2020-04-01,BAJAJFINSV,EQ,"4,591.20","4,560.00","4,667.70","4,460.00","4,491.00","4,501.90","4,561.23",757772,3456370944.6,122754,182882.0,24.13
2020-04-03,BAJAJFINSV,EQ,"4,501.90","4,560.00","4,646.00","4,430.00","4,520.05","4,510.75","4,537.22",722316,3277305847.1,138917,201065.0,27.84
2020-04-07,BAJAJFINSV,EQ,"4,510.75","4,620.00","4,818.80","4,329.05","4,771.95","4,724.90","4,495.38",1130738,5083092581.65,201918,251431.0,22.24
2020-04-08,BAJAJFINSV,EQ,"4,724.90","4,575.00","4,950.00","4,537.80","4,604.00","4,608.50","4,725.27",1113057,5259493341.55,158158,232316.0,20.87
2020-04-09,BAJAJFINSV,EQ,"4,608.50","4,705.00","4,848.00","4,662.00","4,824.00","4,820.25","4,769.64",864222,4122031291.15,89906,211498.0,24.47
2020-04-13,BAJAJFINSV,EQ,"4,820.25","4,844.00","4,844.00","4,469.35","4,490.00","4,491.40","4,584.49",891709,4088031100.6,110561,,-
2020-04-15,BAJAJFINSV,EQ,"4,491.40","4,551.00","4,664.25","4,480.00","4,606.00","4,599.10","4,580.93",983071,4503380664.35,100747,256334.0,26.07
2020-04-16,BAJAJFINSV,EQ,"4,599.10","4,570.00","4,760.00","4,508.80","4,760.00","4,699.60","4,659.91",747354,3482600293.4,72162,148453.0,19.86
2020-04-17,BAJAJFINSV,EQ,"4,699.60","4,876.00","5,136.00","4,855.05","5,011.20","4,999.70","4,976.61",1352223,6729484311.25,154029,191143.0,14.14
2020-04-20,BAJAJFINSV,EQ,"4,999.70","5,085.80","5,090.00","4,720.45","4,869.40","4,882.25","4,979.51",903157,4497280587.75,84654,180501.0,19.99
2020-04-21,BAJAJFINSV,EQ,"4,882.25","4,749.00","4,749.00","4,575.00","4,595.00","4,595.05","4,645.76",670944,3117046423.4,70720,175166.0,26.11
2020-04-22,BAJAJFINSV,EQ,"4,595.05","4,585.00","4,815.65","4,485.00","4,747.00","4,775.75","4,639.06",792158,3674867302.65,91090,110991.0,14.01
2020-04-23,BAJAJFINSV,EQ,"4,775.75","4,800.00","4,858.00","4,705.05","4,716.95","4,729.60","4,783.66",691838,3309519247.65,72982,111724.0,16.15
2020-04-24,BAJAJFINSV,EQ,"4,729.60","4,675.00","4,675.00","4,365.00","4,410.00","4,389.80","4,479.98",1022043,4578733515.2,130334,331038.0,32.39
2020-04-27,BAJAJFINSV,EQ,"4,389.80","4,430.20","4,670.00","4,288.00","4,661.60","4,617.50","4,516.10",1133888,5120750800.8,121200,208511.0,18.39
2020-04-28,BAJAJFINSV,EQ,"4,617.50","4,691.00","4,910.00","4,581.15","4,865.05","4,861.80","4,725.51",1520428,7184798493.55,146633,301074.0,19.80
2020-04-29,BAJAJFINSV,EQ,"4,861.80","4,865.10","5,070.00","4,822.40","4,975.00","4,998.65","4,991.02",1523528,7603951670.7,152300,212598.0,13.95
2020-04-30,BAJAJFINSV,EQ,"4,998.65","5,108.00","5,175.00","5,050.85","5,090.00","5,104.35","5,124.60",1064409,5454672399.6,144356,284294.0,26.71
2020-05-04,BAJAJFINSV,EQ,"5,104.35","4,922.00","4,939.90","4,720.00","4,799.95","4,762.35","4,785.83",810709,3879918456.65,80041,294334.0,36.31
2020-05-05,BAJAJFINSV,EQ,"4,762.35","4,890.00","4,920.00","4,610.00","4,630.00","4,629.20","4,730.60",815889,3859642546.55,86255,121923.0,14.94
2020-05-06,BAJAJFINSV,EQ,"4,629.20","4,647.00","4,789.80","4,542.00","4,700.00","4,692.90","4,686.62",1262830,5918399378.5,124056,238271.0,18.87
2020-05-07,BAJAJFINSV,EQ,"4,692.90","4,678.00","4,796.00","4,640.00","4,684.70","4,673.40","4,719.34",645431,3046006115.1,62555,124942.0,19.36
2020-05-08,BAJAJFINSV,EQ,"4,673.40","4,768.00","4,778.40","4,577.35","4,609.00","4,601.00","4,690.77",488587,2291848182.95,52366,83089.0,17.01
2020-05-11,BAJAJFINSV,EQ,"4,601.00","4,687.30","4,717.70","4,540.10","4,565.00","4,558.00","4,619.73",585230,2703604053.5,63198,123420.0,21.09
2020-05-12,BAJAJFINSV,EQ,"4,558.00","4,528.00","4,715.80","4,455.50","4,709.00","4,668.20","4,595.52",1018893,4682338827.05,101764,239001.0,23.46
2020-05-13,BAJAJFINSV,EQ,"4,668.20","4,948.00","5,050.00","4,778.10","4,809.95","4,816.40","4,839.84",698755,3381860384.2,62287,133752.0,19.14
2020-05-14,BAJAJFINSV,EQ,"4,816.40","4,770.00","4,937.85","4,720.00","4,785.00","4,790.25","4,844.37",792868,3840946196.25,68794,148777.0,18.76
2020-05-15,BAJAJFINSV,EQ,"4,790.25","4,792.00","4,833.65","4,701.00","4,710.00","4,723.25","4,745.19",395124,1874937738.6,36714,49217.0,12.46
2020-05-18,BAJAJFINSV,EQ,"4,723.25","4,724.60","4,739.05","4,451.00","4,465.50","4,465.45","4,527.04",646942,2928735493.45,67302,140779.0,21.76
2020-05-19,BAJAJFINSV,EQ,"4,465.45","4,520.00","4,595.00","4,433.25","4,556.10","4,535.45","4,522.24",574151,2596446701.9,51508,60242.0,10.49
2020-05-20,BAJAJFINSV,EQ,"4,535.45","4,548.00","4,739.85","4,521.45","4,720.00","4,702.05","4,625.62",582885,2696204815.35,59208,94064.0,16.14
2020-05-21,BAJAJFINSV,EQ,"4,702.05","4,725.00","4,742.70","4,515.00","4,532.60","4,539.20","4,635.57",1092621,5064920594.7,121873,196752.0,18.01
2020-05-22,BAJAJFINSV,EQ,"4,539.20","4,509.10","4,578.45","4,087.00","4,330.00","4,315.55","4,299.75",2725018,11716896915.0,256385,486592.0,17.86
2020-05-26,BAJAJFINSV,EQ,"4,315.55","4,360.00","4,400.00","4,051.80","4,095.20","4,097.25","4,189.02",1575820,6601142361.2,165078,411544.0,26.12
2020-05-27,BAJAJFINSV,EQ,"4,097.25","4,100.00","4,276.95","3,985.30","4,250.00","4,258.05","4,144.52",2498693,10355870644.7,193792,420201.0,16.82
2020-05-28,BAJAJFINSV,EQ,"4,258.05","4,250.00","4,325.00","4,211.85","4,280.00","4,285.95","4,276.94",1247257,5334449319.6,109551,222025.0,17.80
2020-05-29,BAJAJFINSV,EQ,"4,285.95","4,240.00","4,428.95","4,201.50","4,392.55","4,404.90","4,372.54",1394430,6097200480.55,101394,364969.0,26.17
2020-06-01,BAJAJFINSV,EQ,"4,404.90","4,500.00","4,845.35","4,476.75","4,749.95","4,763.20","4,736.65",2110631,9997329758.25,221952,345076.0,16.35
2020-06-02,BAJAJFINSV,EQ,"4,763.20","4,793.95","5,238.00","4,742.65","5,216.00","5,184.70","5,011.28",2693375,13497261992.25,293610,408098.0,15.15
2020-06-03,BAJAJFINSV,EQ,"5,184.70","5,344.00","5,529.80","5,217.10","5,290.00","5,286.05","5,404.01",2412624,13037846414.45,221489,398955.0,16.54
2020-06-04,BAJAJFINSV,EQ,"5,286.05","5,289.00","5,335.95","5,068.00","5,162.00","5,136.80","5,169.15",1994489,10309815411.55,174438,158901.0,7.97
2020-06-05,BAJAJFINSV,EQ,"5,136.80","5,162.00","5,285.00","5,096.25","5,262.00","5,236.40","5,202.97",1513932,7876944959.75,119110,114716.0,7.58
2020-06-08,BAJAJFINSV,EQ,"5,236.40","5,360.00","5,495.00","5,360.00","5,458.00","5,440.95","5,439.24",1396631,7596614815.9,140849,303428.0,21.73
2020-06-09,BAJAJFINSV,EQ,"5,440.95","5,500.00","5,523.95","5,250.05","5,287.00","5,310.80","5,379.89",1163434,6259149190.7,91683,107538.0,9.24
2020-06-10,BAJAJFINSV,EQ,"5,310.80","5,310.80","5,344.00","5,160.00","5,248.70","5,223.00","5,225.69",1162257,6073598898.75,94709,161409.0,13.89
2020-06-11,BAJAJFINSV,EQ,"5,223.00","5,200.00","5,285.00","5,130.00","5,153.00","5,158.00","5,195.89",1057333,5493784465.55,104890,110494.0,10.45
2020-06-12,BAJAJFINSV,EQ,"5,158.00","4,900.00","5,339.00","4,900.00","5,265.00","5,285.95","5,112.73",1655263,8462915772.15,134219,176580.0,10.67
2020-06-15,BAJAJFINSV,EQ,"5,285.95","5,281.00","5,281.00","5,076.60","5,108.00","5,103.60","5,145.27",1023491,5266135569.45,84585,115204.0,11.26
2020-06-16,BAJAJFINSV,EQ,"5,103.60","5,250.00","5,270.00","4,980.70","5,115.00","5,128.30","5,127.51",1169103,5994581557.85,100523,133486.0,11.42
2020-06-17,BAJAJFINSV,EQ,"5,128.30","5,036.00","5,130.00","5,007.90","5,040.00","5,036.95","5,075.50",1049874,5328631315.85,96754,154012.0,14.67
2020-06-18,BAJAJFINSV,EQ,"5,036.95","5,036.95","5,499.00","5,021.55","5,450.75","5,427.55","5,281.99",1806208,9540374217.25,136911,377139.0,20.88
2020-06-19,BAJAJFINSV,EQ,"5,427.55","5,450.00","5,970.30","5,443.80","5,925.00","5,899.80","5,699.38",3595572,20492522586.9,270280,875036.0,24.34
2020-06-22,BAJAJFINSV,EQ,"5,899.80","5,969.00","6,350.00","5,960.00","6,182.00","6,183.55","6,201.91",2514021,15591732171.65,216447,248504.0,9.88
2020-06-23,BAJAJFINSV,EQ,"6,183.55","6,275.00","6,382.00","6,090.80","6,359.95","6,319.65","6,251.04",1981286,12385091834.45,162423,182506.0,9.21
2020-06-24,BAJAJFINSV,EQ,"6,319.65","6,455.00","6,455.00","5,980.40","6,089.35","6,046.05","6,218.70",1886491,11731516967.9,168711,251577.0,13.34
2020-06-25,BAJAJFINSV,EQ,"6,046.05","5,966.00","6,125.00","5,920.25","6,012.25","6,021.15","6,015.36",1900316,11431094207.25,187003,334900.0,17.62
2020-06-26,BAJAJFINSV,EQ,"6,021.15","6,089.00","6,133.55","5,870.00","5,975.20","5,946.30","5,974.40",1067247,6376160386.05,96054,104109.0,9.75
2020-06-29,BAJAJFINSV,EQ,"5,946.30","5,832.00","5,937.30","5,751.30","5,888.00","5,890.20","5,828.56",1010274,5888440920.9,91907,139536.0,13.81
2020-06-30,BAJAJFINSV,EQ,"5,890.20","5,990.00","6,043.65","5,815.80","5,833.30","5,845.15","5,896.32",976674,5758783468.25,96510,71495.0,7.32
2020-07-01,BAJAJFINSV,EQ,"5,845.15","5,818.00","6,194.80","5,802.65","6,148.85","6,169.35","6,043.62",1724244,10420683097.1,164470,243632.0,14.13
2020-07-02,BAJAJFINSV,EQ,"6,169.35","6,199.95","6,267.00","6,112.65","6,190.00","6,188.80","6,201.22",1529252,9483233657.85,121562,271787.0,17.77
2020-07-03,BAJAJFINSV,EQ,"6,188.80","6,220.00","6,238.30","6,128.00","6,153.60","6,149.40","6,180.44",833077,5148782075.35,73464,72669.0,8.72
2020-07-06,BAJAJFINSV,EQ,"6,149.40","6,217.00","6,321.00","6,161.00","6,272.00","6,285.00","6,250.91",1220298,7627978436.5,115445,154851.0,12.69
2020-07-07,BAJAJFINSV,EQ,"6,285.00","6,323.00","6,629.70","6,275.05","6,565.95","6,589.60","6,460.25",2007354,12968003789.25,170777,254460.0,12.68
2020-07-08,BAJAJFINSV,EQ,"6,589.60","6,600.00","6,680.00","6,369.90","6,404.00","6,405.40","6,523.16",1400367,9134820399.05,152853,199672.0,14.26
2020-07-09,BAJAJFINSV,EQ,"6,405.40","6,430.50","6,638.00","6,375.00","6,582.00","6,569.20","6,551.80",1322799,8666715788.55,137081,124063.0,9.38
2020-07-10,BAJAJFINSV,EQ,"6,569.20","6,515.00","6,645.00","6,441.00","6,501.00","6,483.80","6,539.76",1220643,7982707733.35,123275,104192.0,8.54
2020-07-13,BAJAJFINSV,EQ,"6,483.80","6,574.00","6,592.40","6,400.00","6,499.35","6,461.45","6,473.20",810726,5247991171.1,75216,55087.0,6.79
2020-07-14,BAJAJFINSV,EQ,"6,461.45","6,460.00","6,460.00","6,211.00","6,227.00","6,243.45","6,270.08",1128715,7077129989.0,106026,199446.0,17.67
2020-07-15,BAJAJFINSV,EQ,"6,243.45","6,320.00","6,439.85","6,103.00","6,200.00","6,168.45","6,319.70",981394,6202111779.1,89178,74721.0,7.61
2020-07-16,BAJAJFINSV,EQ,"6,168.45","6,200.00","6,280.00","6,065.00","6,255.00","6,264.90","6,183.17",830422,5134643594.1,81220,102215.0,12.31
2020-07-17,BAJAJFINSV,EQ,"6,264.90","6,299.95","6,382.85","6,280.00","6,378.00","6,361.60","6,336.64",570041,3612147184.1,53941,57538.0,10.09
2020-07-20,BAJAJFINSV,EQ,"6,361.60","6,400.00","6,635.00","6,380.00","6,616.25","6,620.15","6,542.45",1221890,7994151275.6,103531,223452.0,18.29
2020-07-21,BAJAJFINSV,EQ,"6,620.15","6,688.80","6,710.00","6,338.45","6,387.05","6,384.35","6,512.10",1862522,12128929721.85,187230,250410.0,13.44
2020-07-22,BAJAJFINSV,EQ,"6,384.35","6,599.00","6,599.00","6,271.00","6,360.00","6,347.40","6,444.41",2158054,13907390389.5,193957,197592.0,9.16
2020-07-23,BAJAJFINSV,EQ,"6,347.40","6,369.95","6,454.95","6,313.15","6,394.90","6,381.35","6,389.52",924850,5909348962.95,83880,121274.0,13.11
2020-07-24,BAJAJFINSV,EQ,"6,381.35","6,307.95","6,355.00","6,225.00","6,268.00","6,270.30","6,284.63",874719,5497285637.95,80336,100835.0,11.53
2020-07-27,BAJAJFINSV,EQ,"6,270.30","6,279.00","6,315.05","6,135.80","6,179.00","6,173.20","6,182.36",656208,4056912839.7,59541,81378.0,12.4
2020-07-28,BAJAJFINSV,EQ,"6,173.20","6,175.00","6,387.35","6,174.00","6,324.05","6,342.80","6,295.37",837865,5274668383.3,75108,109464.0,13.06
2020-07-29,BAJAJFINSV,EQ,"6,342.80","6,324.10","6,425.00","6,292.55","6,319.90","6,328.60","6,369.16",764541,4869484840.95,70532,118561.0,15.51
2020-07-30,BAJAJFINSV,EQ,"6,328.60","6,377.25","6,421.00","6,160.00","6,185.00","6,177.60","6,255.66",610302,3817844755.4,60788,94661.0,15.51
2020-07-31,BAJAJFINSV,EQ,"6,177.60","6,220.00","6,305.00","6,120.00","6,213.00","6,205.90","6,223.03",749710,4665468757.2,67163,96935.0,12.93
2020-08-03,BAJAJFINSV,EQ,"6,205.90","6,223.00","6,223.00","6,060.00","6,105.25","6,103.15","6,131.65",509598,3124677731.15,50489,71791.0,14.09
2020-08-04,BAJAJFINSV,EQ,"6,103.15","6,160.10","6,228.00","6,071.90","6,170.70","6,162.00","6,163.39",616503,3799745958.95,57297,101922.0,16.53
2020-08-05,BAJAJFINSV,EQ,"6,162.00","6,225.00","6,345.00","6,188.40","6,245.00","6,242.05","6,275.12",695449,4364026858.55,63747,85419.0,12.28
2020-08-06,BAJAJFINSV,EQ,"6,242.05","6,279.95","6,370.00","6,242.00","6,299.95","6,295.70","6,303.03",626113,3946408899.15,57842,70465.0,11.25
2020-08-07,BAJAJFINSV,EQ,"6,295.70","6,285.00","6,500.00","6,250.00","6,470.00","6,467.15","6,420.56",825773,5301921356.9,94161,164291.0,19.9
2020-08-10,BAJAJFINSV,EQ,"6,467.15","6,509.95","6,570.00","6,367.00","6,404.00","6,402.80","6,468.65",605241,3915089937.95,62339,93108.0,15.38
2020-08-11,BAJAJFINSV,EQ,"6,402.80","6,450.00","6,496.00","6,391.00","6,441.00","6,440.35","6,443.33",430944,2776714472.65,39179,47951.0,11.13
2020-08-12,BAJAJFINSV,EQ,"6,440.35","6,400.00","6,400.00","6,315.10","6,363.70","6,357.20","6,361.99",385422,2452051470.55,37262,61480.0,15.95
2020-08-13,BAJAJFINSV,EQ,"6,357.20","6,400.00","6,432.00","6,324.10","6,355.00","6,350.00","6,376.07",390585,2490396207.8,34813,48746.0,12.48
2020-08-14,BAJAJFINSV,EQ,"6,350.00","6,390.00","6,400.00","6,190.00","6,253.00","6,246.70","6,299.90",421720,2656792602.75,45759,62750.0,14.88
2020-08-17,BAJAJFINSV,EQ,"6,246.70","6,300.00","6,319.10","6,201.00","6,280.00","6,269.10","6,251.67",435939,2725348148.55,42643,60346.0,13.84
2020-08-18,BAJAJFINSV,EQ,"6,269.10","6,290.00","6,375.00","6,242.00","6,344.90","6,343.05","6,318.99",457147,2888709494.4,38905,93726.0,20.5
2020-08-19,BAJAJFINSV,EQ,"6,343.05","6,375.00","6,425.00","6,283.00","6,308.00","6,299.05","6,363.36",493072,3137595651.3,40897,69364.0,14.07
2020-08-20,BAJAJFINSV,EQ,"6,299.05","6,255.00","6,314.00","6,231.05","6,305.00","6,289.45","6,276.70",314948,1976835382.15,27042,37102.0,11.78
2020-08-21,BAJAJFINSV,EQ,"6,289.45","6,346.10","6,366.00","6,260.05","6,285.00","6,282.40","6,320.41",303240,1916602332.35,24581,34420.0,11.35
2020-08-24,BAJAJFINSV,EQ,"6,282.40","6,313.85","6,454.85","6,294.20","6,408.55","6,400.45","6,389.71",586109,3745065336.3,44464,112659.0,19.22
2020-08-25,BAJAJFINSV,EQ,"6,400.45","6,439.95","6,522.00","6,401.00","6,519.70","6,502.60","6,470.44",748345,4842123266.0,63655,134846.0,18.02
2020-08-26,BAJAJFINSV,EQ,"6,502.60","6,535.00","6,700.00","6,520.75","6,550.00","6,564.40","6,618.47",1001348,6627392556.2,80649,143090.0,14.29
2020-08-27,BAJAJFINSV,EQ,"6,564.40","6,604.95","6,604.95","6,487.50","6,535.95","6,530.75","6,540.01",461882,3020713004.95,37535,60454.0,13.09
2020-08-28,BAJAJFINSV,EQ,"6,530.75","6,580.00","6,650.00","6,515.00","6,542.00","6,545.55","6,568.50",490168,3219667871.45,39129,60277.0,12.3
2020-08-31,BAJAJFINSV,EQ,"6,545.55","6,604.50","6,670.00","6,135.00","6,210.00","6,190.35","6,366.14",1179922,7511551587.6,96649,226666.0,19.21
2020-09-01,BAJAJFINSV,EQ,"6,190.35","6,250.00","6,396.75","6,146.55","6,356.05","6,359.60","6,291.31",807355,5079319818.45,66529,118657.0,14.7
2020-09-02,BAJAJFINSV,EQ,"6,359.60","6,367.00","6,415.00","6,255.00","6,360.30","6,365.05","6,333.48",443995,2812032021.7,36238,48159.0,10.85
2020-09-03,BAJAJFINSV,EQ,"6,365.05","6,390.00","6,455.00","6,300.00","6,370.00","6,355.55","6,382.20",394268,2516298196.15,36871,54441.0,13.81
2020-09-04,BAJAJFINSV,EQ,"6,355.55","6,250.00","6,422.95","6,201.00","6,301.60","6,277.20","6,308.02",544380,3433958274.6,45681,45704.0,8.4
2020-09-07,BAJAJFINSV,EQ,"6,277.20","6,324.00","6,349.25","6,212.00","6,263.85","6,263.65","6,280.59",498573,3131331001.45,43818,78383.0,15.72
2020-09-08,BAJAJFINSV,EQ,"6,263.65","6,299.00","6,330.00","6,212.05","6,225.00","6,234.25","6,280.63",391769,2460556754.0,37549,68683.0,17.53
2020-09-09,BAJAJFINSV,EQ,"6,234.25","6,208.80","6,220.00","5,981.60","6,054.00","6,026.80","6,047.13",929750,5622317999.8,84445,180245.0,19.39
2020-09-10,BAJAJFINSV,EQ,"6,026.80","6,079.00","6,192.00","6,042.85","6,135.00","6,129.25","6,126.56",531609,3256931956.95,47070,42196.0,7.94
2020-09-11,BAJAJFINSV,EQ,"6,129.25","6,128.55","6,174.60","6,080.00","6,118.00","6,128.40","6,119.23",465485,2848411707.85,38690,102039.0,21.92
2020-09-14,BAJAJFINSV,EQ,"6,128.40","6,158.00","6,194.00","6,091.00","6,107.40","6,112.15","6,137.97",416142,2554266986.9,37293,71086.0,17.08
2020-09-15,BAJAJFINSV,EQ,"6,112.15","6,130.00","6,159.00","6,027.45","6,118.85","6,115.55","6,098.02",492987,3006246592.6,42672,120461.0,24.43
2020-09-16,BAJAJFINSV,EQ,"6,115.55","6,141.60","6,239.95","6,101.15","6,146.90","6,145.95","6,160.09",403278,2484227925.2,37145,63794.0,15.82
2020-09-17,BAJAJFINSV,EQ,"6,145.95","6,118.90","6,123.65","5,990.10","6,010.75","6,007.00","6,038.43",519253,3135471805.15,47452,119764.0,23.06
2020-09-18,BAJAJFINSV,EQ,"6,007.00","6,040.05","6,060.00","5,862.45","5,896.00","5,888.45","5,929.75",856383,5078137714.6,83061,233897.0,27.31
2020-09-21,BAJAJFINSV,EQ,"5,888.45","5,896.00","5,909.90","5,631.00","5,690.00","5,712.25","5,779.29",492137,2844204523.7,50310,76993.0,15.64
2020-09-22,BAJAJFINSV,EQ,"5,712.25","5,712.25","5,756.00","5,545.00","5,670.00","5,682.30","5,658.79",645230,3651218566.5,54546,93840.0,14.54
2020-09-23,BAJAJFINSV,EQ,"5,682.30","5,715.00","5,757.00","5,555.00","5,640.00","5,646.65","5,651.53",460124,2600404568.8,43886,83856.0,18.22
2020-09-24,BAJAJFINSV,EQ,"5,646.65","5,580.00","5,600.00","5,400.00","5,415.00","5,425.70","5,501.03",498778,2743794266.25,47088,96233.0,19.29
2020-09-25,BAJAJFINSV,EQ,"5,425.70","5,500.00","5,906.15","5,430.15","5,783.60","5,803.30","5,683.92",978396,5561123903.95,80709,161467.0,16.5
2020-09-28,BAJAJFINSV,EQ,"5,803.30","5,861.65","6,040.00","5,820.00","5,991.30","5,985.95","5,967.61",672201,4011430507.75,56567,63755.0,9.48
2020-09-29,BAJAJFINSV,EQ,"5,985.95","6,031.75","6,049.50","5,832.55","5,848.00","5,876.70","5,912.44",634635,3752238198.6,54646,40412.0,6.37
2020-09-30,BAJAJFINSV,EQ,"5,876.70","5,885.00","5,929.00","5,820.00","5,851.00","5,852.35","5,866.40",375600,2203421021.5,34577,28212.0,7.51
2020-10-01,BAJAJFINSV,EQ,"5,852.35","5,907.00","6,104.80","5,895.05","6,050.00","6,053.60","6,036.41",680757,4109327532.85,63319,110549.0,16.24
2020-10-05,BAJAJFINSV,EQ,"6,053.60","6,090.00","6,169.50","5,857.80","5,885.00","5,881.15","5,988.25",737911,4418793539.9,67910,112883.0,15.3
2020-10-06,BAJAJFINSV,EQ,"5,881.15","5,957.00","6,018.00","5,890.00","5,993.00","5,995.40","5,956.04",606115,3610044178.8,51228,92802.0,15.31
2020-10-07,BAJAJFINSV,EQ,"5,995.40","5,920.00","5,938.00","5,820.00","5,915.00","5,905.25","5,888.26",581228,3422420930.2,57659,84237.0,14.49
2020-10-08,BAJAJFINSV,EQ,"5,905.25","5,950.00","6,033.20","5,852.25","5,873.05","5,871.95","5,931.49",588982,3493538749.35,51229,110719.0,18.8
2020-10-09,BAJAJFINSV,EQ,"5,871.95","5,885.00","6,014.00","5,870.00","5,920.00","5,915.20","5,929.72",659334,3909664071.2,49048,94801.0,14.38
2020-10-12,BAJAJFINSV,EQ,"5,915.20","5,967.50","6,000.00","5,891.00","5,904.00","5,912.75","5,931.18",401483,2381269502.8,33964,65018.0,16.19
2020-10-13,BAJAJFINSV,EQ,"5,912.75","5,900.00","5,914.50","5,825.00","5,870.00","5,867.65","5,869.13",365642,2146001511.5,29323,51855.0,14.18
2020-10-14,BAJAJFINSV,EQ,"5,867.65","5,870.00","6,145.00","5,855.05","6,108.10","6,100.05","6,005.88",1029536,6183271211.45,83530,160668.0,15.61
2020-10-15,BAJAJFINSV,EQ,"6,100.05","6,125.00","6,168.00","5,880.10","5,895.00","5,899.05","6,022.27",781990,4709353074.2,72409,103504.0,13.24
2020-10-16,BAJAJFINSV,EQ,"5,899.05","5,939.70","5,980.00","5,866.00","5,959.00","5,952.30","5,935.08",476247,2826565379.55,43286,31735.0,6.66
2020-10-19,BAJAJFINSV,EQ,"5,952.30","6,000.00","6,037.95","5,925.10","5,980.00","5,981.10","5,991.06",379685,2274713807.15,35829,60362.0,15.9
2020-10-20,BAJAJFINSV,EQ,"5,981.10","5,972.00","6,025.00","5,911.25","5,946.00","5,951.85","5,966.99",311122,1856462753.45,31809,34642.0,11.13
2020-10-21,BAJAJFINSV,EQ,"5,951.85","5,967.50","6,010.00","5,735.10","5,909.05","5,904.15","5,907.02",605561,3577060804.7,58946,80673.0,13.32
2020-10-22,BAJAJFINSV,EQ,"5,904.15","5,848.00","6,080.00","5,845.95","5,865.00","5,873.40","5,956.17",1229943,7325752754.3,115580,253666.0,20.62
2020-10-23,BAJAJFINSV,EQ,"5,873.40","5,934.85","5,962.00","5,823.85","5,833.00","5,831.55","5,881.75",646899,3804897705.4,61212,160277.0,24.78
2020-10-26,BAJAJFINSV,EQ,"5,831.55","5,872.65","5,872.65","5,645.00","5,700.80","5,700.95","5,717.10",783118,4477167478.55,69699,140972.0,18.0
2020-10-27,BAJAJFINSV,EQ,"5,700.95","5,700.00","5,806.50","5,632.00","5,650.05","5,667.25","5,694.83",1550762,8831327889.45,109116,367850.0,23.72
2020-10-28,BAJAJFINSV,EQ,"5,667.25","5,678.00","5,743.00","5,605.00","5,670.20","5,642.35","5,678.32",658790,3740818809.4,61483,114081.0,17.32
2020-10-29,BAJAJFINSV,EQ,"5,642.35","5,640.00","5,688.00","5,607.20","5,615.00","5,623.95","5,644.54",980842,5536398883.7,55923,417529.0,42.57
2020-10-30,BAJAJFINSV,EQ,"5,623.95","5,650.00","5,680.00","5,511.05","5,550.00","5,573.50","5,581.95",526350,2938061234.9,48496,82285.0,15.63
2020-11-02,BAJAJFINSV,EQ,"5,573.50","5,601.40","5,725.00","5,560.00","5,695.00","5,701.45","5,652.25",491399,2777509419.2,49144,97408.0,19.82
2020-11-03,BAJAJFINSV,EQ,"5,701.45","5,752.00","5,810.00","5,696.70","5,743.00","5,743.60","5,752.63",575536,3310847137.6,49113,134949.0,23.45
2020-11-04,BAJAJFINSV,EQ,"5,743.60","5,743.60","5,839.00","5,715.95","5,797.50","5,811.85","5,784.12",590961,3418187383.55,50493,168468.0,28.51
2020-11-05,BAJAJFINSV,EQ,"5,811.85","5,855.00","6,080.60","5,845.25","6,057.30","6,055.15","5,981.19",848673,5076074620.55,88905,240434.0,28.33
2020-11-06,BAJAJFINSV,EQ,"6,055.15","6,025.00","6,350.00","6,025.00","6,266.00","6,286.45","6,240.77",1559339,9731483623.4,132225,313139.0,20.08
2020-11-09,BAJAJFINSV,EQ,"6,286.45","6,350.00","6,439.00","6,257.50","6,280.60","6,283.35","6,333.30",968156,6131621295.5,78543,184150.0,19.02
2020-11-10,BAJAJFINSV,EQ,"6,283.35","6,450.00","6,733.75","6,311.05","6,658.00","6,687.65","6,581.25",2170438,14284193504.55,172705,326199.0,15.03
2020-11-11,BAJAJFINSV,EQ,"6,687.65","6,690.00","6,977.75","6,586.15","6,949.00","6,944.80","6,809.55",2542469,17313074540.4,211333,420147.0,16.53
2020-11-12,BAJAJFINSV,EQ,"6,944.80","6,943.95","7,060.00","6,850.65","7,018.00","7,026.20","6,973.38",1280916,8932316727.65,90499,133759.0,10.44
2020-11-13,BAJAJFINSV,EQ,"7,026.20","6,940.00","7,300.00","6,935.90","7,299.00","7,261.10","7,171.18",1654574,11865251483.05,120155,222640.0,13.46
2020-11-14,BAJAJFINSV,EQ,"7,261.10","7,350.00","7,444.00","7,250.00","7,282.00","7,335.55","7,366.78",316485,2331474608.7,25733,47328.0,14.95
2020-11-17,BAJAJFINSV,EQ,"7,335.55","7,361.00","7,407.60","7,251.00","7,379.00","7,365.35","7,344.70",1172544,8611988716.4,91233,190323.0,16.23
2020-11-18,BAJAJFINSV,EQ,"7,365.35","7,372.00","7,845.00","7,320.40","7,841.00","7,789.95","7,593.42",1475637,11205130779.85,111284,193162.0,13.09
2020-11-19,BAJAJFINSV,EQ,"7,789.95","7,789.95","8,199.90","7,750.00","7,803.00","7,823.40","8,004.76",3387040,27112441557.6,260576,374277.0,11.05
2020-11-20,BAJAJFINSV,EQ,"7,823.40","7,843.00","8,588.65","7,843.00","8,548.80","8,542.60","8,258.00",4110412,33943794911.9,312959,439796.0,10.7
2020-11-23,BAJAJFINSV,EQ,"8,542.60","8,710.00","8,982.65","8,621.00","8,700.10","8,774.35","8,788.34",3607587,31704707444.45,309075,592734.0,16.43
2020-11-24,BAJAJFINSV,EQ,"8,774.35","8,819.90","8,908.00","8,695.10","8,869.00","8,859.70","8,812.84",1789862,15773758745.15,149499,426759.0,23.84
2020-11-25,BAJAJFINSV,EQ,"8,859.70","8,940.00","9,009.00","8,642.75","8,690.00","8,717.75","8,875.18",1986153,17627466120.1,140354,502507.0,25.3
2020-11-26,BAJAJFINSV,EQ,"8,717.75","8,740.00","8,842.00","8,671.00","8,831.00","8,806.70","8,750.65",1262234,11045371931.3,117742,178294.0,14.13
2020-11-27,BAJAJFINSV,EQ,"8,806.70","8,844.95","8,934.45","8,680.00","8,712.00","8,758.80","8,824.35",1419350,12524842310.15,90546,475114.0,33.47
2020-12-01,BAJAJFINSV,EQ,"8,758.80","8,800.00","8,828.85","8,712.65","8,728.00","8,746.55","8,765.70",694283,6085873372.05,56244,126423.0,18.21
2020-12-02,BAJAJFINSV,EQ,"8,746.55","8,750.00","8,879.50","8,661.65","8,788.50","8,802.20","8,766.95",884969,7758481201.0,74456,158274.0,17.88
2020-12-03,BAJAJFINSV,EQ,"8,802.20","8,831.00","9,191.20","8,811.10","9,139.00","9,114.05","9,010.53",1437048,12948559450.0,106935,331890.0,23.1
2020-12-04,BAJAJFINSV,EQ,"9,114.05","9,159.00","9,234.50","8,970.00","9,052.00","9,052.45","9,109.54",1062443,9678364709.0,78634,92505.0,8.71
2020-12-07,BAJAJFINSV,EQ,"9,052.45","9,064.00","9,129.00","8,955.60","9,030.00","9,051.95","9,037.66",707405,6393287076.85,69830,128816.0,18.21
2020-12-08,BAJAJFINSV,EQ,"9,051.95","9,056.00","9,080.00","8,901.00","8,965.00","8,969.40","8,987.74",583147,5241171097.45,53776,99757.0,17.11
2020-12-09,BAJAJFINSV,EQ,"8,969.40","9,013.80","9,075.00","8,951.00","9,016.00","9,010.65","9,009.89",451818,4070828924.25,42642,79902.0,17.68
2020-12-10,BAJAJFINSV,EQ,"9,010.65","9,010.65","9,074.00","8,939.00","9,033.70","9,028.85","9,010.16",466726,4205275996.05,36919,49129.0,10.53
2020-12-11,BAJAJFINSV,EQ,"9,028.85","9,067.00","9,139.00","8,951.00","8,989.05","8,995.05","9,051.85",551456,4991697453.45,45297,70389.0,12.76
2020-12-14,BAJAJFINSV,EQ,"8,995.05","9,066.80","9,066.80","8,895.15","8,914.90","8,933.50","8,971.83",444884,3991424674.95,48185,111819.0,25.13
2020-12-15,BAJAJFINSV,EQ,"8,933.50","8,925.00","9,338.90","8,870.00","9,307.00","9,296.95","9,141.29",1124527,10279627140.85,90858,179015.0,15.92
2020-12-16,BAJAJFINSV,EQ,"9,296.95","9,369.60","9,450.00","9,212.00","9,250.00","9,257.70","9,326.68",761170,7099191525.65,59184,84109.0,11.05
2020-12-17,BAJAJFINSV,EQ,"9,257.70","9,257.70","9,399.90","9,208.00","9,281.00","9,294.10","9,308.28",550738,5126425024.35,50357,52926.0,9.61
2020-12-18,BAJAJFINSV,EQ,"9,294.10","9,249.90","9,315.00","9,125.00","9,216.80","9,215.60","9,218.66",480333,4428024522.15,47619,66484.0,13.84
2020-12-21,BAJAJFINSV,EQ,"9,215.60","9,189.00","9,245.00","8,569.65","8,795.00","8,846.75","9,006.53",713285,6424221745.1,68185,82136.0,11.52
2020-12-22,BAJAJFINSV,EQ,"8,846.75","8,850.00","8,963.80","8,621.20","8,920.00","8,938.85","8,800.83",783296,6893652466.6,78365,85198.0,10.88
2020-12-23,BAJAJFINSV,EQ,"8,938.85","8,900.00","9,140.00","8,880.00","9,006.10","9,013.25","9,029.22",575454,5195901412.15,51139,116450.0,20.24
2020-12-24,BAJAJFINSV,EQ,"9,013.25","9,083.60","9,123.95","8,964.10","8,985.40","8,992.55","9,028.01",498397,4499530937.6,46597,97864.0,19.64
2020-12-28,BAJAJFINSV,EQ,"8,992.55","9,064.65","9,115.00","8,965.00","8,986.70","8,995.05","9,035.67",344994,3117250457.9,36833,62148.0,18.01
2020-12-29,BAJAJFINSV,EQ,"8,995.05","9,040.10","9,056.10","8,897.45","8,980.00","8,976.05","8,978.21",406601,3650551162.6,38836,58559.0,14.4
2020-12-30,BAJAJFINSV,EQ,"8,976.05","9,000.00","9,020.95","8,921.00","8,954.00","8,961.70","8,971.45",491074,4405647097.65,42488,117083.0,23.84
2020-12-31,BAJAJFINSV,EQ,"8,961.70","8,949.00","9,030.00","8,840.00","8,885.40","8,906.35","8,930.62",476050,4251420019.05,39943,120692.0,25.35
2021-01-01,BAJAJFINSV,EQ,"8,906.35","8,930.00","8,958.70","8,840.00","8,870.20","8,870.45","8,900.40",288101,2564215465.2,23360,59708.0,20.72
2021-01-04,BAJAJFINSV,EQ,"8,870.45","8,940.00","9,065.00","8,841.75","8,915.00","8,898.75","8,927.99",613306,5475591985.6,49888,90746.0,14.8
2021-01-05,BAJAJFINSV,EQ,"8,898.75","8,900.05","8,920.00","8,736.95","8,833.50","8,820.85","8,816.62",486214,4286764893.9,50203,103123.0,21.21
2021-01-06,BAJAJFINSV,EQ,"8,820.85","8,900.00","8,900.00","8,636.00","8,774.95","8,786.35","8,749.16",599193,5242437179.5,60429,143186.0,23.9
2021-01-07,BAJAJFINSV,EQ,"8,786.35","8,820.00","9,069.00","8,812.00","8,970.05","8,988.00","8,958.00",601648,5389563901.65,54053,105437.0,17.52
2021-01-08,BAJAJFINSV,EQ,"8,988.00","9,036.00","9,265.00","8,948.00","9,166.00","9,171.60","9,145.89",824261,7538600104.7,68802,228034.0,27.67
2021-01-11,BAJAJFINSV,EQ,"9,171.60","9,201.00","9,262.00","8,955.00","9,004.00","8,986.10","9,068.29",542444,4919041222.0,48441,79462.0,14.65
2021-01-12,BAJAJFINSV,EQ,"8,986.10","9,004.00","9,069.90","8,922.50","8,950.00","8,959.00","8,988.27",577045,5186636464.6,46888,126917.0,21.99
2021-01-13,BAJAJFINSV,EQ,"8,959.00","9,004.80","9,030.00","8,710.15","8,784.65","8,793.65","8,856.10",514078,4552726742.25,47300,92336.0,17.96
2021-01-14,BAJAJFINSV,EQ,"8,793.65","8,814.00","8,929.95","8,675.00","8,761.00","8,747.35","8,779.24",568437,4990445529.15,61345,79769.0,14.03
2021-01-15,BAJAJFINSV,EQ,"8,747.35","8,754.80","8,826.20","8,610.00","8,630.00","8,636.10","8,703.75",519651,4522914238.9,52056,92839.0,17.87
2021-01-18,BAJAJFINSV,EQ,"8,636.10","8,636.10","8,636.10","8,273.70","8,350.95","8,354.60","8,395.89",634436,5326655333.15,68153,108772.0,17.14
2021-01-19,BAJAJFINSV,EQ,"8,354.60","8,400.00","8,978.00","8,400.00","8,919.00","8,924.15","8,787.14",1379718,12123777808.15,105784,141511.0,10.26
2021-01-20,BAJAJFINSV,EQ,"8,924.15","8,938.00","9,025.00","8,838.00","8,934.90","8,938.25","8,950.74",786496,7039725045.9,72645,144727.0,18.4
2021-01-21,BAJAJFINSV,EQ,"8,938.25","8,995.00","9,388.85","8,950.50","9,063.00","9,052.80","9,241.60",1645377,15205922205.9,142622,216816.0,13.18
2021-01-22,BAJAJFINSV,EQ,"9,052.80","9,070.00","9,213.50","8,965.20","9,053.00","9,071.00","9,086.37",839822,7630931143.7,76812,152258.0,18.13
2021-01-25,BAJAJFINSV,EQ,"9,071.00","9,144.00","9,344.90","9,080.00","9,190.00","9,198.90","9,216.03",781122,7198845470.8,77012,152519.0,19.53
2021-01-27,BAJAJFINSV,EQ,"9,198.90","9,165.00","9,284.95","9,042.05","9,099.20","9,126.10","9,160.23",616631,5648481903.9,68285,102618.0,16.64
2021-01-28,BAJAJFINSV,EQ,"9,126.10","9,020.00","9,215.25","8,817.60","8,932.00","8,955.30","9,000.96",844736,7603433362.0,80479,145264.0,17.2
2021-01-29,BAJAJFINSV,EQ,"8,955.30","9,041.95","9,109.35","8,675.55","8,718.60","8,722.75","8,932.07",727352,6496762466.45,69955,152688.0,20.99
2021-02-01,BAJAJFINSV,EQ,"8,722.75","8,750.00","9,838.90","8,638.00","9,740.00","9,721.80","9,296.79",1565365,14552862242.0,144130,252052.0,16.1
2021-02-02,BAJAJFINSV,EQ,"9,721.80","9,827.70","9,990.00","9,315.00","9,505.00","9,476.30","9,613.89",1394390,13405505925.0,135676,163563.0,11.73
2021-02-03,BAJAJFINSV,EQ,"9,476.30","9,561.60","9,639.30","9,435.35","9,555.00","9,536.05","9,512.18",623545,5931271603.9,55559,51906.0,8.32
2021-02-04,BAJAJFINSV,EQ,"9,536.05","9,510.00","9,760.00","9,470.50","9,708.00","9,700.55","9,643.02",604727,5831395657.95,71531,62948.0,10.41
2021-02-05,BAJAJFINSV,EQ,"9,700.55","9,780.00","9,940.00","9,556.00","9,705.00","9,722.20","9,738.97",922561,8984790613.45,82958,139894.0,15.16
2021-02-08,BAJAJFINSV,EQ,"9,722.20","9,750.00","10,110.00","9,738.05","10,068.45","10,021.05","9,971.57",985855,9830522550.05,109921,188933.0,19.16
2021-02-09,BAJAJFINSV,EQ,"10,021.05","10,067.00","10,068.00","9,882.00","9,918.00","9,941.65","9,964.07",512607,5107652284.25,61486,57478.0,11.21
2021-02-10,BAJAJFINSV,EQ,"9,941.65","9,901.00","10,354.60","9,901.00","10,215.15","10,227.95","10,205.70",1430667,14600961005.6,145592,107999.0,7.55
2021-02-11,BAJAJFINSV,EQ,"10,227.95","10,105.00","10,417.90","10,105.00","10,220.05","10,216.65","10,275.38",715538,7352428354.25,58617,74057.0,10.35
2021-02-12,BAJAJFINSV,EQ,"10,216.65","10,250.00","10,331.15","10,168.00","10,300.00","10,278.80","10,236.92",380285,3892947648.4,38095,50942.0,13.4
2021-02-15,BAJAJFINSV,EQ,"10,278.80","10,330.20","10,579.00","10,280.00","10,500.00","10,537.70","10,486.75",536406,5625157441.1,50301,69675.0,12.99
2021-02-16,BAJAJFINSV,EQ,"10,537.70","10,500.00","10,532.00","10,361.00","10,460.00","10,460.60","10,444.86",358604,3745569816.7,34451,30458.0,8.49
2021-02-17,BAJAJFINSV,EQ,"10,460.60","10,420.00","10,498.80","10,112.20","10,195.00","10,185.65","10,260.60",582259,5974324936.55,57424,136169.0,23.39
2021-02-18,BAJAJFINSV,EQ,"10,185.65","10,310.00","10,310.00","10,135.00","10,200.00","10,198.95","10,195.83",434741,4432545757.0,48601,121320.0,27.91
2021-02-19,BAJAJFINSV,EQ,"10,198.95","10,150.00","10,427.65","10,140.00","10,237.95","10,250.45","10,247.84",623343,6387922119.35,52771,91996.0,14.76
2021-02-22,BAJAJFINSV,EQ,"10,250.45","10,230.00","10,249.20","9,960.15","9,984.80","10,000.60","10,104.83",426908,4313831132.05,44332,110746.0,25.94
2021-02-23,BAJAJFINSV,EQ,"10,000.60","10,051.00","10,195.00","9,929.15","10,008.60","10,008.65","10,057.26",342610,3445718106.0,44432,42992.0,12.55
2021-02-24,BAJAJFINSV,EQ,"10,008.65","10,030.00","10,250.00","10,015.05","10,201.00","10,199.60","10,124.46",269976,2733362366.65,32454,52443.0,19.43
2021-02-25,BAJAJFINSV,EQ,"10,199.60","10,340.00","10,377.95","10,131.60","10,234.00","10,264.45","10,275.00",354802,3645591402.75,39408,69338.0,19.54
2021-02-26,BAJAJFINSV,EQ,"10,264.45","9,950.00","10,114.70","9,600.00","9,640.25","9,648.60","9,798.54",846505,8294510387.25,90830,230342.0,27.21
2021-03-01,BAJAJFINSV,EQ,"9,648.60","9,799.00","9,848.60","9,613.70","9,790.00","9,774.05","9,747.07",322437,3142815572.65,37510,38129.0,11.83
2021-03-02,BAJAJFINSV,EQ,"9,774.05","9,850.00","9,965.00","9,779.10","9,870.55","9,877.00","9,867.15",297001,2930552085.45,36024,55833.0,18.8
2021-03-03,BAJAJFINSV,EQ,"9,877.00","9,926.40","10,444.95","9,890.40","10,369.30","10,395.60","10,216.33",504122,5150274531.55,62530,115205.0,22.85
2021-03-04,BAJAJFINSV,EQ,"10,395.60","10,150.00","10,280.00","10,077.75","10,148.00","10,129.95","10,172.36",412117,4192201456.65,50455,79987.0,19.41
2021-03-05,BAJAJFINSV,EQ,"10,129.95","10,080.00","10,161.00","9,900.05","9,974.00","9,958.10","10,004.76",355126,3552950732.9,42614,55493.0,15.63
2021-03-08,BAJAJFINSV,EQ,"9,958.10","9,970.00","10,045.65","9,805.30","9,826.90","9,839.10","9,909.09",264007,2616069646.8,32410,41401.0,15.68
2021-03-09,BAJAJFINSV,EQ,"9,839.10","10,000.00","10,119.95","9,860.20","9,975.00","9,969.15","9,967.52",306211,3052162779.55,35492,29726.0,9.71
2021-03-10,BAJAJFINSV,EQ,"9,969.15","10,025.00","10,094.70","9,930.60","9,975.00","9,991.45","10,005.19",244632,2447590073.0,34882,53398.0,21.83
2021-03-12,BAJAJFINSV,EQ,"9,991.45","10,081.50","10,216.10","9,840.00","9,930.00","9,934.10","10,050.34",454348,4566350874.55,54691,83862.0,18.46
2021-03-15,BAJAJFINSV,EQ,"9,934.10","9,969.00","9,969.00","9,544.00","9,664.95","9,689.05","9,684.50",545919,5286954759.3,65392,130482.0,23.90
2021-03-16,BAJAJFINSV,EQ,"9,689.05","9,725.00","9,785.65","9,585.00","9,637.00","9,613.30","9,676.78",370587,3586088427.25,42539,81902.0,22.10
2021-03-17,BAJAJFINSV,EQ,"9,613.30","9,630.00","9,661.85","9,480.05","9,491.00","9,525.10","9,561.23",293449,2805732373.15,39091,67204.0,22.90
2021-03-18,BAJAJFINSV,EQ,"9,525.10","9,600.00","9,735.00","9,372.00","9,445.00","9,430.15","9,562.74",401135,3835947721.45,53374,71945.0,17.94
2021-03-19,BAJAJFINSV,EQ,"9,430.15","9,350.00","9,489.85","9,211.60","9,420.90","9,440.65","9,347.81",488126,4562908996.25,60463,108305.0,22.19
2021-03-22,BAJAJFINSV,EQ,"9,440.65","9,450.00","9,494.95","9,312.05","9,402.00","9,405.85","9,409.56",293029,2757273605.8,39865,55008.0,18.77
2021-03-23,BAJAJFINSV,EQ,"9,405.85","9,424.00","9,506.60","9,382.30","9,425.00","9,405.20","9,432.00",296483,2796427655.55,38646,78535.0,26.49
2021-03-24,BAJAJFINSV,EQ,"9,405.20","9,370.00","9,378.65","9,179.25","9,225.00","9,202.05","9,276.02",335439,3111538758.65,42014,89827.0,26.78
2021-03-25,BAJAJFINSV,EQ,"9,202.05","9,225.00","9,250.00","8,960.05","9,100.00","9,057.55","9,065.86",382008,3463229719.4,46963,92188.0,24.13
2021-03-26,BAJAJFINSV,EQ,"9,057.55","9,140.00","9,507.00","9,140.00","9,460.00","9,467.45","9,409.65",678636,6385725268.7,81694,163250.0,24.06
2021-03-30,BAJAJFINSV,EQ,"9,467.45","9,547.00","9,645.00","9,440.05","9,516.70","9,502.35","9,530.13",356516,3397643921.5,50471,102626.0,28.79
2021-03-31,BAJAJFINSV,EQ,"9,502.35","9,512.35","9,715.60","9,450.00","9,677.85","9,668.60","9,621.86",424140,4081015285.5,57784,154494.0,36.43
2021-04-01,BAJAJFINSV,EQ,"9,668.60","9,730.00","9,826.00","9,667.50","9,810.00","9,789.50","9,749.00",310065,3022824421.0,30719,92734.0,29.91
2021-04-05,BAJAJFINSV,EQ,"9,789.50","9,760.00","9,763.90","9,150.00","9,480.00","9,481.65","9,377.50",612166,5740586173.95,72614,183480.0,29.97
2021-04-06,BAJAJFINSV,EQ,"9,481.65","9,551.00","9,625.00","9,475.05","9,515.00","9,519.50","9,540.92",344125,3283268283.95,40127,91468.0,26.58
2021-04-07,BAJAJFINSV,EQ,"9,519.50","9,519.50","9,658.40","9,466.35","9,539.00","9,539.60","9,571.53",300003,2871488081.15,35512,86460.0,28.82
2021-04-08,BAJAJFINSV,BL,"6,960.05","9,539.60","9,539.60","9,539.60","9,539.60","9,539.60","9,539.60",19803,188912698.8,1,,-
2021-04-09,BAJAJFINSV,EQ,"9,654.80","9,611.00","9,715.00","9,561.00","9,645.25","9,629.05","9,649.24",328699,3171695443.4,35721,97018.0,29.52
2021-04-12,BAJAJFINSV,EQ,"9,629.05","9,419.95","9,459.80","9,035.85","9,175.00","9,163.15","9,212.67",566836,5222074635.05,82499,203405.0,35.88
2021-04-13,BAJAJFINSV,EQ,"9,163.15","9,200.00","9,847.50","9,190.05","9,766.00","9,806.70","9,587.77",830915,7966624621.25,100243,200600.0,24.14
2021-04-15,BAJAJFINSV,EQ,"9,806.70","9,751.70","9,834.00","9,597.00","9,760.00","9,739.70","9,694.01",587504,5695271715.9,91201,197282.0,33.58
2021-04-16,BAJAJFINSV,EQ,"9,739.70","9,765.00","9,880.00","9,765.00","9,801.00","9,824.75","9,823.88",400132,3930846973.35,54931,111651.0,27.90
2021-04-19,BAJAJFINSV,EQ,"9,824.75","9,505.50","9,654.00","9,392.60","9,485.00","9,469.90","9,501.23",697435,6626487995.7,117451,283236.0,40.61
2021-04-20,BAJAJFINSV,EQ,"9,469.90","9,600.00","9,945.50","9,600.00","9,799.90","9,819.40","9,824.26",798732,7846952683.5,90313,180921.0,22.65
2021-04-22,BAJAJFINSV,EQ,"9,819.40","9,700.00","9,911.90","9,610.00","9,840.00","9,853.85","9,746.74",582210,5674650744.65,82982,140509.0,24.13
2021-04-23,BAJAJFINSV,EQ,"9,853.85","9,740.00","10,142.40","9,740.00","9,911.00","9,916.65","9,956.69",628025,6253047672.0,72208,75141.0,11.96
2021-04-26,BAJAJFINSV,EQ,"9,916.65","9,992.00","10,125.00","9,902.20","10,000.85","10,001.75","9,995.72",419596,4194162615.75,45113,77816.0,18.55
2021-04-27,BAJAJFINSV,EQ,"10,001.75","10,000.00","10,133.00","9,964.70","10,133.00","10,091.35","10,036.76",342847,3441071542.4,40414,77723.0,22.67
2021-04-28,BAJAJFINSV,EQ,"10,091.35","10,200.00","10,615.95","10,151.15","10,480.00","10,489.30","10,445.96",1113881,11635556646.9,126354,133587.0,11.99
2021-04-29,BAJAJFINSV,EQ,"10,489.30","10,540.00","11,300.00","10,520.00","11,175.45","11,176.55","10,980.40",1696498,18628220713.6,165425,195324.0,11.51
2021-04-30,BAJAJFINSV,EQ,"11,176.55","11,000.00","11,225.00","10,868.70","11,021.00","11,041.65","11,081.78",835355,9257222874.2,85986,129995.0,15.56
2021-05-03,BAJAJFINSV,EQ,"11,041.65","10,901.00","11,110.85","10,814.15","11,030.00","11,041.70","10,958.61",396931,4349810375.1,43658,61230.0,15.43
2021-05-04,BAJAJFINSV,EQ,"11,041.70","11,200.00","11,218.85","10,872.00","10,993.00","10,986.45","11,038.97",522101,5763457416.05,55521,111379.0,21.33
2021-05-05,BAJAJFINSV,EQ,"10,986.45","11,111.00","11,194.65","10,915.20","11,090.00","11,114.45","11,022.93",307750,3392305531.45,36029,47060.0,15.29
2021-05-06,BAJAJFINSV,EQ,"11,114.45","11,100.00","11,194.10","10,990.00","11,000.00","11,027.95","11,066.95",228840,2532560810.2,25320,44032.0,19.24
2021-05-07,BAJAJFINSV,EQ,"11,027.95","11,050.00","11,392.90","11,009.90","11,340.00","11,318.45","11,192.64",343443,3844034368.1,40862,62319.0,18.15
2021-05-10,BAJAJFINSV,EQ,"11,318.45","11,390.00","11,549.00","11,280.00","11,310.00","11,332.00","11,410.87",432037,4929918836.75,52530,82844.0,19.18
2021-05-11,BAJAJFINSV,EQ,"11,332.00","11,194.00","11,310.65","11,139.15","11,177.30","11,193.05","11,226.32",198664,2230266313.2,27956,36473.0,18.36
2021-05-12,BAJAJFINSV,EQ,"11,193.05","11,190.00","11,325.00","11,052.40","11,077.70","11,087.95","11,158.59",226953,2532476127.55,27636,33757.0,14.87
2021-05-14,BAJAJFINSV,EQ,"11,087.95","11,111.00","11,163.75","10,868.00","10,970.00","10,971.50","10,975.68",313603,3442005577.9,37871,104008.0,33.17
2021-05-17,BAJAJFINSV,EQ,"10,971.50","10,970.00","11,375.00","10,942.65","11,240.00","11,249.35","11,256.05",318021,3579659231.45,43217,36221.0,11.39
2021-05-18,BAJAJFINSV,EQ,"11,249.35","11,345.65","11,589.00","11,290.10","11,350.00","11,396.80","11,452.20",403959,4626218747.65,43882,74645.0,18.48
2021-05-19,BAJAJFINSV,EQ,"11,396.80","11,390.00","11,434.00","11,170.05","11,195.00","11,215.15","11,269.66",227567,2564602367.85,29420,27674.0,12.16
2021-05-20,BAJAJFINSV,EQ,"11,215.15","11,260.00","11,299.95","11,130.70","11,250.05","11,227.90","11,222.55",177897,1996457858.9,22845,16683.0,9.38
2021-05-21,BAJAJFINSV,EQ,"11,227.90","11,296.70","11,415.00","11,213.00","11,250.00","11,265.15","11,301.83",277521,3136495116.05,41242,68986.0,24.86
2021-05-24,BAJAJFINSV,EQ,"11,265.15","11,265.45","11,365.00","11,095.00","11,145.00","11,166.80","11,205.39",214229,2400519207.0,25201,45582.0,21.28
2021-05-25,BAJAJFINSV,EQ,"11,166.80","11,245.00","11,405.00","11,201.30","11,400.00","11,375.85","11,342.68",394151,4470729157.5,34635,51053.0,12.95
2021-05-26,BAJAJFINSV,EQ,"11,375.85","11,400.00","11,980.00","11,385.15","11,900.00","11,906.40","11,679.23",1015265,11857512429.45,76099,169345.0,16.68
2021-05-27,BAJAJFINSV,EQ,"11,906.40","11,910.00","11,968.15","11,732.05","11,907.00","11,888.80","11,827.77",407973,4825410955.35,48427,118014.0,28.93
2021-05-28,BAJAJFINSV,EQ,"11,888.80","11,925.00","12,024.95","11,680.00","11,725.00","11,713.20","11,836.72",263315,3116784795.7,39962,51122.0,19.41
2021-05-31,BAJAJFINSV,EQ,"11,713.20","11,713.20","11,855.05","11,618.00","11,828.40","11,806.30","11,723.89",241152,2827238873.85,38172,44636.0,18.51
2021-06-01,BAJAJFINSV,EQ,"11,806.30","11,830.00","11,947.60","11,627.05","11,760.00","11,829.90","11,790.10",302421,3565575006.35,40605,56634.0,18.73
2021-06-02,BAJAJFINSV,EQ,"11,829.90","11,709.00","11,860.00","11,701.55","11,815.00","11,823.60","11,777.75",183421,2160286999.95,24385,45457.0,24.78
2021-06-03,BAJAJFINSV,EQ,"11,823.60","11,899.00","11,923.90","11,780.55","11,812.00","11,819.85","11,845.08",183816,2177314423.7,23769,25660.0,13.96
2021-06-04,BAJAJFINSV,EQ,"11,819.85","11,855.00","12,190.00","11,785.00","12,125.00","12,155.65","12,022.08",410769,4938298047.75,42893,66631.0,16.22
2021-06-07,BAJAJFINSV,EQ,"12,155.65","11,880.00","12,008.80","11,684.65","11,798.05","11,828.55","11,799.58",514727,6073563243.15,63620,157014.0,30.50
2021-06-08,BAJAJFINSV,EQ,"11,828.55","11,900.00","11,900.00","11,670.00","11,725.40","11,733.10","11,755.91",289609,3404618418.65,36157,81783.0,28.24
2021-06-09,BAJAJFINSV,EQ,"11,733.10","11,740.00","11,838.00","11,430.50","11,550.00","11,558.85","11,641.46",308286,3588898644.3,40325,82845.0,26.87
2021-06-10,BAJAJFINSV,EQ,"11,558.85","11,551.00","12,208.00","11,500.35","12,000.00","11,993.10","11,897.62",629998,7495474573.15,76937,143235.0,22.74
2021-06-11,BAJAJFINSV,EQ,"11,993.10","12,000.00","12,080.00","11,852.90","11,900.00","11,907.50","11,961.49",352994,4222335781.0,44424,50407.0,14.28
2021-06-14,BAJAJFINSV,EQ,"11,907.50","11,851.00","12,015.00","11,671.65","11,940.00","11,926.15","11,885.49",288785,3432350325.15,38858,40491.0,14.02
2021-06-15,BAJAJFINSV,EQ,"11,926.15","11,949.00","12,084.90","11,765.00","11,800.00","11,798.70","11,885.01",314841,3741889080.3,41211,89742.0,28.5
2021-06-16,BAJAJFINSV,EQ,"11,798.70","11,810.00","11,985.00","11,775.00","11,860.00","11,856.15","11,881.36",247539,2941101198.7,30795,38930.0,15.73
2021-06-17,BAJAJFINSV,EQ,"11,856.15","11,750.00","11,937.20","11,739.95","11,810.00","11,818.55","11,844.53",220170,2607811093.5,28670,48013.0,21.81
2021-06-18,BAJAJFINSV,EQ,"11,818.55","11,860.00","12,100.00","11,720.85","11,995.00","11,999.35","11,931.15",489567,5841099579.4,60420,103584.0,21.16
2021-06-21,BAJAJFINSV,EQ,"11,999.35","11,800.00","12,199.75","11,776.85","12,161.15","12,156.40","12,034.21",294853,3548322986.7,37498,50065.0,16.98
2021-06-22,BAJAJFINSV,EQ,"12,156.40","12,199.00","12,266.00","12,081.00","12,138.00","12,131.65","12,171.12",274923,3346120557.65,35329,55182.0,20.07
2021-06-23,BAJAJFINSV,EQ,"12,131.65","12,225.00","12,400.00","12,080.00","12,287.85","12,282.25","12,268.47",378555,4644290574.95,45449,70512.0,18.63
2021-06-24,BAJAJFINSV,EQ,"12,282.25","12,282.25","12,396.00","12,165.00","12,395.00","12,333.25","12,277.01",278573,3420043685.7,35702,66204.0,23.77
2021-06-25,BAJAJFINSV,EQ,"12,333.25","12,355.00","12,520.00","12,320.50","12,465.00","12,486.60","12,446.19",218717,2722192964.95,27439,45493.0,20.8
2021-06-28,BAJAJFINSV,EQ,"12,486.60","12,500.00","12,519.60","12,320.00","12,380.00","12,377.90","12,405.85",165517,2053379026.1,25547,41161.0,24.87
2021-06-29,BAJAJFINSV,EQ,"12,377.90","12,389.00","12,490.00","12,271.05","12,300.00","12,299.90","12,374.41",157178,1944984994.5,22352,32923.0,20.95
2021-06-30,BAJAJFINSV,EQ,"12,299.90","12,346.00","12,369.55","12,065.00","12,076.20","12,109.05","12,210.14",231546,2827209626.75,35279,96523.0,41.69
2021-07-01,BAJAJFINSV,EQ,"12,109.05","12,198.00","12,198.00","11,801.00","11,839.00","11,816.45","11,941.36",321521,3839398724.55,43679,116091.0,36.11
2021-07-02,BAJAJFINSV,EQ,"11,816.45","11,969.00","11,969.00","11,651.00","11,766.00","11,750.45","11,746.14",355437,4175013670.7,42660,115223.0,32.42
2021-07-05,BAJAJFINSV,EQ,"11,750.45","11,799.00","11,942.00","11,799.00","11,905.40","11,923.10","11,886.83",155869,1852788044.55,22350,26476.0,16.99
2021-07-06,BAJAJFINSV,EQ,"11,923.10","11,890.00","12,282.35","11,871.30","12,090.20","12,090.80","12,089.82",320522,3875053545.25,49330,72112.0,22.5
2021-07-07,BAJAJFINSV,EQ,"12,090.80","12,000.00","12,399.00","12,000.00","12,334.95","12,374.15","12,293.80",404800,4976529495.55,57942,88752.0,21.92
2021-07-08,BAJAJFINSV,EQ,"12,374.15","12,320.00","12,450.00","12,240.00","12,351.00","12,333.90","12,346.54",206630,2551165390.5,24790,44473.0,21.52
2021-07-09,BAJAJFINSV,EQ,"12,333.90","12,351.00","12,912.00","12,345.00","12,775.15","12,854.75","12,704.09",791922,10060649309.05,82004,184868.0,23.34
2021-07-12,BAJAJFINSV,EQ,"12,854.75","12,888.95","12,945.40","12,738.95","12,875.00","12,908.90","12,830.91",409158,5249871335.8,48684,149283.0,36.49
2021-07-13,BAJAJFINSV,EQ,"12,908.90","12,902.40","12,998.80","12,805.00","12,900.55","12,909.40","12,891.51",274181,3534607017.3,37243,89210.0,32.54
2021-07-14,BAJAJFINSV,EQ,"12,909.40","12,862.50","13,033.00","12,851.50","12,980.00","12,991.20","12,962.49",240151,3112955090.9,31091,72964.0,30.38
2021-07-15,BAJAJFINSV,EQ,"12,991.20","12,976.00","13,110.00","12,922.00","12,950.00","12,958.95","13,000.37",177991,2313948027.6,27078,31916.0,17.93
2021-07-16,BAJAJFINSV,EQ,"12,958.95","12,958.95","13,025.00","12,725.75","12,766.25","12,745.70","12,850.15",252782,3248285911.4,34235,97034.0,38.39
2021-07-19,BAJAJFINSV,EQ,"12,745.70","12,680.00","12,820.00","12,643.20","12,725.00","12,721.10","12,727.68",188197,2395310711.9,26561,48892.0,25.98
2021-07-20,BAJAJFINSV,EQ,"12,721.10","12,725.00","12,771.00","12,536.55","12,613.00","12,597.15","12,638.43",145137,1834304337.75,28418,25050.0,17.26
2021-07-22,BAJAJFINSV,EQ,"12,597.15","12,310.10","13,100.00","12,300.05","13,051.85","13,064.60","12,904.12",524877,6773073867.55,81198,89474.0,17.05
2021-07-23,BAJAJFINSV,EQ,"13,064.60","13,044.00","13,243.95","12,945.05","13,208.00","13,201.20","13,136.76",289870,3807953265.1,46244,52112.0,17.98
2021-07-26,BAJAJFINSV,EQ,"13,201.20","13,199.00","13,575.45","13,154.90","13,515.85","13,525.05","13,420.67",421170,5652382922.25,49151,128324.0,30.47
2021-07-27,BAJAJFINSV,EQ,"13,525.05","13,531.15","13,844.95","13,503.15","13,795.60","13,807.85","13,735.89",413415,5678623979.4,48419,107419.0,25.98
2021-07-28,BAJAJFINSV,EQ,"13,807.85","13,847.85","14,001.00","13,755.00","13,960.00","13,970.55","13,910.30",319493,4444243608.2,53701,67282.0,21.06
2021-07-29,BAJAJFINSV,EQ,"13,970.55","13,960.00","14,925.00","13,940.10","14,516.00","14,599.05","14,445.19",710514,10263508605.25,108790,123935.0,17.44
2021-07-30,BAJAJFINSV,EQ,"14,599.05","14,605.00","14,613.85","14,161.00","14,240.00","14,222.20","14,298.24",354543,5069341574.3,51231,60062.0,16.94
2021-08-02,BAJAJFINSV,EQ,"14,222.20","14,375.00","14,399.95","14,082.55","14,134.00","14,125.15","14,193.73",264709,3757208111.55,44561,67327.0,25.43
2021-08-03,BAJAJFINSV,EQ,"14,125.15","14,250.00","14,318.35","14,160.00","14,269.95","14,295.00","14,245.05",202430,2883625675.9,32725,54542.0,26.94
2021-08-04,BAJAJFINSV,EQ,"14,295.00","14,289.95","14,485.00","14,156.10","14,202.00","14,187.20","14,310.14",283194,4052545704.55,41935,69089.0,24.4
2021-08-05,BAJAJFINSV,EQ,"14,187.20","14,207.80","14,248.90","13,961.60","14,003.00","13,994.90","14,055.79",291527,4097643392.65,35910,133955.0,45.95
2021-08-06,BAJAJFINSV,EQ,"13,994.90","14,070.00","14,108.70","13,975.00","14,003.70","14,005.65","14,034.36",137473,1929344892.2,23235,32137.0,23.38
2021-08-09,BAJAJFINSV,EQ,"14,005.65","14,007.60","14,460.00","14,007.60","14,225.00","14,242.90","14,272.24",318865,4550919215.5,52010,31687.0,9.94
2021-08-10,BAJAJFINSV,EQ,"14,242.90","14,270.00","14,333.75","14,004.00","14,050.00","14,036.50","14,153.18",206363,2920692832.95,31363,51971.0,25.18
2021-08-11,BAJAJFINSV,EQ,"14,036.50","14,099.00","14,233.45","13,852.75","14,188.00","14,206.20","14,068.96",211850,2980509218.1,35805,36061.0,17.02
2021-08-12,BAJAJFINSV,EQ,"14,206.20","14,210.00","14,380.00","14,130.00","14,310.10","14,340.70","14,261.21",160934,2295113996.05,26001,36007.0,22.37
2021-08-13,BAJAJFINSV,EQ,"14,340.70","14,340.00","14,430.90","14,265.00","14,310.10","14,317.50","14,330.24",153843,2204606953.2,30146,32807.0,21.32
2021-08-16,BAJAJFINSV,EQ,"14,317.50","14,316.40","14,607.00","14,309.00","14,497.55","14,549.30","14,494.55",243262,3525972112.05,39189,34430.0,14.15
2021-08-17,BAJAJFINSV,EQ,"14,549.30","14,525.00","14,800.00","14,360.05","14,799.00","14,737.25","14,600.43",242069,3534312004.35,37661,53328.0,22.03
2021-08-18,BAJAJFINSV,EQ,"14,737.25","14,737.25","15,238.00","14,736.70","14,961.50","15,006.35","15,049.88",391734,5895548305.8,59415,52461.0,13.39
2021-08-20,BAJAJFINSV,EQ,"15,006.35","14,856.35","15,149.00","14,800.05","14,950.00","14,978.55","14,999.71",275052,4125699197.4,47039,51307.0,18.65
2021-08-23,BAJAJFINSV,EQ,"14,978.55","15,148.00","15,420.00","15,065.00","15,260.30","15,271.90","15,266.58",326688,4987408195.7,46938,49435.0,15.13
2021-08-24,BAJAJFINSV,EQ,"15,271.90","15,367.55","16,584.80","15,260.00","16,460.00","16,461.70","16,149.74",1274393,20581111537.95,180694,123634.0,9.7
2021-08-25,BAJAJFINSV,EQ,"16,461.70","16,545.00","16,799.00","15,850.00","15,979.95","15,904.40","16,249.50",974598,15836728629.25,149647,178354.0,18.3
2021-08-26,BAJAJFINSV,EQ,"15,904.40","16,000.50","16,124.20","15,678.30","15,915.90","15,958.80","15,911.10",606882,9656159624.85,94129,100469.0,16.55
2021-08-27,BAJAJFINSV,EQ,"15,958.80","16,080.00","16,251.95","15,780.05","16,186.00","16,195.60","16,049.09",441475,7085273542.9,70118,66963.0,15.17
2021-08-30,BAJAJFINSV,EQ,"16,195.60","16,475.00","16,595.00","16,260.00","16,525.00","16,560.40","16,469.39",336038,5534342228.65,51864,57840.0,17.21
2021-08-31,BAJAJFINSV,EQ,"16,560.40","16,500.00","17,200.00","16,428.25","17,093.80","17,148.75","16,922.94",652127,11035903781.25,89222,141074.0,21.63
2021-09-01,BAJAJFINSV,EQ,"17,148.75","17,166.45","17,263.50","16,740.15","16,788.00","16,786.30","16,939.72",461843,7823493193.25,82471,126345.0,27.36
2021-09-02,BAJAJFINSV,EQ,"16,786.30","16,865.00","16,900.00","16,610.00","16,710.00","16,703.25","16,744.96",276879,4636327444.45,51745,74074.0,26.75
2021-09-03,BAJAJFINSV,EQ,"16,703.25","16,776.80","16,859.85","16,560.00","16,733.00","16,734.35","16,681.70",248555,4146320979.0,50054,64019.0,25.76
2021-09-06,BAJAJFINSV,EQ,"16,734.35","16,835.00","16,968.95","16,675.00","16,725.00","16,747.00","16,802.01",176958,2973250784.65,37329,39848.0,22.52
2021-09-07,BAJAJFINSV,EQ,"16,747.00","16,749.00","16,944.70","16,630.95","16,771.00","16,781.20","16,779.12",188193,3157713554.9,35938,37792.0,20.08
2021-09-08,BAJAJFINSV,EQ,"16,781.20","16,760.00","16,888.95","16,529.00","16,594.00","16,560.75","16,638.33",190932,3176789759.15,33517,74696.0,39.12
2021-09-09,BAJAJFINSV,EQ,"16,560.75","16,594.00","16,826.95","16,484.05","16,740.00","16,750.50","16,622.89",180816,3005683779.85,32277,57551.0,31.83
2021-09-13,BAJAJFINSV,EQ,"16,750.50","16,740.00","16,994.00","16,580.00","16,923.40","16,938.20","16,817.66",216614,3642940077.4,43547,67284.0,31.06
2021-09-14,BAJAJFINSV,EQ,"16,938.20","17,000.00","17,040.00","16,795.80","16,840.00","16,831.25","16,922.51",159227,2694520208.8,34339,54257.0,34.08
2021-09-15,BAJAJFINSV,EQ,"16,831.25","16,851.25","16,982.00","16,802.00","16,830.00","16,828.90","16,890.49",123199,2080891718.35,23422,32878.0,26.69
2021-09-16,BAJAJFINSV,EQ,"16,828.90","16,890.00","16,950.40","16,625.00","16,712.30","16,733.00","16,761.21",154209,2584729314.45,27595,40286.0,26.12
2021-09-17,BAJAJFINSV,EQ,"16,733.00","16,840.00","17,499.00","16,750.05","16,872.00","16,840.20","17,135.83",654951,11223129370.25,95813,123185.0,18.81
2021-09-20,BAJAJFINSV,EQ,"16,840.20","16,775.05","17,334.00","16,700.10","17,018.60","17,018.95","17,101.59",325204,5561506702.05,58369,38441.0,11.82
2021-09-21,BAJAJFINSV,EQ,"17,018.95","17,100.00","17,655.00","16,814.05","17,589.05","17,587.25","17,291.78",384694,6652043525.85,68602,56060.0,14.57
2021-09-22,BAJAJFINSV,EQ,"17,587.25","17,589.05","17,780.00","17,505.00","17,643.40","17,614.75","17,618.72",256982,4527693016.8,42390,61853.0,24.07
2021-09-23,BAJAJFINSV,EQ,"17,614.75","17,787.50","18,750.00","17,682.05","18,430.00","18,503.85","18,401.97",712551,13112339829.0,109610,60107.0,8.44
2021-09-24,BAJAJFINSV,EQ,"18,503.85","18,599.95","18,813.00","18,317.40","18,548.00","18,526.00","18,555.39",373175,6924407904.65,66012,47385.0,12.70
2021-09-27,BAJAJFINSV,EQ,"18,526.00","18,570.00","18,747.60","17,930.05","18,050.00","18,031.10","18,253.52",407168,7432248685.65,73122,151622.0,37.24
2021-09-28,BAJAJFINSV,EQ,"18,031.10","18,185.00","18,186.00","17,430.10","17,535.50","17,550.35","17,738.60",322058,5712859429.5,65851,86710.0,26.92
2021-09-29,BAJAJFINSV,EQ,"17,550.35","17,498.80","17,647.90","17,307.80","17,428.00","17,433.75","17,462.38",309712,5408309311.75,71576,98449.0,31.79
2021-09-30,BAJAJFINSV,EQ,"17,433.75","17,500.00","17,859.95","17,412.20","17,801.00","17,786.75","17,670.24",343000,6060893298.15,59760,85462.0,24.92
2021-10-01,BAJAJFINSV,EQ,"17,786.75","17,736.05","17,736.05","17,050.00","17,215.00","17,177.80","17,275.01",432677,7474499903.5,77152,108012.0,24.96
2021-10-04,BAJAJFINSV,BL,"9,539.60","17,177.80","17,177.80","17,177.80","17,177.80","17,177.80","17,177.80",36696,630356548.8,1,,-
2021-10-05,BAJAJFINSV,BL,"17,177.80","17,855.00","17,855.00","17,855.00","17,855.00","17,855.00","17,855.00",10402,185727710.0,1,,-
2021-10-06,BAJAJFINSV,EQ,"17,847.50","17,974.00","18,145.55","17,557.95","17,590.00","17,616.60","17,821.77",300421,5354033803.7,54223,70228.0,23.38
2021-10-07,BAJAJFINSV,EQ,"17,616.60","17,800.00","17,880.00","17,425.00","17,520.00","17,470.25","17,634.19",224100,3951822033.4,40788,71269.0,31.80
2021-10-08,BAJAJFINSV,EQ,"17,470.25","17,620.00","17,740.50","17,460.00","17,560.00","17,549.45","17,588.09",152238,2677575824.55,29658,22809.0,14.98
2021-10-11,BAJAJFINSV,EQ,"17,549.45","17,665.65","18,045.00","17,607.00","17,725.00","17,713.95","17,837.95",234090,4175684719.2,42382,55978.0,23.91
2021-10-12,BAJAJFINSV,EQ,"17,713.95","17,713.95","18,475.00","17,631.00","18,238.20","18,222.65","18,184.37",454592,8266469085.4,77619,98525.0,21.67
2021-10-13,BAJAJFINSV,EQ,"18,222.65","18,355.00","18,574.90","18,148.60","18,176.05","18,188.25","18,352.15",318388,5843105285.55,47844,76135.0,23.91
2021-10-14,BAJAJFINSV,EQ,"18,188.25","18,350.00","18,540.00","18,215.10","18,510.00","18,488.90","18,410.98",196805,3623372695.15,42492,51408.0,26.12
2021-10-18,BAJAJFINSV,EQ,"18,488.90","18,850.00","19,100.00","18,552.80","18,685.00","18,677.95","18,786.86",293948,5522360414.55,52531,81780.0,27.82
2021-10-19,BAJAJFINSV,EQ,"18,677.95","19,000.00","19,325.00","18,600.50","18,935.80","19,076.55","19,043.09",387846,7385786410.0,63984,65286.0,16.83
2021-10-20,BAJAJFINSV,EQ,"19,076.55","19,063.00","19,063.00","18,404.25","18,630.10","18,603.20","18,707.48",224798,4205404321.7,46565,57360.0,25.52
2021-10-21,BAJAJFINSV,EQ,"18,603.20","18,788.00","18,789.30","18,346.70","18,600.00","18,579.60","18,524.04",192533,3566488345.25,35627,49059.0,25.48
2021-10-22,BAJAJFINSV,EQ,"18,579.60","18,600.00","19,250.55","18,550.00","18,676.85","18,658.15","18,960.79",505330,9581455345.8,87576,87733.0,17.36
2021-10-25,BAJAJFINSV,EQ,"18,658.15","18,700.00","18,947.00","18,000.00","18,050.00","18,087.15","18,303.16",301804,5523967802.35,60044,96669.0,32.03
2021-10-26,BAJAJFINSV,EQ,"18,087.15","18,200.00","18,450.00","17,975.05","18,400.00","18,353.35","18,221.02",296749,5407068827.05,53475,85988.0,28.98
2021-10-27,BAJAJFINSV,EQ,"18,353.35","18,599.00","18,599.00","17,770.00","17,980.00","18,012.00","18,060.01",325301,5874939372.55,60650,79175.0,24.34
2021-10-28,BAJAJFINSV,EQ,"18,012.00","18,012.00","18,372.05","17,802.00","17,945.00","17,987.70","18,063.32",342550,6187589392.15,69447,27428.0,8.01
2021-10-29,BAJAJFINSV,EQ,"17,987.70","17,987.70","18,174.00","17,139.55","17,860.00","17,821.15","17,848.44",320536,5721069068.4,68932,38667.0,12.06
2021-11-01,BAJAJFINSV,EQ,"17,821.15","17,900.00","17,980.00","17,171.00","17,535.00","17,565.70","17,486.68",384929,6731130493.35,75129,74601.0,19.38
2021-11-02,BAJAJFINSV,EQ,"17,565.70","17,650.00","17,894.90","17,392.55","17,549.00","17,542.60","17,628.28",271929,4793640627.9,52262,55053.0,20.25
2021-11-03,BAJAJFINSV,EQ,"17,542.60","17,579.70","17,754.75","17,449.10","17,500.20","17,509.45","17,575.43",183802,3230398743.05,37811,38996.0,21.22
2021-11-04,BAJAJFINSV,EQ,"17,509.45","17,650.00","17,750.00","17,500.00","17,588.00","17,594.00","17,619.40",31506,555116929.0,8501,6373.0,20.23
2021-11-08,BAJAJFINSV,EQ,"17,594.00","17,650.90","18,392.95","17,515.00","18,330.30","18,319.75","18,039.08",316199,5703939263.3,56185,64167.0,20.29
2021-11-09,BAJAJFINSV,EQ,"18,319.75","18,320.00","18,475.00","18,080.00","18,150.00","18,172.50","18,228.65",198087,3610858701.75,38725,34052.0,17.19
2021-11-10,BAJAJFINSV,EQ,"18,172.50","18,142.50","18,375.00","18,002.50","18,295.00","18,326.15","18,240.57",178433,3254719563.4,35454,28704.0,16.09
2021-11-11,BAJAJFINSV,EQ,"18,326.15","18,250.00","18,350.00","17,810.00","17,877.00","17,871.35","17,954.86",215558,3870314579.1,40049,46390.0,21.52
2021-11-12,BAJAJFINSV,EQ,"17,871.35","18,135.00","18,349.00","17,925.05","18,259.95","18,273.80","18,135.08",207802,3768506195.55,35436,50000.0,24.06
2021-11-15,BAJAJFINSV,EQ,"18,273.80","18,275.00","18,345.00","18,000.00","18,155.00","18,130.50","18,124.50",170461,3089520834.55,29056,52165.0,30.60
2021-11-16,BAJAJFINSV,EQ,"18,130.50","18,230.00","18,511.00","18,118.75","18,192.15","18,209.75","18,324.35",218955,4012208578.2,37100,46814.0,21.38
2021-11-17,BAJAJFINSV,EQ,"18,209.75","18,185.00","18,420.00","18,111.90","18,249.00","18,255.40","18,302.43",146100,2673984741.2,27160,27428.0,18.77
2021-11-18,BAJAJFINSV,EQ,"18,255.40","18,256.00","18,472.00","17,811.20","17,925.00","17,921.25","18,115.96",274556,4973845140.45,50268,62165.0,22.64
2021-11-22,BAJAJFINSV,EQ,"17,921.25","18,140.00","18,140.00","16,830.05","17,059.00","17,073.75","17,288.94",370700,6409009132.5,71711,108756.0,29.34
2021-11-23,BAJAJFINSV,EQ,"17,073.75","16,880.00","17,437.85","16,757.25","17,365.00","17,368.10","17,235.72",251315,4331594923.65,50093,33967.0,13.52
2021-11-24,BAJAJFINSV,EQ,"17,368.10","17,432.00","17,647.00","17,140.40","17,320.00","17,408.70","17,416.79",274024,4772619062.85,47584,53192.0,19.41
2021-11-25,BAJAJFINSV,EQ,"17,408.70","17,349.00","17,522.00","17,225.25","17,360.00","17,368.85","17,370.95",161620,2807492558.75,32994,22689.0,14.04
2021-11-26,BAJAJFINSV,EQ,"17,368.85","17,200.00","17,237.20","16,610.00","16,684.00","16,682.55","16,841.20",342486,5767874522.45,64239,74651.0,21.80
2021-11-29,BAJAJFINSV,EQ,"16,682.55","16,670.00","17,098.00","16,273.65","16,880.10","16,890.40","16,811.16",304218,5114258039.25,60388,41336.0,13.59
2021-11-30,BAJAJFINSV,EQ,"16,890.40","16,880.00","17,500.00","16,880.00","17,240.00","17,237.35","17,261.58",458642,7916885306.1,78259,142337.0,31.03
2021-12-01,BAJAJFINSV,EQ,"17,237.35","17,444.00","17,546.70","17,201.00","17,400.00","17,382.95","17,360.58",238349,4137876173.85,51442,53426.0,22.42
2021-12-02,BAJAJFINSV,EQ,"17,382.95","17,400.00","17,890.00","17,273.45","17,800.00","17,758.15","17,572.02",213881,3758321652.85,38888,48228.0,22.55
2021-12-03,BAJAJFINSV,EQ,"17,758.15","17,750.00","17,889.75","17,450.00","17,501.25","17,488.70","17,631.97",203459,3587383776.55,35206,46875.0,23.04
2021-12-06,BAJAJFINSV,EQ,"17,488.70","17,487.00","17,598.95","16,851.00","16,917.00","16,893.45","17,126.34",203690,3488464821.5,36409,56556.0,27.77
2021-12-07,BAJAJFINSV,EQ,"16,893.45","17,140.00","17,250.00","16,931.70","17,112.00","17,109.00","17,109.97",230078,3936628071.7,39767,49361.0,21.45
2021-12-08,BAJAJFINSV,EQ,"17,109.00","17,166.00","17,674.25","17,166.00","17,600.00","17,621.65","17,511.99",284299,4978641466.6,54711,73227.0,25.76
2021-12-09,BAJAJFINSV,EQ,"17,621.65","17,625.35","17,771.90","17,487.00","17,601.00","17,596.60","17,606.32",210382,3704052968.65,37073,32771.0,15.58
2021-12-10,BAJAJFINSV,EQ,"17,596.60","17,580.00","17,763.55","17,300.65","17,682.00","17,711.10","17,510.71",233314,4085494744.95,36964,62698.0,26.87
2021-12-13,BAJAJFINSV,EQ,"17,711.10","17,750.00","17,835.95","17,250.00","17,338.00","17,324.00","17,465.92",219913,3840982127.6,39800,59119.0,26.88
2021-12-14,BAJAJFINSV,EQ,"17,324.00","17,200.00","17,260.00","16,865.00","17,160.00","17,123.50","17,076.18",242026,4132878712.85,51526,48996.0,20.24
2021-12-15,BAJAJFINSV,EQ,"17,123.50","17,169.00","17,214.95","16,620.00","16,690.00","16,660.70","16,818.51",253221,4258800013.95,49176,76549.0,30.23
2021-12-16,BAJAJFINSV,EQ,"16,660.70","16,870.00","16,950.00","16,575.00","16,710.00","16,703.35","16,712.45",325350,5437395644.2,61573,91383.0,28.09
2021-12-17,BAJAJFINSV,EQ,"16,703.35","16,650.00","16,850.00","16,133.00","16,191.00","16,204.20","16,311.83",305435,4982204468.95,62080,90705.0,29.7
2021-12-20,BAJAJFINSV,EQ,"16,204.20","15,940.00","15,940.00","15,450.00","15,770.05","15,826.20","15,670.38",337160,5283425460.55,64782,57964.0,17.19
2021-12-21,BAJAJFINSV,EQ,"15,826.20","16,150.00","16,150.00","15,677.00","15,835.65","15,831.95","15,939.80",336805,5368605469.8,53959,43065.0,12.79
2021-12-22,BAJAJFINSV,EQ,"15,831.95","15,931.00","16,184.95","15,830.00","15,938.00","15,945.90","15,960.29",261292,4170295126.3,40821,47267.0,18.09
2021-12-23,BAJAJFINSV,EQ,"15,945.90","16,100.00","16,219.55","16,026.50","16,140.00","16,169.90","16,131.03",181118,2921620402.9,34425,41811.0,23.08
2021-12-24,BAJAJFINSV,EQ,"16,169.90","16,250.00","16,250.00","15,800.00","15,915.25","15,920.55","15,935.55",208736,3326323676.2,32827,28629.0,13.72
2021-12-27,BAJAJFINSV,EQ,"15,920.55","15,610.35","16,139.95","15,561.05","16,041.00","16,013.10","15,916.93",235114,3742291959.75,37451,14155.0,6.02
2021-12-28,BAJAJFINSV,EQ,"16,013.10","16,172.35","16,249.00","16,021.65","16,100.30","16,100.85","16,133.03",145722,2350936682.45,24684,22293.0,15.3
2021-12-29,BAJAJFINSV,EQ,"16,100.85","16,100.30","16,330.00","15,966.00","16,215.00","16,249.05","16,209.62",172428,2794992558.6,26699,26984.0,15.65
2021-12-30,BAJAJFINSV,EQ,"16,249.05","16,200.00","16,281.80","15,974.50","16,212.00","16,167.55","16,089.81",283146,4555766350.6,42979,65350.0,23.08
2021-12-31,BAJAJFINSV,EQ,"16,167.55","16,197.55","16,500.00","16,170.00","16,451.60","16,406.20","16,387.63",230086,3770564473.15,37716,56866.0,24.72
2022-01-03,BAJAJFINSV,EQ,"16,406.20","16,406.50","17,040.00","16,406.50","16,960.00","16,981.30","16,823.19",271061,4560111238.65,43891,39677.0,14.64
2022-01-04,BAJAJFINSV,EQ,"16,981.30","17,099.00","17,190.00","16,852.10","17,100.00","17,135.45","17,067.01",230043,3926147038.05,38093,38581.0,16.77
2022-01-05,BAJAJFINSV,EQ,"17,135.45","17,100.00","18,050.00","17,100.00","17,983.30","17,988.40","17,775.07",608210,10810976454.4,85891,113767.0,18.71
2022-01-06,BAJAJFINSV,EQ,"17,988.40","17,701.00","18,080.00","17,701.00","17,955.10","17,986.50","17,884.58",351136,6279919703.6,57967,54798.0,15.61
2022-01-07,BAJAJFINSV,EQ,"17,986.50","18,075.00","18,142.95","17,580.00","17,723.60","17,756.90","17,820.26",322914,5754410641.9,54893,43584.0,13.5
2022-01-10,BAJAJFINSV,EQ,"17,756.90","17,800.00","18,000.00","17,730.65","17,779.95","17,798.80","17,859.09",169797,3032419085.1,32869,36380.0,21.43
2022-01-11,BAJAJFINSV,EQ,"17,798.80","17,700.00","17,935.05","17,621.10","17,800.00","17,799.50","17,780.03",164818,2930469117.45,31862,23256.0,14.11
2022-01-12,BAJAJFINSV,EQ,"17,799.50","17,900.00","18,190.00","17,750.00","17,890.00","17,935.30","17,993.40",223394,4019617727.6,40203,46275.0,20.71
2022-01-13,BAJAJFINSV,EQ,"17,935.30","17,997.70","18,274.90","17,900.00","18,200.00","18,225.00","18,130.48",248013,4496595692.8,35996,73591.0,29.67
2022-01-14,BAJAJFINSV,EQ,"18,225.00","18,044.00","18,333.45","18,000.00","18,161.30","18,209.70","18,213.26",155328,2829029031.2,26980,24642.0,15.86
2022-01-17,BAJAJFINSV,EQ,"18,209.70","18,290.00","18,435.00","18,221.00","18,350.00","18,370.60","18,338.94",135273,2480763842.55,26859,25753.0,19.04
2022-01-18,BAJAJFINSV,EQ,"18,370.60","18,376.85","18,558.75","18,100.05","18,155.10","18,153.55","18,350.16",205667,3774023131.7,38620,38656.0,18.8
2022-01-19,BAJAJFINSV,EQ,"18,153.55","18,240.00","18,621.00","17,875.35","18,054.45","18,077.30","18,229.39",348174,6346998536.05,64847,49365.0,14.18
2022-01-20,BAJAJFINSV,EQ,"18,077.30","18,075.00","18,262.00","17,080.00","17,250.00","17,258.95","17,538.30",544473,9549133228.2,103533,126539.0,23.24
2022-01-21,BAJAJFINSV,EQ,"17,258.95","17,000.00","17,095.00","16,220.00","16,379.95","16,335.20","16,547.67",558291,9238413072.05,108958,149410.0,26.76
2022-01-24,BAJAJFINSV,EQ,"16,335.20","16,388.50","16,433.95","15,444.00","15,660.00","15,707.15","15,787.16",473643,7477475774.3,99635,97872.0,20.66
2022-01-25,BAJAJFINSV,EQ,"15,707.15","15,550.50","15,682.45","15,250.30","15,484.00","15,528.95","15,500.14",409064,6340551030.95,77070,92757.0,22.68
2022-01-27,BAJAJFINSV,EQ,"15,528.95","15,386.00","15,570.40","15,012.00","15,379.35","15,359.85","15,258.07",349727,5336157723.1,75458,63609.0,18.19
2022-01-28,BAJAJFINSV,EQ,"15,359.85","15,601.00","15,787.65","15,150.00","15,190.00","15,198.75","15,484.62",350931,5434032730.55,65639,65286.0,18.6
2022-01-31,BAJAJFINSV,EQ,"15,198.75","15,590.00","15,741.00","15,329.70","15,700.10","15,689.55","15,579.62",312992,4876296241.9,58902,58200.0,18.59
2022-02-01,BAJAJFINSV,EQ,"15,689.55","15,828.95","16,014.95","15,500.00","15,924.15","15,903.85","15,853.93",357187,5662819153.25,71292,69927.0,19.58
2022-02-02,BAJAJFINSV,EQ,"15,903.85","16,030.10","16,750.00","15,925.00","16,696.05","16,706.00","16,559.75",525745,8706203332.85,84649,91443.0,17.39
2022-02-03,BAJAJFINSV,EQ,"16,706.00","16,706.00","16,717.00","16,263.70","16,320.00","16,348.10","16,555.64",289137,4786847321.35,51326,72797.0,25.18
2022-02-04,BAJAJFINSV,EQ,"16,348.10","16,348.00","16,469.35","16,145.00","16,160.00","16,205.75","16,289.75",294505,4797411821.45,50305,78332.0,26.6
2022-02-07,BAJAJFINSV,EQ,"16,205.75","16,160.00","16,364.05","15,650.00","15,732.00","15,711.35","15,925.53",356664,5680064825.55,66454,99435.0,27.88
2022-02-08,BAJAJFINSV,EQ,"15,711.35","15,810.00","16,119.80","15,720.00","15,978.00","15,989.15","15,927.24",410373,6536109438.35,87076,76410.0,18.62
2022-02-09,BAJAJFINSV,EQ,"15,989.15","16,180.00","16,414.90","16,120.00","16,268.25","16,257.80","16,275.89",251023,4085623236.05,51311,53249.0,21.21
2022-02-10,BAJAJFINSV,EQ,"16,257.80","16,344.90","16,550.00","16,033.00","16,394.00","16,393.60","16,368.61",299770,4906818140.95,58366,55925.0,18.66
2022-02-11,BAJAJFINSV,EQ,"16,393.60","16,000.00","16,200.00","15,910.00","16,119.95","16,113.10","16,104.67",244696,3940747457.35,49340,53305.0,21.78
2022-02-14,BAJAJFINSV,EQ,"16,113.10","15,805.00","15,887.95","15,451.00","15,650.00","15,674.15","15,708.00",296115,4651374923.8,54654,54723.0,18.48
2022-02-15,BAJAJFINSV,EQ,"15,674.15","15,890.00","16,427.50","15,649.00","16,385.10","16,375.25","16,018.34",359213,5753994346.65,67466,61242.0,17.05
2022-02-16,BAJAJFINSV,EQ,"16,375.25","16,428.00","16,589.90","16,190.10","16,255.00","16,272.45","16,388.17",273874,4488294585.85,52931,24507.0,8.95
2022-02-17,BAJAJFINSV,EQ,"16,272.45","16,366.00","16,418.30","16,081.00","16,178.70","16,181.20","16,245.55",214433,3483582292.65,41817,19749.0,9.21
2022-02-18,BAJAJFINSV,EQ,"16,181.20","16,061.00","16,289.00","16,025.85","16,082.00","16,096.55","16,165.47",174327,2818077936.45,35662,21875.0,12.55
2022-02-21,BAJAJFINSV,EQ,"16,096.55","16,038.00","16,238.15","15,780.00","15,988.00","16,012.25","16,000.21",227592,3641519700.25,43038,25641.0,11.27
2022-02-22,BAJAJFINSV,EQ,"16,012.25","15,300.00","16,270.00","15,275.00","16,201.00","16,189.45","15,902.65",322374,5126600317.9,65932,63013.0,19.55
2022-02-23,BAJAJFINSV,EQ,"16,189.45","16,390.00","16,390.00","16,035.05","16,048.85","16,133.60","16,227.12",241830,3924204032.45,46829,79712.0,32.96
2022-02-24,BAJAJFINSV,EQ,"16,133.60","15,600.00","15,895.90","15,200.00","15,250.00","15,245.20","15,533.06",361563,5616180420.9,73228,80072.0,22.15
2022-02-25,BAJAJFINSV,EQ,"15,245.20","15,788.00","16,065.00","15,570.00","15,760.00","15,772.15","15,814.55",320337,5065986158.55,56356,74662.0,23.31
2022-02-28,BAJAJFINSV,EQ,"15,772.15","15,700.00","16,084.85","15,365.00","16,000.00","16,012.55","15,739.98",373257,5875056798.9,67030,77737.0,20.83
2022-03-02,BAJAJFINSV,EQ,"16,012.55","15,705.00","16,157.15","15,632.00","16,070.00","16,053.00","15,844.20",281715,4463548371.95,58311,59150.0,21.0
2022-03-03,BAJAJFINSV,EQ,"16,053.00","16,300.00","16,347.95","15,646.80","15,680.00","15,704.10","15,894.61",340014,5404389575.4,58555,61523.0,18.09
2022-03-04,BAJAJFINSV,EQ,"15,704.10","15,590.00","15,672.30","15,212.00","15,311.00","15,333.20","15,426.71",338059,5215137385.15,65983,60200.0,17.81
2022-03-07,BAJAJFINSV,EQ,"15,333.20","14,994.00","14,994.00","13,799.90","14,390.00","14,373.20","14,527.58",371521,5397300002.4,91926,98830.0,26.6
2022-03-08,BAJAJFINSV,EQ,"14,373.20","14,400.00","14,525.00","13,951.05","14,435.50","14,450.70","14,283.98",462569,6607325239.95,94017,110129.0,23.81
2022-03-09,BAJAJFINSV,EQ,"14,450.70","14,501.10","15,199.55","14,400.00","15,028.00","15,015.20","14,808.42",391341,5795143561.9,77581,86270.0,22.04
2022-03-10,BAJAJFINSV,EQ,"15,015.20","15,649.00","15,850.00","15,305.05","15,478.00","15,467.45","15,606.58",476405,7435050940.0,83323,110571.0,23.21
2022-03-11,BAJAJFINSV,EQ,"15,467.45","15,400.00","15,750.00","15,280.00","15,550.00","15,569.00","15,588.22",329632,5138375406.65,60369,57426.0,17.42
2022-03-14,BAJAJFINSV,EQ,"15,569.00","15,475.60","15,735.00","15,411.50","15,719.90","15,678.50","15,604.89",285201,4450529621.7,54324,50521.0,17.71
2022-03-15,BAJAJFINSV,EQ,"15,678.50","15,749.00","15,950.00","15,534.05","15,684.65","15,708.90","15,754.42",296511,4671358665.4,59391,56524.0,19.06
2022-03-16,BAJAJFINSV,EQ,"15,708.90","15,900.60","16,240.00","15,851.05","16,071.00","16,124.85","16,101.37",298317,4803312354.45,49730,60446.0,20.26
2022-03-17,BAJAJFINSV,EQ,"16,124.85","16,399.00","16,589.00","16,255.00","16,344.00","16,370.80","16,429.70",402068,6605855584.65,54788,146373.0,36.41
2022-03-21,BAJAJFINSV,EQ,"16,370.80","16,399.95","16,443.95","16,150.00","16,182.00","16,180.80","16,250.74",201635,3276718433.15,29887,42951.0,21.30
2022-03-22,BAJAJFINSV,EQ,"16,180.80","16,250.00","16,590.00","15,951.00","16,570.50","16,494.60","16,262.71",265279,4314156572.6,44503,45978.0,17.33
2022-03-23,BAJAJFINSV,EQ,"16,494.60","16,600.00","16,728.75","16,344.20","16,370.00","16,407.35","16,521.63",229079,3784758826.45,40329,43867.0,19.15
2022-03-24,BAJAJFINSV,EQ,"16,407.35","16,350.00","16,512.00","16,270.00","16,333.00","16,378.70","16,411.71",183924,3018507777.35,34803,32584.0,17.72
2022-03-25,BAJAJFINSV,EQ,"16,378.70","16,500.00","16,500.00","16,240.15","16,320.75","16,333.30","16,356.79",147748,2416683552.2,31050,24730.0,16.74
2022-03-28,BAJAJFINSV,EQ,"16,333.30","16,400.00","16,560.00","16,101.05","16,472.10","16,518.95","16,363.47",175187,2866666506.5,33084,23656.0,13.50
2022-03-29,BAJAJFINSV,EQ,"16,518.95","16,536.00","16,620.00","16,423.15","16,509.00","16,501.70","16,516.50",198138,3272546175.05,36159,40916.0,20.65
2022-03-30,BAJAJFINSV,EQ,"16,501.70","16,600.00","17,249.85","16,531.00","17,045.05","17,128.90","17,019.38",454764,7739801964.9,72543,113851.0,25.04
2022-03-31,BAJAJFINSV,EQ,"17,128.90","17,100.00","17,300.00","16,982.00","17,027.00","17,060.45","17,135.30",298692,5118176251.4,50696,48251.0,16.15
2022-04-01,BAJAJFINSV,EQ,"17,060.45","17,030.00","17,200.00","17,011.20","17,150.00","17,139.20","17,115.78",210141,3596726777.35,29747,34789.0,16.56
2022-04-04,BAJAJFINSV,EQ,"17,139.20","17,199.00","17,480.00","16,955.25","17,179.00","17,196.35","17,205.95",324394,5581508557.3,49065,68689.0,21.17
2022-04-05,BAJAJFINSV,EQ,"17,196.35","17,220.00","17,300.00","16,758.55","16,790.00","16,818.85","16,942.67",385537,6532026726.0,62546,134272.0,34.83
2022-04-06,BAJAJFINSV,EQ,"16,818.85","16,818.85","16,899.10","16,651.00","16,700.00","16,720.00","16,742.33",246552,4127853859.3,35409,95845.0,38.87
2022-04-07,BAJAJFINSV,EQ,"16,720.00","16,650.00","16,700.00","16,480.00","16,570.00","16,553.90","16,574.59",216790,3593206357.7,41323,59399.0,27.40
2022-04-08,BAJAJFINSV,EQ,"16,553.90","16,700.00","16,840.00","16,517.30","16,748.00","16,749.00","16,665.36",213383,3556104065.35,31646,52018.0,24.38
2022-04-11,BAJAJFINSV,EQ,"16,749.00","16,675.00","16,845.45","16,550.05","16,570.00","16,577.85","16,658.46",169686,2826707822.6,25514,29705.0,17.51
2022-04-12,BAJAJFINSV,EQ,"16,577.85","16,502.00","16,502.00","16,222.10","16,300.10","16,318.05","16,340.73",247647,4046731794.0,41629,80310.0,32.43
2022-04-13,BAJAJFINSV,EQ,"16,318.05","16,404.00","16,500.00","16,050.00","16,096.95","16,090.05","16,238.78",248390,4033549620.4,46235,80679.0,32.48
2022-04-18,BAJAJFINSV,EQ,"16,090.05","16,040.00","16,040.00","15,654.35","15,839.25","15,827.25","15,798.49",281889,4453421904.85,48685,85992.0,30.51
2022-04-19,BAJAJFINSV,EQ,"15,827.25","15,999.00","16,080.00","15,591.50","15,630.00","15,720.55","15,842.20",259696,4114155809.6,41472,82088.0,31.61
2022-04-20,BAJAJFINSV,EQ,"15,720.55","15,721.00","15,799.95","15,323.30","15,520.00","15,509.30","15,590.40",251707,3924211611.65,45089,62742.0,24.93
2022-04-21,BAJAJFINSV,EQ,"15,509.30","15,601.00","16,021.00","15,592.65","15,869.00","15,835.75","15,807.34",236489,3738263083.45,39227,58333.0,24.67
2022-04-22,BAJAJFINSV,EQ,"15,835.75","15,700.05","15,748.50","15,430.00","15,450.80","15,454.20","15,559.94",214876,3343457454.65,34964,58953.0,27.44
2022-04-25,BAJAJFINSV,EQ,"15,454.20","15,350.00","15,400.00","15,200.00","15,312.00","15,265.15","15,280.06",164219,2509276985.65,29359,29967.0,18.25
2022-04-26,BAJAJFINSV,EQ,"15,265.15","15,550.00","15,633.25","15,300.05","15,439.95","15,434.35","15,428.78",220638,3404175977.35,36515,61667.0,27.95
2022-04-27,BAJAJFINSV,EQ,"15,434.35","15,341.10","15,341.10","14,751.35","14,842.00","14,826.40","14,937.01",341192,5096387663.1,64181,90923.0,26.65
2022-04-28,BAJAJFINSV,EQ,"14,826.40","15,000.00","15,250.00","14,660.65","15,034.85","15,011.85","14,953.85",347500,5196462229.65,63935,74950.0,21.57
2022-04-29,BAJAJFINSV,EQ,"15,011.85","15,280.00","15,280.00","14,850.00","14,900.00","14,911.15","15,097.18",221107,3338091829.95,39323,42641.0,19.29
2022-05-02,BAJAJFINSV,EQ,"14,911.15","14,612.85","15,022.75","14,600.05","14,921.15","14,957.45","14,823.75",190798,2828342151.25,38115,39980.0,20.95
2022-05-04,BAJAJFINSV,EQ,"14,957.45","14,957.35","15,058.75","14,270.00","14,337.60","14,322.45","14,576.01",316404,4611907632.05,61394,67089.0,21.20
2022-05-05,BAJAJFINSV,EQ,"14,322.45","14,499.00","14,711.00","14,050.00","14,109.85","14,139.25","14,375.90",296928,4268608683.3,52795,48610.0,16.37
2022-05-06,BAJAJFINSV,EQ,"14,139.25","13,800.00","13,895.30","13,510.00","13,668.00","13,640.50","13,669.32",351616,4806351646.15,76953,81409.0,23.15
2022-05-09,BAJAJFINSV,EQ,"13,640.50","13,540.00","14,011.65","13,362.85","13,814.95","13,783.85","13,767.26",403409,5553835269.7,66802,105139.0,26.06
2022-05-10,BAJAJFINSV,EQ,"13,783.85","13,820.00","13,979.20","13,562.00","13,610.55","13,630.10","13,770.68",256312,3529590416.95,43737,60703.0,23.68
2022-05-11,BAJAJFINSV,EQ,"13,630.10","13,725.00","13,830.65","13,152.05","13,330.00","13,329.80","13,437.73",291848,3921776077.2,54652,54731.0,18.75
2022-05-12,BAJAJFINSV,EQ,"13,329.80","13,269.00","13,269.00","12,750.00","12,840.00","12,850.70","12,930.19",325696,4211311859.75,71972,82178.0,25.23
2022-05-13,BAJAJFINSV,EQ,"12,850.70","13,129.00","13,234.75","12,575.00","12,585.95","12,608.30","12,916.60",348764,4504846377.95,73245,83450.0,23.93
2022-05-16,BAJAJFINSV,EQ,"12,608.30","12,700.00","12,778.70","12,450.00","12,668.35","12,655.25","12,648.08",434004,5489315825.1,53695,178696.0,41.17
2022-05-17,BAJAJFINSV,EQ,"12,655.25","12,704.80","13,020.70","12,630.00","12,975.00","12,972.10","12,824.41",428606,5496616966.8,56667,169197.0,39.48
2022-05-18,BAJAJFINSV,EQ,"12,972.10","13,080.00","13,149.65","12,610.05","12,754.90","12,762.15","12,862.76",374054,4811366227.35,62116,73748.0,19.72
2022-05-19,BAJAJFINSV,EQ,"12,762.15","12,481.90","12,551.95","12,173.80","12,430.00","12,413.85","12,362.71",286401,3540691726.05,57218,37953.0,13.25
2022-05-20,BAJAJFINSV,EQ,"12,413.85","12,639.00","12,699.00","12,431.65","12,545.15","12,561.70","12,572.56",323330,4065084951.0,52232,63175.0,19.54
2022-05-23,BAJAJFINSV,EQ,"12,561.70","12,650.00","12,794.00","12,500.00","12,559.00","12,572.90","12,693.15",278886,3539942604.9,39560,74831.0,26.83
2022-05-24,BAJAJFINSV,EQ,"12,572.90","12,590.00","12,621.80","12,287.75","12,385.00","12,357.30","12,422.17",255475,3173552972.1,41843,52111.0,20.40
2022-05-25,BAJAJFINSV,EQ,"12,357.30","12,445.00","12,588.10","12,333.00","12,400.00","12,406.05","12,439.52",217599,2706826150.55,32145,37170.0,17.08
2022-05-26,BAJAJFINSV,EQ,"12,406.05","12,450.00","12,585.00","12,062.25","12,557.00","12,477.75","12,324.71",379204,4673578039.35,62152,64107.0,16.91
2022-05-27,BAJAJFINSV,EQ,"12,477.75","12,650.00","12,890.00","12,604.55","12,800.00","12,758.40","12,765.78",329534,4206758565.25,53383,69386.0,21.06
2022-05-30,BAJAJFINSV,EQ,"12,758.40","12,924.00","12,990.00","12,837.00","12,940.00","12,924.05","12,920.10",280392,3622692525.95,40322,75589.0,26.96
2022-05-31,BAJAJFINSV,EQ,"12,924.05","12,924.05","13,111.95","12,773.60","12,959.00","12,934.00","12,953.65",419919,5439481923.95,61573,144307.0,34.37
2022-06-01,BAJAJFINSV,EQ,"12,934.00","12,959.00","13,024.95","12,532.00","12,585.00","12,596.60","12,738.00",281233,3582344759.1,46557,83557.0,29.71
2022-06-02,BAJAJFINSV,EQ,"12,596.60","12,544.00","13,030.00","12,450.05","13,025.00","12,936.00","12,809.27",366146,4690061457.35,57366,89199.0,24.36
2022-06-03,BAJAJFINSV,EQ,"12,936.00","13,100.00","13,220.00","12,652.05","12,695.00","12,691.60","12,964.59",317180,4112109189.0,47936,86912.0,27.40
2022-06-06,BAJAJFINSV,EQ,"12,691.60","12,689.00","12,689.00","12,282.05","12,538.00","12,516.40","12,437.81",309747,3852573902.9,53344,93441.0,30.17
2022-06-07,BAJAJFINSV,EQ,"12,516.40","12,440.00","12,449.95","12,232.35","12,319.00","12,338.70","12,329.88",176548,2176816165.8,31270,41216.0,23.35
2022-06-08,BAJAJFINSV,EQ,"12,338.70","12,411.00","12,645.00","12,250.00","12,418.35","12,465.00","12,456.23",236843,2950169987.0,41295,37676.0,15.91
2022-06-09,BAJAJFINSV,EQ,"12,465.00","12,325.50","12,517.95","12,255.00","12,455.00","12,471.00","12,424.62",174239,2164853107.6,30267,43955.0,25.23
2022-06-10,BAJAJFINSV,EQ,"12,471.00","12,300.00","12,380.95","12,175.65","12,220.00","12,253.50","12,273.18",290670,3567446545.35,35733,150752.0,51.86
2022-06-13,BAJAJFINSV,EQ,"12,253.50","12,000.00","12,000.00","11,350.00","11,428.00","11,386.05","11,558.42",487732,5637413382.5,90338,156697.0,32.13
2022-06-14,BAJAJFINSV,EQ,"11,386.05","11,385.00","11,577.65","11,265.05","11,356.00","11,336.50","11,426.75",366948,4193024056.65,70688,84431.0,23.01
2022-06-15,BAJAJFINSV,EQ,"11,336.50","11,400.00","11,870.00","11,400.00","11,815.00","11,809.70","11,714.58",496289,5813818722.65,71849,73380.0,14.79
2022-06-16,BAJAJFINSV,EQ,"11,809.70","12,025.00","12,069.80","11,411.05","11,450.00","11,471.90","11,688.84",394041,4605881226.25,59598,53450.0,13.56
2022-06-17,BAJAJFINSV,EQ,"11,471.90","11,360.05","11,864.40","11,350.00","11,788.00","11,754.85","11,680.75",419362,4898460587.2,67481,55516.0,13.24
2022-06-20,BAJAJFINSV,EQ,"11,754.85","11,850.00","11,850.00","11,532.05","11,710.00","11,709.65","11,702.93",242858,2842149829.3,40801,23873.0,9.83
2022-06-21,BAJAJFINSV,EQ,"11,709.65","11,843.80","11,927.40","11,679.90","11,731.35","11,749.90","11,796.02",307918,3632207442.85,41963,94681.0,30.75
2022-06-22,BAJAJFINSV,EQ,"11,749.90","11,700.00","11,700.00","11,350.00","11,453.00","11,435.55","11,448.03",284833,3260775769.3,41962,56930.0,19.99
2022-06-23,BAJAJFINSV,EQ,"11,435.55","11,537.50","11,589.00","11,314.85","11,566.00","11,552.85","11,502.45",253553,2916481740.3,43883,49043.0,19.34
2022-06-24,BAJAJFINSV,EQ,"11,552.85","11,660.00","11,685.95","11,430.00","11,585.55","11,582.95","11,573.97",366291,4239441194.3,46123,146800.0,40.08
2022-06-27,BAJAJFINSV,EQ,"11,582.95","11,780.00","11,780.00","11,550.00","11,580.00","11,595.15","11,676.65",246370,2876776917.25,37053,86367.0,35.06
2022-06-28,BAJAJFINSV,EQ,"11,595.15","11,547.55","11,550.00","11,290.00","11,370.00","11,364.45","11,370.60",349057,3968986130.85,56387,111340.0,31.90
2022-06-29,BAJAJFINSV,EQ,"11,364.45","11,200.00","11,248.95","11,040.50","11,089.95","11,109.75","11,156.84",390273,4354211676.55,61783,117241.0,30.04
2022-06-30,BAJAJFINSV,EQ,"11,109.75","11,149.00","11,196.00","10,909.00","10,923.00","10,931.75","11,021.08",348184,3837363905.1,64333,105200.0,30.21
2022-07-01,BAJAJFINSV,EQ,"10,931.75","10,920.00","11,343.00","10,727.20","11,315.00","11,322.55","11,179.85",408983,4572367209.7,61114,109220.0,26.71
2022-07-04,BAJAJFINSV,EQ,"11,322.55","11,310.00","11,443.00","11,215.20","11,395.10","11,388.30","11,353.47",300425,3410866170.2,48966,110182.0,36.68
2022-07-05,BAJAJFINSV,EQ,"11,388.30","11,479.75","11,748.00","11,409.75","11,529.00","11,524.70","11,609.67",422348,4903321621.9,62519,129019.0,30.55
2022-07-06,BAJAJFINSV,EQ,"11,524.70","11,535.00","12,070.00","11,530.00","12,069.00","12,028.50","11,830.81",478294,5658605293.6,73835,123671.0,25.86
2022-07-07,BAJAJFINSV,EQ,"12,028.50","12,168.00","12,200.00","11,850.00","11,958.00","11,967.35","11,949.58",272925,3261338806.95,43054,57832.0,21.19
2022-07-08,BAJAJFINSV,EQ,"11,967.35","12,050.00","12,127.30","11,880.00","12,007.00","12,003.10","11,954.44",169011,2020431496.15,26701,44156.0,26.13
2022-07-11,BAJAJFINSV,EQ,"12,003.10","11,895.00","12,046.55","11,839.55","11,917.00","11,938.15","11,938.08",161368,1926423547.35,25353,35861.0,22.22
2022-07-12,BAJAJFINSV,EQ,"11,938.15","11,880.00","11,990.00","11,741.00","11,821.00","11,864.75","11,841.15",227244,2690830434.1,37731,47950.0,21.10
2022-07-13,BAJAJFINSV,EQ,"11,864.75","11,891.00","12,120.00","11,720.00","11,760.00","11,770.20","11,915.10",267249,3184297235.9,41379,62838.0,23.51
2022-07-14,BAJAJFINSV,EQ,"11,770.20","11,863.15","11,956.80","11,632.70","11,718.85","11,726.25","11,817.58",240544,2842648555.65,38131,36214.0,15.06
2022-07-15,BAJAJFINSV,EQ,"11,726.25","11,797.00","11,870.80","11,680.00","11,831.00","11,840.25","11,768.00",171104,2013552475.4,27221,24270.0,14.18
2022-07-18,BAJAJFINSV,EQ,"11,840.25","11,940.00","12,286.60","11,920.05","12,255.00","12,250.00","12,129.40",283483,3438477894.4,40709,65612.0,23.14
2022-07-19,BAJAJFINSV,EQ,"12,250.00","12,200.00","12,470.00","12,093.05","12,460.00","12,444.80","12,346.35",423063,5223284343.2,54741,116863.0,27.62
2022-07-20,BAJAJFINSV,EQ,"12,444.80","12,638.00","12,638.00","12,372.00","12,382.85","12,420.75","12,513.96",272147,3405636945.15,43406,83106.0,30.54
2022-07-21,BAJAJFINSV,EQ,"12,420.75","12,400.00","12,757.35","12,381.05","12,739.00","12,716.45","12,584.85",271330,3414647047.0,36138,73489.0,27.08
2022-07-22,BAJAJFINSV,EQ,"12,716.45","12,825.65","12,865.00","12,657.70","12,724.55","12,754.25","12,740.19",302422,3852913779.85,45852,100577.0,33.26
2022-07-25,BAJAJFINSV,EQ,"12,754.25","12,700.00","12,794.95","12,570.00","12,592.00","12,619.55","12,659.59",174702,2211656196.0,30015,35418.0,20.27
2022-07-26,BAJAJFINSV,EQ,"12,619.55","13,000.00","13,548.85","12,790.00","13,292.05","13,313.00","13,198.64",1327024,17514917581.8,173312,188427.0,14.20
2022-07-27,BAJAJFINSV,EQ,"13,313.00","13,349.95","13,388.95","13,009.55","13,338.00","13,307.05","13,199.33",533966,7047996090.85,76846,105863.0,19.83
2022-07-28,BAJAJFINSV,EQ,"13,307.05","13,507.00","15,223.25","13,507.00","14,650.00","14,642.05","14,322.93",1627626,23312372022.65,250533,340008.0,20.89
2022-07-29,BAJAJFINSV,EQ,"14,642.05","15,000.00","15,201.00","14,812.15","15,007.00","15,047.60","15,040.71",1044235,15706035702.0,138309,208493.0,19.97
2022-08-01,BAJAJFINSV,EQ,"15,047.60","15,199.95","15,250.00","14,931.00","15,061.30","15,073.10","15,032.89",432016,6494448204.3,67140,100167.0,23.19
2022-08-02,BAJAJFINSV,EQ,"15,073.10","15,000.00","15,290.00","14,861.35","15,170.00","15,224.15","15,129.89",424893,6428584990.15,63863,68247.0,16.06
2022-08-03,BAJAJFINSV,EQ,"15,224.15","15,210.00","15,338.00","15,115.35","15,225.00","15,243.90","15,218.15",309650,4712298877.85,48164,57546.0,18.58
2022-08-04,BAJAJFINSV,EQ,"15,243.90","15,349.00","15,406.95","15,055.00","15,176.00","15,185.30","15,241.34",311361,4745557331.05,47447,66690.0,21.42
2022-08-05,BAJAJFINSV,EQ,"15,185.30","15,176.00","15,251.00","15,023.40","15,055.00","15,085.85","15,161.54",207847,3151280498.1,36220,62650.0,30.14
2022-08-08,BAJAJFINSV,EQ,"15,085.85","15,065.00","15,589.00","15,040.75","15,528.50","15,530.65","15,398.54",487073,7500215075.1,65527,130049.0,26.70
2022-08-10,BAJAJFINSV,EQ,"15,530.65","15,530.00","15,674.00","15,426.00","15,648.00","15,643.20","15,575.73",442548,6893010272.6,57050,143380.0,32.40
2022-08-11,BAJAJFINSV,EQ,"15,643.20","15,930.00","15,930.00","15,701.20","15,725.00","15,736.95","15,798.23",253651,4007236627.0,41434,71985.0,28.38
2022-08-12,BAJAJFINSV,EQ,"15,736.95","15,770.00","15,888.40","15,680.00","15,763.00","15,765.45","15,796.63",205251,3242274980.75,32269,44162.0,21.52
2022-08-16,BAJAJFINSV,EQ,"15,765.45","15,815.00","15,970.00","15,810.00","15,930.00","15,915.75","15,911.70",152219,2422063285.5,24360,38993.0,25.62
2022-08-17,BAJAJFINSV,EQ,"15,915.75","15,977.00","17,141.50","15,930.00","16,805.00","16,840.30","16,721.82",943581,15778390417.95,137830,125010.0,13.25
2022-08-18,BAJAJFINSV,EQ,"16,840.30","16,880.00","16,989.00","16,620.65","16,826.05","16,805.90","16,795.17",361659,6074124116.7,61881,61393.0,16.98
2022-08-19,BAJAJFINSV,EQ,"16,805.90","16,880.00","16,947.00","16,125.00","16,285.00","16,287.60","16,462.43",512683,8440008232.65,83140,102821.0,20.06
2022-08-22,BAJAJFINSV,EQ,"16,287.60","16,288.00","16,298.75","15,815.85","15,885.00","15,871.70","15,993.40",372201,5952758705.85,62726,74161.0,19.92
2022-08-23,BAJAJFINSV,EQ,"15,871.70","15,799.90","16,520.50","15,671.70","16,350.10","16,303.90","16,267.03",706407,11491145871.05,101217,94876.0,13.43
2022-08-24,BAJAJFINSV,EQ,"16,303.90","16,295.00","16,426.40","16,180.25","16,311.00","16,333.85","16,298.50",264919,4317781049.3,42365,50956.0,19.23
2022-08-25,BAJAJFINSV,EQ,"16,333.85","16,415.55","16,595.00","16,200.00","16,220.00","16,246.30","16,411.30",369315,6060937923.8,52313,95108.0,25.75
2022-08-26,BAJAJFINSV,EQ,"16,246.30","16,423.00","16,506.55","16,256.35","16,325.00","16,286.00","16,350.49",207178,3387461049.3,30516,42428.0,20.48
2022-08-29,BAJAJFINSV,EQ,"16,286.00","15,726.00","16,190.00","15,711.00","16,125.10","16,086.40","16,021.99",307940,4933811567.35,50583,55655.0,18.07
2022-08-30,BAJAJFINSV,EQ,"16,086.40","16,390.00","17,000.00","16,370.00","16,958.75","16,962.15","16,831.75",766144,12895543724.45,111898,213335.0,27.85
2022-09-01,BAJAJFINSV,EQ,"16,962.15","16,810.00","17,686.95","16,804.50","17,440.00","17,406.40","17,398.24",1017192,17697354931.5,158118,190279.0,18.71
2022-09-02,BAJAJFINSV,EQ,"17,406.40","17,695.00","17,845.00","17,250.00","17,330.00","17,329.25","17,437.71",694408,12108883522.6,107950,114751.0,16.53
2022-09-05,BAJAJFINSV,EQ,"17,329.25","17,420.00","17,528.90","17,205.05","17,394.00","17,376.10","17,362.71",370053,6425123521.4,56557,76405.0,20.65
2022-09-06,BAJAJFINSV,EQ,"17,376.10","17,425.00","17,486.00","16,931.30","17,007.00","16,968.95","17,139.66",507798,8703485511.85,83470,135693.0,26.72
2022-09-07,BAJAJFINSV,EQ,"16,968.95","16,950.00","17,144.00","16,810.30","17,060.00","17,055.60","17,010.52",320773,5456515854.9,55354,74317.0,23.17
2022-09-08,BAJAJFINSV,EQ,"17,055.60","17,280.00","17,490.00","17,042.00","17,405.00","17,382.85","17,217.98",430117,7405747979.15,71654,172190.0,40.03
2022-09-09,BAJAJFINSV,EQ,"17,382.85","17,550.00","17,585.00","17,154.05","17,220.00","17,205.65","17,319.83",395730,6853975012.25,67648,139406.0,35.23
2022-09-12,BAJAJFINSV,EQ,"17,205.65","17,380.00","17,420.00","17,052.20","17,238.25","17,138.05","17,242.88",425082,7329636355.6,73755,174572.0,41.07
2022-09-13,BAJAJFINSV,EQ,"17,138.05","1,755.00","1,844.00","1,750.00","1,795.10","1,784.75","1,796.75",10413183,18709917795.8,405245,2917613.0,28.02
2022-09-14,BAJAJFINSV,EQ,"1,784.75","1,769.00","1,813.45","1,752.00","1,809.50","1,805.35","1,790.85",3784309,6777131571.8,150999,994023.0,26.27
2022-09-15,BAJAJFINSV,EQ,"1,805.35","1,815.00","1,823.95","1,770.00","1,772.10","1,772.20","1,784.36",3051984,5445845201.5,139451,1333912.0,43.71
2022-09-16,BAJAJFINSV,EQ,"1,772.20","1,772.20","1,785.50","1,712.00","1,736.00","1,734.90","1,748.81",3277213,5731209366.75,160580,1498724.0,45.73
2022-09-19,BAJAJFINSV,EQ,"1,734.90","1,738.55","1,779.30","1,737.00","1,764.00","1,765.95","1,764.90",2309647,4076302569.25,133198,687437.0,29.76
2022-09-20,BAJAJFINSV,EQ,"1,765.95","1,785.00","1,812.95","1,780.00","1,800.45","1,799.60","1,801.68",2832208,5102723718.8,90192,1353072.0,47.77
2022-09-21,BAJAJFINSV,EQ,"1,799.60","1,800.00","1,820.00","1,778.05","1,803.15","1,802.00","1,800.16",2080898,3745952361.05,77977,720330.0,34.62
2022-09-22,BAJAJFINSV,EQ,"1,802.00","1,786.80","1,788.00","1,733.00","1,778.95","1,772.35","1,763.93",4480817,7903849413.15,155420,1535947.0,34.28
2022-09-23,BAJAJFINSV,EQ,"1,772.35","1,772.00","1,778.20","1,714.40","1,722.95","1,721.90","1,742.86",2759913,4810143189.35,119038,1049133.0,38.01
2022-09-26,BAJAJFINSV,EQ,"1,721.90","1,700.00","1,745.10","1,661.50","1,677.00","1,676.80","1,697.23",4915173,8342197548.35,146939,1793986.0,36.50
2022-09-27,BAJAJFINSV,EQ,"1,676.80","1,688.50","1,715.75","1,665.00","1,685.00","1,679.55","1,684.02",2624336,4419439499.9,95779,716905.0,27.32
2022-09-28,BAJAJFINSV,EQ,"1,679.55","1,670.00","1,678.90","1,645.25","1,647.00","1,652.20","1,662.32",2114266,3514592375.4,91732,775638.0,36.69
2022-09-29,BAJAJFINSV,EQ,"1,652.20","1,671.95","1,685.00","1,628.00","1,632.90","1,635.90","1,653.72",2418856,4000112264.35,123313,1008472.0,41.69
2022-09-30,BAJAJFINSV,EQ,"1,635.90","1,625.75","1,699.00","1,621.00","1,689.00","1,678.35","1,669.61",2788387,4655532308.5,105000,1039017.0,37.26
2022-10-03,BAJAJFINSV,BL,"15,085.85","1,678.35","1,678.35","1,678.35","1,678.35","1,678.35","1,678.35",568638,954373587.3,1,,-
2022-10-04,BAJAJFINSV,EQ,"1,646.60","1,682.00","1,705.00","1,670.05","1,702.90","1,701.15","1,688.24",1806381,3049602775.9,67335,741836.0,41.07
2022-10-06,BAJAJFINSV,EQ,"1,701.15","1,718.00","1,724.15","1,694.90","1,711.70","1,710.55","1,706.70",1661891,2836343071.75,83029,648464.0,39.02
2022-10-07,BAJAJFINSV,EQ,"1,710.55","1,708.00","1,709.85","1,684.50","1,699.50","1,699.00","1,696.70",1150275,1951676440.95,52651,401543.0,34.91
2022-10-10,BAJAJFINSV,EQ,"1,699.00","1,675.30","1,693.95","1,657.00","1,685.40","1,684.40","1,676.99",1229639,2062097798.35,58873,313142.0,25.47
2022-10-11,BAJAJFINSV,EQ,"1,684.40","1,684.40","1,707.05","1,665.00","1,670.85","1,672.65","1,689.34",1402150,2368713768.5,62376,439030.0,31.31
2022-10-12,BAJAJFINSV,EQ,"1,672.65","1,681.05","1,701.60","1,667.40","1,694.00","1,694.65","1,686.86",1538819,2595779558.65,57364,477717.0,31.04
2022-10-13,BAJAJFINSV,EQ,"1,694.65","1,692.95","1,694.55","1,666.45","1,681.70","1,681.75","1,678.31",1065166,1787684010.55,41097,248944.0,23.37
2022-10-14,BAJAJFINSV,EQ,"1,681.75","1,709.00","1,709.00","1,685.10","1,690.00","1,688.30","1,695.57",1239168,2101099185.15,44289,387881.0,31.30
2022-10-17,BAJAJFINSV,EQ,"1,688.30","1,684.00","1,725.00","1,674.00","1,723.80","1,719.25","1,705.48",1551410,2645902221.7,60407,581884.0,37.51
2022-10-18,BAJAJFINSV,EQ,"1,719.25","1,730.00","1,736.25","1,712.00","1,726.00","1,726.25","1,724.86",1661431,2865731305.55,70746,680073.0,40.93
2022-10-19,BAJAJFINSV,EQ,"1,726.25","1,725.00","1,731.00","1,692.40","1,699.50","1,698.80","1,711.79",1804532,3088971377.85,61526,826905.0,45.82
2022-10-20,BAJAJFINSV,EQ,"1,698.80","1,687.00","1,730.00","1,676.50","1,727.50","1,725.70","1,707.82",1438398,2456524516.2,49634,475487.0,33.06
2022-10-21,BAJAJFINSV,EQ,"1,725.70","1,731.50","1,740.40","1,675.10","1,681.95","1,684.45","1,703.64",2734130,4657977843.7,89266,705851.0,25.82
2022-10-24,BAJAJFINSV,EQ,"1,684.45","1,712.85","1,724.20","1,693.00","1,700.00","1,701.80","1,707.81",499690,853377765.7,32375,198496.0,39.72
2022-10-25,BAJAJFINSV,EQ,"1,701.80","1,700.00","1,700.90","1,655.00","1,657.00","1,658.55","1,670.23",1870289,3123805656.5,90439,832294.0,44.50
2022-10-27,BAJAJFINSV,EQ,"1,658.55","1,671.65","1,676.55","1,621.00","1,631.95","1,630.95","1,639.74",2177395,3570353427.25,108309,966394.0,44.38
2022-10-28,BAJAJFINSV,EQ,"1,630.95","1,639.15","1,660.50","1,635.00","1,652.50","1,653.40","1,648.91",2115388,3488074813.0,69612,751311.0,35.52
2022-10-31,BAJAJFINSV,EQ,"1,653.40","1,665.00","1,689.85","1,662.15","1,687.50","1,687.50","1,678.03",2217631,3721240721.8,55757,1174824.0,52.98
2022-11-01,BAJAJFINSV,EQ,"1,687.50","1,692.00","1,714.70","1,691.00","1,708.90","1,709.05","1,705.30",2002317,3414541219.9,57109,1058181.0,52.85
2022-11-02,BAJAJFINSV,EQ,"1,709.05","1,705.00","1,722.50","1,699.25","1,711.00","1,710.40","1,711.23",2036615,3485118604.95,41459,980789.0,48.16
2022-11-03,BAJAJFINSV,EQ,"1,710.40","1,697.90","1,732.50","1,694.00","1,723.00","1,723.50","1,721.64",2205874,3797711437.75,51892,1088650.0,49.35
2022-11-04,BAJAJFINSV,EQ,"1,723.50","1,722.90","1,805.00","1,721.05","1,800.65","1,800.70","1,781.95",6981242,12440253648.45,167821,3056733.0,43.78
2022-11-07,BAJAJFINSV,EQ,"1,800.70","1,813.20","1,817.90","1,765.55","1,779.85","1,778.05","1,787.66",2464569,4405810394.75,80721,890629.0,36.14
2022-11-09,BAJAJFINSV,EQ,"1,778.05","1,797.70","1,798.00","1,745.55","1,755.00","1,752.70","1,767.03",1762741,3114814601.0,57545,608498.0,34.52
2022-11-10,BAJAJFINSV,EQ,"1,752.70","1,745.00","1,756.90","1,694.00","1,705.00","1,700.35","1,711.52",2030748,3475656357.75,80833,966287.0,47.58
2022-11-11,BAJAJFINSV,EQ,"1,700.35","1,740.00","1,748.00","1,707.35","1,719.00","1,719.25","1,727.15",1671510,2886955851.6,67644,610910.0,36.55
2022-11-14,BAJAJFINSV,EQ,"1,719.25","1,724.00","1,735.00","1,708.15","1,721.00","1,718.35","1,721.40",1459293,2512024683.7,44479,402559.0,27.59
2022-11-15,BAJAJFINSV,EQ,"1,718.35","1,723.40","1,729.80","1,696.30","1,712.55","1,708.50","1,707.65",1401141,2392665358.4,49447,639130.0,45.61
2022-11-16,BAJAJFINSV,EQ,"1,708.50","1,713.70","1,714.50","1,675.00","1,684.50","1,685.65","1,688.61",2040699,3445953645.75,80772,747409.0,36.63
2022-11-17,BAJAJFINSV,EQ,"1,685.65","1,685.60","1,699.95","1,660.20","1,663.20","1,664.60","1,673.55",1875515,3138773355.3,58700,769876.0,41.05
2022-11-18,BAJAJFINSV,EQ,"1,664.60","1,668.00","1,674.65","1,641.20","1,657.00","1,654.40","1,655.33",1581747,2618315665.15,56512,538556.0,34.05
2022-11-21,BAJAJFINSV,EQ,"1,654.40","1,654.40","1,657.70","1,625.00","1,635.00","1,635.85","1,635.96",1943750,3179888852.45,71694,936209.0,48.17
2022-11-22,BAJAJFINSV,EQ,"1,635.85","1,635.05","1,659.90","1,632.00","1,645.05","1,643.35","1,641.66",1508906,2477115562.2,57461,677555.0,44.90
2022-11-23,BAJAJFINSV,EQ,"1,643.35","1,651.60","1,656.00","1,630.05","1,635.00","1,636.20","1,644.45",1837952,3022421033.35,77212,1146318.0,62.37
2022-11-24,BAJAJFINSV,EQ,"1,636.20","1,639.00","1,647.45","1,620.00","1,632.10","1,634.00","1,631.86",1660403,2709549970.45,84451,778345.0,46.88
2022-11-25,BAJAJFINSV,EQ,"1,634.00","1,634.00","1,646.95","1,624.50","1,633.00","1,633.70","1,634.90",1140578,1864726177.15,43931,486980.0,42.70
2022-11-28,BAJAJFINSV,EQ,"1,633.70","1,630.00","1,661.90","1,628.85","1,649.95","1,652.85","1,651.94",2005182,3312447888.85,52771,1177266.0,58.71
2022-11-29,BAJAJFINSV,EQ,"1,652.85","1,649.00","1,652.85","1,630.05","1,633.00","1,632.00","1,637.83",1346735,2205719359.9,54212,693387.0,51.49
2022-11-30,BAJAJFINSV,EQ,"1,632.00","1,634.20","1,644.65","1,623.30","1,632.00","1,626.50","1,628.58",2900845,4724256018.75,73488,2162525.0,74.55
2022-12-01,BAJAJFINSV,EQ,"1,626.50","1,634.80","1,642.50","1,624.20","1,639.00","1,638.80","1,634.79",2111362,3451627032.85,112929,1263767.0,59.86
2022-12-02,BAJAJFINSV,EQ,"1,638.80","1,632.20","1,653.00","1,625.25","1,644.00","1,642.65","1,640.32",1682841,2760405263.0,67949,851383.0,50.59
2022-12-05,BAJAJFINSV,EQ,"1,642.65","1,650.00","1,655.00","1,631.40","1,633.50","1,634.20","1,637.34",1383542,2265330088.4,53969,768081.0,55.52
2022-12-06,BAJAJFINSV,EQ,"1,634.20","1,630.00","1,646.90","1,628.00","1,633.50","1,635.25","1,635.17",1177485,1925385921.4,65321,492702.0,41.84
2022-12-07,BAJAJFINSV,EQ,"1,635.25","1,635.40","1,642.00","1,593.00","1,606.00","1,606.70","1,607.72",2376490,3820721407.0,134843,1056340.0,44.45
2022-12-08,BAJAJFINSV,EQ,"1,606.70","1,610.00","1,621.80","1,600.20","1,621.00","1,618.60","1,614.08",1161239,1874329586.95,63523,430614.0,37.08
2022-12-09,BAJAJFINSV,EQ,"1,618.60","1,622.00","1,626.95","1,582.00","1,595.85","1,598.60","1,600.72",1766412,2827525890.05,82223,814641.0,46.12
2022-12-12,BAJAJFINSV,EQ,"1,598.60","1,586.15","1,603.95","1,570.10","1,590.90","1,592.10","1,590.69",1365732,2172455704.35,67479,609244.0,44.61
2022-12-13,BAJAJFINSV,EQ,"1,592.10","1,600.10","1,616.90","1,591.25","1,613.10","1,611.45","1,606.97",1279634,2056335646.9,46063,511796.0,40.00
2022-12-14,BAJAJFINSV,EQ,"1,611.45","1,619.75","1,627.90","1,613.30","1,621.00","1,623.05","1,621.74",1137059,1844017999.7,38133,562111.0,49.44
2022-12-15,BAJAJFINSV,EQ,"1,623.05","1,620.00","1,631.70","1,600.00","1,601.15","1,604.90","1,616.83",1041690,1684240561.95,45475,367112.0,35.24
2022-12-16,BAJAJFINSV,EQ,"1,604.90","1,599.00","1,610.00","1,581.15","1,588.50","1,587.10","1,594.44",1533418,2444948355.8,64542,582294.0,37.97
2022-12-19,BAJAJFINSV,EQ,"1,587.10","1,595.05","1,627.00","1,590.15","1,619.00","1,619.05","1,614.70",1508476,2435737507.2,47364,563923.0,37.38
2022-12-20,BAJAJFINSV,EQ,"1,619.05","1,614.95","1,618.50","1,593.05","1,616.00","1,615.65","1,606.79",866377,1392085258.85,31956,263724.0,30.44
2022-12-21,BAJAJFINSV,EQ,"1,615.65","1,618.50","1,629.25","1,575.50","1,579.95","1,581.80","1,598.29",1397725,2233965141.5,77482,507193.0,36.29
2022-12-22,BAJAJFINSV,EQ,"1,581.80","1,586.10","1,594.20","1,530.00","1,547.00","1,544.30","1,551.37",2100618,3258826737.1,104347,790214.0,37.62
2022-12-23,BAJAJFINSV,EQ,"1,544.30","1,524.30","1,543.30","1,492.00","1,495.50","1,497.05","1,514.15",1673592,2534069725.75,84553,631450.0,37.73
2022-12-26,BAJAJFINSV,EQ,"1,497.05","1,496.90","1,544.95","1,483.15","1,538.00","1,535.00","1,520.65",1329547,2021780022.7,66737,374549.0,28.17
2022-12-27,BAJAJFINSV,EQ,"1,535.00","1,545.00","1,551.40","1,518.00","1,539.00","1,537.70","1,534.91",1102198,1691775377.65,60181,300340.0,27.25
2022-12-28,BAJAJFINSV,BL,"1,540.00","1,528.00","1,528.00","1,528.00","1,528.00","1,528.00","1,528.00",493000,753304000.0,1,,-
2022-12-29,BAJAJFINSV,EQ,"1,522.70","1,515.00","1,522.00","1,503.05","1,522.00","1,511.70","1,512.18",3417120,5167298293.35,60079,2295249.0,67.17
2022-12-30,BAJAJFINSV,EQ,"1,511.70","1,528.00","1,573.00","1,525.85","1,547.00","1,547.85","1,554.45",2638505,4101424549.25,82832,495592.0,18.78
2023-01-02,BAJAJFINSV,EQ,"1,547.85","1,550.00","1,560.00","1,528.55","1,550.10","1,552.50","1,544.77",1061404,1639626458.45,48006,325301.0,30.65
2023-01-03,BAJAJFINSV,EQ,"1,552.50","1,549.00","1,570.00","1,544.05","1,562.60","1,563.00","1,559.86",1306648,2038193665.65,51035,442157.0,33.84
2023-01-04,BAJAJFINSV,EQ,"1,563.00","1,562.00","1,567.35","1,540.40","1,546.00","1,547.85","1,551.82",1036103,1607844855.85,43509,366984.0,35.42
2023-01-05,BAJAJFINSV,EQ,"1,547.85","1,548.00","1,548.00","1,454.70","1,466.80","1,468.85","1,476.07",5979381,8825962220.15,250364,2088111.0,34.92
2023-01-06,BAJAJFINSV,EQ,"1,468.85","1,473.55","1,473.55","1,423.00","1,430.00","1,430.35","1,438.71",5207616,7492271472.0,229148,2206287.0,42.37
2023-01-09,BAJAJFINSV,EQ,"1,430.35","1,447.00","1,450.90","1,408.65","1,412.00","1,414.00","1,424.03",4513767,6427738874.8,164799,2649568.0,58.70
2023-01-10,BAJAJFINSV,EQ,"1,414.00","1,429.00","1,429.00","1,391.00","1,417.50","1,413.30","1,403.66",2903001,4074826830.55,121229,994256.0,34.25
2023-01-11,BAJAJFINSV,EQ,"1,413.30","1,418.00","1,422.85","1,397.05","1,399.00","1,399.70","1,405.35",2327598,3271082656.1,86036,918017.0,39.44
2023-01-12,BAJAJFINSV,BL,"1,528.00","1,395.00","1,395.00","1,395.00","1,395.00","1,395.00","1,395.00",427000,595665000.0,1,,-
2023-01-13,BAJAJFINSV,EQ,"1,387.80","1,394.75","1,399.85","1,374.35","1,391.00","1,391.15","1,385.39",3754686,5201720976.2,103287,2225971.0,59.29
2023-01-16,BAJAJFINSV,EQ,"1,391.15","1,398.15","1,418.45","1,379.20","1,383.50","1,383.90","1,395.74",3480545,4857920516.4,97787,1509154.0,43.36
2023-01-17,BAJAJFINSV,BL,"1,395.00","1,380.00","1,380.00","1,380.00","1,380.00","1,380.00","1,380.00",400000,552000000.0,2,,-
2023-01-18,BAJAJFINSV,EQ,"1,372.90","1,379.80","1,380.00","1,365.00","1,366.80","1,367.30","1,370.94",2589016,3549392389.05,92740,1560225.0,60.26
2023-01-19,BAJAJFINSV,EQ,"1,367.30","1,365.00","1,365.95","1,348.10","1,354.55","1,355.15","1,355.31",1910318,2589078436.2,91060,857432.0,44.88
2023-01-20,BAJAJFINSV,EQ,"1,355.15","1,360.00","1,361.65","1,326.55","1,328.00","1,333.20","1,344.05",2091612,2811228062.15,102612,1007140.0,48.15
2023-01-23,BAJAJFINSV,EQ,"1,333.20","1,330.00","1,345.00","1,319.55","1,333.90","1,332.75","1,335.21",1832743,2447102769.4,79456,784453.0,42.80
2023-01-24,BAJAJFINSV,EQ,"1,332.75","1,336.25","1,349.00","1,329.55","1,330.00","1,332.70","1,338.66",1311451,1755592648.05,70176,501511.0,38.24
2023-01-25,BAJAJFINSV,EQ,"1,332.70","1,334.90","1,334.90","1,310.00","1,315.00","1,314.35","1,319.24",1549899,2044695636.7,77319,658901.0,42.51
2023-01-27,BAJAJFINSV,EQ,"1,314.35","1,315.10","1,336.15","1,302.05","1,317.90","1,314.20","1,317.49",1829556,2410414476.5,98316,751715.0,41.09
2023-01-30,BAJAJFINSV,EQ,"1,314.20","1,320.80","1,360.00","1,317.85","1,344.45","1,343.85","1,341.86",4411750,5919967962.9,150370,1564162.0,35.45
2023-01-31,BAJAJFINSV,EQ,"1,343.85","1,354.40","1,357.15","1,323.80","1,343.00","1,342.45","1,343.99",2213909,2975469297.5,95435,1110325.0,50.15
2023-02-01,BAJAJFINSV,EQ,"1,342.45","1,348.00","1,360.00","1,246.85","1,269.35","1,268.30","1,292.52",4761664,6154553052.35,173800,1915068.0,40.22
2023-02-02,BAJAJFINSV,EQ,"1,268.30","1,269.00","1,288.65","1,252.10","1,272.05","1,271.90","1,268.84",2419664,3070160411.5,114811,977656.0,40.40
2023-02-03,BAJAJFINSV,EQ,"1,271.90","1,305.00","1,340.80","1,281.30","1,335.00","1,337.45","1,314.74",3271913,4301714675.05,127422,1119479.0,34.21
2023-02-06,BAJAJFINSV,EQ,"1,337.45","1,337.45","1,349.00","1,322.10","1,343.00","1,343.05","1,337.23",1546926,2068593285.65,60990,519267.0,33.57
2023-02-07,BAJAJFINSV,EQ,"1,343.05","1,345.15","1,362.35","1,337.10","1,349.00","1,350.40","1,349.77",1604424,2165610041.35,68489,630599.0,39.30
2023-02-08,BAJAJFINSV,EQ,"1,350.40","1,356.95","1,377.00","1,345.20","1,369.50","1,368.90","1,365.17",1516979,2070940562.1,63620,472256.0,31.13
2023-02-09,BAJAJFINSV,EQ,"1,368.90","1,370.00","1,409.90","1,356.65","1,400.00","1,400.25","1,392.85",2593600,3612492504.3,109135,681048.0,26.26
2023-02-10,BAJAJFINSV,EQ,"1,400.25","1,406.00","1,418.65","1,394.00","1,401.00","1,401.75","1,408.15",2069492,2914164346.1,67246,802072.0,38.76
2023-02-13,BAJAJFINSV,EQ,"1,401.75","1,404.00","1,415.00","1,381.75","1,385.00","1,388.55","1,393.02",1467695,2044535808.85,51353,577444.0,39.34
2023-02-14,BAJAJFINSV,EQ,"1,388.55","1,390.00","1,405.00","1,373.65","1,397.00","1,398.60","1,392.98",1390992,1937624862.1,57870,420016.0,30.20
2023-02-15,BAJAJFINSV,BL,"1,380.00","1,414.00","1,414.00","1,414.00","1,414.00","1,414.00","1,414.00",464000,656096000.0,3,,-
2023-02-16,BAJAJFINSV,EQ,"1,420.80","1,429.00","1,435.00","1,413.05","1,421.00","1,428.20","1,426.70",2153424,3072292819.75,68360,1217581.0,56.54
2023-02-17,BAJAJFINSV,EQ,"1,428.20","1,420.05","1,427.20","1,410.00","1,413.50","1,414.05","1,419.13",994199,1410895924.85,41523,424113.0,42.66
2023-02-20,BAJAJFINSV,EQ,"1,414.05","1,418.00","1,425.80","1,400.80","1,404.00","1,404.60","1,412.23",993735,1403381008.6,42281,318828.0,32.08
2023-02-21,BAJAJFINSV,EQ,"1,404.60","1,409.40","1,409.40","1,390.00","1,395.00","1,394.30","1,398.80",1117177,1562708057.55,44182,439929.0,39.38
2023-02-22,BAJAJFINSV,EQ,"1,394.30","1,389.90","1,392.00","1,356.00","1,360.00","1,360.95","1,367.99",1402505,1918614638.5,74603,528443.0,37.68
2023-02-23,BAJAJFINSV,EQ,"1,360.95","1,362.00","1,365.95","1,341.00","1,349.00","1,346.95","1,352.66",1095460,1481785438.65,57472,320122.0,29.22
2023-02-24,BAJAJFINSV,EQ,"1,346.95","1,353.70","1,386.00","1,350.35","1,360.00","1,359.00","1,366.11",1342454,1833944532.55,55001,245491.0,18.29
2023-02-27,BAJAJFINSV,EQ,"1,359.00","1,357.95","1,367.25","1,345.00","1,361.00","1,357.40","1,355.23",972575,1318065796.05,43708,312019.0,32.08
2023-02-28,BAJAJFINSV,EQ,"1,357.40","1,364.20","1,371.90","1,330.00","1,334.95","1,334.90","1,347.03",1597380,2151716272.15,67462,811015.0,50.77
2023-03-01,BAJAJFINSV,BL,"1,414.00","1,350.00","1,350.00","1,350.00","1,350.00","1,350.00","1,350.00",743000,1003050000.0,3,,-
2023-03-02,BAJAJFINSV,EQ,"1,343.90","1,375.00","1,385.95","1,337.20","1,342.00","1,343.55","1,354.93",3267851,4427702197.7,108414,763458.0,23.36
2023-03-03,BAJAJFINSV,EQ,"1,343.55","1,357.00","1,364.45","1,346.10","1,353.05","1,355.35","1,354.01",1199487,1624116141.5,55086,357477.0,29.80
2023-03-06,BAJAJFINSV,BL,"1,350.00","1,390.00","1,390.00","1,390.00","1,390.00","1,390.00","1,390.00",435000,604650000.0,1,,-
2023-03-08,BAJAJFINSV,EQ,"1,380.80","1,375.00","1,383.80","1,357.90","1,381.00","1,380.80","1,370.26",1557533,2134224526.55,72218,700947.0,45.00
2023-03-09,BAJAJFINSV,EQ,"1,380.80","1,378.00","1,378.95","1,350.00","1,352.00","1,352.55","1,363.27",1545024,2106279181.25,71522,630894.0,40.83
2023-03-10,BAJAJFINSV,EQ,"1,352.55","1,340.00","1,342.00","1,321.05","1,329.40","1,328.85","1,330.73",1389890,1849568565.7,70272,460954.0,33.16
2023-03-13,BAJAJFINSV,EQ,"1,328.85","1,326.00","1,341.20","1,291.90","1,299.00","1,295.70","1,312.87",1668502,2190521564.45,82676,610772.0,36.61
2023-03-14,BAJAJFINSV,BL,"1,390.00","1,290.00","1,290.00","1,290.00","1,290.00","1,290.00","1,290.00",125125,161411250.0,1,,-
2023-03-15,BAJAJFINSV,EQ,"1,280.55","1,290.00","1,309.70","1,278.00","1,281.40","1,282.60","1,292.97",1376141,1779308231.2,58956,445147.0,32.35
2023-03-16,BAJAJFINSV,EQ,"1,282.60","1,285.50","1,304.00","1,270.55","1,297.00","1,293.60","1,285.22",1539281,1978312058.35,71278,424223.0,27.56
2023-03-17,BAJAJFINSV,EQ,"1,293.60","1,304.95","1,316.30","1,293.00","1,304.00","1,301.75","1,301.06",1332869,1734148385.95,57511,430009.0,32.26
2023-03-20,BAJAJFINSV,EQ,"1,301.75","1,305.00","1,307.95","1,231.00","1,246.95","1,245.40","1,252.79",3970911,4974723183.05,154702,1613753.0,40.64
2023-03-21,BAJAJFINSV,EQ,"1,245.40","1,259.00","1,271.50","1,248.60","1,268.00","1,268.10","1,259.69",2333183,2939076405.6,83385,701280.0,30.06
2023-03-22,BAJAJFINSV,EQ,"1,268.10","1,271.00","1,314.95","1,270.55","1,293.00","1,294.55","1,297.34",2884348,3741989398.85,88322,449553.0,15.59
2023-03-23,BAJAJFINSV,EQ,"1,294.55","1,291.95","1,310.50","1,278.30","1,287.00","1,290.00","1,296.66",1947186,2524844700.15,67695,425343.0,21.84
2023-03-24,BAJAJFINSV,EQ,"1,290.00","1,281.30","1,290.00","1,236.20","1,239.20","1,240.65","1,257.16",2676573,3364880510.0,96925,701328.0,26.20
2023-03-27,BAJAJFINSV,EQ,"1,240.65","1,245.00","1,251.60","1,226.65","1,239.00","1,239.10","1,241.09",1553877,1928495490.5,55473,360443.0,23.20
2023-03-28,BAJAJFINSV,EQ,"1,239.10","1,245.30","1,247.85","1,215.00","1,225.00","1,223.15","1,231.14",1510246,1859326076.2,56043,387717.0,25.67
2023-03-29,BAJAJFINSV,EQ,"1,223.15","1,229.30","1,252.00","1,225.45","1,249.75","1,246.05","1,237.38",1657420,2050859979.1,58502,612228.0,36.94
2023-03-31,BAJAJFINSV,EQ,"1,246.05","1,252.30","1,270.00","1,250.00","1,267.15","1,266.50","1,260.02",1830686,2306697798.15,63598,841596.0,45.97
2023-04-03,BAJAJFINSV,EQ,"1,266.50","1,273.00","1,286.55","1,265.50","1,283.00","1,282.95","1,276.94",1381342,1763894071.9,49080,399640.0,28.93
2023-04-05,BAJAJFINSV,EQ,"1,282.95","1,296.00","1,324.00","1,275.50","1,278.00","1,279.30","1,297.98",3366621,4369822015.1,114849,873344.0,25.94
2023-04-06,BAJAJFINSV,EQ,"1,279.30","1,279.30","1,311.45","1,271.35","1,305.45","1,303.95","1,296.42",1819711,2359113381.95,64170,383014.0,21.05
2023-04-10,BAJAJFINSV,EQ,"1,303.95","1,311.00","1,317.25","1,295.65","1,306.00","1,305.05","1,306.81",1297282,1695302478.25,48966,530535.0,40.90
2023-04-11,BAJAJFINSV,EQ,"1,305.05","1,312.95","1,325.00","1,307.20","1,323.95","1,323.20","1,318.13",1281834,1689617681.75,43473,377258.0,29.43
2023-04-12,BAJAJFINSV,EQ,"1,323.20","1,321.00","1,329.00","1,315.55","1,323.90","1,321.55","1,321.43",1105734,1461148852.65,45148,387145.0,35.01
2023-04-13,BAJAJFINSV,EQ,"1,321.55","1,320.90","1,346.00","1,318.00","1,338.50","1,341.30","1,336.12",1330391,1777562569.6,51533,380042.0,28.57
2023-04-17,BAJAJFINSV,EQ,"1,341.30","1,345.00","1,352.95","1,330.55","1,343.50","1,341.15","1,340.06",1073923,1439119625.0,54963,446663.0,41.59
2023-04-18,BAJAJFINSV,EQ,"1,341.15","1,340.00","1,348.70","1,329.00","1,335.00","1,335.20","1,337.93",1236391,1654199684.65,42226,247164.0,19.99
2023-04-19,BAJAJFINSV,EQ,"1,335.20","1,335.00","1,338.95","1,322.05","1,332.40","1,331.35","1,330.05",590360,785209635.15,31818,198096.0,33.56
2023-04-20,BAJAJFINSV,EQ,"1,331.35","1,333.95","1,341.35","1,325.05","1,333.40","1,332.10","1,331.88",467602,622787663.2,23295,119996.0,25.66
2023-04-21,BAJAJFINSV,EQ,"1,332.10","1,336.50","1,338.00","1,306.55","1,315.10","1,317.90","1,318.69",825513,1088597857.0,41374,233062.0,28.23
2023-04-24,BAJAJFINSV,EQ,"1,317.90","1,315.10","1,322.90","1,307.85","1,321.00","1,319.75","1,318.52",1051329,1386197486.0,35542,547759.0,52.10
2023-04-25,BAJAJFINSV,EQ,"1,319.75","1,325.00","1,352.00","1,322.10","1,346.00","1,345.80","1,341.90",2725305,3657088961.05,71455,1237940.0,45.42
2023-04-26,BAJAJFINSV,EQ,"1,345.80","1,345.80","1,349.50","1,328.65","1,335.00","1,334.70","1,336.70",889092,1188448406.4,41489,316759.0,35.63
2023-04-27,BAJAJFINSV,EQ,"1,334.70","1,352.50","1,374.00","1,340.15","1,359.00","1,360.00","1,361.58",3982526,5422520618.0,116567,1078713.0,27.09
2023-04-28,BAJAJFINSV,EQ,"1,360.00","1,368.95","1,368.95","1,318.80","1,354.00","1,354.65","1,337.94",3376186,4517119920.3,101487,954292.0,28.27
2023-05-02,BAJAJFINSV,EQ,"1,354.65","1,360.00","1,370.90","1,345.90","1,346.90","1,349.05","1,354.57",1387425,1879363821.95,55489,544153.0,39.22
2023-05-03,BAJAJFINSV,EQ,"1,349.05","1,345.00","1,350.95","1,330.00","1,346.05","1,347.00","1,342.03",903123,1212013880.4,38335,247712.0,27.43
2023-05-04,BAJAJFINSV,EQ,"1,347.00","1,342.30","1,378.30","1,340.00","1,371.00","1,374.45","1,362.77",2213569,3016585297.8,70810,947959.0,42.82
2023-05-05,BAJAJFINSV,EQ,"1,374.45","1,371.50","1,394.00","1,355.40","1,359.65","1,359.25","1,376.48",2572062,3540395133.55,96963,843112.0,32.78
2023-05-08,BAJAJFINSV,EQ,"1,359.25","1,367.80","1,410.80","1,363.10","1,404.00","1,404.80","1,397.55",2912772,4070750924.5,131394,1105036.0,37.94
2023-05-09,BAJAJFINSV,EQ,"1,404.80","1,410.95","1,446.70","1,402.50","1,409.50","1,408.70","1,425.60",3772745,5378408920.3,127134,1093503.0,28.98
2023-05-10,BAJAJFINSV,EQ,"1,408.70","1,419.00","1,420.85","1,395.00","1,415.00","1,414.45","1,409.33",1297980,1829281530.65,54501,322075.0,24.81
2023-05-11,BAJAJFINSV,EQ,"1,414.45","1,421.00","1,427.75","1,413.05","1,418.00","1,420.40","1,419.85",915163,1299395670.85,42059,299351.0,32.71
2023-05-12,BAJAJFINSV,EQ,"1,420.40","1,420.00","1,428.00","1,407.00","1,424.50","1,423.45","1,421.62",1300969,1849480448.2,55244,371684.0,28.57
2023-05-15,BAJAJFINSV,EQ,"1,423.45","1,424.00","1,430.00","1,416.00","1,421.50","1,421.35","1,424.26",1003664,1429474530.25,46006,337966.0,33.67
2023-05-16,BAJAJFINSV,EQ,"1,421.35","1,429.90","1,438.00","1,421.00","1,426.50","1,428.35","1,431.64",1678746,2403361235.25,66056,563118.0,33.54
2023-05-17,BAJAJFINSV,EQ,"1,428.35","1,430.40","1,430.40","1,405.00","1,415.05","1,415.40","1,415.31",804968,1139283219.45,33770,229715.0,28.54
2023-05-18,BAJAJFINSV,EQ,"1,415.40","1,422.35","1,430.00","1,412.05","1,417.00","1,415.45","1,422.27",739262,1051428051.25,29432,197326.0,26.69
2023-05-19,BAJAJFINSV,EQ,"1,415.45","1,422.10","1,422.70","1,397.05","1,416.50","1,415.10","1,409.60",754504,1063552071.35,31238,191605.0,25.39
2023-05-22,BAJAJFINSV,EQ,"1,415.10","1,411.00","1,418.70","1,405.00","1,413.00","1,413.00","1,411.39",591903,835403466.1,26862,199286.0,33.67
2023-05-23,BAJAJFINSV,EQ,"1,413.00","1,415.60","1,447.80","1,415.50","1,438.75","1,437.25","1,437.11",1991556,2862077091.15,76599,689624.0,34.63
2023-05-24,BAJAJFINSV,EQ,"1,437.25","1,437.25","1,447.00","1,421.15","1,426.05","1,426.45","1,434.56",1047736,1503037408.15,38848,270961.0,25.86
2023-05-25,BAJAJFINSV,EQ,"1,426.45","1,421.10","1,429.65","1,416.00","1,428.00","1,427.35","1,424.12",688673,980751961.5,31140,224698.0,32.63
2023-05-26,BAJAJFINSV,EQ,"1,427.35","1,431.00","1,446.30","1,431.00","1,437.00","1,439.15","1,439.85",1023550,1473754475.85,38865,314683.0,30.74
2023-05-29,BAJAJFINSV,EQ,"1,439.15","1,448.95","1,468.50","1,444.50","1,449.95","1,449.55","1,454.92",1659680,2414702215.05,63267,637340.0,38.40
2023-05-30,BAJAJFINSV,EQ,"1,449.55","1,453.45","1,467.20","1,439.50","1,465.95","1,465.85","1,454.34",1506999,2191689548.6,59972,635363.0,42.16
2023-05-31,BAJAJFINSV,EQ,"1,465.85","1,465.00","1,465.00","1,447.25","1,450.00","1,451.05","1,452.01",1704213,2474532758.7,63726,1073060.0,62.97
2023-06-01,BAJAJFINSV,EQ,"1,451.05","1,455.50","1,459.00","1,444.00","1,449.00","1,450.15","1,452.20",939379,1364164905.35,41318,485041.0,51.63
2023-06-02,BAJAJFINSV,EQ,"1,450.15","1,460.00","1,466.90","1,448.40","1,455.50","1,457.25","1,457.06",1129346,1645524103.45,51903,526053.0,46.58
2023-06-05,BAJAJFINSV,EQ,"1,457.25","1,469.00","1,469.50","1,456.20","1,458.00","1,458.90","1,461.22",829929,1212711317.25,42375,334193.0,40.27
2023-06-06,BAJAJFINSV,EQ,"1,458.90","1,466.50","1,478.90","1,463.10","1,477.00","1,475.10","1,471.36",1472972,2167274499.3,61381,519171.0,35.25
2023-06-07,BAJAJFINSV,EQ,"1,475.10","1,483.00","1,483.20","1,472.00","1,480.20","1,480.90","1,478.16",837622,1238143448.65,51258,430420.0,51.39
2023-06-08,BAJAJFINSV,EQ,"1,480.90","1,483.00","1,485.00","1,463.00","1,466.95","1,467.40","1,473.05",722068,1063641788.9,33321,290468.0,40.23
2023-06-09,BAJAJFINSV,EQ,"1,467.40","1,471.00","1,476.00","1,461.55","1,464.00","1,466.50","1,468.78",499104,733076175.85,31296,172836.0,34.63
2023-06-12,BAJAJFINSV,EQ,"1,466.50","1,473.00","1,473.00","1,461.95","1,469.85","1,466.00","1,466.57",465964,683370263.15,29172,184337.0,39.56
2023-06-13,BAJAJFINSV,EQ,"1,466.00","1,470.00","1,492.00","1,470.00","1,485.35","1,486.20","1,484.27",1205104,1788695130.75,53557,482036.0,40.00
2023-06-14,BAJAJFINSV,EQ,"1,486.20","1,490.00","1,491.90","1,469.00","1,481.00","1,480.40","1,477.19",763762,1128218960.7,35888,395264.0,51.75
2023-06-15,BAJAJFINSV,EQ,"1,480.40","1,479.95","1,482.00","1,469.60","1,472.00","1,474.70","1,475.55",853566,1259480533.45,45900,434644.0,50.92
2023-06-16,BAJAJFINSV,EQ,"1,474.70","1,479.00","1,515.00","1,474.70","1,509.65","1,508.60","1,502.69",2090874,3141935619.85,76338,882527.0,42.21
2023-06-19,BAJAJFINSV,EQ,"1,508.60","1,522.95","1,553.30","1,516.65","1,540.15","1,541.95","1,536.72",3446484,5296266831.95,113759,1190745.0,34.55
2023-06-20,BAJAJFINSV,EQ,"1,541.95","1,543.20","1,543.20","1,502.15","1,523.00","1,521.05","1,516.42",1943763,2947567250.95,87052,789974.0,40.64
2023-06-21,BAJAJFINSV,EQ,"1,521.05","1,525.90","1,535.00","1,513.25","1,520.00","1,519.25","1,522.42",799052,1216492261.4,42525,327185.0,40.95
2023-06-22,BAJAJFINSV,EQ,"1,519.25","1,523.00","1,527.20","1,504.85","1,507.55","1,507.65","1,514.94",966522,1464223646.4,42597,448104.0,46.36
2023-06-23,BAJAJFINSV,EQ,"1,507.65","1,507.50","1,519.70","1,483.95","1,501.75","1,501.95","1,502.57",1237464,1859370110.15,57476,478524.0,38.67
2023-06-26,BAJAJFINSV,EQ,"1,501.95","1,504.45","1,510.85","1,487.20","1,508.50","1,507.55","1,503.65",647496,973605179.7,41523,201624.0,31.14
2023-06-27,BAJAJFINSV,EQ,"1,507.55","1,512.00","1,527.35","1,503.00","1,524.30","1,522.95","1,515.15",763062,1156153593.15,39321,276147.0,36.19
2023-06-28,BAJAJFINSV,EQ,"1,522.95","1,530.00","1,535.00","1,515.80","1,520.65","1,518.85","1,525.35",1158136,1766562286.0,63483,598668.0,51.69
2023-06-30,BAJAJFINSV,EQ,"1,518.85","1,521.00","1,536.60","1,519.00","1,527.00","1,528.00","1,527.49",934639,1427649615.0,55463,431457.0,46.16
2023-07-03,BAJAJFINSV,EQ,"1,528.00","1,528.00","1,544.50","1,526.60","1,540.00","1,540.10","1,536.00",1068533,1641270208.85,53576,465437.0,43.56
2023-07-04,BAJAJFINSV,EQ,"1,540.10","1,565.10","1,634.95","1,565.10","1,628.00","1,629.50","1,620.19",7337423,11888002676.15,245206,2437485.0,33.22
2023-07-05,BAJAJFINSV,EQ,"1,629.50","1,631.00","1,642.00","1,607.55","1,615.50","1,613.70","1,620.27",2006206,3250590864.95,91562,894340.0,44.58
2023-07-06,BAJAJFINSV,EQ,"1,613.70","1,615.05","1,624.00","1,607.00","1,618.80","1,619.90","1,618.06",937466,1516875079.45,49481,486450.0,51.89
2023-07-07,BAJAJFINSV,EQ,"1,619.90","1,611.85","1,626.65","1,605.40","1,612.05","1,614.90","1,613.14",1456642,2349769568.55,81382,975930.0,67.0
2023-07-10,BAJAJFINSV,EQ,"1,614.90","1,611.95","1,622.00","1,579.75","1,600.00","1,597.80","1,598.64",1731894,2768678153.9,90879,951289.0,54.93
2023-07-11,BAJAJFINSV,EQ,"1,597.80","1,598.00","1,632.00","1,587.90","1,590.00","1,592.40","1,609.51",1500679,2415357454.6,85053,616892.0,41.11
2023-07-12,BAJAJFINSV,EQ,"1,592.40","1,595.65","1,605.10","1,581.25","1,591.05","1,593.20","1,592.30",1281286,2040197168.3,63168,701475.0,54.75
2023-07-13,BAJAJFINSV,EQ,"1,593.20","1,595.00","1,625.00","1,595.00","1,619.00","1,615.10","1,613.45",1136620,1833881268.15,57148,392996.0,34.58
2023-07-14,BAJAJFINSV,EQ,"1,615.10","1,623.15","1,635.00","1,604.25","1,612.85","1,614.20","1,615.34",1088010,1757504987.95,53362,390388.0,35.88
2023-07-17,BAJAJFINSV,EQ,"1,614.20","1,620.00","1,621.95","1,603.00","1,609.80","1,610.25","1,610.92",823296,1326260576.1,46715,305622.0,37.12
2023-07-18,BAJAJFINSV,EQ,"1,610.25","1,618.35","1,625.00","1,602.00","1,616.65","1,618.30","1,615.42",2077115,3355418342.9,101087,843178.0,40.59
2023-07-19,BAJAJFINSV,EQ,"1,618.30","1,618.30","1,649.80","1,614.00","1,649.00","1,644.10","1,634.03",1920501,3138154446.2,70085,999520.0,52.04
2023-07-20,BAJAJFINSV,EQ,"1,644.10","1,650.90","1,658.25","1,625.00","1,634.00","1,635.80","1,637.58",1159938,1899491482.05,53477,384475.0,33.15
2023-07-21,BAJAJFINSV,EQ,"1,635.80","1,633.00","1,645.00","1,620.30","1,630.50","1,632.85","1,633.32",1149031,1876736736.3,51980,495705.0,43.14
2023-07-24,BAJAJFINSV,EQ,"1,632.85","1,630.00","1,660.00","1,622.00","1,653.00","1,657.50","1,649.01",1455663,2400397719.55,64103,651200.0,44.74
2023-07-25,BAJAJFINSV,EQ,"1,657.50","1,664.90","1,664.90","1,635.05","1,649.00","1,648.85","1,647.92",1378736,2272042926.1,78081,415208.0,30.12
2023-07-26,BAJAJFINSV,EQ,"1,648.85","1,649.40","1,664.90","1,618.05","1,626.30","1,626.45","1,637.32",2225230,3643411596.1,80926,1351114.0,60.72
2023-07-27,BAJAJFINSV,EQ,"1,626.45","1,641.50","1,662.70","1,602.00","1,616.00","1,614.55","1,636.24",3402069,5566611544.05,148442,1551845.0,45.61
2023-07-28,BAJAJFINSV,EQ,"1,614.55","1,625.00","1,630.00","1,568.40","1,582.85","1,584.85","1,584.46",3285744,5206145129.15,112056,1585618.0,48.26
2023-07-31,BAJAJFINSV,EQ,"1,584.85","1,565.80","1,602.80","1,565.80","1,595.00","1,598.30","1,592.75",1323373,2107805538.0,62833,637087.0,48.14
2023-08-01,BAJAJFINSV,EQ,"1,598.30","1,598.30","1,599.95","1,569.65","1,573.00","1,572.35","1,579.81",1641917,2593918496.7,91082,642147.0,39.11
2023-08-02,BAJAJFINSV,EQ,"1,572.35","1,572.00","1,572.35","1,524.00","1,524.90","1,527.00","1,538.99",2170178,3339884257.1,112705,1044434.0,48.13
2023-08-03,BAJAJFINSV,EQ,"1,527.00","1,522.90","1,522.90","1,477.80","1,491.05","1,493.65","1,501.09",2785017,4180552627.15,116742,1166569.0,41.89
2023-08-04,BAJAJFINSV,EQ,"1,493.65","1,501.95","1,507.35","1,470.75","1,485.35","1,486.30","1,484.61",2703607,4013788617.0,102304,1416097.0,52.38
2023-08-07,BAJAJFINSV,EQ,"1,486.30","1,498.00","1,512.25","1,485.00","1,509.55","1,508.40","1,500.85",1228780,1844220103.25,57351,371830.0,30.26
2023-08-08,BAJAJFINSV,EQ,"1,508.40","1,509.50","1,520.30","1,492.90","1,519.50","1,515.75","1,508.95",1409271,2126520558.7,68474,438851.0,31.14
2023-08-09,BAJAJFINSV,EQ,"1,515.75","1,525.00","1,529.75","1,505.00","1,512.20","1,516.60","1,514.32",1065831,1614007140.6,50885,472085.0,44.29
2023-08-10,BAJAJFINSV,EQ,"1,516.60","1,512.55","1,529.75","1,505.10","1,523.00","1,519.40","1,518.78",900666,1367914712.8,50545,329363.0,36.57
2023-08-11,BAJAJFINSV,EQ,"1,519.40","1,518.95","1,521.80","1,497.65","1,500.00","1,504.00","1,512.44",792201,1198154361.25,45496,378322.0,47.76
2023-08-14,BAJAJFINSV,EQ,"1,504.00","1,496.00","1,497.95","1,467.05","1,478.00","1,482.05","1,479.76",1549409,2292755385.85,98095,643407.0,41.53
2023-08-16,BAJAJFINSV,EQ,"1,482.05","1,482.00","1,482.00","1,463.00","1,469.90","1,469.85","1,468.57",834135,1224988432.05,41274,372931.0,44.71
2023-08-17,BAJAJFINSV,EQ,"1,469.85","1,473.00","1,480.00","1,465.40","1,476.50","1,476.85","1,474.38",1048714,1546198065.6,76192,528812.0,50.42
2023-08-18,BAJAJFINSV,EQ,"1,476.85","1,470.00","1,478.30","1,456.00","1,459.35","1,460.15","1,463.78",1053734,1542431483.05,74077,529902.0,50.29
2023-08-21,BAJAJFINSV,EQ,"1,460.15","1,455.00","1,484.50","1,451.00","1,477.00","1,478.30","1,471.87",1498685,2205864431.9,75910,496248.0,33.11
2023-08-22,BAJAJFINSV,EQ,"1,478.30","1,485.00","1,494.00","1,464.35","1,468.50","1,467.80","1,478.39",1557523,2302629497.35,66110,568584.0,36.51
2023-08-23,BAJAJFINSV,EQ,"1,467.80","1,474.00","1,474.00","1,458.05","1,470.75","1,470.10","1,466.79",961649,1410537838.9,53577,394407.0,41.01
2023-08-24,BAJAJFINSV,EQ,"1,470.10","1,480.00","1,492.00","1,465.00","1,467.00","1,468.60","1,480.23",847606,1254650374.4,48507,275391.0,32.49
2023-08-25,BAJAJFINSV,EQ,"1,468.60","1,468.60","1,509.50","1,465.65","1,504.00","1,503.90","1,493.22",3624097,5411583910.85,97534,1334695.0,36.83
2023-08-28,BAJAJFINSV,EQ,"1,503.90","1,513.50","1,514.00","1,487.00","1,498.00","1,499.90","1,497.44",1066459,1596956674.55,49254,338751.0,31.76
2023-08-29,BAJAJFINSV,EQ,"1,499.90","1,509.85","1,514.00","1,497.25","1,506.95","1,503.45","1,503.80",1377001,2070727533.9,52732,677631.0,49.21
2023-08-30,BAJAJFINSV,EQ,"1,503.45","1,510.00","1,518.85","1,499.00","1,499.60","1,501.50","1,510.90",700372,1058190217.75,40305,329185.0,47.0
2023-08-31,BAJAJFINSV,EQ,"1,501.50","1,501.05","1,507.80","1,480.20","1,490.35","1,488.90","1,493.68",1542837,2304504583.0,61042,922942.0,59.82
2023-09-01,BAJAJFINSV,EQ,"1,488.90","1,494.00","1,518.70","1,487.35","1,514.00","1,514.50","1,505.86",904596,1362194407.35,55524,362841.0,40.11
2023-09-04,BAJAJFINSV,EQ,"1,514.50","1,521.00","1,525.95","1,506.05","1,514.00","1,510.10","1,512.49",685689,1037099893.9,41357,332332.0,48.47
2023-09-05,BAJAJFINSV,EQ,"1,510.10","1,512.00","1,519.80","1,506.00","1,511.00","1,510.45","1,511.60",1298151,1962284211.5,64470,337974.0,26.04
2023-09-06,BAJAJFINSV,EQ,"1,510.45","1,510.95","1,522.45","1,504.20","1,519.00","1,518.20","1,513.60",712220,1078017634.5,47369,337294.0,47.36
2023-09-07,BAJAJFINSV,EQ,"1,518.20","1,524.80","1,524.80","1,510.10","1,519.00","1,519.55","1,516.77",647590,982246001.9,32142,195526.0,30.19
2023-09-08,BAJAJFINSV,EQ,"1,519.55","1,530.00","1,558.80","1,525.05","1,540.60","1,541.00","1,546.23",2168354,3352774943.05,81536,651969.0,30.07
2023-09-11,BAJAJFINSV,EQ,"1,541.00","1,549.50","1,552.00","1,540.00","1,550.00","1,549.70","1,547.71",841557,1302485939.4,47854,438071.0,52.05
2023-09-12,BAJAJFINSV,EQ,"1,549.70","1,558.90","1,558.90","1,527.65","1,542.00","1,542.45","1,541.89",1444688,2227548565.8,75998,464334.0,32.14
2023-09-13,BAJAJFINSV,EQ,"1,542.45","1,542.00","1,565.05","1,521.00","1,550.25","1,552.80","1,543.17",1193072,1841112557.3,54584,456461.0,38.26
2023-09-14,BAJAJFINSV,EQ,"1,552.80","1,556.95","1,563.60","1,541.20","1,548.50","1,550.90","1,551.25",920905,1428556854.25,66029,346695.0,37.65
2023-09-15,BAJAJFINSV,EQ,"1,550.90","1,548.05","1,567.60","1,531.30","1,538.90","1,538.10","1,542.96",3116428,4808514180.85,72428,2211831.0,70.97
2023-09-18,BAJAJFINSV,EQ,"1,538.10","1,538.10","1,565.35","1,532.90","1,557.85","1,559.95","1,553.19",1403635,2180105068.0,67535,483938.0,34.48
2023-09-20,BAJAJFINSV,EQ,"1,559.95","1,554.90","1,568.20","1,545.10","1,556.00","1,553.35","1,554.25",1076887,1673752650.7,63551,526192.0,48.86
2023-09-21,BAJAJFINSV,EQ,"1,553.35","1,530.50","1,552.25","1,514.00","1,527.30","1,526.20","1,525.49",1772341,2703691532.35,93734,743202.0,41.93
2023-09-22,BAJAJFINSV,EQ,"1,526.20","1,528.00","1,551.00","1,524.90","1,541.00","1,543.70","1,543.57",1321743,2040207446.6,64271,633061.0,47.90
2023-09-25,BAJAJFINSV,EQ,"1,543.70","1,549.70","1,591.00","1,546.70","1,574.15","1,577.40","1,579.75",2962182,4679519953.95,121028,948675.0,32.03
2023-09-26,BAJAJFINSV,EQ,"1,577.40","1,583.00","1,583.00","1,551.00","1,565.00","1,567.70","1,568.56",2472382,3878073846.9,83001,1212613.0,49.05
2023-09-27,BAJAJFINSV,EQ,"1,567.70","1,567.70","1,570.00","1,554.20","1,565.00","1,565.75","1,562.65",964400,1507017580.55,47092,546010.0,56.62
2023-09-28,BAJAJFINSV,EQ,"1,565.75","1,565.00","1,574.95","1,535.05","1,538.00","1,539.70","1,549.81",831496,1288660424.55,47855,215856.0,25.96
2023-09-29,BAJAJFINSV,EQ,"1,539.70","1,548.00","1,552.95","1,532.05","1,539.00","1,540.25","1,544.37",1109857,1714032889.65,53826,542373.0,48.87
2023-10-03,BAJAJFINSV,EQ,"1,540.25","1,530.25","1,564.20","1,527.00","1,560.80","1,561.05","1,549.36",1083086,1678090441.4,60723,434635.0,40.13
2023-10-04,BAJAJFINSV,EQ,"1,561.05","1,555.00","1,555.85","1,521.15","1,530.30","1,532.55","1,532.74",1614123,2474036281.5,65858,748674.0,46.38
2023-10-05,BAJAJFINSV,EQ,"1,532.55","1,540.00","1,556.00","1,532.30","1,544.00","1,542.55","1,545.01",1153064,1781490155.25,69354,541031.0,46.92
2023-10-06,BAJAJFINSV,EQ,"1,542.55","1,559.35","1,640.70","1,551.05","1,629.00","1,634.65","1,607.70",7384628,11872284060.85,215357,2373603.0,32.14
2023-10-09,BAJAJFINSV,EQ,"1,634.65","1,617.15","1,628.00","1,606.60","1,615.90","1,621.55","1,616.38",1712235,2767627239.5,79859,707355.0,41.31
2023-10-10,BAJAJFINSV,EQ,"1,621.55","1,630.00","1,643.95","1,617.00","1,632.65","1,633.10","1,631.88",1453653,2372183602.1,86893,493187.0,33.93
2023-10-11,BAJAJFINSV,EQ,"1,633.10","1,641.40","1,650.95","1,633.50","1,635.40","1,636.55","1,641.67",952433,1563580658.4,50754,425847.0,44.71
2023-10-12,BAJAJFINSV,EQ,"1,636.55","1,637.00","1,642.95","1,622.85","1,632.80","1,634.80","1,632.89",1052767,1719050735.75,58744,431105.0,40.95
2023-10-13,BAJAJFINSV,EQ,"1,634.80","1,631.00","1,649.00","1,620.00","1,645.00","1,646.55","1,639.23",1212989,1988362567.15,64248,614717.0,50.68
2023-10-16,BAJAJFINSV,EQ,"1,646.55","1,644.00","1,649.40","1,630.40","1,639.05","1,642.35","1,642.41",859548,1411726626.55,50294,414408.0,48.21
2023-10-17,BAJAJFINSV,EQ,"1,642.35","1,649.90","1,676.75","1,645.55","1,658.20","1,657.65","1,658.65",1689224,2801824668.8,78047,569428.0,33.71
2023-10-18,BAJAJFINSV,EQ,"1,657.65","1,665.00","1,665.00","1,622.05","1,627.00","1,628.20","1,634.38",1230439,2011003043.4,64035,468173.0,38.05
2023-10-19,BAJAJFINSV,EQ,"1,628.20","1,625.00","1,642.95","1,597.40","1,629.30","1,634.75","1,620.71",1429935,2317505599.9,85491,402573.0,28.15
2023-10-20,BAJAJFINSV,EQ,"1,634.75","1,627.80","1,639.75","1,615.00","1,636.00","1,635.05","1,629.62",1191783,1942158853.75,58236,548602.0,46.03
2023-10-23,BAJAJFINSV,EQ,"1,635.05","1,627.00","1,651.70","1,605.50","1,607.00","1,613.15","1,624.21",1093182,1775559164.8,61688,368382.0,33.70
2023-10-25,BAJAJFINSV,EQ,"1,613.15","1,612.90","1,630.00","1,598.85","1,606.80","1,611.45","1,611.38",1490405,2401609124.55,59882,871800.0,58.49
2023-10-26,BAJAJFINSV,EQ,"1,611.45","1,590.00","1,608.40","1,552.00","1,558.80","1,560.00","1,570.44",1780025,2795425900.3,99300,921319.0,51.76
2023-10-27,BAJAJFINSV,EQ,"1,560.00","1,575.60","1,593.25","1,551.35","1,567.00","1,566.40","1,571.89",2003579,3149400440.1,86565,705018.0,35.19
2023-10-30,BAJAJFINSV,EQ,"1,566.40","1,568.90","1,571.10","1,528.00","1,560.00","1,561.10","1,551.32",850025,1318663629.55,54834,263165.0,30.96
2023-10-31,BAJAJFINSV,BL,"1,480.00","1,570.00","1,570.00","1,570.00","1,570.00","1,570.00","1,570.00",635000,996950000.0,1,,-
2023-11-01,BAJAJFINSV,EQ,"1,569.55","1,574.90","1,580.00","1,565.00","1,574.40","1,572.85","1,573.08",770557,1212150547.6,40171,457954.0,59.43
2023-11-02,BAJAJFINSV,EQ,"1,572.85","1,587.70","1,592.60","1,566.10","1,574.00","1,575.60","1,577.35",1020303,1609371929.05,65647,370914.0,36.35
2023-11-03,BAJAJFINSV,EQ,"1,575.60","1,584.25","1,593.65","1,527.90","1,531.05","1,536.15","1,562.32",2519096,3935634481.7,70467,1564933.0,62.12
2023-11-06,BAJAJFINSV,EQ,"1,536.15","1,547.00","1,566.00","1,540.00","1,562.00","1,564.40","1,553.43",917415,1425139242.3,44191,492992.0,53.74
2023-11-07,BAJAJFINSV,EQ,"1,564.40","1,602.00","1,607.80","1,550.00","1,569.90","1,569.80","1,570.78",2532282,3977665996.95,108272,743517.0,29.36
2023-11-08,BAJAJFINSV,EQ,"1,569.80","1,576.00","1,579.95","1,559.20","1,574.70","1,575.50","1,570.75",831310,1305780665.65,44373,401533.0,48.30
2023-11-09,BAJAJFINSV,EQ,"1,575.50","1,575.00","1,589.00","1,569.00","1,588.00","1,582.25","1,578.44",1108425,1749585827.95,50758,611434.0,55.16
2023-11-10,BAJAJFINSV,EQ,"1,582.25","1,581.00","1,598.80","1,572.65","1,594.00","1,596.00","1,589.13",672720,1069040443.5,34416,346460.0,51.50
2023-11-12,BAJAJFINSV,EQ,"1,596.00","1,606.00","1,607.00","1,588.40","1,595.00","1,594.60","1,597.57",148384,237054364.7,11213,65854.0,44.38
2023-11-13,BAJAJFINSV,EQ,"1,594.60","1,594.60","1,597.95","1,568.70","1,585.05","1,585.20","1,584.53",853825,1352912669.55,53808,271017.0,31.74
2023-11-15,BAJAJFINSV,EQ,"1,585.20","1,600.00","1,615.00","1,579.95","1,586.20","1,587.05","1,596.12",1684967,2689406254.75,75400,853217.0,50.64
2023-11-16,BAJAJFINSV,EQ,"1,587.05","1,561.05","1,628.00","1,539.05","1,623.00","1,620.65","1,597.14",3213352,5132171711.7,119177,844997.0,26.30
2023-11-17,BAJAJFINSV,EQ,"1,620.65","1,593.05","1,620.65","1,581.60","1,613.05","1,615.90","1,606.38",1783393,2864802652.5,69157,685512.0,38.44
2023-11-20,BAJAJFINSV,EQ,"1,615.90","1,611.90","1,616.55","1,586.15","1,596.00","1,593.80","1,596.74",1256179,2005793591.7,53277,641718.0,51.08
2023-11-21,BAJAJFINSV,EQ,"1,593.80","1,593.80","1,616.45","1,593.60","1,607.00","1,610.40","1,605.79",1714833,2753666721.15,74886,764911.0,44.61
2023-11-22,BAJAJFINSV,EQ,"1,610.40","1,610.00","1,626.00","1,602.50","1,622.00","1,623.90","1,618.91",807316,1306973388.1,38905,396578.0,49.12
2023-11-23,BAJAJFINSV,EQ,"1,623.90","1,623.90","1,636.85","1,620.20","1,625.25","1,623.95","1,627.96",695592,1132395277.95,45408,235984.0,33.93
2023-11-24,BAJAJFINSV,EQ,"1,623.95","1,624.45","1,628.95","1,612.00","1,615.00","1,617.25","1,618.25",625345,1011964460.7,42845,214441.0,34.29
2023-11-28,BAJAJFINSV,EQ,"1,617.25","1,617.50","1,657.00","1,617.50","1,656.00","1,654.40","1,642.45",1564478,2569579901.45,70089,930983.0,59.51
2023-11-29,BAJAJFINSV,EQ,"1,654.40","1,660.00","1,665.00","1,649.00","1,650.50","1,653.50","1,655.30",746796,1236167776.75,58780,345451.0,46.26
2023-11-30,BAJAJFINSV,EQ,"1,653.50","1,653.00","1,679.90","1,644.55","1,675.10","1,673.50","1,667.35",1577522,2630288089.4,99281,853201.0,54.08
2023-12-01,BAJAJFINSV,EQ,"1,673.50","1,680.00","1,688.70","1,669.95","1,681.55","1,685.95","1,681.46",1101136,1851512723.4,63027,571563.0,51.91
2023-12-04,BAJAJFINSV,EQ,"1,685.95","1,700.00","1,714.70","1,685.90","1,694.00","1,696.25","1,698.71",1419178,2410773664.5,83011,697485.0,49.15
2023-12-05,BAJAJFINSV,EQ,"1,696.25","1,696.30","1,713.40","1,673.25","1,695.40","1,692.70","1,693.02",1778602,3011206144.0,112160,608686.0,34.22
2023-12-06,BAJAJFINSV,EQ,"1,692.70","1,701.00","1,710.00","1,692.90","1,698.65","1,700.35","1,702.49",737176,1255035135.25,52757,378964.0,51.41
2023-12-07,BAJAJFINSV,EQ,"1,700.35","1,700.35","1,724.00","1,690.00","1,708.00","1,704.05","1,708.58",941890,1609297161.5,72494,387828.0,41.18
2023-12-08,BAJAJFINSV,EQ,"1,704.05","1,705.00","1,714.55","1,692.50","1,711.50","1,710.15","1,705.60",1376050,2346995975.8,83531,772049.0,56.11
2023-12-11,BAJAJFINSV,EQ,"1,710.15","1,700.15","1,717.00","1,698.25","1,702.00","1,702.80","1,705.81",1003371,1711563416.95,45131,687378.0,68.51
2023-12-12,BAJAJFINSV,EQ,"1,702.80","1,704.80","1,719.75","1,700.50","1,703.00","1,706.75","1,707.90",1390539,2374901263.9,85094,660361.0,47.49
2023-12-13,BAJAJFINSV,EQ,"1,706.75","1,708.00","1,709.50","1,668.20","1,688.00","1,684.55","1,681.03",1168629,1964499682.5,65731,599516.0,51.30
2023-12-14,BAJAJFINSV,EQ,"1,684.55","1,700.00","1,733.90","1,698.00","1,725.10","1,730.95","1,725.41",2130836,3676556463.8,114108,1013973.0,47.59
2023-12-15,BAJAJFINSV,EQ,"1,730.95","1,738.95","1,741.00","1,718.75","1,730.50","1,733.15","1,728.27",1486079,2568348546.65,83408,831093.0,55.93
2023-12-18,BAJAJFINSV,EQ,"1,733.15","1,732.65","1,738.55","1,718.55","1,719.05","1,724.60","1,728.86",696124,1203499281.0,52372,351393.0,50.48
2023-12-19,BAJAJFINSV,EQ,"1,724.60","1,725.00","1,726.55","1,696.80","1,710.05","1,709.75","1,708.22",1214352,2074381603.1,67055,677511.0,55.79
2023-12-20,BAJAJFINSV,EQ,"1,709.75","1,715.70","1,741.00","1,672.00","1,675.20","1,680.90","1,713.93",1540009,2639467286.55,90782,718071.0,46.63
2023-12-21,BAJAJFINSV,EQ,"1,680.90","1,663.00","1,681.80","1,660.25","1,671.95","1,666.85","1,670.73",988034,1650742372.55,71394,333954.0,33.80
2023-12-22,BAJAJFINSV,EQ,"1,666.85","1,669.00","1,690.00","1,663.60","1,675.00","1,672.05","1,675.35",1279614,2143806927.2,90260,437882.0,34.22
2023-12-26,BAJAJFINSV,EQ,"1,672.05","1,675.00","1,684.00","1,637.05","1,650.95","1,645.30","1,656.79",1296291,2147686247.9,103687,542556.0,41.85
2023-12-27,BAJAJFINSV,EQ,"1,645.30","1,657.00","1,674.05","1,653.80","1,670.20","1,669.45","1,664.56",1181177,1966140802.45,84206,658235.0,55.73
2023-12-28,BAJAJFINSV,EQ,"1,669.45","1,674.05","1,698.80","1,667.20","1,680.20","1,681.20","1,680.15",1360425,2285712905.85,77880,512804.0,37.69
2023-12-29,BAJAJFINSV,EQ,"1,681.20","1,682.45","1,692.70","1,674.60","1,688.00","1,685.80","1,684.35",738203,1243393227.95,55285,385413.0,52.21
2024-01-01,BAJAJFINSV,EQ,"1,685.80","1,685.80","1,691.70","1,671.00","1,672.00","1,676.40","1,679.14",692280,1162435414.4,43193,403683.0,58.31
2024-01-02,BAJAJFINSV,EQ,"1,676.40","1,675.90","1,689.85","1,663.45","1,685.00","1,686.20","1,679.50",1099965,1847393963.5,87475,443175.0,40.29
2024-01-03,BAJAJFINSV,EQ,"1,686.20","1,680.00","1,708.00","1,676.00","1,679.00","1,677.65","1,689.49",804258,1358788967.9,54618,354860.0,44.12
2024-01-04,BAJAJFINSV,EQ,"1,677.65","1,694.35","1,723.95","1,690.00","1,701.80","1,701.95","1,707.14",2268009,3871811823.25,109837,1045751.0,46.11
2024-01-05,BAJAJFINSV,EQ,"1,701.95","1,702.95","1,717.10","1,697.65","1,707.40","1,709.50","1,708.40",835592,1427525109.45,89194,291677.0,34.91
2024-01-08,BAJAJFINSV,EQ,"1,709.50","1,715.95","1,723.65","1,690.20","1,695.50","1,696.35","1,704.24",684254,1166134742.35,58711,240907.0,35.21
2024-01-09,BAJAJFINSV,EQ,"1,696.35","1,710.45","1,715.00","1,674.30","1,680.00","1,682.45","1,696.51",1235008,2095200779.3,72669,523399.0,42.38
2024-01-10,BAJAJFINSV,EQ,"1,682.45","1,685.00","1,685.00","1,658.65","1,673.70","1,671.85","1,668.90",607010,1013040092.2,42761,238966.0,39.37
2024-01-11,BAJAJFINSV,EQ,"1,671.85","1,679.00","1,702.65","1,660.15","1,668.00","1,669.25","1,680.13",861924,1448143375.75,67278,318901.0,37.00
2024-01-12,BAJAJFINSV,EQ,"1,669.25","1,670.25","1,674.95","1,642.00","1,652.30","1,651.90","1,653.32",1314964,2174054084.2,94927,618319.0,47.02
2024-01-15,BAJAJFINSV,EQ,"1,651.90","1,655.00","1,664.15","1,630.05","1,632.00","1,632.40","1,639.00",1089891,1786336368.5,76156,582090.0,53.41
2024-01-16,BAJAJFINSV,EQ,"1,632.40","1,634.00","1,646.30","1,620.00","1,621.20","1,623.50","1,631.99",1063676,1735903694.55,89460,383968.0,36.10
2024-01-17,BAJAJFINSV,EQ,"1,623.50","1,614.95","1,622.00","1,578.05","1,590.05","1,586.15","1,593.50",1488186,2371426262.55,116025,784375.0,52.71
2024-01-18,BAJAJFINSV,EQ,"1,586.15","1,586.00","1,605.35","1,559.00","1,581.75","1,581.15","1,575.13",1133236,1784994345.9,96727,466735.0,41.19
2024-01-19,BAJAJFINSV,EQ,"1,581.15","1,590.95","1,606.35","1,581.00","1,601.95","1,600.50","1,596.56",1139473,1819240346.6,129056,524308.0,46.01
2024-01-20,BAJAJFINSV,EQ,"1,600.50","1,600.50","1,610.95","1,577.75","1,581.95","1,581.00","1,592.47",404125,643555716.25,25954,208017.0,51.47
2024-01-23,BAJAJFINSV,EQ,"1,581.00","1,597.45","1,615.25","1,575.00","1,581.10","1,582.50","1,591.37",3028946,4820183887.05,152143,1574185.0,51.97
2024-01-24,BAJAJFINSV,EQ,"1,582.50","1,594.70","1,622.85","1,578.35","1,621.80","1,620.85","1,607.93",1393463,2240591641.8,65204,819948.0,58.84
2024-01-25,BAJAJFINSV,EQ,"1,620.85","1,621.75","1,635.00","1,613.70","1,630.00","1,630.15","1,625.57",1744604,2835979672.0,83335,1163122.0,66.67
2024-01-29,BAJAJFINSV,EQ,"1,630.15","1,630.00","1,641.60","1,618.50","1,637.00","1,636.95","1,630.38",940220,1532915983.6,62714,443036.0,47.12
2024-01-30,BAJAJFINSV,EQ,"1,636.95","1,629.00","1,629.00","1,585.00","1,591.10","1,590.55","1,601.95",4851835,7772409055.65,235191,2410935.0,49.69
2024-01-31,BAJAJFINSV,EQ,"1,590.55","1,594.00","1,632.00","1,585.00","1,623.00","1,627.30","1,616.99",1486444,2403567309.2,87780,895411.0,60.24
2024-02-01,BAJAJFINSV,EQ,"1,627.30","1,632.00","1,632.00","1,613.00","1,625.00","1,622.25","1,621.98",1352416,2193585106.2,135341,830370.0,61.40
2024-02-02,BAJAJFINSV,EQ,"1,622.25","1,635.00","1,664.00","1,626.70","1,650.00","1,651.50","1,650.78",1514648,2500349587.05,109232,688982.0,45.49
2024-02-05,BAJAJFINSV,EQ,"1,651.50","1,650.00","1,659.90","1,608.55","1,618.00","1,614.90","1,624.14",2578535,4187904918.95,139387,1783676.0,69.17
2024-02-06,BAJAJFINSV,EQ,"1,614.90","1,626.80","1,626.80","1,578.60","1,600.00","1,597.05","1,597.02",2376798,3795785061.75,176278,1139722.0,47.95
2024-02-07,BAJAJFINSV,EQ,"1,597.05","1,609.00","1,623.75","1,589.40","1,594.85","1,596.20","1,601.22",1477982,2366567880.4,68183,911474.0,61.67
2024-02-08,BAJAJFINSV,EQ,"1,596.20","1,607.95","1,607.95","1,565.00","1,576.95","1,570.55","1,577.06",1486674,2344567971.5,114317,821168.0,55.24
2024-02-09,BAJAJFINSV,EQ,"1,570.55","1,586.25","1,587.30","1,562.70","1,571.00","1,570.95","1,570.45",1049368,1647980452.25,87019,486774.0,46.39
2024-02-12,BAJAJFINSV,EQ,"1,570.95","1,578.75","1,579.30","1,551.50","1,560.00","1,557.25","1,561.24",803753,1254854966.6,50949,338928.0,42.17
2024-02-13,BAJAJFINSV,EQ,"1,557.25","1,560.00","1,586.45","1,552.20","1,566.95","1,568.00","1,573.30",1833289,2884314243.7,123495,515303.0,28.11
2024-02-14,BAJAJFINSV,EQ,"1,568.00","1,560.00","1,583.00","1,555.00","1,583.00","1,579.70","1,570.71",763689,1199533587.8,49673,381071.0,49.90
2024-02-15,BAJAJFINSV,EQ,"1,579.70","1,589.95","1,590.00","1,564.55","1,570.05","1,569.40","1,572.29",803588,1263476317.6,70643,386619.0,48.11
2024-02-16,BAJAJFINSV,EQ,"1,569.40","1,583.10","1,585.00","1,567.05","1,575.00","1,575.90","1,573.72",850341,1338200022.6,53683,496513.0,58.39
2024-02-19,BAJAJFINSV,EQ,"1,575.90","1,576.00","1,625.00","1,572.00","1,618.60","1,620.15","1,608.23",1162373,1869368727.05,67414,416829.0,35.86
2024-02-20,BAJAJFINSV,EQ,"1,620.15","1,617.95","1,619.00","1,597.50","1,605.95","1,602.85","1,607.37",1232581,1981219619.95,75341,441976.0,35.86
2024-02-21,BAJAJFINSV,EQ,"1,602.85","1,604.00","1,618.60","1,580.60","1,588.05","1,586.95","1,597.67",674394,1077457933.55,52894,318780.0,47.27
2024-02-22,BAJAJFINSV,EQ,"1,586.95","1,599.00","1,599.00","1,565.85","1,593.85","1,592.55","1,577.79",1149519,1813696118.8,103955,374474.0,32.58
2024-02-23,BAJAJFINSV,EQ,"1,592.55","1,596.00","1,620.90","1,596.00","1,616.00","1,616.55","1,610.33",1199419,1931457179.1,69755,570308.0,47.55
2024-02-26,BAJAJFINSV,EQ,"1,616.55","1,616.00","1,629.40","1,610.00","1,611.95","1,614.30","1,619.30",742382,1202141497.3,59548,387614.0,52.21
2024-02-27,BAJAJFINSV,EQ,"1,614.30","1,614.30","1,623.45","1,595.00","1,595.00","1,600.60","1,609.35",931236,1498688392.35,72169,352011.0,37.80
2024-02-28,BAJAJFINSV,EQ,"1,600.60","1,603.00","1,609.70","1,580.00","1,586.70","1,584.50","1,595.12",790763,1261358603.55,48022,418659.0,52.94
2024-02-29,BAJAJFINSV,EQ,"1,584.50","1,584.95","1,603.60","1,568.35","1,593.85","1,593.80","1,588.73",1352363,2148535814.35,87800,745616.0,55.13
2024-03-01,BAJAJFINSV,EQ,"1,593.80","1,597.95","1,620.30","1,595.20","1,610.20","1,613.40","1,612.90",740120,1193738842.5,67417,313900.0,42.41
2024-03-02,BAJAJFINSV,EQ,"1,613.40","1,613.40","1,615.90","1,605.00","1,611.05","1,610.15","1,610.65",44273,71308222.7,3165,23768.0,53.69
2024-03-04,BAJAJFINSV,EQ,"1,610.15","1,616.00","1,625.00","1,603.30","1,622.70","1,619.30","1,612.62",589948,951359189.45,66919,328721.0,55.72
2024-03-05,BAJAJFINSV,EQ,"1,619.30","1,630.00","1,636.60","1,541.15","1,552.00","1,550.50","1,576.48",2343463,3694428184.55,135687,1102041.0,47.03
2024-03-06,BAJAJFINSV,EQ,"1,550.50","1,558.00","1,558.00","1,530.80","1,556.00","1,554.60","1,545.16",1239370,1915026262.6,99912,498524.0,40.22
2024-03-07,BAJAJFINSV,EQ,"1,554.60","1,557.15","1,589.65","1,557.15","1,584.70","1,582.80","1,580.07",1380840,2181819450.2,84461,685766.0,49.66
2024-03-11,BAJAJFINSV,EQ,"1,582.80","1,597.50","1,616.15","1,583.00","1,595.00","1,598.80","1,603.10",1285565,2060890120.2,100359,629734.0,48.98
2024-03-12,BAJAJFINSV,EQ,"1,598.80","1,590.10","1,612.00","1,565.15","1,590.00","1,593.55","1,591.30",1587096,2525546040.5,115807,453744.0,28.59
2024-03-13,BAJAJFINSV,EQ,"1,593.55","1,592.30","1,598.95","1,562.00","1,569.55","1,573.15","1,578.20",1279653,2019553067.35,76744,736848.0,57.58
2024-03-14,BAJAJFINSV,EQ,"1,573.15","1,565.60","1,580.00","1,550.10","1,563.75","1,563.70","1,565.66",1289823,2019425089.15,98770,709930.0,55.04
2024-03-15,BAJAJFINSV,EQ,"1,563.70","1,547.50","1,589.60","1,547.50","1,562.20","1,571.45","1,570.14",1929597,3029737013.75,96713,1134909.0,58.82
2024-03-18,BAJAJFINSV,EQ,"1,571.45","1,570.95","1,579.15","1,561.00","1,578.00","1,577.05","1,571.77",645594,1014724529.75,44701,376909.0,58.38
2024-03-19,BAJAJFINSV,EQ,"1,577.05","1,574.05","1,590.00","1,551.10","1,580.00","1,581.50","1,572.57",1385006,2178015416.0,106107,498767.0,36.01
2024-03-20,BAJAJFINSV,EQ,"1,581.50","1,582.50","1,593.50","1,566.10","1,584.00","1,584.70","1,582.62",723724,1145378061.55,72054,340609.0,47.06
2024-03-21,BAJAJFINSV,EQ,"1,584.70","1,596.00","1,609.45","1,592.00","1,596.10","1,602.60","1,601.43",1166497,1868063939.35,94485,653096.0,55.99
2024-03-22,BAJAJFINSV,EQ,"1,602.60","1,593.00","1,610.00","1,583.40","1,584.00","1,587.55","1,592.63",1570412,2501083959.0,118463,867484.0,55.24
2024-03-26,BAJAJFINSV,EQ,"1,587.55","1,589.00","1,619.00","1,589.00","1,595.00","1,593.90","1,604.95",1616192,2593899317.75,87513,740464.0,45.82
2024-03-27,BAJAJFINSV,EQ,"1,593.90","1,590.00","1,609.90","1,578.20","1,585.00","1,582.65","1,589.76",1205575,1916574937.85,66120,748478.0,62.08
2024-03-28,BAJAJFINSV,EQ,"1,582.65","1,588.00","1,669.00","1,588.00","1,647.00","1,643.85","1,644.52",5210310,8568470397.9,201292,1646559.0,31.6
2024-04-01,BAJAJFINSV,EQ,"1,643.85","1,659.05","1,674.00","1,640.35","1,644.00","1,646.00","1,654.61",767676,1270204338.5,49142,241372.0,31.44
2024-04-02,BAJAJFINSV,EQ,"1,646.00","1,650.90","1,662.90","1,625.70","1,654.00","1,656.55","1,649.62",1605925,2649166966.85,81137,500864.0,31.19
2024-04-03,BAJAJFINSV,EQ,"1,656.55","1,654.00","1,654.85","1,635.00","1,640.10","1,640.35","1,641.33",1055536,1732481738.55,60750,533305.0,50.52
2024-04-04,BAJAJFINSV,EQ,"1,640.35","1,650.00","1,662.50","1,630.00","1,656.95","1,655.80","1,647.27",1328509,2188410641.35,106890,391743.0,29.49
2024-04-05,BAJAJFINSV,EQ,"1,655.80","1,658.50","1,681.50","1,651.95","1,680.05","1,677.95","1,671.25",2364243,3951250584.5,82915,1309383.0,55.38
2024-04-08,BAJAJFINSV,EQ,"1,677.95","1,690.00","1,702.00","1,684.85","1,689.65","1,689.15","1,692.93",1345380,2277640417.6,54728,850917.0,63.25
2024-04-09,BAJAJFINSV,EQ,"1,689.15","1,694.95","1,715.00","1,687.25","1,708.00","1,710.40","1,702.26",1284145,2185947715.65,61983,529027.0,41.2
2024-04-10,BAJAJFINSV,EQ,"1,710.40","1,717.00","1,722.00","1,696.00","1,704.40","1,704.10","1,708.13",1031729,1762326568.7,56161,605587.0,58.7
2024-04-12,BAJAJFINSV,EQ,"1,704.10","1,700.00","1,706.20","1,689.55","1,696.00","1,698.65","1,698.12",1312132,2228152904.95,86806,656967.0,50.07
2024-04-15,BAJAJFINSV,EQ,"1,698.65","1,672.00","1,692.00","1,654.20","1,661.00","1,656.85","1,669.64",828843,1383872446.95,61801,322548.0,38.92
2024-04-16,BAJAJFINSV,EQ,"1,656.85","1,640.00","1,648.70","1,611.35","1,618.35","1,618.50","1,622.86",1528544,2480609479.85,74625,820557.0,53.68
2024-04-18,BAJAJFINSV,EQ,"1,618.50","1,625.00","1,630.10","1,589.30","1,596.25","1,593.90","1,609.77",1325537,2133814011.5,93143,497626.0,37.54
2024-04-19,BAJAJFINSV,EQ,"1,593.90","1,587.00","1,628.75","1,568.70","1,618.60","1,619.00","1,602.50",1242066,1990407642.45,117492,497630.0,40.06
2024-04-22,BAJAJFINSV,EQ,"1,619.00","1,627.00","1,648.00","1,617.50","1,630.90","1,629.45","1,628.62",703167,1145190702.3,39800,366305.0,52.09
2024-04-23,BAJAJFINSV,EQ,"1,629.45","1,628.60","1,652.00","1,616.00","1,621.30","1,621.10","1,632.76",1297705,2118838302.4,64992,563026.0,43.39
2024-04-24,BAJAJFINSV,EQ,"1,621.10","1,625.00","1,648.85","1,618.05","1,634.45","1,630.35","1,635.43",578310,945782668.9,46300,206564.0,35.72
2024-04-25,BAJAJFINSV,EQ,"1,630.35","1,630.00","1,672.00","1,615.65","1,654.00","1,655.55","1,644.81",1569437,2581426236.95,106131,484629.0,30.88
2024-04-26,BAJAJFINSV,EQ,"1,655.55","1,649.05","1,649.05","1,578.45","1,595.00","1,597.35","1,598.82",5325417,8514385731.75,238023,2635033.0,49.48
2024-04-29,BAJAJFINSV,EQ,"1,597.35","1,603.00","1,603.00","1,587.35","1,596.00","1,595.65","1,595.02",1132800,1806833405.8,70644,623918.0,55.08
2024-04-30,BAJAJFINSV,EQ,"1,595.65","1,596.00","1,633.95","1,591.30","1,614.00","1,615.00","1,617.17",1748360,2827396935.2,97410,770872.0,44.09
2024-05-02,BAJAJFINSV,EQ,"1,615.00","1,615.00","1,635.00","1,611.00","1,618.00","1,615.45","1,620.97",1304846,2115112735.35,116125,416339.0,31.91
2024-05-03,BAJAJFINSV,EQ,"1,615.45","1,650.20","1,725.00","1,618.00","1,622.90","1,627.30","1,660.02",5227529,8677785984.9,217266,1384486.0,26.48
2024-05-06,BAJAJFINSV,EQ,"1,627.30","1,637.90","1,637.90","1,607.05","1,613.70","1,611.35","1,620.87",725360,1175711852.75,45616,232439.0,32.04
2024-05-07,BAJAJFINSV,EQ,"1,611.35","1,621.00","1,625.00","1,593.00","1,612.45","1,615.15","1,611.71",1348125,2172786127.65,85646,428583.0,31.79
2024-05-08,BAJAJFINSV,EQ,"1,615.15","1,601.00","1,620.00","1,598.75","1,601.55","1,603.05","1,608.38",802342,1290472565.1,62088,407658.0,50.81
2024-05-09,BAJAJFINSV,EQ,"1,603.05","1,606.70","1,613.10","1,559.60","1,567.80","1,564.60","1,577.52",1364729,2152892846.35,117736,657047.0,48.14
2024-05-10,BAJAJFINSV,EQ,"1,564.60","1,560.00","1,584.15","1,556.00","1,571.00","1,572.70","1,572.01",768117,1207489879.45,88297,269004.0,35.02
2024-05-13,BAJAJFINSV,EQ,"1,572.70","1,574.00","1,587.00","1,556.30","1,577.50","1,580.55","1,573.05",466042,733108667.1,39499,152256.0,32.67
2024-05-14,BAJAJFINSV,EQ,"1,580.55","1,575.35","1,589.90","1,569.05","1,579.50","1,576.45","1,577.45",652248,1028890368.0,60605,307941.0,47.21
2024-05-15,BAJAJFINSV,EQ,"1,576.45","1,580.00","1,589.65","1,566.60","1,570.75","1,569.05","1,574.11",581805,915825480.3,53965,292374.0,50.25
2024-05-16,BAJAJFINSV,EQ,"1,569.05","1,575.05","1,601.00","1,560.45","1,593.95","1,596.00","1,579.30",1212568,1915010385.45,110380,461633.0,38.07
2024-05-17,BAJAJFINSV,EQ,"1,596.00","1,595.00","1,598.00","1,580.05","1,587.00","1,584.75","1,586.53",699522,1109809186.4,59838,315569.0,45.11
2024-05-18,BAJAJFINSV,EQ,"1,584.75","1,584.70","1,600.00","1,575.00","1,589.90","1,587.50","1,586.65",58954,93539419.05,4369,24359.0,41.32
2024-05-21,BAJAJFINSV,EQ,"1,587.50","1,587.50","1,595.30","1,572.00","1,581.00","1,582.55","1,581.78",903561,1429235079.6,84340,520500.0,57.61
2024-05-22,BAJAJFINSV,EQ,"1,582.55","1,582.55","1,590.00","1,575.00","1,585.00","1,583.95","1,582.96",578669,916008515.6,39713,308707.0,53.35
2024-05-23,BAJAJFINSV,EQ,"1,583.95","1,587.10","1,613.25","1,581.25","1,607.00","1,608.45","1,599.83",1547483,2475714520.1,100098,756306.0,48.87
2024-05-24,BAJAJFINSV,EQ,"1,608.45","1,609.00","1,620.00","1,597.05","1,605.00","1,601.70","1,607.54",566278,910315490.1,47721,235299.0,41.55
2024-05-27,BAJAJFINSV,EQ,"1,601.70","1,605.00","1,612.85","1,590.30","1,597.55","1,595.80","1,603.11",1365230,2188608872.55,50630,971886.0,71.19
2024-05-28,BAJAJFINSV,EQ,"1,595.80","1,602.95","1,605.00","1,589.45","1,598.65","1,599.65","1,596.77",1306333,2085917421.0,64213,786506.0,60.21
2024-05-29,BAJAJFINSV,EQ,"1,599.65","1,594.15","1,602.35","1,565.10","1,567.05","1,569.90","1,576.21",1665575,2625298830.75,73125,1158214.0,69.54
2024-05-30,BAJAJFINSV,EQ,"1,569.90","1,566.75","1,575.20","1,517.00","1,525.00","1,524.10","1,533.11",2285079,3503271704.3,150586,1268965.0,55.53
2024-05-31,BAJAJFINSV,EQ,"1,524.10","1,530.00","1,552.05","1,518.90","1,531.00","1,528.60","1,528.24",2794001,4269899128.95,153437,1663508.0,59.54
2024-06-03,BAJAJFINSV,EQ,"1,528.60","1,580.00","1,583.00","1,556.45","1,578.60","1,575.80","1,573.93",1826290,2874454422.05,70981,1110021.0,60.78
2024-06-04,BAJAJFINSV,EQ,"1,575.80","1,556.00","1,569.20","1,419.05","1,489.40","1,477.30","1,493.63",4388491,6554766778.75,292765,1737899.0,39.6
2024-06-05,BAJAJFINSV,EQ,"1,477.30","1,490.00","1,528.00","1,472.90","1,519.00","1,517.70","1,508.36",1456768,2197336675.85,90611,798836.0,54.84
2024-06-06,BAJAJFINSV,EQ,"1,517.70","1,521.50","1,541.50","1,510.80","1,531.00","1,526.45","1,524.58",2891789,4408758077.1,128791,1693919.0,58.58
2024-06-07,BAJAJFINSV,EQ,"1,526.45","1,538.95","1,580.00","1,530.55","1,565.90","1,567.70","1,561.79",2787254,4353116697.85,127738,1040409.0,37.33
2024-06-10,BAJAJFINSV,EQ,"1,567.70","1,586.05","1,589.00","1,559.35","1,560.05","1,565.80","1,577.38",1154334,1820824374.65,101419,593067.0,51.38
2024-06-11,BAJAJFINSV,EQ,"1,565.80","1,573.00","1,577.40","1,558.00","1,569.95","1,568.25","1,568.71",1184425,1858021705.4,99642,458839.0,38.74
2024-06-12,BAJAJFINSV,EQ,"1,568.25","1,568.00","1,593.75","1,562.00","1,580.00","1,579.10","1,574.65",1799090,2832929928.7,73036,1048509.0,58.28
2024-06-13,BAJAJFINSV,EQ,"1,579.10","1,586.95","1,595.55","1,581.00","1,586.15","1,590.10","1,587.53",1095701,1739453368.4,77073,672150.0,61.34
2024-06-14,BAJAJFINSV,EQ,"1,590.10","1,590.10","1,596.00","1,575.35","1,587.05","1,591.75","1,588.45",681385,1082343665.65,60911,283064.0,41.54
2024-06-18,BAJAJFINSV,EQ,"1,591.75","1,599.00","1,604.90","1,585.00","1,597.35","1,597.95","1,594.25",1282756,2045039820.35,111193,674080.0,52.55
2024-06-19,BAJAJFINSV,EQ,"1,597.95","1,600.00","1,600.00","1,582.50","1,590.50","1,594.90","1,590.66",1269273,2018983570.5,47050,793194.0,62.49
2024-06-20,BAJAJFINSV,EQ,"1,594.90","1,592.50","1,595.00","1,573.10","1,587.50","1,586.00","1,581.50",1649421,2608557709.15,106178,913612.0,55.39
2024-06-21,BAJAJFINSV,EQ,"1,586.00","1,586.00","1,610.85","1,570.50","1,579.90","1,578.90","1,583.11",3345305,5295995946.95,115582,1988937.0,59.45
2024-06-24,BAJAJFINSV,EQ,"1,578.90","1,570.05","1,589.85","1,561.00","1,586.85","1,587.65","1,577.95",822750,1298259933.9,44488,435650.0,52.95
2024-06-25,BAJAJFINSV,EQ,"1,587.65","1,587.65","1,610.75","1,571.00","1,606.00","1,603.35","1,591.57",3093861,4924099318.25,141660,1427265.0,46.13
2024-06-26,BAJAJFINSV,EQ,"1,603.35","1,607.00","1,616.50","1,593.75","1,600.50","1,600.25","1,601.56",1310438,2098744015.6,51181,722926.0,55.17
2024-06-27,BAJAJFINSV,EQ,"1,600.25","1,600.25","1,614.70","1,595.05","1,599.75","1,603.10","1,604.64",2620064,4204258964.9,156183,1361670.0,51.97
2024-06-28,BAJAJFINSV,EQ,"1,603.10","1,603.10","1,622.00","1,583.10","1,590.95","1,588.15","1,600.94",2058302,3295219325.4,93481,1259963.0,61.21
2024-07-01,BAJAJFINSV,EQ,"1,588.15","1,588.20","1,590.95","1,578.00","1,580.00","1,580.20","1,582.68",2444681,3869152674.8,86514,1806279.0,73.89
2024-07-02,BAJAJFINSV,EQ,"1,580.20","1,580.20","1,585.00","1,561.10","1,582.00","1,579.75","1,572.86",2572175,4045683248.35,172144,1383077.0,53.77
2024-07-03,BAJAJFINSV,EQ,"1,579.75","1,583.00","1,597.50","1,573.60","1,594.00","1,594.15","1,590.28",892102,1418689647.9,45137,474233.0,53.16
2024-07-04,BAJAJFINSV,EQ,"1,594.15","1,610.00","1,610.00","1,580.80","1,583.60","1,585.70","1,593.04",1450706,2311031774.25,65469,879643.0,60.64
2024-07-05,BAJAJFINSV,EQ,"1,585.70","1,587.00","1,590.70","1,570.10","1,580.00","1,579.60","1,577.93",1070592,1689321250.6,103206,530458.0,49.55
2024-07-08,BAJAJFINSV,EQ,"1,579.60","1,579.60","1,579.60","1,562.00","1,568.00","1,570.10","1,569.11",1000005,1569117801.15,80582,617343.0,61.73
2024-07-09,BAJAJFINSV,EQ,"1,570.10","1,577.70","1,583.90","1,567.00","1,581.00","1,581.60","1,577.39",1233946,1946415335.2,70426,697004.0,56.49
2024-07-10,BAJAJFINSV,EQ,"1,581.60","1,583.90","1,589.00","1,570.75","1,583.00","1,582.55","1,581.98",1355610,2144553315.65,99379,862609.0,63.63
2024-07-11,BAJAJFINSV,EQ,"1,582.55","1,584.00","1,596.00","1,576.00","1,588.35","1,587.85","1,585.68",1848978,2931881547.4,82242,1309244.0,70.81
2024-07-12,BAJAJFINSV,EQ,"1,587.85","1,604.85","1,604.85","1,585.15","1,597.95","1,597.25","1,597.21",1003699,1603115114.5,89811,513327.0,51.14
2024-07-15,BAJAJFINSV,EQ,"1,597.25","1,597.00","1,605.00","1,588.00","1,605.00","1,602.20","1,596.04",1753186,2798158553.25,55180,1405766.0,80.18
2024-07-16,BAJAJFINSV,EQ,"1,602.20","1,605.00","1,615.00","1,598.40","1,610.00","1,609.55","1,607.12",980434,1575671676.55,56338,576809.0,58.83
2024-07-18,BAJAJFINSV,EQ,"1,609.55","1,606.00","1,654.00","1,593.05","1,648.00","1,651.25","1,635.19",2999670,4905018387.4,131559,1575430.0,52.52
2024-07-19,BAJAJFINSV,EQ,"1,651.25","1,652.00","1,660.00","1,635.00","1,635.00","1,640.25","1,645.93",1865129,3069880461.2,72752,1100292.0,58.99
2024-07-22,BAJAJFINSV,EQ,"1,640.25","1,625.00","1,651.80","1,623.05","1,633.00","1,631.15","1,639.35",784867,1286673064.45,50019,430684.0,54.87
2024-07-23,BAJAJFINSV,EQ,"1,631.15","1,635.00","1,647.95","1,599.45","1,613.45","1,618.85","1,618.85",2718846,4401403810.2,132286,1256131.0,46.20
2024-07-24,BAJAJFINSV,EQ,"1,618.85","1,600.60","1,611.90","1,562.00","1,585.00","1,579.25","1,583.71",3675430,5820803831.4,176812,1881402.0,51.19
2024-07-25,BAJAJFINSV,EQ,"1,579.25","1,565.60","1,582.65","1,558.00","1,576.00","1,571.95","1,571.44",1694503,2662803589.55,98634,922872.0,54.46
2024-07-26,BAJAJFINSV,EQ,"1,571.95","1,578.00","1,592.75","1,569.05","1,584.40","1,586.45","1,583.30",2768936,4384043178.55,107847,2006776.0,72.47
2024-07-29,BAJAJFINSV,EQ,"1,586.45","1,588.15","1,625.00","1,582.50","1,618.00","1,617.15","1,605.74",2217892,3561366193.1,82131,1385390.0,62.46
2024-07-30,BAJAJFINSV,BL,"1,582.00","1,662.00","1,662.00","1,662.00","1,662.00","1,662.00","1,662.00",225000,373950000.0,3,,-
2024-07-31,BAJAJFINSV,EQ,"1,642.65","1,650.90","1,656.25","1,637.65","1,650.00","1,651.65","1,649.41",1324150,2184063693.3,64607,784669.0,59.26
2024-08-01,BAJAJFINSV,EQ,"1,651.65","1,655.00","1,659.00","1,630.00","1,632.65","1,634.80","1,642.86",747329,1227755642.9,57340,387503.0,51.85
2024-08-02,BAJAJFINSV,EQ,"1,634.80","1,620.00","1,629.00","1,603.00","1,622.00","1,623.45","1,620.26",1105569,1791308886.45,68300,600196.0,54.29
2024-08-05,BAJAJFINSV,EQ,"1,623.45","1,590.00","1,605.00","1,562.00","1,564.40","1,567.70","1,577.43",2058076,3246478317.6,112538,1292529.0,62.80
2024-08-06,BAJAJFINSV,EQ,"1,567.70","1,575.15","1,598.00","1,557.10","1,563.20","1,564.10","1,573.54",1897942,2986487766.2,108258,1078408.0,56.82
2024-08-07,BAJAJFINSV,EQ,"1,564.10","1,584.10","1,584.80","1,563.65","1,574.00","1,571.40","1,573.13",1443063,2270126988.45,40952,1146765.0,79.47
2024-08-08,BAJAJFINSV,EQ,"1,571.40","1,562.45","1,576.45","1,532.55","1,538.25","1,540.05","1,552.69",1683534,2614010348.2,92789,1084779.0,64.43
2024-08-09,BAJAJFINSV,EQ,"1,540.05","1,559.90","1,562.55","1,545.50","1,557.00","1,560.20","1,555.31",1014828,1578372498.8,50975,600678.0,59.19
2024-08-12,BAJAJFINSV,EQ,"1,560.20","1,557.00","1,570.85","1,548.10","1,557.40","1,559.00","1,561.48",1125254,1757059111.75,51376,689320.0,61.26
2024-08-13,BAJAJFINSV,EQ,"1,559.00","1,554.00","1,569.00","1,537.05","1,543.95","1,543.35","1,550.94",1817066,2818153307.4,111780,907782.0,49.96
2024-08-14,BAJAJFINSV,EQ,"1,543.35","1,545.00","1,546.45","1,526.80","1,529.50","1,529.15","1,531.78",1173504,1797548189.9,77731,738770.0,62.95
2024-08-16,BAJAJFINSV,EQ,"1,529.15","1,539.00","1,552.45","1,523.25","1,550.00","1,549.90","1,541.11",1841887,2838559405.35,85055,1290170.0,70.05
2024-08-19,BAJAJFINSV,EQ,"1,549.90","1,563.90","1,563.90","1,545.05","1,551.00","1,551.10","1,551.50",940893,1459797814.05,84351,589226.0,62.62
2024-08-20,BAJAJFINSV,EQ,"1,551.10","1,554.95","1,624.90","1,551.50","1,604.00","1,602.10","1,597.64",3149863,5032342850.35,122804,1526079.0,48.45
2024-08-21,BAJAJFINSV,EQ,"1,602.10","1,600.00","1,628.80","1,599.95","1,617.00","1,620.95","1,616.80",1966030,3178685357.6,124859,1196451.0,60.86
2024-08-22,BAJAJFINSV,EQ,"1,620.95","1,624.80","1,630.00","1,614.05","1,625.00","1,625.70","1,624.73",1325535,2153635703.2,146376,929392.0,70.11
2024-08-23,BAJAJFINSV,EQ,"1,625.70","1,627.90","1,644.95","1,623.20","1,644.00","1,639.90","1,635.21",1114056,1821718657.4,94274,689175.0,61.86
2024-08-26,BAJAJFINSV,EQ,"1,639.90","1,649.00","1,688.00","1,638.75","1,683.25","1,686.20","1,671.75",2446507,4089952113.85,156411,1245686.0,50.92
2024-08-27,BAJAJFINSV,EQ,"1,686.20","1,686.20","1,729.00","1,652.00","1,727.60","1,719.00","1,697.63",4205533,7139418956.0,213278,1911909.0,45.46
2024-08-28,BAJAJFINSV,EQ,"1,719.00","1,728.00","1,735.00","1,700.05","1,712.00","1,713.50","1,715.39",1444329,2477594387.85,103200,488629.0,33.83
2024-08-29,BAJAJFINSV,EQ,"1,713.50","1,716.00","1,772.00","1,711.55","1,758.30","1,755.65","1,755.12",5508206,9667555154.55,289557,1764121.0,32.03
2024-08-30,BAJAJFINSV,EQ,"1,755.65","1,769.95","1,793.50","1,750.05","1,782.00","1,783.05","1,775.87",3865499,6864631267.7,195873,1916716.0,49.59
2024-09-02,BAJAJFINSV,EQ,"1,783.05","1,796.40","1,862.00","1,787.80","1,842.00","1,840.55","1,837.17",5442576,9998938880.8,253728,1721589.0,31.63
2024-09-03,BAJAJFINSV,EQ,"1,840.55","1,850.00","1,870.95","1,811.95","1,866.25","1,865.60","1,841.82",4429269,8157914164.25,169905,2051811.0,46.32
2024-09-04,BAJAJFINSV,EQ,"1,865.60","1,840.20","1,879.70","1,833.05","1,865.35","1,871.90","1,867.90",2634954,4921836612.45,125251,1254219.0,47.60
2024-09-05,BAJAJFINSV,EQ,"1,871.90","1,868.00","1,874.70","1,850.00","1,865.10","1,864.95","1,863.30",1441842,2686577202.25,110359,759188.0,52.65
2024-09-06,BAJAJFINSV,EQ,"1,864.95","1,864.00","1,898.00","1,836.00","1,857.30","1,857.15","1,862.57",2970645,5533034505.0,146758,1257512.0,42.33
2024-09-09,BAJAJFINSV,EQ,"1,857.15","1,860.00","1,873.75","1,839.05","1,860.90","1,860.45","1,859.93",1576721,2932596035.5,97224,682529.0,43.29
2024-09-10,BAJAJFINSV,EQ,"1,860.45","1,874.80","1,874.80","1,815.25","1,827.90","1,824.50","1,827.52",2155688,3939559378.25,147790,674300.0,31.28
2024-09-11,BAJAJFINSV,EQ,"1,824.50","1,829.00","1,853.80","1,814.25","1,831.00","1,833.15","1,833.27",1492450,2736065614.7,77524,535740.0,35.90
2024-09-12,BAJAJFINSV,EQ,"1,833.15","1,850.70","1,860.00","1,816.80","1,849.00","1,854.85","1,839.43",2040386,3753150370.1,118125,860555.0,42.18
2024-09-13,BAJAJFINSV,EQ,"1,854.85","1,874.80","1,906.90","1,846.50","1,898.00","1,894.45","1,887.77",3078216,5810951952.05,172472,984943.0,32.00
2024-09-16,BAJAJFINSV,EQ,"1,894.45","1,902.00","1,921.00","1,838.05","1,856.10","1,857.60","1,876.70",3180768,5969358717.2,205992,935016.0,29.40
2024-09-17,BAJAJFINSV,EQ,"1,857.60","1,859.00","1,876.85","1,838.55","1,847.30","1,848.70","1,854.40",1920113,3560656742.6,107998,756304.0,39.39
2024-09-18,BAJAJFINSV,EQ,"1,848.70","1,848.70","1,897.00","1,843.20","1,881.15","1,888.20","1,881.60",2960854,5571154689.45,118509,1450395.0,48.99
2024-09-19,BAJAJFINSV,EQ,"1,888.20","1,890.00","1,902.00","1,876.00","1,890.00","1,890.40","1,889.46",1821882,3442381952.2,99575,978641.0,53.72
2024-09-20,BAJAJFINSV,EQ,"1,890.40","1,892.10","1,924.50","1,884.35","1,918.00","1,916.80","1,911.25",4225587,8076165379.65,145184,2673248.0,63.26
2024-09-23,BAJAJFINSV,EQ,"1,916.80","1,929.85","1,934.00","1,914.60","1,917.05","1,919.95","1,924.38",1118846,2153085011.8,68299,499950.0,44.68
2024-09-24,BAJAJFINSV,EQ,"1,919.95","1,920.00","1,923.60","1,898.35","1,907.90","1,904.65","1,909.97",1461016,2790492643.85,83248,661941.0,45.31
2024-09-25,BAJAJFINSV,EQ,"1,904.65","1,905.00","1,938.80","1,896.05","1,935.00","1,928.50","1,913.63",901659,1725443921.4,48897,415572.0,46.09
2024-09-26,BAJAJFINSV,EQ,"1,928.50","1,940.00","1,988.25","1,930.15","1,978.40","1,982.80","1,965.04",2541200,4993560699.3,122516,885714.0,34.85
2024-09-27,BAJAJFINSV,BL,"1,713.00","2,005.00","2,005.00","2,005.00","2,005.00","2,005.00","2,005.00",251000,503255000.0,1,,-
2024-09-30,BAJAJFINSV,EQ,"2,010.70","2,010.70","2,018.95","1,968.30","1,969.65","1,973.40","1,991.04",1859917,3703164528.05,121204,1115983.0,60.00
2024-10-01,BAJAJFINSV,EQ,"1,973.40","1,973.00","2,007.10","1,969.05","1,975.20","1,975.25","1,984.94",1326900,2633816200.1,80488,588046.0,44.32
2024-10-03,BAJAJFINSV,EQ,"1,975.25","1,961.00","1,970.05","1,896.50","1,920.00","1,913.40","1,921.67",1702709,3272048229.0,99263,833036.0,48.92
2024-10-04,BAJAJFINSV,EQ,"1,913.40","1,913.30","1,935.00","1,865.25","1,886.50","1,884.55","1,896.07",2423416,4594959148.65,117523,862883.0,35.61
2024-10-07,BAJAJFINSV,EQ,"1,884.55","1,884.55","1,901.60","1,868.80","1,879.00","1,879.30","1,883.42",1423722,2681472272.2,93128,659762.0,46.34
2024-10-08,BAJAJFINSV,EQ,"1,879.30","1,873.20","1,893.95","1,833.10","1,836.00","1,838.15","1,853.04",1423384,2637583698.95,81671,590237.0,41.47
2024-10-09,BAJAJFINSV,EQ,"1,838.15","1,849.00","1,881.20","1,835.55","1,868.00","1,866.95","1,867.04",1411255,2634871519.45,79981,746220.0,52.88
2024-10-10,BAJAJFINSV,EQ,"1,866.95","1,874.80","1,887.85","1,860.00","1,876.50","1,875.70","1,876.02",1209065,2268234548.85,75793,611931.0,50.61
2024-10-11,BAJAJFINSV,EQ,"1,875.70","1,875.95","1,883.80","1,855.10","1,877.95","1,876.40","1,872.23",516757,967486569.05,49420,230248.0,44.56
2024-10-14,BAJAJFINSV,EQ,"1,876.40","1,885.10","1,885.10","1,862.55","1,866.75","1,867.20","1,870.08",809881,1514542464.55,63549,466309.0,57.58
2024-10-15,BAJAJFINSV,EQ,"1,867.20","1,873.60","1,895.75","1,842.00","1,856.95","1,853.95","1,859.66",2072690,3854508199.85,85173,1131116.0,54.57
2024-10-16,BAJAJFINSV,EQ,"1,853.95","1,855.00","1,871.00","1,847.25","1,857.00","1,862.05","1,860.06",850008,1581067496.3,57386,414384.0,48.75
2024-10-17,BAJAJFINSV,EQ,"1,862.05","1,868.00","1,869.45","1,809.10","1,814.45","1,815.80","1,823.48",1115879,2034783929.95,90771,542404.0,48.61
2024-10-18,BAJAJFINSV,EQ,"1,815.80","1,815.00","1,833.30","1,793.00","1,821.50","1,819.90","1,820.00",990257,1802270295.8,85322,457567.0,46.21
2024-10-21,BAJAJFINSV,EQ,"1,819.90","1,822.00","1,823.90","1,753.95","1,758.55","1,758.40","1,778.34",1663903,2958986458.85,128240,954570.0,57.37
2024-10-22,BAJAJFINSV,EQ,"1,758.40","1,758.55","1,770.95","1,716.15","1,727.55","1,722.60","1,741.61",3142294,5472658013.15,155718,1409454.0,44.85
2024-10-23,BAJAJFINSV,EQ,"1,722.60","1,727.55","1,779.50","1,727.55","1,741.95","1,739.70","1,760.04",2585058,4549811612.0,152189,1011853.0,39.14
2024-10-24,BAJAJFINSV,EQ,"1,739.70","1,740.05","1,764.00","1,718.65","1,745.00","1,742.10","1,739.12",1502718,2613400975.6,70977,792269.0,52.72
2024-10-25,BAJAJFINSV,EQ,"1,742.10","1,742.10","1,751.90","1,698.10","1,713.40","1,707.40","1,715.73",875973,1502933937.5,70435,302199.0,34.50
2024-10-28,BAJAJFINSV,EQ,"1,707.40","1,710.75","1,737.85","1,701.95","1,724.15","1,730.45","1,723.03",653158,1125411302.35,45487,298672.0,45.73
2024-10-29,BAJAJFINSV,EQ,"1,730.45","1,725.15","1,775.50","1,703.00","1,762.20","1,766.70","1,753.61",1561586,2738409086.0,113935,667648.0,42.75
2024-10-30,BAJAJFINSV,EQ,"1,766.70","1,766.70","1,777.45","1,740.20","1,752.00","1,752.45","1,754.53",826677,1450427279.85,46288,447963.0,54.19
2024-10-31,BAJAJFINSV,EQ,"1,752.45","1,745.20","1,755.00","1,725.05","1,748.00","1,750.75","1,743.78",869480,1516182874.55,69470,387393.0,44.55
2024-11-01,BAJAJFINSV,EQ,"1,750.75","1,762.00","1,772.15","1,746.30","1,760.00","1,754.70","1,761.61",134827,237513017.4,12175,44993.0,33.37
2024-11-04,BAJAJFINSV,EQ,"1,754.70","1,754.70","1,758.00","1,694.05","1,709.85","1,712.50","1,715.01",1294236,2219623996.75,77239,654020.0,50.53
2024-11-05,BAJAJFINSV,EQ,"1,712.50","1,714.10","1,744.30","1,686.00","1,734.90","1,735.65","1,718.68",1646381,2829605957.05,119462,636538.0,38.66
2024-11-06,BAJAJFINSV,EQ,"1,735.65","1,732.10","1,759.70","1,732.10","1,750.15","1,748.70","1,746.06",926170,1617149490.95,57278,402752.0,43.49
2024-11-07,BAJAJFINSV,EQ,"1,748.70","1,745.00","1,757.00","1,705.05","1,732.15","1,729.70","1,722.03",855044,1472413636.55,64871,299320.0,35.01
2024-11-08,BAJAJFINSV,EQ,"1,729.70","1,739.00","1,743.50","1,717.00","1,738.00","1,739.75","1,733.83",869560,1507669834.35,65208,382031.0,43.93
2024-11-11,BAJAJFINSV,EQ,"1,739.75","1,727.55","1,751.95","1,713.05","1,720.00","1,717.45","1,727.58",696798,1203774972.75,50462,248201.0,35.62
2024-11-12,BAJAJFINSV,EQ,"1,717.45","1,725.00","1,732.95","1,688.75","1,690.20","1,691.75","1,700.77",903492,1536631932.3,71996,387600.0,42.90
2024-11-13,BAJAJFINSV,EQ,"1,691.75","1,690.00","1,695.95","1,657.45","1,665.05","1,664.45","1,673.68",668302,1118522367.3,63477,350116.0,52.39
2024-11-14,BAJAJFINSV,EQ,"1,664.45","1,665.00","1,673.55","1,633.55","1,639.05","1,639.80","1,651.13",744472,1229223060.5,71049,283410.0,38.07
2024-11-18,BAJAJFINSV,EQ,"1,639.80","1,634.00","1,641.95","1,610.00","1,619.70","1,616.00","1,620.18",1618700,2622581549.65,56766,1173181.0,72.48
2024-11-19,BAJAJFINSV,EQ,"1,616.00","1,622.95","1,625.95","1,580.55","1,594.00","1,596.35","1,598.35",2569730,4107335026.15,105962,1281664.0,49.88
2024-11-21,BAJAJFINSV,EQ,"1,596.35","1,596.00","1,596.00","1,565.25","1,565.25","1,569.25","1,575.10",984265,1550314426.4,82494,436979.0,44.40
2024-11-22,BAJAJFINSV,EQ,"1,569.25","1,569.95","1,606.00","1,562.05","1,601.00","1,600.85","1,595.14",2082813,3322387352.3,100614,1354759.0,65.04
2024-11-25,BAJAJFINSV,EQ,"1,600.85","1,618.00","1,638.80","1,600.00","1,612.00","1,604.90","1,617.60",2191916,3545638200.55,96393,1464947.0,66.83
2024-11-26,BAJAJFINSV,EQ,"1,604.90","1,614.90","1,614.90","1,582.00","1,594.00","1,594.40","1,595.57",2483861,3963176477.5,78248,1740553.0,70.07
2024-11-27,BAJAJFINSV,EQ,"1,594.40","1,595.95","1,608.60","1,589.00","1,600.00","1,600.05","1,600.44",1335825,2137908189.25,49396,891911.0,66.77
2024-11-28,BAJAJFINSV,EQ,"1,600.05","1,605.00","1,610.05","1,567.65","1,582.30","1,575.05","1,585.29",3458405,5482565489.6,139523,2403464.0,69.50
2024-11-29,BAJAJFINSV,EQ,"1,575.05","1,581.90","1,587.95","1,574.95","1,580.00","1,579.95","1,580.73",1998058,3158392397.7,98215,1480310.0,74.09
2024-12-02,BAJAJFINSV,EQ,"1,579.95","1,588.00","1,603.80","1,567.00","1,595.05","1,596.65","1,590.47",1423549,2264114183.6,57332,879249.0,61.76
2024-12-03,BAJAJFINSV,EQ,"1,596.65","1,597.10","1,609.90","1,595.05","1,609.70","1,607.10","1,604.98",1045367,1677794635.55,64521,641165.0,61.33
2024-12-04,BAJAJFINSV,EQ,"1,607.10","1,619.00","1,632.25","1,606.10","1,629.95","1,628.10","1,621.25",2271608,3682855129.05,95426,1413653.0,62.23
2024-12-05,BAJAJFINSV,EQ,"1,628.10","1,636.75","1,654.10","1,605.45","1,647.00","1,644.10","1,635.79",1706032,2790702982.95,104907,656701.0,38.49
2024-12-06,BAJAJFINSV,EQ,"1,644.10","1,640.00","1,649.95","1,625.05","1,630.95","1,635.20","1,638.41",1049225,1719058654.55,61859,483968.0,46.13
2024-12-09,BAJAJFINSV,EQ,"1,635.20","1,642.00","1,647.55","1,619.20","1,637.10","1,637.05","1,637.29",859106,1406606533.85,50398,439594.0,51.17
2024-12-10,BAJAJFINSV,EQ,"1,637.05","1,644.75","1,673.00","1,637.10","1,664.00","1,663.40","1,662.15",1673974,2782391830.65,80123,898447.0,53.67
2024-12-11,BAJAJFINSV,EQ,"1,663.40","1,667.10","1,690.35","1,649.00","1,683.90","1,686.50","1,675.55",2131913,3572122524.35,78265,1094789.0,51.35
2024-12-12,BAJAJFINSV,EQ,"1,686.50","1,685.00","1,690.50","1,674.60","1,675.85","1,679.30","1,682.35",1137744,1914083528.6,75233,517291.0,45.47
2024-12-13,BAJAJFINSV,EQ,"1,679.30","1,667.10","1,683.60","1,635.00","1,678.05","1,679.70","1,660.16",1389802,2307295981.25,79479,542859.0,39.06
2024-12-16,BAJAJFINSV,EQ,"1,679.70","1,675.00","1,683.95","1,660.40","1,673.40","1,673.65","1,671.86",797240,1332873863.2,44245,481735.0,60.43
2024-12-17,BAJAJFINSV,EQ,"1,673.65","1,673.00","1,673.65","1,633.05","1,643.85","1,643.15","1,646.62",1045630,1721750052.55,57959,394939.0,37.77
2024-12-18,BAJAJFINSV,EQ,"1,643.15","1,642.00","1,647.40","1,622.60","1,627.90","1,630.75","1,631.22",952592,1553887361.7,65924,527871.0,55.41
2024-12-19,BAJAJFINSV,EQ,"1,630.75","1,616.80","1,624.15","1,583.05","1,592.80","1,589.55","1,594.33",1681562,2680957470.35,94539,850126.0,50.56
2024-12-20,BAJAJFINSV,EQ,"1,589.55","1,589.55","1,603.60","1,565.00","1,570.00","1,569.65","1,581.93",1806341,2857501691.05,106298,931473.0,51.57
2024-12-23,BAJAJFINSV,EQ,"1,569.65","1,583.00","1,594.75","1,560.55","1,562.95","1,563.40","1,573.66",1017438,1601104719.4,63452,577668.0,56.78
2024-12-24,BAJAJFINSV,EQ,"1,563.40","1,563.10","1,572.85","1,551.65","1,563.90","1,564.55","1,564.80",810638,1268482797.25,54950,424967.0,52.42
2024-12-26,BAJAJFINSV,EQ,"1,564.55","1,554.45","1,574.90","1,554.45","1,558.95","1,559.30","1,564.21",760870,1190157203.9,55179,367365.0,48.28
2024-12-27,BAJAJFINSV,EQ,"1,559.30","1,567.95","1,586.00","1,561.10","1,579.00","1,579.30","1,578.35",1174865,1854344989.05,65621,659757.0,56.16
2024-12-30,BAJAJFINSV,EQ,"1,579.30","1,580.00","1,587.85","1,560.45","1,572.95","1,576.70","1,573.08",1307371,2056592659.6,57278,788123.0,60.28
2024-12-31,BAJAJFINSV,EQ,"1,576.70","1,569.95","1,575.95","1,560.00","1,570.00","1,568.10","1,567.63",1041557,1632772541.05,63848,541353.0,51.98
2025-01-01,BAJAJFINSV,EQ,"1,568.10","1,565.00","1,584.05","1,565.00","1,577.00","1,576.40","1,576.53",464064,731611055.3,39434,187669.0,40.44
2025-01-02,BAJAJFINSV,EQ,"1,576.40","1,581.30","1,717.90","1,576.40","1,700.00","1,700.65","1,680.97",8022190,13485024562.55,244036,2757711.0,34.38
2025-01-03,BAJAJFINSV,EQ,"1,700.65","1,700.00","1,720.00","1,692.00","1,698.00","1,701.10","1,704.87",1563600,2665728178.35,94536,470604.0,30.1
2025-01-06,BAJAJFINSV,EQ,"1,701.10","1,715.00","1,732.95","1,675.00","1,689.00","1,684.60","1,702.16",1837772,3128181629.55,87654,731543.0,39.81
2025-01-07,BAJAJFINSV,EQ,"1,684.60","1,692.00","1,703.65","1,674.20","1,680.05","1,682.75","1,690.06",1242573,2100020175.4,83242,610520.0,49.13
2025-01-08,BAJAJFINSV,EQ,"1,682.75","1,681.00","1,709.00","1,668.55","1,695.00","1,697.00","1,692.84",1437122,2432819221.9,92096,610174.0,42.46
2025-01-09,BAJAJFINSV,EQ,"1,697.00","1,697.00","1,700.50","1,675.00","1,689.00","1,690.30","1,685.61",1036731,1747528491.7,65105,545924.0,52.66
2025-01-10,BAJAJFINSV,EQ,"1,690.30","1,682.00","1,718.20","1,680.00","1,698.85","1,701.25","1,701.21",1467079,2495814905.55,91384,596027.0,40.63
2025-01-13,BAJAJFINSV,EQ,"1,701.25","1,689.60","1,700.00","1,666.60","1,674.85","1,674.15","1,680.63",1177882,1979588963.9,64253,707312.0,60.05
2025-01-14,BAJAJFINSV,EQ,"1,674.15","1,689.00","1,730.00","1,684.00","1,727.00","1,713.50","1,705.81",2084348,3555507518.9,94492,1166819.0,55.98
2025-01-15,BAJAJFINSV,EQ,"1,713.50","1,721.10","1,730.45","1,650.00","1,674.80","1,671.65","1,674.05",2098490,3512978879.75,115194,830793.0,39.59
2025-01-16,BAJAJFINSV,EQ,"1,671.65","1,680.00","1,705.95","1,679.20","1,695.90","1,697.35","1,693.98",1105433,1872585819.2,79807,533862.0,48.29
2025-01-17,BAJAJFINSV,EQ,"1,697.35","1,686.10","1,698.40","1,670.95","1,682.70","1,680.65","1,682.81",905680,1524085472.9,43706,578124.0,63.83
2025-01-20,BAJAJFINSV,EQ,"1,680.65","1,686.30","1,738.00","1,674.40","1,737.00","1,735.20","1,719.67",1674215,2879089623.3,72811,691737.0,41.32
2025-01-21,BAJAJFINSV,EQ,"1,735.20","1,745.00","1,751.00","1,711.00","1,712.00","1,717.00","1,733.96",2008953,3483443599.45,91485,547897.0,27.27
2025-01-22,BAJAJFINSV,EQ,"1,717.00","1,720.00","1,746.85","1,710.50","1,742.55","1,743.30","1,728.07",1369310,2366270035.2,65189,657440.0,48.01
2025-01-23,BAJAJFINSV,EQ,"1,743.30","1,742.55","1,766.00","1,730.45","1,747.00","1,746.15","1,754.58",1888122,3312862198.85,76896,990322.0,52.45
2025-01-24,BAJAJFINSV,EQ,"1,746.15","1,751.00","1,754.90","1,725.00","1,729.55","1,728.70","1,736.76",747930,1298976587.35,42241,284120.0,37.99
2025-01-27,BAJAJFINSV,EQ,"1,728.70","1,714.85","1,732.65","1,702.00","1,705.05","1,711.60","1,714.13",1017680,1744432087.5,59456,392645.0,38.58
2025-01-28,BAJAJFINSV,EQ,"1,711.60","1,732.95","1,788.05","1,715.00","1,770.10","1,768.95","1,755.45",2439528,4282463470.75,121743,1023660.0,41.96
2025-01-29,BAJAJFINSV,EQ,"1,768.95","1,776.95","1,804.95","1,767.25","1,787.60","1,790.40","1,791.61",1880079,3368374337.1,98757,936247.0,49.8
2025-01-30,BAJAJFINSV,EQ,"1,790.40","1,825.00","1,856.00","1,741.00","1,750.00","1,745.20","1,800.97",5190089,9347187115.7,243873,1571037.0,30.27
2025-01-31,BAJAJFINSV,EQ,"1,745.20","1,713.60","1,753.70","1,698.20","1,742.35","1,736.10","1,730.15",1917476,3317528820.95,100846,557380.0,29.07
2025-02-01,BAJAJFINSV,EQ,"1,736.10","1,747.00","1,780.00","1,617.00","1,766.30","1,754.00","1,728.26",2887325,4990055226.7,93248,853481.0,29.56
2025-02-03,BAJAJFINSV,EQ,"1,754.00","1,735.00","1,805.00","1,733.35","1,794.75","1,794.85","1,783.86",2918355,5205930528.35,202204,1129055.0,38.69
2025-02-04,BAJAJFINSV,EQ,"1,794.85","1,800.00","1,818.90","1,772.80","1,804.10","1,813.25","1,798.97",2285643,4111803401.5,129778,1103783.0,48.29
2025-02-05,BAJAJFINSV,EQ,"1,813.25","1,811.00","1,826.55","1,780.00","1,791.85","1,796.75","1,798.42",1286850,2314299265.1,101972,494155.0,38.4
2025-02-06,BAJAJFINSV,EQ,"1,796.75","1,808.00","1,812.95","1,779.45","1,790.95","1,788.00","1,790.70",1119866,2005345029.05,73249,479012.0,42.77
2025-02-07,BAJAJFINSV,EQ,"1,788.00","1,801.00","1,822.00","1,784.35","1,800.00","1,798.35","1,801.29",1748940,3150352701.45,82177,782048.0,44.72
2025-02-10,BAJAJFINSV,EQ,"1,798.35","1,804.90","1,806.95","1,774.80","1,789.05","1,792.40","1,788.51",908769,1625345952.15,51076,418345.0,46.03
2025-02-11,BAJAJFINSV,EQ,"1,792.40","1,792.40","1,795.30","1,742.00","1,744.05","1,744.85","1,763.84",1944713,3430162416.6,88571,1176313.0,60.49
2025-02-12,BAJAJFINSV,EQ,"1,744.85","1,749.00","1,800.85","1,727.25","1,792.25","1,788.70","1,765.66",1888823,3335013175.2,105418,796748.0,42.18
2025-02-13,BAJAJFINSV,EQ,"1,788.70","1,803.95","1,853.50","1,796.65","1,842.35","1,849.25","1,838.89",4070038,7484369896.0,149987,2199405.0,54.04
2025-02-14,BAJAJFINSV,EQ,"1,849.25","1,853.50","1,867.60","1,825.00","1,839.00","1,841.30","1,844.64",1823774,3364204803.5,93825,783391.0,42.95
2025-02-17,BAJAJFINSV,EQ,"1,841.30","1,841.30","1,898.75","1,830.45","1,890.05","1,894.85","1,877.14",3022597,5673844443.45,158604,1445864.0,47.84
2025-02-18,BAJAJFINSV,EQ,"1,894.85","1,892.00","1,913.80","1,880.80","1,889.20","1,893.70","1,900.79",2116513,4023053476.45,130673,977680.0,46.19
2025-02-19,BAJAJFINSV,EQ,"1,893.70","1,891.05","1,899.20","1,868.05","1,873.40","1,875.35","1,883.55",768994,1448441519.45,53147,325372.0,42.31
2025-02-20,BAJAJFINSV,EQ,"1,875.35","1,867.85","1,887.50","1,861.05","1,881.45","1,881.25","1,872.26",1012144,1894991778.75,59280,522378.0,51.61
2025-02-21,BAJAJFINSV,EQ,"1,881.25","1,872.20","1,893.30","1,866.40","1,872.50","1,879.35","1,879.92",852037,1601765245.75,47511,405893.0,47.64
2025-02-24,BAJAJFINSV,EQ,"1,879.35","1,868.00","1,889.90","1,853.00","1,862.45","1,857.80","1,868.23",1076484,2011121751.6,76366,521876.0,48.48
2025-02-25,BAJAJFINSV,EQ,"1,857.80","1,857.80","1,896.00","1,857.80","1,872.00","1,875.10","1,878.43",1761019,3307953733.0,92372,821231.0,46.63
2025-02-27,BAJAJFINSV,EQ,"1,875.10","1,882.15","1,938.80","1,881.00","1,920.10","1,925.55","1,919.78",2878330,5525751015.7,135147,1002464.0,34.83
2025-02-28,BAJAJFINSV,EQ,"1,925.55","1,911.05","1,920.00","1,862.55","1,870.20","1,872.30","1,881.72",1797567,3382516970.6,100037,1096166.0,60.98
2025-03-03,BAJAJFINSV,EQ,"1,872.30","1,884.70","1,884.70","1,818.70","1,840.00","1,838.55","1,837.94",1046987,1924301340.55,69233,425318.0,40.62
2025-03-04,BAJAJFINSV,EQ,"1,838.55","1,829.75","1,833.50","1,785.25","1,789.90","1,790.30","1,799.04",1443339,2596623313.9,85829,871973.0,60.41
2025-03-05,BAJAJFINSV,EQ,"1,790.30","1,787.00","1,808.80","1,733.00","1,805.90","1,801.80","1,782.38",2143253,3820095973.85,90678,1009948.0,47.12
2025-03-06,BAJAJFINSV,EQ,"1,801.80","1,818.80","1,853.00","1,784.10","1,842.50","1,845.45","1,830.56",2176883,3984905103.15,116521,962871.0,44.23
2025-03-07,BAJAJFINSV,EQ,"1,845.45","1,845.15","1,865.55","1,836.50","1,839.00","1,845.30","1,849.98",1332323,2464765772.2,65579,670339.0,50.31
2025-03-10,BAJAJFINSV,EQ,"1,845.30","1,844.75","1,888.75","1,835.00","1,837.55","1,840.35","1,860.62",1703046,3168721160.95,102164,815862.0,47.91
2025-03-11,BAJAJFINSV,EQ,"1,840.35","1,830.00","1,836.85","1,788.25","1,808.20","1,805.40","1,806.72",2298735,4153160526.95,96641,1246076.0,54.21
2025-03-12,BAJAJFINSV,EQ,"1,805.40","1,814.00","1,824.35","1,800.00","1,822.00","1,819.45","1,814.78",1196955,2172208009.95,59222,607928.0,50.79
2025-03-13,BAJAJFINSV,EQ,"1,819.45","1,828.00","1,840.00","1,803.15","1,807.00","1,807.45","1,816.49",1333932,2423068666.95,72823,650323.0,48.75
2025-03-17,BAJAJFINSV,EQ,"1,807.45","1,820.00","1,880.90","1,797.15","1,875.10","1,871.60","1,864.99",6994838,13045304192.05,137436,4721820.0,67.5
2025-03-18,BAJAJFINSV,EQ,"1,871.60","1,900.00","1,907.85","1,833.25","1,846.50","1,844.65","1,848.89",4342446,8028683887.05,139248,1755030.0,40.42
2025-03-19,BAJAJFINSV,EQ,"1,844.65","1,855.00","1,864.40","1,840.00","1,841.00","1,842.25","1,851.54",2411880,4465698374.15,53144,1744557.0,72.33
2025-03-20,BAJAJFINSV,EQ,"1,842.25","1,842.25","1,855.00","1,814.10","1,852.00","1,851.85","1,839.57",2306910,4243728885.3,80931,1301045.0,56.4
2025-03-21,BAJAJFINSV,EQ,"1,851.85","1,878.00","1,880.00","1,825.00","1,842.00","1,847.25","1,844.07",3537391,6523188403.7,100832,2298562.0,64.98
2025-03-24,BAJAJFINSV,EQ,"1,847.25","1,855.35","1,898.70","1,845.50","1,895.35","1,894.15","1,881.28",1864839,3508282728.9,88656,965312.0,51.76
2025-03-25,BAJAJFINSV,EQ,"1,894.15","1,905.00","1,954.40","1,894.90","1,935.45","1,945.05","1,937.36",3512725,6805404860.45,164527,1542324.0,43.91
2025-03-26,BAJAJFINSV,EQ,"1,945.05","1,951.00","1,978.00","1,935.00","1,935.00","1,943.40","1,954.40",2779682,5432616782.7,147190,1573380.0,56.60
2025-03-27,BAJAJFINSV,EQ,"1,943.40","1,940.00","2,011.50","1,932.60","1,999.00","2,005.75","1,992.48",4506778,8979668689.1,170421,2732711.0,60.64
2025-03-28,BAJAJFINSV,EQ,"2,005.75","1,995.75","2,022.00","1,994.20","2,002.30","2,007.35","2,007.24",1907116,3828040639.7,98083,1060349.0,55.60
2025-04-01,BAJAJFINSV,EQ,"2,007.35","1,998.00","2,002.00","1,932.50","1,941.90","1,937.10","1,957.73",2125921,4161984989.2,134764,993292.0,46.72
2025-04-02,BAJAJFINSV,EQ,"1,937.10","1,946.30","1,963.50","1,920.95","1,921.35","1,930.95","1,942.20",1057344,2053570858.65,48639,491537.0,46.49
2025-04-03,BAJAJFINSV,EQ,"1,930.95","1,915.00","1,950.00","1,904.95","1,919.00","1,920.45","1,927.12",1598430,3080368323.65,71288,783433.0,49.01
2025-04-04,BAJAJFINSV,EQ,"1,920.45","1,912.00","1,929.95","1,897.00","1,911.85","1,912.30","1,915.68",2120708,4062607203.45,77607,1200593.0,56.61
2025-04-07,BAJAJFINSV,EQ,"1,912.30","1,835.00","1,894.00","1,823.50","1,849.70","1,852.65","1,853.13",2594074,4807158591.35,113616,1574465.0,60.69
2025-04-08,BAJAJFINSV,EQ,"1,852.65","1,890.00","1,934.00","1,873.70","1,903.45","1,903.20","1,904.64",3182018,6060600685.45,112746,1593553.0,50.08
2025-04-09,BAJAJFINSV,EQ,"1,903.20","1,899.00","1,918.30","1,878.00","1,900.00","1,895.70","1,895.76",1394829,2644257525.5,87029,712602.0,51.09
2025-04-11,BAJAJFINSV,EQ,"1,895.70","1,909.45","1,966.00","1,906.55","1,946.30","1,946.30","1,949.06",1880510,3665223608.1,97508,888783.0,47.26
2025-04-15,BAJAJFINSV,EQ,"1,946.30","1,984.00","1,984.00","1,960.80","1,971.00","1,968.00","1,970.86",1250872,2465298689.8,70250,747653.0,59.77
2025-04-16,BAJAJFINSV,EQ,"1,968.00","1,961.00","1,975.70","1,949.60","1,968.50","1,969.20","1,961.09",1033717,2027208894.5,75492,474060.0,45.86
2025-04-17,BAJAJFINSV,EQ,"1,969.20","1,961.50","2,039.70","1,955.00","2,031.00","2,035.30","2,005.06",2104540,4219724255.6,106220,967926.0,45.99
2025-04-21,BAJAJFINSV,EQ,"2,035.30","2,037.10","2,118.70","2,035.70","2,106.00","2,103.50","2,090.40",2642028,5522888457.3,120077,1272942.0,48.18
2025-04-22,BAJAJFINSV,EQ,"2,103.50","2,104.00","2,110.00","2,070.00","2,074.00","2,077.00","2,086.66",1447675,3020798804.5,89910,739009.0,51.05
2025-04-23,BAJAJFINSV,EQ,"2,077.00","2,094.00","2,117.80","2,057.40","2,097.30","2,100.80","2,090.83",1483177,3101071968.6,92289,647694.0,43.67
2025-04-24,BAJAJFINSV,EQ,"2,100.80","2,121.80","2,135.00","2,085.40","2,103.30","2,105.00","2,101.84",1465968,3081232057.2,80988,609473.0,41.57
2025-04-25,BAJAJFINSV,EQ,"2,105.00","2,105.00","2,125.00","2,023.10","2,045.00","2,045.50","2,057.39",1960343,4033192843.3,121923,1042815.0,53.20
2025-04-28,BAJAJFINSV,EQ,"2,045.50","2,040.00","2,094.80","2,040.00","2,050.00","2,049.70","2,051.58",6311008,12947542187.9,94363,5436973.0,86.15
2025-04-29,BAJAJFINSV,EQ,"2,049.70","2,061.00","2,082.00","2,028.80","2,063.80","2,066.90","2,059.03",2119823,4364775534.9,129661,1141869.0,53.87
2025-04-30,BAJAJFINSV,EQ,"2,066.90","2,018.20","2,020.00","1,926.50","1,951.00","1,951.60","1,945.95",4684518,9115858817.9,270995,1601359.0,34.18
2025-05-02,BAJAJFINSV,EQ,"1,951.60","1,955.00","1,986.60","1,917.20","1,954.00","1,958.00","1,951.55",2236491,4364616782.6,131044,767090.0,34.30
2025-05-05,BAJAJFINSV,EQ,"1,958.00","1,964.90","2,036.60","1,959.10","2,029.00","2,026.20","2,009.31",2072898,4165084732.7,109841,809134.0,39.03
2025-05-06,BAJAJFINSV,EQ,"2,026.20","2,028.90","2,045.00","2,008.10","2,032.00","2,035.80","2,029.47",1698230,3446501543.0,81535,902300.0,53.13
2025-05-07,BAJAJFINSV,EQ,"2,035.80","2,011.30","2,045.50","2,009.70","2,030.50","2,030.30","2,025.84",1078158,2184172720.8,66555,443808.0,41.16
2025-05-08,BAJAJFINSV,EQ,"2,030.30","2,032.00","2,050.00","1,992.90","2,000.00","2,006.00","2,016.49",1697652,3423292655.2,92264,858299.0,50.56
2025-05-09,BAJAJFINSV,EQ,"2,006.00","1,970.00","1,999.00","1,963.00","1,975.00","1,970.00","1,971.78",1207361,2380647761.1,80510,676081.0,56.00
2025-05-12,BAJAJFINSV,EQ,"1,970.00","2,024.90","2,057.60","2,011.80","2,048.00","2,050.40","2,043.37",1057561,2160985676.6,55915,540254.0,51.08
2025-05-13,BAJAJFINSV,EQ,"2,050.40","2,046.90","2,061.40","2,010.60","2,022.90","2,018.20","2,025.48",2217985,4492474874.8,104157,1412457.0,63.68
2025-05-14,BAJAJFINSV,EQ,"2,018.20","2,028.90","2,042.00","2,010.00","2,019.90","2,020.40","2,022.00",1670853,3378471328.2,56885,1095340.0,65.56
2025-05-15,BAJAJFINSV,EQ,"2,020.40","2,015.10","2,050.40","1,996.70","2,042.00","2,041.90","2,031.12",2640223,5362599475.8,133748,1436234.0,54.40
2025-05-16,BAJAJFINSV,EQ,"2,041.90","2,054.00","2,071.00","2,022.00","2,036.00","2,033.60","2,039.48",1568556,3199041705.2,64803,809062.0,51.58
2025-05-19,BAJAJFINSV,EQ,"2,033.60","2,038.90","2,053.00","2,035.00","2,037.20","2,038.30","2,039.77",1379603,2814079354.5,47793,1021094.0,74.01
2025-05-20,BAJAJFINSV,EQ,"2,038.30","2,047.00","2,047.00","1,995.00","2,004.00","2,005.10","2,015.26",2170575,4374270166.7,107889,1497566.0,68.99
2025-05-21,BAJAJFINSV,EQ,"2,005.10","2,011.50","2,047.00","1,998.20","2,034.30","2,037.30","2,028.89",1291354,2620018652.3,61968,575146.0,44.54
2025-05-22,BAJAJFINSV,EQ,"2,037.30","2,037.30","2,041.80","1,992.00","2,003.80","2,001.00","2,003.83",1178160,2360831663.8,60907,587476.0,49.86
2025-05-23,BAJAJFINSV,EQ,"2,001.00","2,005.90","2,048.70","2,003.20","2,040.00","2,036.50","2,031.37",1085026,2204088330.3,41976,598898.0,55.20
2025-05-26,BAJAJFINSV,EQ,"2,036.50","2,044.00","2,070.00","2,040.20","2,050.90","2,052.60","2,058.18",714431,1470429698.6,37076,355300.0,49.73
2025-05-27,BAJAJFINSV,EQ,"2,052.60","2,050.00","2,058.00","2,014.50","2,035.00","2,029.90","2,029.94",1175928,2387067897.3,74254,524218.0,44.58
2025-05-28,BAJAJFINSV,EQ,"2,029.90","2,044.90","2,044.90","2,018.00","2,020.90","2,022.40","2,029.16",415312,842736518.6,24782,136706.0,32.92
2025-05-29,BAJAJFINSV,EQ,"2,022.40","2,031.40","2,032.90","2,000.10","2,015.10","2,010.90","2,009.43",874950,1758154699.7,46001,451673.0,51.62
2025-05-30,BAJAJFINSV,EQ,"2,010.90","2,010.90","2,031.70","2,010.90","2,011.50","2,017.40","2,019.66",2144136,4330417120.5,63881,1483605.0,69.19
2025-06-02,BAJAJFINSV,EQ,"2,017.40","2,017.40","2,035.70","1,995.10","2,026.20","2,029.00","2,014.33",1339043,2697268542.4,51357,795459.0,59.41
2025-06-03,BAJAJFINSV,EQ,"2,029.00","2,039.10","2,044.80","1,980.00","1,993.60","1,991.90","1,996.60",1522876,3040568792.5,68987,674001.0,44.26
2025-06-04,BAJAJFINSV,EQ,"1,991.90","2,000.00","2,007.80","1,944.10","1,959.50","1,956.10","1,968.76",1169875,2303201327.5,53640,499123.0,42.66
2025-06-05,BAJAJFINSV,EQ,"1,956.10","1,961.00","1,965.90","1,929.10","1,944.90","1,944.00","1,944.21",1808602,3516297284.3,78655,853728.0,47.20
2025-06-06,BAJAJFINSV,EQ,"1,944.00","1,968.00","2,018.70","1,921.00","1,988.70","1,990.00","1,970.83",6970191,13737086206.1,173271,1637255.0,23.49
2025-06-09,BAJAJFINSV,EQ,"1,990.00","2,001.00","2,057.70","1,991.00","2,021.00","2,017.40","2,024.25",4221378,8545134559.4,117014,1816475.0,43.03
2025-06-10,BAJAJFINSV,EQ,"2,017.40","2,022.10","2,028.30","1,988.10","1,997.50","1,998.10","2,001.17",3306765,6617402325.5,140758,2165132.0,65.48
2025-06-11,BAJAJFINSV,EQ,"1,998.10","2,004.00","2,029.00","1,982.90","2,012.00","2,012.90","2,010.89",2245988,4516426342.7,73336,1327593.0,59.11
2025-06-12,BAJAJFINSV,EQ,"2,012.90","2,016.00","2,059.70","2,012.20","2,022.10","2,028.80","2,039.81",3783347,7717303144.5,129337,1326879.0,35.07
2025-06-13,BAJAJFINSV,EQ,"2,028.80","2,000.00","2,016.90","1,980.00","2,015.00","2,011.00","2,001.57",1418715,2839658571.0,62774,512449.0,36.12
2025-06-16,BAJAJFINSV,EQ,"2,011.00","2,005.00","2,040.00","1,998.00","2,027.00","2,028.20","2,021.04",1645983,3326590146.3,56868,834627.0,50.71
2025-06-17,BAJAJFINSV,EQ,"2,028.20","2,030.00","2,033.90","1,996.20","2,001.00","2,003.30","2,010.33",1220096,2452797642.5,46951,526939.0,43.19
2025-06-18,BAJAJFINSV,EQ,"2,003.30","2,002.00","2,018.00","1,975.80","1,979.00","1,981.40","1,991.25",1401356,2790454663.4,49869,727280.0,51.90
2025-06-19,BAJAJFINSV,EQ,"1,981.40","1,982.00","1,996.20","1,957.40","1,957.40","1,967.60","1,977.56",745887,1475038868.9,42353,243380.0,32.63
2025-06-20,BAJAJFINSV,EQ,"1,967.60","1,974.80","1,998.90","1,965.00","1,976.80","1,986.20","1,981.91",1931248,3827559461.6,61506,1122405.0,58.12
2025-06-23,BAJAJFINSV,EQ,"1,986.20","1,976.30","2,008.40","1,950.70","1,995.00","1,997.60","1,976.90",1125629,2225261119.0,48143,412391.0,36.64
2025-06-24,BAJAJFINSV,EQ,"1,997.60","2,019.00","2,032.40","1,999.20","2,008.00","2,009.20","2,013.47",1717823,3458788232.2,76667,812840.0,47.32
2025-06-25,BAJAJFINSV,EQ,"2,009.20","2,028.00","2,028.00","2,004.00","2,014.40","2,011.80","2,011.59",998245,2008062293.8,49245,466918.0,46.77
2025-06-26,BAJAJFINSV,EQ,"2,011.80","2,018.00","2,058.00","2,011.80","2,050.00","2,053.60","2,038.32",1828277,3726608001.3,72973,848581.0,46.41
2025-06-27,BAJAJFINSV,EQ,"2,053.60","2,060.00","2,065.00","2,005.00","2,036.00","2,044.00","2,038.94",6315182,12876299799.7,106854,4617712.0,73.12
2025-06-30,BAJAJFINSV,EQ,"2,044.00","2,040.00","2,064.00","2,028.00","2,055.10","2,056.00","2,048.30",1363779,2793424138.0,79836,824564.0,60.46
2025-07-01,BAJAJFINSV,EQ,"2,056.00","2,055.10","2,068.50","2,042.60","2,055.00","2,053.80","2,055.03",1002015,2059171670.9,57405,549060.0,54.80
2025-07-02,BAJAJFINSV,EQ,"2,053.80","2,054.00","2,057.50","1,996.60","2,009.10","2,007.90","2,015.60",1204931,2428661669.8,59956,639964.0,53.11
2025-07-03,BAJAJFINSV,EQ,"2,007.90","2,008.00","2,014.40","1,977.60","1,979.80","1,980.70","1,985.47",1133593,2250719024.6,59264,507948.0,44.81
2025-07-04,BAJAJFINSV,EQ,"1,980.70","1,993.00","2,032.90","1,985.00","1,992.10","1,994.40","2,005.06",1509178,3025989595.4,70029,607050.0,40.22
2025-07-07,BAJAJFINSV,EQ,"1,994.40","1,996.80","2,016.90","1,993.00","2,007.00","2,006.40","2,003.30",861699,1726238426.3,42512,482309.0,55.97
2025-07-08,BAJAJFINSV,EQ,"2,006.40","2,000.00","2,020.60","1,998.70","2,014.00","2,018.30","2,008.28",986803,1981779855.8,43872,688546.0,69.78
2025-07-09,BAJAJFINSV,EQ,"2,018.30","2,013.00","2,037.60","2,012.00","2,023.90","2,026.40","2,026.79",1161769,2354658504.1,46936,718754.0,61.87
2025-07-10,BAJAJFINSV,EQ,"2,026.40","2,034.00","2,049.00","2,021.80","2,037.30","2,039.40","2,036.40",1230564,2505915114.1,41745,693093.0,56.32
2025-07-11,BAJAJFINSV,EQ,"2,039.40","2,037.00","2,040.70","2,000.20","2,012.60","2,017.20","2,014.04",1145529,2307136128.4,46591,722875.0,63.10
2025-07-14,BAJAJFINSV,BL,"1,925.20","2,017.00","2,017.00","2,017.00","2,017.00","2,017.00","2,017.00",140954,284304218.0,1,,-
2025-07-15,BAJAJFINSV,EQ,"2,003.60","2,010.00","2,046.00","2,004.10","2,039.00","2,036.50","2,026.12",888117,1799431509.5,48779,461736.0,51.99
2025-07-16,BAJAJFINSV,EQ,"2,036.50","2,040.10","2,043.70","2,018.10","2,036.10","2,036.00","2,031.23",633132,1286038681.2,36918,261632.0,41.32
2025-07-17,BAJAJFINSV,EQ,"2,036.00","2,037.60","2,047.50","2,020.30","2,023.60","2,026.50","2,029.13",458912,931191333.2,47469,201867.0,43.99
2025-07-18,BAJAJFINSV,EQ,"2,026.50","2,029.90","2,038.90","2,007.30","2,027.10","2,029.60","2,021.53",995783,2013001471.0,51465,580749.0,58.32
2025-07-21,BAJAJFINSV,EQ,"2,029.60","2,026.90","2,056.00","2,017.60","2,053.00","2,053.90","2,046.20",999643,2045471744.6,49658,524550.0,52.47
2025-07-22,BAJAJFINSV,EQ,"2,053.90","2,047.90","2,049.00","2,015.20","2,038.00","2,039.60","2,034.02",1214275,2469861602.1,51356,601522.0,49.54
2025-07-23,BAJAJFINSV,EQ,"2,039.60","2,047.70","2,063.20","2,033.70","2,061.00","2,060.50","2,052.79",878101,1802556935.7,44187,460335.0,52.42
2025-07-24,BAJAJFINSV,EQ,"2,060.50","2,060.50","2,060.60","2,025.00","2,030.00","2,032.30","2,043.01",658995,1346331920.6,35661,336592.0,51.08
2025-07-25,BAJAJFINSV,EQ,"2,032.30","1,999.00","2,000.00","1,932.90","1,985.40","1,985.80","1,961.84",4102292,8048029617.9,156846,1404551.0,34.24
2025-07-28,BAJAJFINSV,EQ,"1,985.80","1,990.00","2,023.00","1,971.10","1,975.90","1,977.80","1,992.43",1469727,2928324835.2,77890,566668.0,38.56
2025-07-29,BAJAJFINSV,EQ,"1,977.80","1,977.80","1,984.50","1,943.80","1,973.50","1,972.60","1,967.52",847965,1668392005.3,48518,322567.0,38.04
2025-07-30,BAJAJFINSV,EQ,"1,972.60","1,972.70","1,989.10","1,945.10","1,960.00","1,959.80","1,959.89",932988,1828556420.5,58328,478487.0,51.29
2025-07-31,BAJAJFINSV,EQ,"1,959.80","1,953.10","1,968.30","1,941.10","1,952.00","1,948.00","1,953.67",985553,1925446976.3,51636,467634.0,47.45
2025-08-01,BAJAJFINSV,EQ,"1,948.00","1,945.00","1,977.90","1,911.20","1,920.00","1,916.30","1,944.18",836974,1627230109.3,56525,339362.0,40.55
2025-08-04,BAJAJFINSV,EQ,"1,916.30","1,923.00","1,944.40","1,923.00","1,932.00","1,933.60","1,933.62",982532,1899841822.6,58025,605747.0,61.65
2025-08-05,BAJAJFINSV,EQ,"1,933.60","1,930.10","1,942.70","1,916.00","1,942.00","1,939.40","1,926.81",1101680,2122733012.4,65968,576319.0,52.31
2025-08-06,BAJAJFINSV,EQ,"1,939.40","1,939.40","1,946.70","1,912.20","1,926.00","1,924.00","1,926.27",875588,1686621388.0,45773,482209.0,55.07
2025-08-07,BAJAJFINSV,EQ,"1,924.00","1,919.70","1,932.90","1,890.60","1,920.90","1,914.00","1,908.34",905353,1727719296.6,44209,432431.0,47.76
2025-08-08,BAJAJFINSV,EQ,"1,914.00","1,915.00","1,929.70","1,906.40","1,919.00","1,919.20","1,918.38",507893,974332048.7,43308,254952.0,50.20
2025-08-11,BAJAJFINSV,EQ,"1,919.20","1,918.00","1,939.80","1,903.10","1,929.30","1,922.80","1,912.02",1489228,2847436287.7,59594,1014626.0,68.13
2025-08-12,BAJAJFINSV,EQ,"1,922.80","1,925.00","1,934.30","1,904.00","1,905.00","1,908.00","1,917.05",899579,1724536802.8,54512,457929.0,50.90
2025-08-13,BAJAJFINSV,EQ,"1,908.00","1,914.00","1,920.00","1,892.90","1,917.00","1,914.40","1,909.44",710014,1355732648.3,35538,286426.0,40.34
2025-08-14,BAJAJFINSV,EQ,"1,914.40","1,914.40","1,939.10","1,912.50","1,920.60","1,925.10","1,927.55",765742,1476008621.1,61920,387508.0,50.61
2025-08-18,BAJAJFINSV,EQ,"1,925.10","1,950.00","2,017.00","1,950.00","1,995.00","1,993.50","1,999.82",1473915,2947569754.0,71166,701167.0,47.57
2025-08-19,BAJAJFINSV,EQ,"1,993.50","1,994.00","1,997.60","1,964.80","1,973.90","1,972.20","1,971.55",1389770,2740002088.8,42178,952790.0,68.56
2025-08-20,BAJAJFINSV,EQ,"1,972.20","1,972.80","1,976.50","1,949.20","1,959.00","1,958.50","1,955.00",1461680,2857577982.8,35362,1006457.0,68.86
2025-08-21,BAJAJFINSV,EQ,"1,958.50","1,984.00","1,998.00","1,974.50","1,978.60","1,980.00","1,983.98",2346236,4654880393.4,57739,1237394.0,52.74
2025-08-22,BAJAJFINSV,EQ,"1,980.00","1,975.00","1,977.30","1,963.50","1,967.60","1,965.90","1,968.73",709444,1396706849.9,31792,439688.0,61.98
2025-08-25,BAJAJFINSV,EQ,"1,965.90","1,959.10","1,967.80","1,953.00","1,964.00","1,963.80","1,962.06",869509,1706033135.9,33145,584208.0,67.19
2025-08-26,BAJAJFINSV,EQ,"1,963.80","1,960.00","1,963.40","1,917.60","1,921.00","1,924.20","1,933.21",1179819,2280837524.1,53818,754500.0,63.95
2025-08-28,BAJAJFINSV,EQ,"1,924.20","1,920.00","1,939.70","1,910.60","1,917.00","1,917.60","1,926.17",985012,1897303382.0,57990,343512.0,34.87
2025-08-29,BAJAJFINSV,EQ,"1,917.60","1,923.10","1,931.10","1,910.00","1,916.00","1,913.50","1,919.39",735268,1411267710.9,48356,415182.0,56.47
2025-09-01,BAJAJFINSV,EQ,"1,913.50","1,918.90","1,946.00","1,913.00","1,942.90","1,943.50","1,936.36",590079,1142605303.0,44268,296777.0,50.29
2025-09-02,BAJAJFINSV,EQ,"1,943.50","1,945.00","1,958.70","1,938.60","1,957.00","1,955.90","1,950.90",907972,1771362408.8,68390,546317.0,60.17
2025-09-03,BAJAJFINSV,EQ,"1,955.90","1,950.00","1,972.00","1,950.00","1,971.00","1,966.10","1,960.19",934230,1831265736.5,60667,613449.0,65.66
2025-09-04,BAJAJFINSV,EQ,"1,966.10","1,985.00","2,033.80","1,971.00","2,003.00","2,002.20","2,013.07",2459026,4950197155.0,144259,1198681.0,48.75
2025-09-05,BAJAJFINSV,EQ,"2,002.20","2,013.90","2,023.80","2,002.10","2,015.00","2,014.40","2,012.62",1077230,2168056702.5,61481,640324.0,59.44
2025-09-08,BAJAJFINSV,EQ,"2,014.40","2,014.40","2,026.40","2,006.10","2,010.00","2,008.40","2,015.81",338055,681454917.4,20407,157924.0,46.72
2025-09-09,BAJAJFINSV,EQ,"2,008.40","2,012.00","2,039.00","2,012.00","2,026.60","2,025.30","2,027.75",1240640,2515703779.6,57275,679552.0,54.77
2025-09-10,BAJAJFINSV,EQ,"2,025.30","2,035.10","2,047.00","2,026.60","2,038.00","2,038.20","2,037.36",927634,1889926548.8,47845,580603.0,62.59
2025-09-11,BAJAJFINSV,EQ,"2,038.20","2,038.00","2,048.80","2,028.40","2,037.00","2,037.80","2,036.14",720797,1467642658.8,32743,478438.0,66.38
2025-09-12,BAJAJFINSV,EQ,"2,037.80","2,036.10","2,089.00","2,034.30","2,083.20","2,081.50","2,065.99",1546838,3195751787.7,59107,912340.0,58.98
2025-09-15,BAJAJFINSV,EQ,"2,081.50","2,078.00","2,097.00","2,068.00","2,080.80","2,080.00","2,084.02",1014957,2115193935.6,43617,516044.0,50.84
2025-09-16,BAJAJFINSV,EQ,"2,080.00","2,085.00","2,104.90","2,077.60","2,082.00","2,080.30","2,087.34",928203,1937472110.0,45547,498178.0,53.67
2025-09-17,BAJAJFINSV,EQ,"2,080.30","2,088.00","2,090.00","2,054.90","2,060.00","2,057.00","2,068.21",1199866,2481574037.9,54269,809091.0,67.43
2025-09-18,BAJAJFINSV,EQ,"2,057.00","2,066.00","2,075.00","2,045.00","2,064.50","2,069.20","2,060.95",904666,1864472201.3,65759,506004.0,55.93
2025-09-19,BAJAJFINSV,EQ,"2,069.20","2,069.00","2,077.20","2,053.70","2,070.50","2,067.30","2,065.57",1973991,4077418828.2,58929,1328146.0,67.28
2025-09-22,BAJAJFINSV,EQ,"2,067.30","2,067.30","2,082.00","2,062.30","2,068.60","2,069.50","2,073.74",633360,1313422659.8,39340,321594.0,50.78
2025-09-23,BAJAJFINSV,EQ,"2,069.50","2,068.00","2,092.00","2,068.00","2,084.00","2,084.40","2,083.27",1177350,2452732948.1,62377,598418.0,50.83
2025-09-24,BAJAJFINSV,EQ,"2,084.40","2,084.10","2,088.80","2,062.90","2,070.10","2,069.20","2,074.11",602541,1249738349.3,40071,345197.0,57.29
2025-09-25,BAJAJFINSV,EQ,"2,069.20","2,069.20","2,074.00","2,032.40","2,033.00","2,035.60","2,047.93",952122,1949877784.0,51653,579023.0,60.81
2025-09-26,BAJAJFINSV,EQ,"2,035.60","2,040.00","2,047.50","1,996.10","2,003.00","2,003.20","2,009.74",754739,1516831455.4,42852,423598.0,56.13
2025-09-29,BAJAJFINSV,EQ,"2,003.20","2,007.90","2,031.00","1,994.90","2,012.00","2,024.70","2,016.37",2005041,4042904423.7,66226,1367801.0,68.22
2025-09-30,BAJAJFINSV,EQ,"2,024.70","2,025.00","2,036.40","2,001.00","2,001.00","2,006.40","2,012.05",924425,1859986959.3,84927,572519.0,61.93
2025-10-01,BAJAJFINSV,EQ,"2,006.40","2,008.90","2,014.00","1,979.50","2,010.00","2,007.00","1,999.01",683568,1366460005.1,53408,330711.0,48.38
2025-10-03,BAJAJFINSV,EQ,"2,007.00","2,016.50","2,017.00","1,968.00","1,994.20","2,000.90","1,987.60",789048,1568311322.2,50999,400759.0,50.79
2025-10-06,BAJAJFINSV,EQ,"2,000.90","1,996.10","2,042.20","1,995.10","2,031.10","2,033.20","2,026.59",821515,1664874662.3,43273,327123.0,39.82
2025-10-07,BAJAJFINSV,EQ,"2,033.20","2,038.70","2,056.40","2,029.00","2,030.00","2,032.60","2,042.25",641471,1310042108.3,52239,270382.0,42.15
2025-10-08,BAJAJFINSV,EQ,"2,032.60","2,031.50","2,038.20","2,005.00","2,010.20","2,013.60","2,018.26",369526,745800874.3,35066,154844.0,41.9
2025-10-09,BAJAJFINSV,EQ,"2,013.60","2,013.60","2,025.90","2,005.00","2,012.00","2,014.60","2,014.95",437357,881253101.2,40764,220650.0,50.45
2025-10-10,BAJAJFINSV,EQ,"2,014.60","2,014.60","2,026.00","2,001.20","2,008.50","2,004.30","2,010.56",772401,1552957818.3,48155,526978.0,68.23
2025-10-13,BAJAJFINSV,EQ,"2,004.30","2,004.10","2,025.00","1,996.60","2,023.90","2,020.40","2,014.51",1013809,2042333188.9,45393,731521.0,72.16
2025-10-14,BAJAJFINSV,EQ,"2,020.40","2,024.90","2,036.80","2,006.60","2,019.90","2,019.40","2,018.99",668246,1349178803.7,52819,360049.0,53.88
2025-10-15,BAJAJFINSV,EQ,"2,019.40","2,024.50","2,088.80","2,020.10","2,082.90","2,084.10","2,070.26",1497249,3099701062.2,121092,809690.0,54.08
2025-10-16,BAJAJFINSV,EQ,"2,084.10","2,078.50","2,100.00","2,078.00","2,087.90","2,090.20","2,089.06",1424932,2976775132.7,73176,917660.0,64.4
2025-10-17,BAJAJFINSV,EQ,"2,090.20","2,090.00","2,104.00","2,077.00","2,081.10","2,083.70","2,088.57",609393,1272757980.0,53193,323992.0,53.17
2025-10-20,BAJAJFINSV,EQ,"2,083.70","2,088.00","2,149.50","2,088.00","2,141.80","2,139.80","2,132.17",1844869,3933574034.5,102477,857545.0,46.48
2025-10-21,BAJAJFINSV,EQ,"2,139.80","2,150.00","2,184.00","2,134.00","2,165.00","2,169.10","2,158.11",367784,793716787.3,14997,156780.0,42.63
2025-10-23,BAJAJFINSV,EQ,"2,169.10","2,170.00","2,195.00","2,159.10","2,176.00","2,176.60","2,178.89",1291839,2814775235.2,97134,660270.0,51.11
2025-10-24,BAJAJFINSV,EQ,"2,176.60","2,176.60","2,184.00","2,144.60","2,159.00","2,159.50","2,160.77",517200,1117551419.3,35878,258460.0,49.97
2025-10-27,BAJAJFINSV,EQ,"2,159.50","2,159.50","2,178.50","2,149.90","2,166.70","2,170.20","2,167.54",433573,939788983.1,38125,189856.0,43.79
2025-10-28,BAJAJFINSV,EQ,"2,170.20","2,172.00","2,188.70","2,123.10","2,138.10","2,140.20","2,141.73",1200996,2572213016.6,71593,471192.0,39.23
2025-10-29,BAJAJFINSV,EQ,"2,140.20","2,150.00","2,150.00","2,124.20","2,140.00","2,137.00","2,132.56",343434,732394948.0,25088,120009.0,34.94
2025-10-30,BAJAJFINSV,EQ,"2,137.00","2,140.00","2,146.00","2,101.30","2,118.00","2,114.60","2,116.38",488305,1033436796.6,37419,218661.0,44.78
2025-10-31,BAJAJFINSV,EQ,"2,114.60","2,115.00","2,128.90","2,085.40","2,090.00","2,088.30","2,099.35",586237,1230717113.0,44729,358821.0,61.21
2025-11-03,BAJAJFINSV,EQ,"2,088.30","2,086.00","2,100.00","2,070.00","2,080.70","2,081.60","2,086.24",546962,1141095675.6,35497,282318.0,51.62
2025-11-04,BAJAJFINSV,EQ,"2,081.60","2,087.00","2,098.80","2,061.50","2,074.00","2,073.20","2,076.61",610128,1266997500.2,43502,291915.0,47.84
2025-11-06,BAJAJFINSV,EQ,"2,073.20","2,079.00","2,080.40","2,057.20","2,065.90","2,063.20","2,064.79",1175380,2426916625.1,65579,685715.0,58.34
2025-11-07,BAJAJFINSV,EQ,"2,063.20","2,060.00","2,112.00","2,042.80","2,110.00","2,102.10","2,082.16",839091,1747119396.1,53813,384467.0,45.82
2025-11-10,BAJAJFINSV,EQ,"2,102.10","2,114.70","2,126.80","2,096.30","2,120.10","2,118.30","2,114.34",985115,2082868438.9,50721,511466.0,51.92
2025-11-11,BAJAJFINSV,EQ,"2,118.30","2,085.00","2,099.00","1,952.40","1,992.90","1,989.40","1,985.60",4943745,9816291044.8,236777,2096352.0,42.4
2025-11-12,BAJAJFINSV,EQ,"1,989.40","2,009.50","2,039.00","1,995.00","2,039.00","2,035.50","2,018.67",2396251,4837234391.9,111268,1108637.0,46.27
2025-11-13,BAJAJFINSV,EQ,"2,035.50","2,045.00","2,072.40","2,032.30","2,057.00","2,056.20","2,057.48",1839900,3785554769.5,91044,1193998.0,64.89
2025-11-14,BAJAJFINSV,EQ,"2,056.20","2,050.00","2,072.00","2,044.20","2,064.90","2,065.80","2,055.08",1433249,2945445848.2,56977,1016934.0,70.95
2025-11-17,BAJAJFINSV,EQ,"2,065.80","2,065.80","2,081.10","2,055.00","2,080.00","2,079.60","2,071.70",817576,1693773032.8,38525,464602.0,56.83
2025-11-18,BAJAJFINSV,EQ,"2,079.60","2,073.00","2,075.50","2,047.00","2,053.30","2,050.20","2,055.47",734236,1509199967.7,37520,442513.0,60.27
2025-11-19,BAJAJFINSV,EQ,"2,050.20","2,059.40","2,059.40","2,035.00","2,045.00","2,050.20","2,044.16",704802,1440725010.0,48560,430677.0,61.11
2025-11-20,BAJAJFINSV,EQ,"2,050.20","2,064.70","2,105.00","2,042.90","2,097.20","2,095.60","2,086.46",1576354,3288995123.9,64693,821512.0,52.11
2025-11-21,BAJAJFINSV,EQ,"2,095.60","2,100.00","2,100.00","2,045.10","2,056.90","2,052.40","2,065.89",1019782,2106757313.6,44850,583046.0,57.17
2025-11-24,BAJAJFINSV,EQ,"2,052.40","2,064.00","2,064.00","2,025.80","2,041.00","2,030.80","2,038.27",1422874,2900202268.9,47071,872240.0,61.3
2025-11-25,BAJAJFINSV,EQ,"2,030.80","2,039.00","2,051.50","2,026.40","2,032.10","2,030.20","2,037.21",688300,1402213134.9,48755,402766.0,58.52
2025-11-26,BAJAJFINSV,EQ,"2,030.20","2,035.00","2,088.50","2,030.90","2,082.00","2,085.10","2,074.43",928388,1925876111.0,40766,508870.0,54.81
2025-11-27,BAJAJFINSV,EQ,"2,085.10","2,085.10","2,118.00","2,075.60","2,105.00","2,103.20","2,106.08",1125896,2371228480.3,54136,449865.0,39.96
2025-11-28,BAJAJFINSV,EQ,"2,103.20","2,110.00","2,113.00","2,086.50","2,094.10","2,094.00","2,096.53",590610,1238228966.7,36338,368782.0,62.44
2025-12-01,BAJAJFINSV,EQ,"2,094.00","2,102.50","2,105.90","2,075.00","2,082.00","2,081.80","2,086.28",533604,1113246730.3,45581,268591.0,50.34
2025-12-02,BAJAJFINSV,EQ,"2,081.80","2,070.10","2,081.50","2,059.50","2,065.60","2,065.90","2,068.37",682583,1411834938.4,55341,425633.0,62.36
2025-12-03,BAJAJFINSV,EQ,"2,065.90","2,065.90","2,072.40","2,035.00","2,040.00","2,046.00","2,044.64",785536,1606141800.5,53997,436822.0,55.61
2025-12-04,BAJAJFINSV,EQ,"2,046.00","2,046.00","2,061.90","2,034.00","2,048.50","2,049.20","2,048.78",758590,1554182205.6,49980,457857.0,60.36
2025-12-05,BAJAJFINSV,EQ,"2,049.20","2,050.00","2,110.00","2,045.80","2,092.90","2,096.50","2,087.43",1742156,3636624438.6,52459,983066.0,56.43
2025-12-08,BAJAJFINSV,EQ,"2,096.50","2,100.00","2,104.90","2,038.50","2,057.10","2,059.20","2,065.78",904146,1867766666.9,55755,508175.0,56.2
2025-12-09,BAJAJFINSV,EQ,"2,059.20","2,050.00","2,081.80","2,039.00","2,065.50","2,069.50","2,066.73",1176704,2431932068.9,127263,702367.0,59.69
2025-12-10,BAJAJFINSV,EQ,"2,069.50","2,070.00","2,098.20","2,060.00","2,060.00","2,065.80","2,078.13",937777,1948819021.6,66899,521756.0,55.64
2025-12-11,BAJAJFINSV,EQ,"2,065.80","2,080.00","2,082.70","2,050.00","2,065.10","2,065.80","2,063.80",624077,1287972331.4,31844,338181.0,54.19
2025-12-12,BAJAJFINSV,EQ,"2,065.80","2,075.80","2,093.00","2,069.20","2,084.30","2,083.10","2,080.61",554885,1154498608.5,43527,336514.0,60.65
2025-12-15,BAJAJFINSV,EQ,"2,083.10","2,079.90","2,080.80","2,061.00","2,067.10","2,070.50","2,070.20",483403,1000740501.0,42135,270656.0,55.99
2025-12-16,BAJAJFINSV,EQ,"2,070.50","2,066.10","2,067.80","2,029.00","2,034.90","2,035.20","2,044.35",506106,1034660231.8,44193,305404.0,60.34
2025-12-17,BAJAJFINSV,EQ,"2,035.20","2,035.20","2,044.00","2,011.60","2,020.50","2,021.20","2,024.19",398342,806318214.4,36475,184699.0,46.37
2025-12-18,BAJAJFINSV,EQ,"2,021.20","2,020.00","2,038.00","2,012.60","2,026.00","2,026.30","2,024.94",438810,888564832.5,37808,232897.0,53.07
2025-12-19,BAJAJFINSV,EQ,"2,026.30","2,019.00","2,055.00","2,017.90","2,044.10","2,043.80","2,043.06",1104767,2257109809.7,63066,788129.0,71.34
2025-12-22,BAJAJFINSV,EQ,"2,043.80","2,044.10","2,053.90","2,037.20","2,051.00","2,049.80","2,047.63",1038998,2127485561.7,52932,787276.0,75.77
2025-12-23,BAJAJFINSV,EQ,"2,049.80","2,049.00","2,057.50","2,042.00","2,042.00","2,047.60","2,048.42",677615,1388040456.9,31361,480873.0,70.97
2025-12-24,BAJAJFINSV,EQ,"2,047.60","2,048.50","2,064.50","2,024.30","2,036.60","2,035.70","2,043.63",1344198,2747046278.9,58944,907601.0,67.52
2025-12-26,BAJAJFINSV,EQ,"2,035.70","2,035.70","2,035.70","2,005.40","2,020.00","2,017.60","2,017.64",1755050,3541050513.8,61888,1265546.0,72.11
2025-12-29,BAJAJFINSV,EQ,"2,017.60","2,020.00","2,026.40","1,997.20","2,012.00","2,012.10","2,007.59",1415166,2841079902.5,61580,1028640.0,72.69
2025-12-30,BAJAJFINSV,EQ,"2,012.10","2,012.00","2,047.80","1,980.40","2,040.20","2,026.40","2,012.70",5450560,10970334280.5,121939,3987223.0,73.15
2025-12-31,BAJAJFINSV,EQ,"2,026.40","2,030.20","2,046.30","2,010.40","2,038.00","2,039.90","2,028.89",1377422,2794634357.3,74887,905107.0,65.71
2026-01-01,BAJAJFINSV,EQ,"2,039.90","2,045.00","2,048.80","2,027.80","2,037.50","2,037.00","2,035.42",270917,551430672.4,19191,153419.0,56.63
2026-01-02,BAJAJFINSV,EQ,"2,037.00","2,030.10","2,050.00","2,026.60","2,039.50","2,038.40","2,039.94",893818,1823332595.3,44371,570601.0,63.84
2026-01-05,BAJAJFINSV,EQ,"2,038.40","2,040.00","2,045.90","2,030.00","2,040.00","2,039.20","2,038.27",656058,1337224713.6,37653,434028.0,66.16
2026-01-06,BAJAJFINSV,EQ,"2,039.20","2,044.90","2,082.00","2,040.80","2,048.00","2,044.60","2,056.88",1236924,2544208540.1,67372,759571.0,61.41
2026-01-07,BAJAJFINSV,EQ,"2,044.60","2,040.00","2,042.00","2,021.00","2,030.90","2,031.90","2,030.66",653557,1327150209.5,34005,370654.0,56.71
2026-01-08,BAJAJFINSV,EQ,"2,031.90","2,021.00","2,029.10","1,989.20","2,005.00","2,008.90","2,007.81",756940,1519792985.0,48122,428069.0,56.55
2026-01-09,BAJAJFINSV,EQ,"2,008.90","2,008.90","2,014.20","1,981.20","1,989.10","1,992.40","1,993.32",1143760,2279880315.6,50014,737027.0,64.44
2026-01-12,BAJAJFINSV,EQ,"1,992.40","1,992.00","2,006.40","1,972.60","2,001.40","1,998.90","1,991.35",996702,1984778714.1,45407,599841.0,60.18
2026-01-13,BAJAJFINSV,EQ,"1,998.90","1,998.90","2,016.00","1,991.00","2,007.00","2,011.20","2,004.80",1216677,2439194178.4,41526,788758.0,64.83
2026-01-14,BAJAJFINSV,EQ,"2,011.20","2,003.50","2,015.80","1,993.60","2,002.60","2,000.90","2,004.40",1062849,2130374652.0,37801,650663.0,61.22
2026-01-16,BAJAJFINSV,EQ,"2,000.90","2,012.80","2,033.00","2,000.60","2,002.00","2,002.50","2,012.95",1177279,2369800148.4,39874,692532.0,58.82
2026-01-19,BAJAJFINSV,EQ,"2,002.50","1,995.00","2,025.90","1,992.00","2,019.70","2,017.80","2,012.30",587791,1182814602.0,35435,304902.0,51.87
2026-01-20,BAJAJFINSV,EQ,"2,017.80","2,017.00","2,018.30","1,950.20","1,960.30","1,958.70","1,970.67",1572563,3099009053.3,68877,970964.0,61.74
2026-01-21,BAJAJFINSV,EQ,"1,958.70","1,964.90","1,973.60","1,936.60","1,966.00","1,959.90","1,959.07",894555,1752497860.0,53199,493723.0,55.19
2026-01-22,BAJAJFINSV,EQ,"1,959.90","1,969.80","1,996.90","1,965.00","1,995.00","1,993.10","1,982.97",1067186,2116194080.9,67345,699529.0,65.55
2026-01-23,BAJAJFINSV,EQ,"1,993.10","1,993.10","1,994.90","1,943.10","1,954.90","1,949.00","1,965.11",1046873,2057218487.6,38590,620791.0,59.3
2026-01-27,BAJAJFINSV,EQ,"1,949.00","1,950.20","1,971.50","1,903.40","1,926.00","1,917.70","1,922.60",4700126,9036465986.4,126832,2866819.0,60.99
2026-01-28,BAJAJFINSV,EQ,"1,917.70","1,924.00","1,944.10","1,920.10","1,942.00","1,940.30","1,932.02",1605973,3102778604.6,61989,1090358.0,67.89
2026-01-29,BAJAJFINSV,EQ,"1,940.30","1,927.00","1,956.80","1,921.10","1,947.30","1,948.10","1,942.64",884350,1717977869.4,50944,485149.0,54.86
2026-01-30,BAJAJFINSV,EQ,"1,948.10","1,928.50","1,956.60","1,927.00","1,953.70","1,952.60","1,947.21",1342205,2613561012.1,56899,992433.0,73.94
2026-02-01,BAJAJFINSV,EQ,"1,952.60","1,945.10","1,952.60","1,899.20","1,904.00","1,908.80","1,926.93",872943,1682099904.2,40532,517590.0,59.29
2026-02-02,BAJAJFINSV,EQ,"1,908.80","1,908.00","1,937.10","1,876.60","1,934.00","1,930.10","1,913.79",1183196,2264386759.8,84861,728083.0,61.54
2026-02-03,BAJAJFINSV,EQ,"1,930.10","2,019.70","2,045.50","1,986.30","2,011.10","2,012.70","2,015.56",1358926,2738996240.4,74643,672367.0,49.48
2026-02-04,BAJAJFINSV,EQ,"2,012.70","1,993.00","2,032.70","1,985.10","2,017.00","2,019.60","2,016.81",1078917,2175975041.6,52913,464640.0,43.07
2026-02-05,BAJAJFINSV,EQ,"2,019.60","2,008.10","2,021.80","1,992.40","2,001.00","2,000.10","2,002.65",857399,1717068851.2,60166,560817.0,65.41
2026-02-06,BAJAJFINSV,EQ,"2,000.10","2,000.10","2,027.40","1,983.00","2,020.80","2,024.20","2,008.51",1257237,2525172661.7,71732,726702.0,57.8
2026-02-09,BAJAJFINSV,EQ,"2,024.20","2,026.90","2,032.00","2,018.80","2,025.10","2,024.60","2,024.39",431032,872578986.5,30474,247983.0,57.53
2026-02-10,BAJAJFINSV,EQ,"2,024.60","2,027.00","2,033.90","2,019.90","2,023.00","2,027.90","2,025.38",717899,1454016590.0,44265,453718.0,63.2
2026-02-11,BAJAJFINSV,EQ,"2,027.90","2,032.00","2,050.00","2,022.00","2,022.10","2,027.00","2,034.60",538669,1095977167.3,37958,258154.0,47.92
2026-02-12,BAJAJFINSV,EQ,"2,027.00","2,025.00","2,041.90","2,012.10","2,034.00","2,037.10","2,033.96",637754,1297163243.5,46658,260899.0,40.91
2026-02-13,BAJAJFINSV,EQ,"2,037.10","2,035.00","2,035.00","2,012.70","2,027.00","2,023.20","2,023.40",756233,1530159859.5,50155,496075.0,65.6
2026-02-16,BAJAJFINSV,EQ,"2,023.20","2,023.20","2,055.00","2,022.20","2,053.10","2,050.90","2,045.51",812257,1661480828.2,26137,472348.0,58.15
2026-02-17,BAJAJFINSV,EQ,"2,050.90","2,045.00","2,052.60","2,035.00","2,040.30","2,044.40","2,045.42",252282,516023036.5,20237,98003.0,38.85
2026-02-18,BAJAJFINSV,EQ,"2,044.40","2,040.00","2,065.90","2,040.00","2,060.20","2,060.60","2,056.17",611189,1256708350.2,34143,331995.0,54.32
2026-02-19,BAJAJFINSV,EQ,"2,060.60","2,068.00","2,068.00","2,025.00","2,040.00","2,033.20","2,039.85",659450,1345176807.8,32240,397109.0,60.22
2026-02-20,BAJAJFINSV,EQ,"2,033.20","2,033.20","2,063.90","2,021.10","2,045.00","2,058.50","2,054.85",459679,944573581.7,20845,226955.0,49.37
2026-02-23,BAJAJFINSV,EQ,"2,058.50","2,050.00","2,069.00","2,039.80","2,046.80","2,051.60","2,055.08",1070139,2199222199.5,44195,738514.0,69.01
2026-02-24,BAJAJFINSV,EQ,"2,051.60","2,040.00","2,050.00","2,032.10","2,045.00","2,043.30","2,041.54",1054129,2152046426.4,41498,586429.0,55.63
2026-02-25,BAJAJFINSV,EQ,"2,043.30","2,050.00","2,074.90","2,043.00","2,043.00","2,049.30","2,057.66",508162,1045624047.0,46732,288261.0,56.73
2026-02-26,BAJAJFINSV,EQ,"2,049.30","2,057.00","2,063.80","2,028.00","2,042.00","2,041.30","2,044.09",493126,1007995854.7,49807,219208.0,44.45
2026-02-27,BAJAJFINSV,EQ,"2,041.30","2,022.70","2,039.60","1,986.60","1,994.60","1,993.40","2,006.32",1323479,2655326877.9,65304,889043.0,67.17
2026-03-02,BAJAJFINSV,EQ,"1,993.40","1,950.00","1,990.00","1,927.00","1,935.00","1,941.90","1,952.72",1595247,3115072987.8,105849,789591.0,49.5
2026-03-04,BAJAJFINSV,EQ,"1,941.90","1,909.40","1,909.40","1,860.20","1,878.00","1,889.30","1,887.95",2209959,4172287007.1,116856,1404357.0,63.55
2026-03-05,BAJAJFINSV,EQ,"1,889.30","1,897.80","1,917.90","1,878.90","1,910.30","1,911.80","1,893.76",1515601,2870187182.0,118711,896176.0,59.13
2026-03-06,BAJAJFINSV,EQ,"1,911.80","1,908.90","1,908.90","1,865.00","1,870.40","1,868.90","1,875.43",2267317,4252184990.6,87906,1468231.0,64.76
2026-03-09,BAJAJFINSV,EQ,"1,868.90","1,839.10","1,844.60","1,802.00","1,840.90","1,841.50","1,826.20",1009617,1843763607.3,61248,530286.0,52.52
2026-03-10,BAJAJFINSV,EQ,"1,841.50","1,845.10","1,873.80","1,840.40","1,871.40","1,867.80","1,862.76",885047,1648630063.7,48291,417323.0,47.15
2026-03-11,BAJAJFINSV,EQ,"1,867.80","1,861.00","1,874.80","1,791.00","1,796.60","1,795.30","1,814.24",1298364,2355544880.6,102089,751787.0,57.9
2026-03-12,BAJAJFINSV,EQ,"1,795.30","1,786.90","1,794.40","1,763.10","1,774.50","1,770.80","1,775.46",1095963,1945841337.4,72185,544108.0,49.65
2026-03-13,BAJAJFINSV,EQ,"1,770.80","1,760.10","1,779.20","1,726.10","1,750.80","1,738.00","1,750.97",1390698,2435068696.1,83661,879721.0,63.26
2026-03-16,BAJAJFINSV,EQ,"1,738.00","1,738.00","1,784.00","1,729.00","1,762.20","1,773.90","1,755.12",2085547,3660375236.7,83053,1213116.0,58.17
2026-03-17,BAJAJFINSV,EQ,"1,773.90","1,775.60","1,782.60","1,757.00","1,772.90","1,774.70","1,771.82",1259526,2231653464.4,72849,730249.0,57.98
2026-03-18,BAJAJFINSV,EQ,"1,774.70","1,773.80","1,803.00","1,770.00","1,790.00","1,791.80","1,787.74",1467841,2624121359.9,83331,895219.0,60.99
2026-03-19,BAJAJFINSV,EQ,"1,791.80","1,776.00","1,778.00","1,702.10","1,724.00","1,714.90","1,727.85",1354973,2341190268.6,86279,669474.0,49.41
2026-03-20,BAJAJFINSV,EQ,"1,714.90","1,724.00","1,734.00","1,702.80","1,718.00","1,710.30","1,717.65",2626283,4511035430.5,114276,1680393.0,63.98
2026-03-23,BAJAJFINSV,EQ,"1,710.30","1,699.80","1,700.00","1,662.70","1,664.00","1,675.50","1,676.84",2207925,3702339923.3,112974,1421898.0,64.4
2026-03-24,BAJAJFINSV,EQ,"1,675.50","1,710.00","1,714.00","1,671.40","1,711.00","1,704.40","1,697.86",1775627,3014757788.3,92917,1000443.0,56.34
2026-03-25,BAJAJFINSV,EQ,"1,704.40","1,720.80","1,765.00","1,717.60","1,749.50","1,746.20","1,747.01",1865278,3258660137.5,116157,1135300.0,60.86
2026-03-27,BAJAJFINSV,EQ,"1,746.20","1,738.60","1,738.60","1,680.10","1,694.70","1,694.70","1,695.72",2522237,4277001340.5,113196,1635667.0,64.85
2026-03-30,BAJAJFINSV,EQ,"1,694.70","1,675.00","1,686.10","1,627.00","1,635.00","1,631.80","1,647.15",3272392,5390108012.7,112930,1674379.0,51.17
2026-04-01,BAJAJFINSV,EQ,"1,631.80","1,679.00","1,683.10","1,642.00","1,651.60","1,647.00","1,664.33",1796540,2990037768.9,89878,1182511.0,65.82
2026-04-02,BAJAJFINSV,EQ,"1,647.00","1,635.00","1,646.50","1,597.00","1,640.00","1,640.70","1,623.22",2284337,3707987632.0,100817,1295231.0,56.7
2026-04-06,BAJAJFINSV,EQ,"1,640.70","1,635.00","1,678.90","1,623.60","1,672.10","1,672.30","1,654.21",1215027,2009914764.9,74249,689434.0,56.74
2026-04-07,BAJAJFINSV,EQ,"1,672.30","1,660.10","1,692.20","1,625.00","1,684.10","1,684.40","1,670.94",2860538,4779789135.2,114540,2010238.0,70.27
2026-04-08,BAJAJFINSV,EQ,"1,684.40","1,751.50","1,809.00","1,751.50","1,787.50","1,784.60","1,785.87",2059323,3677680771.4,114101,1024694.0,49.76
2026-04-09,BAJAJFINSV,EQ,"1,784.60","1,784.60","1,792.50","1,757.00","1,761.00","1,767.70","1,775.50",1510841,2682503961.4,65433,863772.0,57.17
2026-04-10,BAJAJFINSV,EQ,"1,767.70","1,777.80","1,814.90","1,776.10","1,809.50","1,809.20","1,802.68",983497,1772928589.9,68199,541093.0,55.02
2026-04-13,BAJAJFINSV,EQ,"1,809.20","1,774.50","1,792.10","1,748.30","1,790.40","1,788.30","1,779.33",1243242,2212139339.5,71721,665634.0,53.54
2026-04-15,BAJAJFINSV,EQ,"1,788.30","1,815.00","1,839.20","1,814.20","1,829.00","1,825.80","1,823.63",1066065,1944110953.4,64955,637386.0,59.79
2026-04-16,BAJAJFINSV,EQ,"1,825.80","1,835.80","1,854.90","1,823.00","1,825.00","1,829.90","1,835.21",1035217,1899838385.2,60037,531791.0,51.37
2026-04-17,BAJAJFINSV,EQ,"1,829.90","1,828.80","1,845.50","1,811.70","1,838.00","1,838.90","1,834.03",487836,894704272.1,31656,251324.0,51.52
2026-04-20,BAJAJFINSV,EQ,"1,838.90","1,839.90","1,850.60","1,820.40","1,822.10","1,830.60","1,836.65",903716,1659812093.4,53753,505304.0,55.91
2026-04-21,BAJAJFINSV,EQ,"1,830.60","1,827.30","1,855.00","1,825.00","1,850.10","1,851.40","1,845.42",952364,1757514932.5,40310,507614.0,53.3
2026-04-22,BAJAJFINSV,EQ,"1,851.40","1,847.00","1,860.00","1,835.00","1,841.90","1,842.90","1,847.47",739941,1367019759.6,46188,377720.0,51.05
2026-04-23,BAJAJFINSV,EQ,"1,842.90","1,821.50","1,830.00","1,786.00","1,786.40","1,792.60","1,805.68",910293,1643701261.6,86703,442286.0,48.59
2026-04-24,BAJAJFINSV,EQ,"1,792.60","1,792.70","1,799.90","1,757.30","1,777.70","1,770.70","1,773.54",920624,1632761465.6,41498,557523.0,60.56
2026-04-27,BAJAJFINSV,EQ,"1,770.70","1,781.00","1,798.00","1,765.00","1,774.00","1,772.20","1,774.77",1267827,2250097390.6,65473,837236.0,66.04
2026-04-28,BAJAJFINSV,EQ,"1,772.20","1,772.10","1,790.80","1,757.70","1,779.90","1,779.00","1,775.72",1414112,2511062655.9,63540,794115.0,56.16
2026-04-29,BAJAJFINSV,EQ,"1,779.00","1,778.00","1,793.90","1,760.80","1,760.80","1,764.20","1,775.95",699788,1242790055.1,53006,391373.0,55.93
2026-04-30,BAJAJFINSV,EQ,"1,764.20","1,777.20","1,794.50","1,718.70","1,741.70","1,747.20","1,759.35",2574629,4529685274.6,100681,1082596.0,42.05
2026-05-04,BAJAJFINSV,EQ,"1,747.20","1,749.20","1,787.00","1,747.10","1,778.00","1,770.40","1,768.00",1720030,3041013219.6,94670,925104.0,53.78
2026-05-05,BAJAJFINSV,EQ,"1,770.40","1,760.00","1,799.00","1,742.10","1,791.00","1,794.60","1,776.60",1270233,2256691499.9,67670,639851.0,50.37
2026-05-06,BAJAJFINSV,EQ,"1,794.60","1,810.00","1,838.80","1,798.10","1,836.00","1,836.10","1,823.36",1059177,1931255767.4,54178,495431.0,46.78
2026-05-07,BAJAJFINSV,EQ,"1,836.10","1,849.60","1,849.60","1,816.60","1,829.00","1,824.50","1,825.83",945912,1727069836.6,58142,487105.0,51.5
2026-05-08,BAJAJFINSV,EQ,"1,824.50","1,824.50","1,827.20","1,802.50","1,814.00","1,818.30","1,814.06",719570,1305344145.7,43104,377812.0,52.51
2026-05-11,BAJAJFINSV,EQ,"1,818.30","1,804.20","1,814.00","1,786.00","1,787.90","1,794.20","1,799.48",541986,975294700.8,36747,255731.0,47.18
2026-05-12,BAJAJFINSV,EQ,"1,794.20","1,783.80","1,791.00","1,741.50","1,748.00","1,744.80","1,761.82",1041932,1835693831.2,52833,509016.0,48.85
2026-05-13,BAJAJFINSV,EQ,"1,744.80","1,748.90","1,758.00","1,726.00","1,727.00","1,728.90","1,738.78",666278,1158511924.3,56749,303053.0,45.48
2026-05-14,BAJAJFINSV,EQ,"1,728.90","1,735.10","1,743.00","1,713.30","1,740.00","1,740.20","1,732.42",2086133,3614064385.6,80540,1482518.0,71.07
2026-05-15,BAJAJFINSV,EQ,"1,740.20","1,735.10","1,755.80","1,721.90","1,734.10","1,728.10","1,746.76",2347840,4101118259.6,60928,1886224.0,80.34
2026-05-18,BAJAJFINSV,EQ,"1,728.10","1,715.00","1,759.00","1,693.80","1,750.00","1,753.10","1,736.17",1199186,2081994088.4,62011,620111.0,51.71
