Date,"ï»¿""Symbol""",Series,PrevClose,OpenPrice,HighPrice,LowPrice,LastPrice,ClosePrice,AveragePrice,TotalTradedQuantity,TurnoverInRs,No.ofTrades,DeliverableQty,%DlyQttoTradedQty
2016-05-19,JPPOWER,EQ,4.25,4.25,4.3,4.2,4.25,4.25,4.24,717274,3043161.8,8430,492094.0,68.61
2016-05-20,JPPOWER,EQ,4.25,4.3,4.35,4.15,4.2,4.2,4.24,1281157,5434017.2,568,606073.0,47.31
2016-05-23,JPPOWER,EQ,4.2,4.25,4.25,4.05,4.15,4.15,4.15,1014042,4204319.05,9826,450880.0,44.46
2016-05-24,JPPOWER,EQ,4.15,4.15,4.2,3.95,4.05,4.0,4.05,2081499,8422125.7,6543,1114001.0,53.52
2016-05-25,JPPOWER,EQ,4.0,4.05,4.1,4.0,4.05,4.05,4.04,756070,3056014.0,3652,469011.0,62.03
2016-05-26,JPPOWER,EQ,4.05,4.1,4.1,4.0,4.05,4.05,4.04,1038186,4197414.05,6386,588301.0,56.67
2016-05-27,JPPOWER,EQ,4.05,4.05,4.25,4.05,4.2,4.15,4.14,851260,3521584.35,4255,477256.0,56.06
2016-05-30,JPPOWER,EQ,4.15,4.1,4.2,3.95,4.05,4.0,4.02,1338093,5381564.85,1418,816053.0,60.99
2016-05-31,JPPOWER,EQ,4.0,4.0,4.0,3.8,3.85,3.85,3.86,1865964,7209155.1,4233,960913.0,51.5
2016-06-01,JPPOWER,EQ,3.85,3.9,3.95,3.7,3.8,3.75,3.82,2438169,9320741.6,5677,1181787.0,48.47
2016-06-02,JPPOWER,EQ,3.75,3.8,3.8,3.65,3.75,3.7,3.72,1725998,6414514.05,4347,648603.0,37.58
2016-06-03,JPPOWER,EQ,3.7,3.75,3.85,3.65,3.85,3.8,3.74,1483699,5555309.5,3912,687884.0,46.36
2016-06-06,JPPOWER,EQ,3.8,3.8,3.9,3.75,3.85,3.8,3.8,1313295,4995864.7,4347,637742.0,48.56
2016-06-07,JPPOWER,EQ,3.8,3.85,3.85,3.75,3.8,3.75,3.78,598832,2265409.0,519,380983.0,63.62
2016-06-08,JPPOWER,EQ,3.75,3.8,4.1,3.7,4.05,4.05,3.95,3181929,12580692.0,1319,1142051.0,35.89
2016-06-09,JPPOWER,EQ,4.05,4.05,4.1,3.9,4.05,4.05,4.01,1617129,6487220.45,948,508035.0,31.42
2016-06-10,JPPOWER,EQ,4.05,4.05,4.75,3.95,4.6,4.45,4.51,8980836,40536785.9,7480,2460116.0,27.39
2016-06-13,JPPOWER,EQ,4.45,4.55,4.8,4.45,4.7,4.7,4.61,3293453,15183625.15,3777,1541538.0,46.81
2016-06-14,JPPOWER,EQ,4.7,4.7,5.2,4.7,5.0,5.05,5.03,6640535,33432206.75,5753,2524397.0,38.01
2016-06-15,JPPOWER,EQ,5.05,5.1,5.35,4.9,5.05,5.05,5.14,5220466,26807510.35,3124,2710440.0,51.92
2016-06-16,JPPOWER,EQ,5.05,5.05,5.2,4.9,5.05,5.0,5.05,2417107,12204099.55,1890,1216740.0,50.34
2016-06-17,JPPOWER,EQ,5.0,5.1,5.2,5.0,5.15,5.15,5.14,3713750,19086965.2,1990,1834643.0,49.4
2016-06-20,JPPOWER,EQ,5.15,5.1,5.15,5.05,5.05,5.05,5.11,1371277,7005554.4,882,810960.0,59.14
2016-06-21,JPPOWER,EQ,5.05,5.05,5.1,4.85,5.0,5.05,4.96,2961368,14687254.1,4148,1117073.0,37.72
2016-06-22,JPPOWER,EQ,5.05,5.05,5.05,4.9,4.9,4.9,4.97,666904,3312394.8,735,395310.0,59.28
2016-06-23,JPPOWER,EQ,4.9,4.85,5.0,4.8,4.85,4.85,4.85,806197,3908651.8,805,459548.0,57.0
2016-06-24,JPPOWER,EQ,4.85,4.7,4.75,4.4,4.7,4.7,4.6,1966129,9051537.4,1765,1113559.0,56.64
2016-06-27,JPPOWER,EQ,4.7,4.75,4.8,4.4,4.55,4.55,4.56,2968375,13521896.25,2449,1639990.0,55.25
2016-06-28,JPPOWER,EQ,4.55,4.55,4.8,4.55,4.75,4.7,4.69,1505321,7062928.6,1218,802086.0,53.28
2016-06-29,JPPOWER,EQ,4.7,4.75,4.95,4.65,4.65,4.7,4.81,2059146,9897078.05,1421,893859.0,43.41
2016-06-30,JPPOWER,EQ,4.7,4.7,5.05,4.7,5.0,4.95,4.96,3800358,18854359.3,2987,1482851.0,39.02
2016-07-01,JPPOWER,EQ,4.95,5.0,5.1,4.95,5.0,4.95,5.02,1231198,6183559.15,1040,729006.0,59.21
2016-07-04,JPPOWER,EQ,4.95,5.05,5.15,5.0,5.1,5.1,5.07,2355366,11935264.75,1196,1259480.0,53.47
2016-07-05,JPPOWER,EQ,5.1,5.3,6.05,5.25,5.65,5.65,5.76,16547135,95275151.0,10424,6042167.0,36.51
2016-07-07,JPPOWER,EQ,5.65,5.75,6.2,5.75,6.1,6.05,6.04,6078716,36733412.9,4523,3973329.0,65.36
2016-07-08,JPPOWER,EQ,6.05,6.15,6.15,5.7,5.9,5.85,5.87,2988766,17551138.5,2582,1240553.0,41.51
2016-07-11,JPPOWER,EQ,5.85,6.0,6.05,5.7,5.7,5.7,5.78,1651051,9537164.55,1711,1145183.0,69.36
2016-07-12,JPPOWER,EQ,5.7,5.7,5.8,5.3,5.55,5.55,5.49,6421261,35271181.4,4002,2398720.0,37.36
2016-07-13,JPPOWER,EQ,5.55,5.8,6.05,5.75,5.8,5.8,5.89,5660438,33343791.15,3867,3063211.0,54.12
2016-07-14,JPPOWER,EQ,5.8,5.9,5.95,5.75,5.8,5.85,5.89,2336668,13767283.7,1471,1021104.0,43.7
2016-07-15,JPPOWER,EQ,5.85,5.9,6.05,5.8,5.9,5.85,5.91,3709295,21910042.95,2370,1685701.0,45.45
2016-07-18,JPPOWER,EQ,5.85,5.95,6.35,5.9,6.2,6.1,6.18,9178623,56687140.8,4466,4204801.0,45.81
2016-07-19,JPPOWER,EQ,6.1,6.55,6.9,6.3,6.35,6.35,6.5,12123608,78778861.65,8222,5641102.0,46.53
2016-07-20,JPPOWER,EQ,6.35,6.4,6.5,6.1,6.3,6.25,6.26,3525930,22058559.6,3633,1495186.0,42.41
2016-07-21,JPPOWER,EQ,6.25,6.35,6.55,6.2,6.25,6.25,6.38,4460442,28439753.7,2931,1793454.0,40.21
2016-07-22,JPPOWER,EQ,6.25,6.3,6.4,6.15,6.25,6.3,6.28,2919581,18348495.45,1830,1349686.0,46.23
2016-07-25,JPPOWER,EQ,6.3,6.3,6.35,6.15,6.2,6.2,6.25,1667939,10421667.9,1234,1006952.0,60.37
2016-07-26,JPPOWER,EQ,6.2,6.2,6.95,5.9,6.4,6.5,6.38,11004585,70250953.35,6165,3191709.0,29.0
2016-07-27,JPPOWER,EQ,6.5,6.45,6.5,6.15,6.25,6.2,6.3,3538879,22293702.05,2412,1448585.0,40.93
2016-07-28,JPPOWER,EQ,6.2,6.25,6.35,6.2,6.2,6.25,6.27,1531505,9602462.05,1207,731722.0,47.78
2016-07-29,JPPOWER,EQ,6.25,6.25,6.3,6.0,6.1,6.05,6.12,1716835,10498879.65,1354,953922.0,55.56
2016-08-01,JPPOWER,EQ,6.05,6.1,6.15,5.95,6.0,6.0,6.04,1611213,9736982.85,1240,909422.0,56.44
2016-08-02,JPPOWER,EQ,6.0,6.0,6.0,5.85,5.9,5.85,5.91,1243144,7347211.35,1177,655707.0,52.75
2016-08-03,JPPOWER,EQ,5.85,5.9,5.9,5.65,5.75,5.7,5.74,1398139,8029612.3,1121,726691.0,51.98
2016-08-04,JPPOWER,EQ,5.7,5.75,5.9,5.7,5.75,5.75,5.75,970693,5582535.15,894,428684.0,44.16
2016-08-05,JPPOWER,EQ,5.75,5.85,5.85,5.65,5.7,5.7,5.74,998482,5730735.8,1001,514069.0,51.49
2016-08-08,JPPOWER,EQ,5.7,5.75,5.85,5.4,5.75,5.8,5.62,3568216,20068639.7,2693,1498603.0,42.0
2016-08-09,JPPOWER,EQ,5.8,5.7,5.75,5.5,5.6,5.6,5.63,1283428,7225841.95,1159,678589.0,52.87
2016-08-10,JPPOWER,EQ,5.6,5.6,5.65,5.4,5.45,5.4,5.48,1215890,6659499.65,1084,747760.0,61.5
2016-08-11,JPPOWER,EQ,5.4,5.45,5.65,5.35,5.5,5.5,5.48,1436169,7864525.4,1242,588783.0,41.0
2016-08-12,JPPOWER,EQ,5.5,5.55,5.55,5.35,5.4,5.4,5.44,669093,3640742.5,735,388793.0,58.11
2016-08-16,JPPOWER,EQ,5.4,5.35,5.4,5.05,5.1,5.15,5.17,1453776,7513984.05,1260,882091.0,60.68
2016-08-17,JPPOWER,EQ,5.15,5.2,5.2,4.55,4.65,4.7,4.84,5519411,26732193.6,3180,3283117.0,59.48
2016-08-18,JPPOWER,EQ,4.7,4.7,4.95,4.55,4.9,4.85,4.71,3891492,18324170.2,2405,1550724.0,39.85
2016-08-19,JPPOWER,EQ,4.85,4.9,5.05,4.8,4.9,4.9,4.9,1563323,7661602.6,1331,924974.0,59.17
2016-08-22,JPPOWER,EQ,4.9,4.95,4.95,4.8,4.85,4.9,4.88,1018465,4971063.3,770,535295.0,52.56
2016-08-23,JPPOWER,EQ,4.9,4.85,5.25,4.85,5.1,5.1,5.06,2380257,12047211.5,1652,892691.0,37.5
2016-08-24,JPPOWER,EQ,5.1,5.1,5.15,5.0,5.0,5.0,5.07,1280979,6493727.75,1228,744366.0,58.11
2016-08-25,JPPOWER,EQ,5.0,5.0,5.1,4.9,4.95,4.95,4.99,1339439,6686878.8,1124,829493.0,61.93
2016-08-26,JPPOWER,EQ,4.95,5.0,5.0,4.75,4.9,4.85,4.85,1239599,6011561.0,1027,638298.0,51.49
2016-08-29,JPPOWER,EQ,4.85,4.85,5.0,4.75,4.9,4.95,4.87,823179,4010792.1,708,386575.0,46.96
2016-08-30,JPPOWER,EQ,4.95,4.95,5.05,4.9,5.0,4.95,4.96,965545,4788528.4,771,521214.0,53.98
2016-08-31,JPPOWER,EQ,4.95,5.0,5.05,4.85,4.95,4.95,4.97,2406493,11952936.3,1231,1324577.0,55.04
2016-09-01,JPPOWER,EQ,4.95,4.95,5.0,4.85,4.9,4.9,4.91,1281319,6289818.9,894,672820.0,52.51
2016-09-02,JPPOWER,EQ,4.9,4.85,4.95,4.8,4.85,4.85,4.88,1086716,5306023.8,770,711538.0,65.48
2016-09-06,JPPOWER,EQ,4.85,4.9,5.0,4.85,4.85,4.9,4.9,947372,4639568.5,892,704405.0,74.35
2016-09-07,JPPOWER,EQ,4.9,4.9,5.05,4.9,5.0,4.95,4.99,3073650,15333328.05,1446,1720702.0,55.98
2016-09-08,JPPOWER,EQ,4.95,5.0,5.05,4.95,5.0,5.0,5.0,2387744,11943792.05,1878,1623428.0,67.99
2016-09-09,JPPOWER,EQ,5.0,5.0,5.05,4.9,5.0,4.95,4.97,1879436,9332446.25,1321,1057880.0,56.29
2016-09-12,JPPOWER,EQ,4.95,4.95,4.95,4.7,4.85,4.8,4.84,1851409,8952917.6,1204,1342111.0,72.49
2016-09-14,JPPOWER,EQ,4.8,4.9,4.9,4.8,4.9,4.85,4.84,1091394,5285678.05,1433,815197.0,74.69
2016-09-15,JPPOWER,EQ,4.85,4.9,4.9,4.8,4.85,4.8,4.83,793457,3830599.55,630,590127.0,74.37
2016-09-16,JPPOWER,EQ,4.8,4.85,4.85,4.3,4.5,4.4,4.53,10867347,49262397.7,5137,8380896.0,77.12
2016-09-19,JPPOWER,EQ,4.4,4.4,4.6,4.35,4.55,4.5,4.52,2041324,9217492.1,1806,1505232.0,73.74
2016-09-20,JPPOWER,EQ,4.5,4.5,4.65,4.45,4.5,4.5,4.54,1458360,6623318.95,1365,942157.0,64.6
2016-09-21,JPPOWER,EQ,4.5,4.5,4.6,4.4,4.55,4.5,4.48,1923497,8626548.65,1090,1264829.0,65.76
2016-09-22,JPPOWER,EQ,4.5,4.5,4.65,4.45,4.45,4.5,4.51,2265991,10225380.5,1198,1596016.0,70.43
2016-09-23,JPPOWER,EQ,4.5,4.5,4.5,4.4,4.4,4.45,4.47,1706705,7637261.55,973,1449031.0,84.9
2016-09-26,JPPOWER,EQ,4.45,4.45,4.5,4.25,4.35,4.35,4.37,2884911,12612601.25,1423,1557124.0,53.97
2016-09-27,JPPOWER,EQ,4.35,4.35,4.4,4.3,4.3,4.35,4.37,1296829,5668076.3,859,799162.0,61.62
2016-09-28,JPPOWER,EQ,4.35,4.35,4.4,4.3,4.35,4.35,4.38,798849,3495377.4,637,491403.0,61.51
2016-09-29,JPPOWER,EQ,4.35,4.4,4.4,4.05,4.1,4.1,4.26,6231408,26531237.6,2502,3107584.0,49.87
2016-09-30,JPPOWER,EQ,4.1,4.1,4.2,4.0,4.2,4.15,4.15,2114117,8765237.35,1109,1026710.0,48.56
2016-10-03,JPPOWER,EQ,4.15,4.2,4.3,4.1,4.2,4.2,4.2,2014025,8451319.1,1360,1182909.0,58.73
2016-10-04,JPPOWER,EQ,4.2,4.2,4.2,4.15,4.2,4.2,4.19,825683,3455622.8,780,698925.0,84.65
2016-10-05,JPPOWER,EQ,4.2,4.2,4.2,4.05,4.1,4.1,4.14,2758745,11415491.65,1319,1778068.0,64.45
2016-10-06,JPPOWER,EQ,4.1,4.2,4.7,4.2,4.6,4.55,4.56,9447175,43060902.8,5097,3923822.0,41.53
2016-10-07,JPPOWER,EQ,4.55,4.85,4.9,4.65,4.7,4.65,4.74,4348530,20616188.4,2686,2225486.0,51.18
2016-10-10,JPPOWER,EQ,4.65,4.7,4.7,4.45,4.5,4.5,4.54,2568484,11668470.7,1614,1185905.0,46.17
2016-10-13,JPPOWER,EQ,4.5,4.45,4.5,4.35,4.45,4.4,4.41,1712256,7556026.95,1070,838596.0,48.98
2016-10-14,JPPOWER,EQ,4.4,4.45,4.5,4.3,4.4,4.35,4.37,1803194,7871938.65,933,876119.0,48.59
2016-10-17,JPPOWER,EQ,4.35,4.35,4.45,4.3,4.35,4.4,4.38,2205432,9651600.5,1083,656577.0,29.77
2016-10-18,JPPOWER,EQ,4.4,4.4,4.6,4.4,4.5,4.45,4.48,1736594,7780944.45,973,628349.0,36.18
2016-10-19,JPPOWER,EQ,4.45,4.45,4.5,4.4,4.4,4.4,4.44,775947,3442717.35,618,376732.0,48.55
2016-10-20,JPPOWER,EQ,4.4,4.4,4.55,4.4,4.55,4.5,4.48,1359765,6097462.3,892,639707.0,47.05
2016-10-21,JPPOWER,EQ,4.5,4.55,4.55,4.4,4.5,4.5,4.47,1120990,5014941.85,806,613806.0,54.76
2016-10-24,JPPOWER,EQ,4.5,4.55,4.75,4.5,4.6,4.6,4.64,2471717,11464055.4,1286,966236.0,39.09
2016-10-25,JPPOWER,EQ,4.6,4.65,4.7,4.5,4.6,4.6,4.61,1454666,6700072.5,741,649957.0,44.68
2016-10-26,JPPOWER,EQ,4.6,4.6,4.65,4.45,4.6,4.55,4.57,2391156,10918593.05,921,890271.0,37.23
2016-10-27,JPPOWER,EQ,4.55,4.55,4.6,4.45,4.55,4.5,4.52,1239526,5599731.5,710,557407.0,44.97
2016-10-28,JPPOWER,EQ,4.5,4.55,4.55,4.5,4.55,4.55,4.53,784925,3556468.35,495,349730.0,44.56
2016-10-30,JPPOWER,EQ,4.55,4.6,4.65,4.55,4.6,4.6,4.62,437400,2022141.7,399,286519.0,65.51
2016-11-01,JPPOWER,EQ,4.6,4.6,4.7,4.45,4.5,4.5,4.56,1662754,7588029.85,829,611327.0,36.77
2016-11-02,JPPOWER,EQ,4.5,4.6,4.6,4.4,4.45,4.4,4.44,1412663,6275133.05,880,596622.0,42.23
2016-11-03,JPPOWER,EQ,4.4,4.4,4.5,4.3,4.35,4.35,4.38,2433912,10657545.35,913,1140445.0,46.86
2016-11-04,JPPOWER,EQ,4.35,4.35,4.35,4.15,4.15,4.2,4.23,2759915,11674225.9,1677,1175687.0,42.6
2016-11-07,JPPOWER,EQ,4.2,4.3,4.45,4.25,4.3,4.3,4.36,1447815,6308566.5,823,660187.0,45.6
2016-11-08,JPPOWER,EQ,4.3,4.35,4.35,4.25,4.3,4.3,4.3,772479,3324547.2,564,430955.0,55.79
2016-11-09,JPPOWER,EQ,4.3,4.2,4.2,3.45,4.2,4.1,3.96,3584172,14203914.7,2603,2055945.0,57.36
2016-11-10,JPPOWER,EQ,4.1,4.25,4.3,4.2,4.25,4.2,4.23,936920,3963053.35,680,542798.0,57.93
2016-11-11,JPPOWER,EQ,4.2,4.15,4.2,4.05,4.1,4.05,4.11,907406,3731384.45,747,613878.0,67.65
2016-11-15,JPPOWER,EQ,4.05,4.1,4.2,3.95,4.0,4.0,4.04,1425096,5756761.6,1089,851405.0,59.74
2016-11-16,JPPOWER,EQ,4.0,4.05,4.15,3.9,3.95,4.0,3.99,1528852,6104551.75,728,594856.0,38.91
2016-11-17,JPPOWER,EQ,4.0,3.95,4.05,3.95,4.05,4.0,3.98,539145,2146936.05,574,341710.0,63.38
2016-11-18,JPPOWER,EQ,4.0,4.0,4.1,3.95,4.1,4.05,4.02,1179109,4741141.75,665,601415.0,51.01
2016-11-21,JPPOWER,EQ,4.05,4.05,4.1,3.85,3.95,3.9,3.95,1270157,5015776.2,1115,583835.0,45.97
2016-11-22,JPPOWER,EQ,3.9,4.0,4.0,3.75,4.0,3.95,3.87,2049753,7930028.4,962,552090.0,26.93
2016-11-23,JPPOWER,EQ,3.95,4.0,4.05,3.8,4.0,4.0,3.91,939423,3669797.9,615,250732.0,26.69
2016-11-24,JPPOWER,EQ,4.0,4.05,4.05,3.9,3.9,3.9,3.94,704111,2776193.65,507,390810.0,55.5
2016-11-25,JPPOWER,EQ,3.9,4.0,4.0,3.9,4.0,4.0,3.97,997629,3957713.8,618,599667.0,60.11
2016-11-28,JPPOWER,EQ,4.0,4.0,4.05,3.95,4.05,4.0,4.0,727150,2906209.2,670,374614.0,51.52
2016-11-29,JPPOWER,EQ,4.0,4.05,4.1,4.0,4.05,4.05,4.06,591797,2403862.05,561,418682.0,70.75
2016-11-30,JPPOWER,EQ,4.05,4.1,4.15,4.0,4.15,4.1,4.09,681900,2789212.4,486,441987.0,64.82
2016-12-01,JPPOWER,EQ,4.1,4.05,4.15,4.05,4.05,4.1,4.08,297737,1215312.75,321,180460.0,60.61
2016-12-02,JPPOWER,EQ,4.1,4.0,4.1,3.95,4.05,4.05,4.03,726495,2925842.6,419,216442.0,29.79
2016-12-05,JPPOWER,EQ,4.05,4.1,4.15,4.0,4.15,4.15,4.08,684599,2791502.85,473,362802.0,52.99
2016-12-06,JPPOWER,EQ,4.15,4.15,4.2,4.1,4.15,4.1,4.15,897224,3727131.3,520,440543.0,49.1
2016-12-07,JPPOWER,EQ,4.1,4.1,4.15,4.05,4.1,4.1,4.11,549423,2260772.1,425,237791.0,43.28
2016-12-08,JPPOWER,EQ,4.1,4.15,4.2,4.0,4.1,4.05,4.1,853961,3498147.5,597,451756.0,52.9
2016-12-09,JPPOWER,EQ,4.05,4.1,4.15,4.05,4.1,4.1,4.1,792383,3251692.0,595,425651.0,53.72
2016-12-12,JPPOWER,EQ,4.1,4.1,4.15,4.05,4.1,4.05,4.09,586254,2397069.55,531,266193.0,45.41
2016-12-13,JPPOWER,EQ,4.05,4.0,4.0,3.95,4.0,4.0,3.99,429077,1709947.9,563,420381.0,97.97
2016-12-14,JPPOWER,EQ,4.0,4.0,4.0,3.95,3.95,3.95,3.98,478934,1903905.1,381,360166.0,75.2
2016-12-15,JPPOWER,EQ,3.95,3.9,3.9,3.85,3.9,3.85,3.89,1012809,3939856.45,704,761275.0,75.16
2016-12-16,JPPOWER,EQ,3.85,3.85,3.9,3.55,3.65,3.65,3.67,9257883,33974739.85,4376,6060893.0,65.47
2016-12-19,JPPOWER,EQ,3.65,3.6,3.95,3.6,3.8,3.85,3.81,2384165,9088357.5,1361,960366.0,40.28
2016-12-20,JPPOWER,EQ,3.85,3.85,3.9,3.8,3.9,3.85,3.85,1171125,4512886.95,730,661526.0,56.49
2016-12-21,JPPOWER,EQ,3.85,3.85,4.0,3.8,3.9,3.9,3.91,1791247,6997554.7,990,878964.0,49.07
2016-12-22,JPPOWER,EQ,3.9,3.85,3.95,3.8,3.85,3.85,3.87,1208011,4673265.7,792,609681.0,50.47
2016-12-23,JPPOWER,EQ,3.85,3.9,3.95,3.8,3.8,3.8,3.87,1631702,6322264.45,1140,717479.0,43.97
2016-12-26,JPPOWER,EQ,3.8,3.85,3.9,3.75,3.9,3.85,3.81,1096386,4174851.1,682,549045.0,50.08
2016-12-27,JPPOWER,EQ,3.85,3.9,3.9,3.8,3.85,3.85,3.84,868772,3331991.4,793,403028.0,46.39
2016-12-28,JPPOWER,EQ,3.85,3.9,4.0,3.85,3.9,3.9,3.92,1147255,4497846.25,678,745356.0,64.97
2016-12-29,JPPOWER,EQ,3.9,3.9,3.9,3.85,3.9,3.85,3.88,578139,2242112.05,348,228971.0,39.6
2016-12-30,JPPOWER,EQ,3.85,3.9,4.05,3.85,3.95,3.95,3.97,2209964,8774692.5,1470,779216.0,35.26
2017-01-02,JPPOWER,EQ,3.95,3.95,4.05,3.95,4.05,4.0,3.99,871034,3478286.65,538,449531.0,51.61
2017-01-03,JPPOWER,EQ,4.0,4.0,4.05,3.95,4.05,4.05,4.02,744491,2992889.7,509,540174.0,72.56
2017-01-04,JPPOWER,EQ,4.05,4.1,4.35,4.0,4.2,4.15,4.19,5832504,24445140.85,2816,2415124.0,41.41
2017-01-05,JPPOWER,EQ,4.15,4.2,4.4,4.2,4.3,4.3,4.31,6948219,29936270.0,2644,3128306.0,45.02
2017-01-06,JPPOWER,EQ,4.3,4.4,4.4,4.15,4.2,4.15,4.22,2469369,10410728.95,1144,1350418.0,54.69
2017-01-09,JPPOWER,EQ,4.15,4.3,4.3,4.05,4.1,4.1,4.17,2918324,12160513.6,1072,1529883.0,52.42
2017-01-10,JPPOWER,EQ,4.1,4.15,4.15,4.05,4.05,4.1,4.1,1887885,7736986.55,959,1093215.0,57.91
2017-01-11,JPPOWER,EQ,4.1,4.15,4.2,4.05,4.15,4.15,4.13,2230976,9219936.0,855,1758980.0,78.84
2017-01-12,JPPOWER,EQ,4.15,4.2,4.2,4.1,4.15,4.15,4.16,1555506,6464508.5,621,1332523.0,85.66
2017-01-13,JPPOWER,EQ,4.15,4.15,4.15,4.0,4.05,4.05,4.08,1641817,6690527.95,809,1136916.0,69.25
2017-01-16,JPPOWER,EQ,4.05,4.05,4.1,4.0,4.0,4.0,4.03,1060001,4274921.3,541,762395.0,71.92
2017-01-17,JPPOWER,EQ,4.0,4.0,4.1,3.95,4.0,4.0,4.01,1001923,4020814.45,634,684860.0,68.35
2017-01-18,JPPOWER,EQ,4.0,4.05,4.05,3.95,3.95,4.0,4.0,1830865,7323929.65,817,803926.0,43.91
2017-01-19,JPPOWER,EQ,4.0,4.0,4.05,4.0,4.0,4.0,4.01,947848,3801291.2,494,618915.0,65.3
2017-01-20,JPPOWER,EQ,4.0,4.05,4.1,3.95,3.95,3.95,4.03,2391763,9641369.4,809,1121436.0,46.89
2017-01-23,JPPOWER,EQ,3.95,3.95,4.0,3.9,3.95,3.95,3.98,1067365,4244231.75,548,457748.0,42.89
2017-01-24,JPPOWER,EQ,3.95,3.95,4.0,3.95,4.0,4.0,3.98,741465,2948938.15,388,436728.0,58.9
2017-01-25,JPPOWER,EQ,4.0,4.0,4.05,3.95,4.05,4.0,3.99,1988425,7939286.3,703,1016817.0,51.14
2017-01-27,JPPOWER,EQ,4.0,3.95,4.05,3.95,4.0,4.0,4.0,1801077,7210783.15,685,933693.0,51.84
2017-01-30,JPPOWER,EQ,4.0,4.0,4.4,3.9,4.15,4.15,4.21,35549930,149792450.45,3664,20267635.0,57.01
2017-01-31,JPPOWER,EQ,4.15,4.2,4.95,4.15,4.95,4.95,4.66,62801248,292880682.35,6137,42155503.0,67.13
2017-02-01,JPPOWER,EQ,4.95,5.2,5.9,5.15,5.8,5.85,5.61,66655181,373619394.3,15784,30458177.0,45.7
2017-02-02,JPPOWER,EQ,5.85,5.9,6.0,5.3,5.65,5.7,5.66,39382277,222727615.85,11459,13576910.0,34.47
2017-02-03,JPPOWER,EQ,5.7,5.8,6.25,5.65,6.25,6.15,6.07,27483383,166824714.75,8271,14587917.0,53.08
2017-02-06,JPPOWER,EQ,6.15,6.3,6.7,6.2,6.55,6.55,6.54,14645428,95843030.2,6213,8271252.0,56.48
2017-02-07,JPPOWER,EQ,6.55,6.65,6.75,5.9,6.1,6.0,6.21,9775732,60734997.35,5226,5884237.0,60.19
2017-02-08,JPPOWER,EQ,6.0,6.25,6.6,5.85,6.1,6.05,6.19,11432970,70776098.0,5517,6344877.0,55.5
2017-02-09,JPPOWER,EQ,6.05,6.15,6.4,5.8,6.15,6.0,6.06,27759541,168254788.5,9204,8790831.0,31.67
2017-02-10,JPPOWER,EQ,6.0,6.25,6.3,5.85,5.95,5.95,6.0,7174706,43072623.4,2701,4888522.0,68.14
2017-02-13,JPPOWER,EQ,5.95,6.1,6.1,5.6,5.7,5.7,5.78,5187433,29987652.0,2448,2857193.0,55.08
2017-02-14,JPPOWER,EQ,5.7,5.7,5.75,5.2,5.3,5.25,5.34,6059990,32372518.15,2589,3724034.0,61.45
2017-02-15,JPPOWER,EQ,5.25,5.25,5.4,4.95,5.0,4.95,5.14,6995810,35945065.85,2712,3502245.0,50.06
2017-02-16,JPPOWER,EQ,4.95,5.05,5.4,4.9,5.4,5.4,5.25,7026501,36907512.4,2929,3637527.0,51.77
2017-02-17,JPPOWER,EQ,5.4,5.55,5.9,5.3,5.9,5.9,5.73,11209677,64253172.1,3881,5351968.0,47.74
2017-02-20,JPPOWER,EQ,5.9,6.25,6.45,6.0,6.15,6.15,6.25,17877189,111732599.85,6315,7721935.0,43.19
2017-02-21,JPPOWER,EQ,6.15,6.2,6.2,5.85,5.9,5.9,6.0,6366899,38231096.85,2925,3492159.0,54.85
2017-02-22,JPPOWER,EQ,5.9,6.0,6.05,5.7,5.8,5.75,5.82,4626889,26936877.0,2708,2668211.0,57.67
2017-02-23,JPPOWER,EQ,5.75,5.7,6.25,5.7,6.0,6.0,6.06,12205418,73949021.65,5570,5939055.0,48.66
2017-02-27,JPPOWER,EQ,6.0,6.15,6.4,6.1,6.25,6.2,6.26,8470321,52986859.55,3927,4800826.0,56.68
2017-02-28,JPPOWER,EQ,6.2,6.3,6.3,6.05,6.15,6.15,6.16,5613334,34554585.0,2737,2695181.0,48.01
2017-03-01,JPPOWER,EQ,6.15,6.25,6.45,6.05,6.15,6.2,6.24,16154076,100808449.3,4956,4924285.0,30.48
2017-03-02,JPPOWER,EQ,6.2,6.25,6.25,5.75,5.85,5.8,5.96,12164643,72491664.0,4290,6491630.0,53.36
2017-03-03,JPPOWER,EQ,5.8,5.7,5.95,5.65,5.75,5.7,5.77,5605163,32351198.3,2538,3466225.0,61.84
2017-03-06,JPPOWER,EQ,5.7,5.8,5.95,5.5,5.65,5.7,5.74,7241208,41545132.1,3173,4150417.0,57.32
2017-03-07,JPPOWER,EQ,5.7,5.75,5.8,5.5,5.7,5.75,5.64,6103429,34449239.75,2062,3012158.0,49.35
2017-03-08,JPPOWER,EQ,5.75,5.95,6.05,5.75,5.85,5.8,5.89,9970668,58685950.8,3153,4849799.0,48.64
2017-03-09,JPPOWER,EQ,5.8,5.85,5.95,5.7,5.85,5.85,5.84,6297870,36776032.7,1831,2619456.0,41.59
2017-03-10,JPPOWER,EQ,5.85,5.95,5.95,5.7,5.75,5.8,5.83,2964558,17274653.55,1746,1384860.0,46.71
2017-03-14,JPPOWER,EQ,5.8,5.75,5.85,5.45,5.55,5.55,5.59,6671408,37313982.8,4144,4186866.0,62.76
2017-03-15,JPPOWER,EQ,5.55,5.6,5.8,5.6,5.65,5.65,5.69,3943980,22441418.15,2303,1767832.0,44.82
2017-03-16,JPPOWER,EQ,5.65,5.7,5.75,5.5,5.55,5.55,5.61,2945568,16531147.3,2552,1593449.0,54.1
2017-03-17,JPPOWER,EQ,5.55,5.55,5.65,5.4,5.45,5.4,5.49,5229425,28700935.7,2430,2770316.0,52.98
2017-03-20,JPPOWER,EQ,5.4,5.45,5.5,5.1,5.15,5.15,5.21,5501431,28677731.0,2961,3033409.0,55.14
2017-03-21,JPPOWER,EQ,5.15,5.15,5.45,5.15,5.35,5.4,5.3,4850265,25717982.45,2589,1798188.0,37.07
2017-03-22,JPPOWER,EQ,5.4,5.4,5.4,5.2,5.3,5.25,5.26,4425384,23289509.6,1879,1474586.0,33.32
2017-03-23,JPPOWER,EQ,5.25,5.3,5.35,5.2,5.25,5.25,5.28,2531946,13368182.75,1218,1219994.0,48.18
2017-03-24,JPPOWER,EQ,5.25,5.3,5.3,5.15,5.25,5.2,5.22,3638890,19006423.3,1487,1301182.0,35.76
2017-03-27,JPPOWER,EQ,5.2,5.2,5.25,5.1,5.15,5.15,5.17,1807181,9342864.35,1168,940385.0,52.04
2017-03-28,JPPOWER,EQ,5.15,5.15,5.2,5.0,5.05,5.05,5.09,2858420,14541210.7,1774,1524805.0,53.34
2017-03-29,JPPOWER,EQ,5.05,5.1,5.1,4.95,4.95,4.95,5.0,4913631,24584758.15,2777,2283480.0,46.47
2017-03-30,JPPOWER,EQ,4.95,5.0,5.15,4.95,5.0,5.0,5.07,3918134,19866036.0,1309,1231658.0,31.43
2017-03-31,JPPOWER,EQ,5.0,5.05,5.1,5.0,5.1,5.0,5.05,2148584,10855273.2,1792,1133975.0,52.78
2017-04-03,JPPOWER,EQ,5.0,5.05,5.25,4.95,5.05,5.05,5.09,3703568,18856271.95,1663,1386330.0,37.43
2017-04-05,JPPOWER,EQ,5.05,5.1,5.15,4.95,5.0,5.0,5.01,8399053,42075986.3,2604,5096994.0,60.69
2017-04-06,JPPOWER,EQ,5.0,5.0,5.15,4.9,4.95,4.95,5.0,5467637,27360537.0,2060,3390236.0,62.01
2017-04-07,JPPOWER,EQ,4.95,4.9,4.95,4.8,4.85,4.85,4.88,5734564,27992537.15,2085,2764086.0,48.2
2017-04-10,JPPOWER,EQ,4.85,4.85,4.95,4.75,4.85,4.85,4.83,3184623,15390388.75,1259,2065977.0,64.87
2017-04-11,JPPOWER,EQ,4.85,4.85,4.95,4.5,4.75,4.75,4.74,7726899,36635666.5,2261,2862878.0,37.05
2017-04-12,JPPOWER,EQ,4.75,4.8,4.85,4.65,4.8,4.75,4.74,2294034,10875432.75,987,1157480.0,50.46
2017-04-13,JPPOWER,EQ,4.75,4.75,4.8,4.65,4.7,4.7,4.71,1934564,9106530.55,1040,1167329.0,60.34
2017-04-17,JPPOWER,EQ,4.7,4.7,4.75,4.6,4.65,4.65,4.65,2398942,11162136.55,972,1231527.0,51.34
2017-04-18,JPPOWER,EQ,4.65,4.7,4.9,4.65,4.7,4.7,4.78,4542197,21698205.05,1701,1965559.0,43.27
2017-04-19,JPPOWER,EQ,4.7,4.7,4.8,4.7,4.75,4.7,4.72,1538919,7266106.25,836,747776.0,48.59
2017-04-20,JPPOWER,EQ,4.7,4.75,4.8,4.65,4.7,4.7,4.7,1513623,7121343.4,753,782864.0,51.72
2017-04-21,JPPOWER,EQ,4.7,4.75,4.85,4.7,4.75,4.8,4.77,1773729,8452695.55,753,937056.0,52.83
2017-04-24,JPPOWER,EQ,4.8,4.85,5.15,4.8,5.0,5.05,4.98,6139503,30567471.0,2246,2388684.0,38.91
2017-04-25,JPPOWER,EQ,5.05,5.15,5.2,4.9,4.95,4.95,5.07,3504499,17764713.2,1255,1583695.0,45.19
2017-04-26,JPPOWER,EQ,4.95,5.0,5.15,4.85,4.95,4.9,5.03,5576262,28051178.6,1859,1581909.0,28.37
2017-04-27,JPPOWER,EQ,4.9,4.95,5.0,4.8,5.0,4.9,4.88,2596993,12676725.9,871,956767.0,36.84
2017-04-28,JPPOWER,EQ,4.9,4.9,5.0,4.8,4.85,4.85,4.89,2885112,14106241.45,1123,1442092.0,49.98
2017-05-02,JPPOWER,EQ,4.85,4.85,5.0,4.8,4.8,4.85,4.87,1896903,9241464.75,752,1115178.0,58.79
2017-05-03,JPPOWER,EQ,4.85,4.85,4.9,4.7,4.7,4.75,4.8,1686850,8092242.4,765,995061.0,58.99
2017-05-04,JPPOWER,EQ,4.75,4.8,4.8,4.7,4.7,4.75,4.75,737334,3505010.3,611,523938.0,71.06
2017-05-05,JPPOWER,EQ,4.75,4.8,4.8,4.6,4.7,4.65,4.66,2013551,9373552.5,1017,1131870.0,56.21
2017-05-08,JPPOWER,EQ,4.65,4.75,4.75,4.6,4.65,4.65,4.65,1463833,6803236.4,874,830091.0,56.71
2017-05-09,JPPOWER,EQ,4.65,4.65,4.75,4.6,4.65,4.65,4.67,959439,4479983.0,755,447081.0,46.6
2017-05-10,JPPOWER,EQ,4.65,4.7,4.75,4.6,4.7,4.7,4.68,946299,4432880.3,584,536094.0,56.65
2017-05-11,JPPOWER,EQ,4.7,4.7,4.75,4.6,4.7,4.65,4.67,1754542,8186454.95,771,688078.0,39.22
2017-05-12,JPPOWER,EQ,4.65,4.65,4.7,4.6,4.6,4.65,4.64,1217380,5643591.65,630,660019.0,54.22
2017-05-15,JPPOWER,EQ,4.65,4.65,4.7,4.6,4.65,4.65,4.66,1179783,5498971.85,453,618809.0,52.45
2017-05-16,JPPOWER,EQ,4.65,4.65,4.7,4.6,4.6,4.65,4.64,1833209,8510337.25,892,1097177.0,59.85
2017-05-17,JPPOWER,EQ,4.65,4.65,4.7,4.6,4.65,4.6,4.64,1204456,5591701.65,575,498775.0,41.41
2017-05-18,JPPOWER,EQ,4.6,4.6,4.95,4.45,4.7,4.65,4.76,8915152,42459796.85,2878,2562629.0,28.74
2017-05-19,JPPOWER,EQ,4.65,4.75,4.75,4.6,4.65,4.6,4.67,1115038,5206444.2,559,594619.0,53.33
2017-05-22,JPPOWER,EQ,4.6,4.65,4.65,4.5,4.55,4.5,4.55,1911320,8696217.0,985,1144184.0,59.86
2017-05-23,JPPOWER,EQ,4.5,4.55,4.55,4.1,4.25,4.25,4.27,4181101,17854108.4,1847,2002037.0,47.88
2017-05-24,JPPOWER,EQ,4.25,4.2,4.25,3.95,4.05,4.0,4.06,5650307,22919167.15,1942,3162949.0,55.98
2017-05-25,JPPOWER,EQ,4.0,4.05,4.3,4.05,4.25,4.25,4.17,2987779,12453657.35,1168,1175862.0,39.36
2017-05-26,JPPOWER,EQ,4.25,4.35,4.6,4.2,4.5,4.45,4.42,5269235,23302517.1,1959,1511827.0,28.69
2017-05-29,JPPOWER,EQ,4.45,4.45,4.55,4.15,4.25,4.2,4.31,2485546,10704669.25,1119,1049844.0,42.24
2017-05-30,JPPOWER,EQ,4.2,4.15,4.25,4.05,4.15,4.15,4.15,2406789,9977355.8,1079,1134067.0,47.12
2017-05-31,JPPOWER,EQ,4.15,4.25,4.3,4.1,4.15,4.15,4.2,2585792,10849342.9,1527,1033804.0,39.98
2017-06-01,JPPOWER,EQ,4.15,4.2,4.25,4.1,4.15,4.15,4.19,1468544,6154935.5,614,688109.0,46.86
2017-06-02,JPPOWER,EQ,4.15,4.15,4.35,4.1,4.25,4.2,4.22,2258349,9530680.35,906,986436.0,43.68
2017-06-05,JPPOWER,EQ,4.2,4.35,4.45,4.25,4.35,4.3,4.36,1800102,7844737.9,842,985157.0,54.73
2017-06-06,JPPOWER,EQ,4.3,4.3,4.3,4.1,4.25,4.2,4.18,1728967,7224667.5,663,852100.0,49.28
2017-06-07,JPPOWER,EQ,4.2,4.2,4.25,4.15,4.15,4.15,4.18,679833,2839971.25,474,407542.0,59.95
2017-06-08,JPPOWER,EQ,4.15,4.2,4.2,4.1,4.1,4.15,4.15,933239,3874099.45,513,497298.0,53.29
2017-06-09,JPPOWER,EQ,4.15,4.2,4.3,4.1,4.1,4.15,4.18,1737503,7255159.55,756,590386.0,33.98
2017-06-12,JPPOWER,EQ,4.15,4.15,4.2,4.1,4.2,4.15,4.14,789861,3272045.2,551,486026.0,61.53
2017-06-13,JPPOWER,EQ,4.15,4.2,4.65,4.15,4.25,4.25,4.35,3885087,16912668.55,1438,1193686.0,30.72
2017-06-14,JPPOWER,EQ,4.25,4.3,4.3,4.15,4.25,4.2,4.2,1506497,6326999.55,610,499157.0,33.13
2017-06-15,JPPOWER,EQ,4.2,4.2,4.35,4.1,4.3,4.25,4.24,2158171,9143477.2,1071,711224.0,32.95
2017-06-16,JPPOWER,EQ,4.25,4.3,4.3,4.2,4.2,4.2,4.23,1103222,4668257.05,613,598558.0,54.26
2017-06-19,JPPOWER,EQ,4.2,4.2,4.25,4.15,4.2,4.15,4.19,845266,3538883.55,480,538594.0,63.72
2017-06-20,JPPOWER,EQ,4.15,4.2,4.2,4.1,4.2,4.15,4.14,1273790,5276539.45,573,828223.0,65.02
2017-06-21,JPPOWER,EQ,4.15,4.2,4.25,4.1,4.15,4.1,4.14,1840147,7626211.85,787,911503.0,49.53
2017-06-22,JPPOWER,EQ,4.1,4.2,4.5,4.15,4.25,4.25,4.36,8531796,37168973.3,3253,2718839.0,31.87
2017-06-23,JPPOWER,EQ,4.25,4.3,4.75,4.2,4.65,4.6,4.47,7485356,33438867.85,2528,3527992.0,47.13
2017-06-27,JPPOWER,EQ,4.6,4.75,5.5,4.75,5.5,5.4,5.23,37042850,193828450.5,14175,13648563.0,36.85
2017-06-28,JPPOWER,EQ,5.4,5.6,5.9,5.2,5.25,5.25,5.52,23010660,126914486.75,8263,8165871.0,35.49
2017-06-29,JPPOWER,EQ,5.25,5.35,5.6,5.2,5.4,5.45,5.43,20075480,108952270.75,6666,6018544.0,29.98
2017-06-30,JPPOWER,EQ,5.45,5.5,5.9,5.35,5.6,5.6,5.64,19768442,111411158.35,6929,5889213.0,29.79
2017-07-03,JPPOWER,EQ,5.6,5.7,5.75,5.3,5.35,5.35,5.42,7623454,41284479.4,2780,3317897.0,43.52
2017-07-04,JPPOWER,EQ,5.35,5.35,5.35,4.9,5.1,5.05,5.11,7276938,37212712.5,2977,3089482.0,42.46
2017-07-05,JPPOWER,EQ,5.05,5.1,5.4,5.05,5.25,5.25,5.28,8480543,44812564.85,2267,1982050.0,23.37
2017-07-06,JPPOWER,EQ,5.25,5.25,5.3,5.05,5.15,5.1,5.19,4622533,23973335.75,2297,2306611.0,49.9
2017-07-07,JPPOWER,EQ,5.1,5.05,5.35,5.05,5.3,5.3,5.23,8608436,44996838.4,2723,3550357.0,41.24
2017-07-10,JPPOWER,EQ,5.3,5.35,5.6,4.35,5.45,5.45,5.4,2662905,14388986.6,1049,2104824.0,79.04
2017-07-11,JPPOWER,EQ,5.45,5.5,5.6,5.15,5.25,5.2,5.38,6234933,33537772.15,2441,3704513.0,59.42
2017-07-12,JPPOWER,EQ,5.2,5.25,5.3,5.0,5.05,5.05,5.12,6963605,35621461.9,2373,4058704.0,58.28
2017-07-13,JPPOWER,EQ,5.05,5.05,5.15,4.95,5.0,4.95,5.04,3848634,19378107.5,1808,2191715.0,56.95
2017-07-14,JPPOWER,EQ,4.95,5.0,5.05,4.85,4.95,4.9,4.93,4181094,20612443.4,1639,1546905.0,37.0
2017-07-17,JPPOWER,EQ,4.9,5.0,5.1,4.95,5.1,5.05,5.03,4277274,21518370.8,2472,1566699.0,36.63
2017-07-18,JPPOWER,EQ,5.05,5.0,5.05,4.9,4.9,4.95,4.96,2610804,12960969.95,1090,1194997.0,45.77
2017-07-19,JPPOWER,EQ,4.95,4.95,5.2,4.95,5.0,5.0,5.07,8750701,44332165.55,3103,3256609.0,37.22
2017-07-20,JPPOWER,EQ,5.0,5.0,5.05,4.9,5.0,4.95,4.97,3124252,15521672.85,1175,1533412.0,49.08
2017-07-21,JPPOWER,EQ,4.95,5.2,5.5,5.15,5.5,5.45,5.32,23074785,122780767.95,7177,10886569.0,47.18
2017-07-24,JPPOWER,EQ,5.45,5.55,6.5,5.5,6.5,6.5,6.39,83203105,531935459.55,15261,27118710.0,32.59
2017-07-25,JPPOWER,EQ,6.5,6.75,7.8,6.7,7.8,7.8,7.4,82413554,609665091.25,28312,30225772.0,36.68
2017-07-26,JPPOWER,EQ,7.8,7.65,8.45,7.5,8.3,8.35,8.24,56385095,464740562.0,21178,21268717.0,37.72
2017-07-27,JPPOWER,EQ,8.35,8.6,8.8,7.55,7.55,7.55,7.85,38134549,299526256.0,12203,14982430.0,39.29
2017-07-28,JPPOWER,EQ,7.55,7.05,7.8,6.8,7.35,7.4,7.39,36192654,267313911.95,11847,8586526.0,23.72
2017-07-31,JPPOWER,EQ,7.4,7.55,7.9,7.3,7.45,7.4,7.6,15067039,114552725.45,6741,5001765.0,33.2
2017-08-01,JPPOWER,EQ,7.4,7.85,8.1,7.5,7.7,7.65,7.7,15748390,121332875.45,6613,5563416.0,35.33
2017-08-02,JPPOWER,EQ,7.65,7.75,7.85,6.95,7.1,7.05,7.21,16823361,121369916.15,7218,6040763.0,35.91
2017-08-03,JPPOWER,EQ,7.05,7.1,7.1,6.55,6.6,6.6,6.71,25219065,169327571.9,11627,6297222.0,24.97
2017-08-04,JPPOWER,EQ,6.6,6.6,7.25,6.3,7.25,7.2,7.01,23755220,166489324.4,10604,7065768.0,29.74
2017-08-07,JPPOWER,EQ,7.2,7.5,7.65,7.35,7.45,7.5,7.49,16244586,121597901.5,8588,6514541.0,40.1
2017-08-08,JPPOWER,EQ,7.5,7.5,7.55,6.8,6.9,6.85,7.03,14498486,101879500.4,7432,6275703.0,43.29
2017-08-09,JPPOWER,EQ,6.85,6.7,7.25,6.4,6.8,6.8,6.78,18971197,128651118.7,6370,4499190.0,23.72
2017-08-10,JPPOWER,EQ,6.8,6.7,6.9,6.15,6.35,6.25,6.51,12156815,79143266.75,5093,4986952.0,41.02
2017-08-11,JPPOWER,EQ,6.25,5.95,5.95,5.65,5.75,5.7,5.75,16478712,94702328.15,6989,6635140.0,40.26
2017-08-14,JPPOWER,EQ,5.7,5.2,5.8,5.2,5.7,5.65,5.63,10974274,61785612.05,5635,3963431.0,36.12
2017-08-16,JPPOWER,EQ,5.65,5.7,5.9,5.7,5.9,5.9,5.8,5358819,31106385.65,2296,2637085.0,49.21
2017-08-17,JPPOWER,EQ,5.9,6.15,6.15,5.95,6.15,6.15,6.1,5652943,34496774.85,2296,2399617.0,42.45
2017-08-18,JPPOWER,EQ,6.15,6.3,6.3,5.9,6.0,5.95,6.06,5749498,34854113.6,2920,2392702.0,41.62
2017-08-21,JPPOWER,EQ,5.95,6.05,6.15,5.9,6.0,5.95,6.02,4149229,24961537.6,2039,1955573.0,47.13
2017-08-22,JPPOWER,EQ,5.95,5.95,6.1,5.7,5.8,5.75,5.88,4554967,26778969.3,1760,2337714.0,51.32
2017-08-23,JPPOWER,EQ,5.75,5.85,5.85,5.5,5.7,5.65,5.58,7670868,42776703.85,2990,3054478.0,39.82
2017-08-24,JPPOWER,EQ,5.65,5.75,5.9,5.6,5.9,5.9,5.85,5487748,32121825.7,2140,1915493.0,34.9
2017-08-28,JPPOWER,EQ,5.9,5.95,6.05,5.8,5.9,5.85,5.9,3789932,22365143.45,2134,1801212.0,47.53
2017-08-29,JPPOWER,EQ,5.85,5.8,6.1,5.8,5.9,5.9,5.99,10213839,61165271.2,4097,3636469.0,35.6
2017-08-30,JPPOWER,EQ,5.9,5.95,6.1,5.9,6.0,6.0,6.0,3756952,22527767.5,2009,1701070.0,45.28
2017-08-31,JPPOWER,EQ,6.0,6.0,6.0,5.7,5.95,5.9,5.87,5474415,32131674.3,2466,2716286.0,49.62
2017-09-01,JPPOWER,EQ,5.9,6.0,6.0,5.9,5.95,5.95,5.95,2253022,13399817.75,1934,1207304.0,53.59
2017-09-04,JPPOWER,EQ,5.95,5.95,6.2,5.85,6.2,6.2,6.07,8732913,53017005.75,2276,5043422.0,57.75
2017-09-05,JPPOWER,EQ,6.2,6.3,6.5,6.3,6.5,6.5,6.49,1839433,11938747.15,866,1831545.0,99.57
2017-09-06,JPPOWER,EQ,6.5,6.6,6.8,6.35,6.8,6.8,6.67,13143858,87634330.7,4385,5868324.0,44.65
2017-09-07,JPPOWER,EQ,6.8,6.95,7.1,6.85,7.1,7.1,7.06,6009495,42400170.75,2433,4219528.0,70.21
2017-09-08,JPPOWER,EQ,7.1,7.45,7.45,6.75,7.15,7.15,7.28,18940166,137828137.6,6615,7668352.0,40.49
2017-09-11,JPPOWER,EQ,7.15,7.2,7.5,6.9,7.5,7.45,7.38,20923663,154392365.9,7990,11797491.0,56.38
2017-09-12,JPPOWER,EQ,7.45,7.55,7.8,7.35,7.8,7.8,7.65,18124854,138658248.25,7291,9253373.0,51.05
2017-09-13,JPPOWER,EQ,7.8,8.0,8.15,7.8,8.0,8.05,8.08,41644568,336633007.8,7863,22766101.0,54.67
2017-09-14,JPPOWER,EQ,8.05,8.1,8.15,7.65,7.65,7.65,7.85,12220976,95898009.25,4541,7530526.0,61.62
2017-09-15,JPPOWER,EQ,7.65,7.35,7.45,7.3,7.3,7.3,7.32,3258550,23859934.15,1177,2431606.0,74.62
2017-09-18,JPPOWER,EQ,7.3,7.05,7.65,7.0,7.05,7.0,7.2,15826878,113988644.6,4034,8116844.0,51.29
2017-09-19,JPPOWER,EQ,7.0,7.25,7.35,6.65,7.35,7.35,7.06,9725223,68632582.55,3386,4998360.0,51.4
2017-09-20,JPPOWER,EQ,7.35,7.7,7.7,7.35,7.7,7.7,7.55,10530519,79503559.6,3656,7612268.0,72.29
2017-09-21,JPPOWER,EQ,7.7,7.75,7.8,7.35,7.35,7.35,7.41,17329155,128444513.8,3659,8378036.0,48.35
2017-09-22,JPPOWER,EQ,7.35,7.3,7.7,7.15,7.45,7.5,7.44,24751101,184105108.1,5723,16750914.0,67.68
2017-09-25,JPPOWER,EQ,7.5,7.65,7.75,7.15,7.4,7.3,7.29,8962995,65360879.0,3147,5039986.0,56.23
2017-09-26,JPPOWER,EQ,7.3,7.4,7.45,7.1,7.35,7.35,7.32,2401344,17573425.0,1669,1406394.0,58.57
2017-09-27,JPPOWER,EQ,7.35,7.35,7.4,7.0,7.0,7.0,7.11,3063709,21786195.05,1670,2123137.0,69.3
2017-09-28,JPPOWER,EQ,7.0,6.9,7.05,6.65,6.85,6.85,6.79,10206450,69282363.05,3128,3507803.0,34.37
2017-09-29,JPPOWER,EQ,6.85,6.95,7.15,6.8,7.15,7.15,7.1,6746422,47877843.4,1643,5084192.0,75.36
2017-10-03,JPPOWER,EQ,7.15,7.3,7.5,7.15,7.5,7.45,7.41,5134643,38027125.0,2148,3130869.0,60.98
2017-10-04,JPPOWER,EQ,7.45,7.55,7.55,7.35,7.45,7.45,7.45,6066754,45220690.95,2134,3436222.0,56.64
2017-10-05,JPPOWER,EQ,7.45,7.45,7.7,7.25,7.55,7.5,7.4,11233248,83111073.8,2292,7631769.0,67.94
2017-10-06,JPPOWER,EQ,7.5,7.5,7.85,7.45,7.75,7.65,7.72,13351800,103116674.95,3655,8762832.0,65.63
2017-10-09,JPPOWER,EQ,7.65,7.7,7.95,7.55,7.6,7.6,7.78,5039401,39218752.95,2482,3451462.0,68.49
2017-10-10,JPPOWER,EQ,7.6,7.6,8.05,7.25,7.35,7.45,7.6,3723976,28303885.95,2568,1975361.0,53.04
2017-10-11,JPPOWER,EQ,7.45,7.55,7.65,7.1,7.3,7.25,7.35,2996458,22031215.95,1887,1797779.0,60.0
2017-10-12,JPPOWER,EQ,7.25,7.35,7.5,7.25,7.3,7.3,7.3,1941680,14183428.6,1386,1023780.0,52.73
2017-10-13,JPPOWER,EQ,7.3,7.4,7.45,7.2,7.3,7.3,7.35,3000182,22048993.35,1450,1563961.0,52.13
2017-10-16,JPPOWER,EQ,7.3,7.85,8.0,7.55,8.0,8.0,7.99,20034724,160029006.85,3539,11481565.0,57.31
2017-10-17,JPPOWER,EQ,8.0,8.75,8.8,8.1,8.4,8.4,8.64,24770409,213900767.5,9291,8649470.0,34.92
2017-10-18,JPPOWER,EQ,8.4,8.4,8.8,7.85,8.45,8.45,8.43,20832620,175704707.35,7237,12512836.0,60.06
2017-10-19,JPPOWER,EQ,8.45,8.7,8.8,8.1,8.2,8.35,8.45,6872829,58066021.95,1992,6108490.0,88.88
2017-10-23,JPPOWER,EQ,8.35,8.25,9.15,8.1,8.5,8.45,8.65,12434030,107498234.55,5908,5837154.0,46.94
2017-10-24,JPPOWER,EQ,8.45,8.55,8.75,8.15,8.2,8.2,8.38,6617312,55453777.05,3097,4523117.0,68.35
2017-10-25,JPPOWER,EQ,8.2,8.25,8.45,7.9,8.0,8.0,8.14,5479558,44577160.45,3531,3248315.0,59.28
2017-10-26,JPPOWER,EQ,8.0,8.15,8.15,7.8,8.0,7.95,7.92,3480830,27570600.2,1982,2556353.0,73.44
2017-10-27,JPPOWER,EQ,7.95,8.0,8.15,7.9,8.05,8.0,8.02,6262355,50205996.65,2395,4700108.0,75.05
2017-10-30,JPPOWER,EQ,8.0,8.0,8.2,7.9,8.05,8.05,8.08,4066350,32863439.75,2146,2099095.0,51.62
2017-10-31,JPPOWER,EQ,8.05,8.2,8.45,7.9,7.9,7.95,8.16,7702314,62877510.05,4281,4222247.0,54.82
2017-11-01,JPPOWER,EQ,7.95,8.0,8.1,7.85,7.95,7.9,7.93,3084167,24457075.1,2678,2042600.0,66.23
2017-11-02,JPPOWER,EQ,7.9,7.95,7.95,7.55,7.85,7.8,7.76,3892925,30209329.35,2299,2726031.0,70.03
2017-11-03,JPPOWER,EQ,7.8,7.85,8.2,7.7,8.1,8.1,8.0,5945205,47581155.95,3367,3782058.0,63.62
2017-11-06,JPPOWER,EQ,8.1,8.1,8.2,7.65,7.7,7.8,7.98,5035323,40164796.6,2825,3884471.0,77.14
2017-11-07,JPPOWER,EQ,7.8,7.7,7.8,7.35,7.5,7.45,7.53,5814704,43797646.8,3330,3911425.0,67.27
2017-11-08,JPPOWER,EQ,7.45,7.5,7.5,7.2,7.3,7.25,7.33,3253343,23838252.5,1953,2134055.0,65.6
2017-11-09,JPPOWER,EQ,7.25,7.4,7.5,7.3,7.5,7.45,7.44,3293836,24491265.0,2073,1762058.0,53.5
2017-11-10,JPPOWER,EQ,7.45,7.45,7.5,7.3,7.4,7.35,7.44,5436949,40428769.75,2707,3211697.0,59.07
2017-11-13,JPPOWER,EQ,7.35,7.55,8.05,7.5,7.9,7.9,7.93,19862947,157566825.3,6501,11482032.0,57.81
2017-11-14,JPPOWER,EQ,7.9,7.85,7.85,7.45,7.65,7.65,7.61,4819398,36697675.0,2158,2200482.0,45.66
2017-11-15,JPPOWER,EQ,7.65,7.65,7.75,7.1,7.15,7.2,7.36,3703492,27274396.8,2301,2610388.0,70.48
2017-11-16,JPPOWER,EQ,7.2,7.3,7.45,7.1,7.4,7.25,7.27,3695485,26851945.45,2597,2507940.0,67.86
2017-11-17,JPPOWER,EQ,7.25,7.4,7.4,7.15,7.25,7.2,7.26,2133062,15476916.9,1376,1170633.0,54.88
2017-11-20,JPPOWER,EQ,7.2,7.3,7.3,7.05,7.25,7.2,7.17,1798265,12896424.2,1294,1031068.0,57.34
2017-11-21,JPPOWER,EQ,7.2,7.3,7.3,7.1,7.1,7.1,7.16,1816461,13006369.8,1244,1098868.0,60.49
2017-11-22,JPPOWER,EQ,7.1,7.15,7.4,7.1,7.35,7.25,7.25,6333493,45930018.4,2081,3172615.0,50.09
2017-11-23,JPPOWER,EQ,7.25,7.35,7.35,7.1,7.15,7.15,7.2,3142374,22617003.3,1470,1641578.0,52.24
2017-11-24,JPPOWER,EQ,7.15,7.15,7.25,7.1,7.15,7.15,7.14,1106821,7904237.15,1001,729656.0,65.92
2017-11-27,JPPOWER,EQ,7.15,7.1,7.2,6.95,7.0,7.05,7.1,3897248,27687896.9,1987,3005451.0,77.12
2017-11-28,JPPOWER,EQ,7.05,7.1,7.15,6.95,7.1,7.05,7.04,3188617,22455903.6,1521,2079285.0,65.21
2017-11-29,JPPOWER,EQ,7.05,7.1,7.25,6.9,7.1,7.0,7.04,4004526,28176559.15,1800,2540750.0,63.45
2017-11-30,JPPOWER,EQ,7.0,7.05,7.1,6.95,7.0,7.0,7.01,1646641,11547069.4,1312,1103599.0,67.02
2017-12-01,JPPOWER,EQ,7.0,7.1,7.1,6.75,6.95,6.85,6.92,2732682,18917889.15,1943,2115351.0,77.41
2017-12-04,JPPOWER,EQ,6.85,6.95,6.95,6.55,6.7,6.7,6.77,2471471,16728395.25,1596,1772000.0,71.7
2017-12-05,JPPOWER,EQ,6.7,6.7,6.9,6.45,6.9,6.85,6.7,2767659,18555842.45,1569,1569394.0,56.7
2017-12-06,JPPOWER,EQ,6.85,6.8,6.9,6.75,6.8,6.8,6.8,1568908,10674450.15,894,837687.0,53.39
2017-12-07,JPPOWER,EQ,6.8,6.85,6.9,6.75,6.85,6.85,6.8,1712388,11638865.15,999,1075742.0,62.82
2017-12-08,JPPOWER,EQ,6.85,6.8,7.4,6.8,7.15,7.2,7.18,4358033,31283495.4,2411,2421064.0,55.55
2017-12-11,JPPOWER,EQ,7.2,7.5,7.6,7.1,7.25,7.3,7.31,4674246,34157422.65,2077,3792433.0,81.13
2017-12-12,JPPOWER,EQ,7.3,7.3,7.4,7.1,7.15,7.25,7.22,5547025,40051409.25,3231,2952244.0,53.22
2017-12-13,JPPOWER,EQ,7.25,7.2,7.3,6.9,7.0,6.95,7.09,3079019,21819789.5,1507,2027511.0,65.85
2017-12-14,JPPOWER,EQ,6.95,6.95,7.0,6.6,6.7,6.7,6.75,5049217,34065120.05,1684,3430545.0,67.94
2017-12-15,JPPOWER,EQ,6.7,6.75,7.1,6.6,6.65,6.7,6.84,6139349,41986388.4,2704,3997093.0,65.11
2017-12-18,JPPOWER,EQ,6.7,6.7,7.1,6.5,6.85,6.85,6.88,5757992,39633648.0,2282,3719120.0,64.59
2017-12-19,JPPOWER,EQ,6.85,6.85,7.05,6.85,6.9,6.9,6.92,2123785,14701620.95,1022,1342934.0,63.23
2017-12-20,JPPOWER,EQ,6.9,6.95,7.0,6.85,6.95,6.95,6.93,2376208,16469591.2,1193,1324209.0,55.73
2017-12-21,JPPOWER,EQ,6.95,6.9,7.35,6.9,7.15,7.15,7.14,6150617,43928857.9,3004,2560079.0,41.62
2017-12-22,JPPOWER,EQ,7.15,7.15,7.25,6.9,6.95,6.95,7.02,4820003,33854399.45,1948,3141946.0,65.19
2017-12-26,JPPOWER,EQ,6.95,7.0,7.4,6.95,7.25,7.15,7.15,13344646,95353299.7,3990,6446306.0,48.31
2017-12-27,JPPOWER,EQ,7.15,7.2,7.55,7.1,7.3,7.25,7.33,15043858,110295069.9,5466,7006110.0,46.57
2017-12-28,JPPOWER,EQ,7.25,7.4,8.25,7.3,7.95,7.9,7.82,30739646,240407581.7,12594,13717891.0,44.63
2017-12-29,JPPOWER,EQ,7.9,8.45,9.45,8.3,9.45,9.45,9.15,60854068,556996677.25,31512,25400480.0,41.74
2018-01-01,JPPOWER,EQ,9.45,9.9,10.2,8.55,9.3,9.2,9.46,62722618,593352682.3,31040,19394920.0,30.92
2018-01-02,JPPOWER,EQ,9.2,9.4,9.5,8.3,8.5,8.5,8.79,27508862,241803542.75,15437,12759876.0,46.38
2018-01-03,JPPOWER,EQ,8.5,8.6,8.9,8.4,8.6,8.5,8.65,14414955,124713607.5,7581,5837918.0,40.5
2018-01-04,JPPOWER,EQ,8.5,8.65,8.8,8.05,8.25,8.15,8.38,11506197,96404448.85,7939,5705563.0,49.59
2018-01-05,JPPOWER,EQ,8.15,8.2,8.45,8.1,8.3,8.25,8.25,9119559,75250049.7,6094,3419713.0,37.5
2018-01-08,JPPOWER,EQ,8.25,8.45,8.7,8.35,8.45,8.4,8.53,10524397,89820383.9,7290,5336288.0,50.7
2018-01-09,JPPOWER,EQ,8.4,8.3,8.3,8.0,8.15,8.15,8.15,9769171,79628940.2,6647,3625605.0,37.11
2018-01-10,JPPOWER,EQ,8.15,8.2,8.35,7.95,8.05,8.05,8.12,9833679,79893236.7,5675,3331821.0,33.88
2018-01-11,JPPOWER,EQ,8.05,8.05,8.1,7.7,7.75,7.75,7.79,8211071,63978460.95,5777,4670559.0,56.88
2018-01-12,JPPOWER,EQ,7.75,7.8,7.9,7.65,7.8,7.75,7.77,5729283,44498568.05,3174,2717935.0,47.44
2018-01-15,JPPOWER,EQ,7.75,8.1,8.15,7.85,8.05,7.95,8.01,7870794,63069334.85,4240,3901643.0,49.57
2018-01-16,JPPOWER,EQ,7.95,8.05,8.05,7.6,7.85,7.75,7.77,5556120,43167367.35,3187,2705496.0,48.69
2018-01-17,JPPOWER,EQ,7.75,7.75,8.05,7.5,7.95,7.9,7.78,7135593,55498207.0,4026,2094114.0,29.35
2018-01-18,JPPOWER,EQ,7.9,7.95,8.05,7.5,7.55,7.55,7.75,5966676,46256244.35,4001,2876488.0,48.21
2018-01-19,JPPOWER,EQ,7.55,7.55,7.7,7.35,7.5,7.45,7.51,3317244,24907929.4,2871,1434803.0,43.25
2018-01-22,JPPOWER,EQ,7.45,7.6,7.8,7.4,7.4,7.45,7.59,3720307,28229666.95,3010,1320854.0,35.5
2018-01-23,JPPOWER,EQ,7.45,7.55,7.6,7.4,7.45,7.45,7.49,2659374,19905713.05,1895,1131539.0,42.55
2018-01-24,JPPOWER,EQ,7.45,7.4,7.45,7.15,7.25,7.15,7.25,4167869,30229286.4,2735,2128411.0,51.07
2018-01-25,JPPOWER,EQ,7.15,7.25,7.25,7.0,7.1,7.1,7.13,3922113,27958576.95,3514,1621989.0,41.35
2018-01-29,JPPOWER,EQ,7.1,7.15,7.2,7.05,7.1,7.05,7.12,1918911,13656236.15,1479,1170546.0,61.0
2018-01-30,JPPOWER,EQ,7.05,7.05,7.15,6.85,7.1,7.05,7.01,3388406,23746989.85,2603,1497655.0,44.2
2018-01-31,JPPOWER,EQ,7.05,7.15,7.15,6.95,7.05,7.0,7.04,1698388,11965126.05,1408,670612.0,39.49
2018-02-01,JPPOWER,EQ,7.0,7.0,7.15,6.8,6.95,6.9,6.97,2942935,20511214.05,3239,1342159.0,45.61
2018-02-02,JPPOWER,EQ,6.9,6.9,6.9,6.15,6.45,6.4,6.54,5335369,34875310.4,4616,2640961.0,49.5
2018-02-05,JPPOWER,EQ,6.4,6.25,6.6,5.25,6.6,6.5,6.23,4222954,26303663.85,4829,1935225.0,45.83
2018-02-06,JPPOWER,EQ,6.5,6.15,6.35,5.9,6.15,6.15,6.1,3911210,23854311.3,3697,2097952.0,53.64
2018-02-07,JPPOWER,EQ,6.15,6.3,6.5,6.3,6.35,6.35,6.39,2766301,17665521.7,2015,1657204.0,59.91
2018-02-08,JPPOWER,EQ,6.35,6.5,6.55,6.4,6.4,6.45,6.48,2684526,17384376.15,2156,1269947.0,47.31
2018-02-09,JPPOWER,EQ,6.45,6.4,6.5,6.2,6.45,6.45,6.37,1853790,11812123.7,1885,957476.0,51.65
2018-02-12,JPPOWER,EQ,6.45,6.5,6.6,6.45,6.5,6.5,6.51,1838187,11958139.35,2364,947933.0,51.57
2018-02-14,JPPOWER,EQ,6.5,6.5,6.6,6.4,6.4,6.45,6.51,1653399,10762704.5,1425,1017769.0,61.56
2018-02-15,JPPOWER,EQ,6.45,6.55,6.55,6.15,6.25,6.2,6.28,3020228,18974081.3,3034,1949362.0,64.54
2018-02-16,JPPOWER,EQ,6.2,6.25,6.3,6.1,6.2,6.15,6.17,1702434,10501024.55,1948,723895.0,42.52
2018-02-19,JPPOWER,EQ,6.15,6.15,6.2,5.9,5.95,5.95,6.01,1774583,10660685.0,2216,1031101.0,58.1
2018-02-20,JPPOWER,EQ,5.95,6.0,6.05,5.85,6.0,6.0,5.95,1081161,6437871.15,1494,632204.0,58.47
2018-02-21,JPPOWER,EQ,6.0,6.1,6.1,5.9,5.95,5.95,5.96,1245023,7422654.85,1545,547452.0,43.97
2018-02-22,JPPOWER,EQ,5.95,5.95,6.0,5.85,5.85,5.9,5.92,934258,5530237.5,1151,482445.0,51.64
2018-02-23,JPPOWER,EQ,5.9,6.0,6.4,5.95,6.4,6.3,6.24,6530292,40722799.2,4792,2153427.0,32.98
2018-02-26,JPPOWER,EQ,6.3,6.45,6.5,6.15,6.2,6.2,6.31,2748971,17345032.55,1769,1086340.0,39.52
2018-02-27,JPPOWER,EQ,6.2,6.25,6.3,6.05,6.15,6.1,6.15,1419952,8734746.5,1125,636033.0,44.79
2018-02-28,JPPOWER,EQ,6.1,6.1,6.15,6.0,6.05,6.05,6.06,1345965,8161426.05,1067,611394.0,45.42
2018-03-01,JPPOWER,EQ,6.05,6.05,6.2,6.0,6.05,6.05,6.07,783153,4754206.2,780,411702.0,52.57
2018-03-05,JPPOWER,EQ,6.05,6.1,6.1,5.8,5.85,5.85,5.92,1715517,10149991.65,1417,1119818.0,65.28
2018-03-06,JPPOWER,EQ,5.85,5.95,5.95,5.5,5.6,5.6,5.75,2217570,12757681.0,1668,1318639.0,59.46
2018-03-07,JPPOWER,EQ,5.6,5.65,5.65,4.75,5.1,5.05,5.18,6457557,33469027.75,5870,3261667.0,50.51
2018-03-08,JPPOWER,EQ,5.05,5.2,5.25,4.9,5.25,5.2,5.12,2883456,14751652.3,1851,1436203.0,49.81
2018-03-09,JPPOWER,EQ,5.2,5.25,5.25,5.05,5.25,5.15,5.15,2273457,11708853.0,1598,1175920.0,51.72
2018-03-12,JPPOWER,EQ,5.15,5.2,6.15,5.15,6.15,6.15,5.95,13445481,80058137.75,9122,5899873.0,43.88
2018-03-13,JPPOWER,EQ,6.15,6.2,7.25,6.05,6.8,6.8,6.95,22411735,155671021.5,12565,9921720.0,44.27
2018-03-14,JPPOWER,EQ,6.8,6.8,6.85,6.4,6.6,6.6,6.58,8021216,52794564.65,4898,3943178.0,49.16
2018-03-15,JPPOWER,EQ,6.6,6.6,6.65,6.2,6.3,6.3,6.34,10779054,68342115.8,9093,5730579.0,53.16
2018-03-16,JPPOWER,EQ,6.3,6.5,6.65,6.05,6.1,6.15,6.24,21578153,134713303.0,12785,12528858.0,58.06
2018-03-19,JPPOWER,EQ,6.15,6.1,6.1,5.5,5.6,5.6,5.75,7666118,44051470.1,9938,4530248.0,59.09
2018-03-20,JPPOWER,EQ,5.6,5.3,5.3,5.05,5.2,5.2,5.17,19990531,103255615.7,8308,8440868.0,42.22
2018-03-21,JPPOWER,EQ,5.2,5.25,5.25,5.05,5.1,5.1,5.16,9156808,47230061.6,6751,5579214.0,60.93
2018-03-22,JPPOWER,EQ,5.1,5.1,5.2,5.0,5.05,5.0,5.09,7561607,38486898.2,3400,4463051.0,59.02
2018-03-23,JPPOWER,EQ,5.0,4.9,5.05,4.8,5.05,4.95,4.95,7663490,37899242.95,3441,4664362.0,60.86
2018-03-26,JPPOWER,EQ,4.95,5.05,5.15,4.95,5.0,5.0,5.02,5989468,30085635.15,2089,4902320.0,81.85
2018-03-27,JPPOWER,EQ,5.0,5.05,5.15,5.0,5.05,5.0,5.06,2794536,14127446.0,1962,1495189.0,53.5
2018-03-28,JPPOWER,EQ,5.0,5.0,5.05,4.7,4.8,4.75,4.85,6338451,30757833.75,3026,4080481.0,64.38
2018-04-02,JPPOWER,EQ,4.75,4.85,4.95,4.65,4.75,4.75,4.79,7675870,36759593.05,7486,4126472.0,53.76
2018-04-03,JPPOWER,EQ,4.75,4.7,4.85,4.65,4.8,4.75,4.72,6299991,29740151.8,4805,4217061.0,66.94
2018-04-04,JPPOWER,EQ,4.75,4.8,5.05,4.65,4.85,4.85,4.89,13506734,66033676.9,5926,5394639.0,39.94
2018-04-05,JPPOWER,EQ,4.85,4.95,5.0,4.8,4.9,4.85,4.9,5966641,29241959.45,2594,2986118.0,50.05
2018-04-06,JPPOWER,EQ,4.85,4.9,5.0,4.75,4.95,4.9,4.86,8575621,41692894.4,3790,4058050.0,47.32
2018-04-09,JPPOWER,EQ,4.9,4.95,5.0,4.75,4.85,4.8,4.87,6517140,31770304.45,4369,3435322.0,52.71
2018-04-10,JPPOWER,EQ,4.8,4.85,4.85,4.6,4.75,4.7,4.71,10199656,48086974.4,4488,4846525.0,47.52
2018-04-11,JPPOWER,EQ,4.7,4.75,4.75,4.6,4.7,4.65,4.65,8978016,41775283.75,7101,5117483.0,57.0
2018-04-12,JPPOWER,EQ,4.65,4.65,4.7,4.5,4.55,4.55,4.55,6066215,27583025.5,4866,3832210.0,63.17
2018-04-13,JPPOWER,EQ,4.55,4.5,4.55,4.4,4.4,4.4,4.45,6110772,27203387.2,4835,3316773.0,54.28
2018-04-16,JPPOWER,EQ,4.4,4.4,4.4,4.25,4.4,4.4,4.35,3642078,15830944.8,2603,1916584.0,52.62
2018-04-17,JPPOWER,EQ,4.4,4.4,4.55,4.3,4.5,4.5,4.43,3783806,16757532.65,1586,1848579.0,48.86
2018-04-18,JPPOWER,EQ,4.5,4.5,4.5,4.4,4.45,4.45,4.44,3041321,13491173.65,2371,1503676.0,49.44
2018-04-19,JPPOWER,EQ,4.45,4.45,4.5,4.35,4.4,4.4,4.41,2947232,13004309.85,3249,1284277.0,43.58
2018-04-20,JPPOWER,EQ,4.4,4.35,4.35,4.25,4.3,4.25,4.3,3636198,15620020.15,4117,2167059.0,59.6
2018-04-23,JPPOWER,EQ,4.25,4.25,4.4,4.2,4.3,4.3,4.29,5220649,22377702.35,4004,2233268.0,42.78
2018-04-24,JPPOWER,EQ,4.3,4.3,4.35,4.15,4.25,4.2,4.21,3212316,13536925.45,4458,1784710.0,55.56
2018-04-25,JPPOWER,EQ,4.2,4.15,4.2,3.9,4.0,3.95,4.02,10175313,40897622.4,4370,5488434.0,53.94
2018-04-26,JPPOWER,EQ,3.95,3.9,4.1,3.75,4.1,4.0,3.87,9198689,35635009.9,6870,4256108.0,46.27
2018-04-27,JPPOWER,EQ,4.0,4.05,4.05,3.85,3.9,3.85,3.93,6043511,23749845.3,5611,3023657.0,50.03
2018-04-30,JPPOWER,EQ,3.85,3.9,3.9,3.7,3.75,3.75,3.76,4806873,18074045.05,10717,3109417.0,64.69
2018-05-02,JPPOWER,EQ,3.75,3.75,3.75,3.55,3.65,3.65,3.64,8670135,31541130.85,7926,3990137.0,46.02
2018-05-03,JPPOWER,EQ,3.65,3.65,3.75,3.45,3.7,3.7,3.58,8493433,30375722.15,5995,4002385.0,47.12
2018-05-04,JPPOWER,EQ,3.7,3.7,3.7,3.45,3.65,3.6,3.57,7593134,27141764.6,6184,3162337.0,41.65
2018-05-07,JPPOWER,EQ,3.6,3.65,4.3,3.6,4.3,4.25,4.08,12943251,52820029.95,7642,5359403.0,41.41
2018-05-08,JPPOWER,EQ,4.25,4.45,4.6,4.0,4.15,4.15,4.32,15673275,67766452.0,9084,4403292.0,28.09
2018-05-09,JPPOWER,EQ,4.15,4.15,4.15,4.0,4.05,4.05,4.07,3691815,15020622.7,6179,1436512.0,38.91
2018-05-10,JPPOWER,EQ,4.05,4.1,4.1,3.85,3.95,3.9,3.95,3656838,14437254.4,6613,1593229.0,43.57
2018-05-11,JPPOWER,EQ,3.9,3.85,3.95,3.75,3.95,3.95,3.86,2790379,10759277.0,3813,1040820.0,37.3
2018-05-14,JPPOWER,EQ,3.95,3.95,3.95,3.7,3.75,3.75,3.78,3033290,11476532.45,2982,1327494.0,43.76
2018-05-15,JPPOWER,EQ,3.75,3.7,3.9,3.55,3.7,3.7,3.7,5288471,19550442.15,2811,2049151.0,38.75
2018-05-16,JPPOWER,EQ,3.7,3.55,3.7,3.55,3.7,3.65,3.64,2757188,10033556.8,1822,1174673.0,42.6
2018-05-17,JPPOWER,EQ,3.65,3.65,3.9,3.6,3.7,3.7,3.71,4212993,15639616.65,1769,1580285.0,37.51
2018-05-18,JPPOWER,EQ,3.7,3.75,3.8,3.6,3.6,3.6,3.68,3037636,11184755.5,1902,1342208.0,44.19
2018-05-21,JPPOWER,EQ,3.6,3.6,3.7,3.5,3.6,3.6,3.57,3488438,12437746.1,3669,1613130.0,46.24
2018-05-22,JPPOWER,EQ,3.6,3.6,3.6,3.45,3.6,3.6,3.54,2831702,10035853.15,1635,955480.0,33.74
2018-05-23,JPPOWER,EQ,3.6,3.6,3.7,3.55,3.6,3.6,3.59,1891341,6793146.15,1241,938642.0,49.63
2018-05-24,JPPOWER,EQ,3.6,3.55,3.65,3.55,3.65,3.65,3.6,2157327,7772724.0,1933,823757.0,38.18
2018-05-25,JPPOWER,EQ,3.65,3.65,3.65,3.55,3.55,3.55,3.59,2308386,8287910.65,1357,1317263.0,57.06
2018-05-28,JPPOWER,EQ,3.55,3.6,3.65,3.55,3.65,3.65,3.61,2040796,7361130.85,2654,1234194.0,60.48
2018-05-29,JPPOWER,EQ,3.65,3.65,3.65,3.55,3.6,3.55,3.58,1234096,4421976.05,1389,901714.0,73.07
2018-05-30,JPPOWER,EQ,3.55,3.5,3.6,3.5,3.55,3.55,3.55,1801293,6385669.1,3678,1101751.0,61.16
2018-05-31,JPPOWER,EQ,3.55,3.55,3.6,3.5,3.5,3.5,3.53,1506642,5321068.2,1727,1108837.0,73.6
2018-06-01,JPPOWER,EQ,3.5,3.5,3.5,3.25,3.35,3.35,3.38,5341391,18060807.2,7575,2709421.0,50.73
2018-06-04,JPPOWER,EQ,3.35,3.4,3.4,3.2,3.3,3.25,3.28,3085181,10110520.8,4293,1911121.0,61.95
2018-06-05,JPPOWER,EQ,3.25,3.25,3.3,3.05,3.05,3.1,3.1,3222353,9999030.8,1685,2120534.0,65.81
2018-06-06,JPPOWER,EQ,3.1,3.05,3.65,3.05,3.6,3.6,3.45,7885829,27166896.7,3713,3154192.0,40.0
2018-06-07,JPPOWER,EQ,3.6,3.65,3.75,3.3,3.45,3.4,3.45,5871270,20284067.95,3365,2657118.0,45.26
2018-06-08,JPPOWER,EQ,3.4,3.4,3.55,3.3,3.55,3.5,3.47,3411481,11853377.7,2758,1303584.0,38.21
2018-06-11,JPPOWER,EQ,3.5,3.55,3.65,3.45,3.55,3.55,3.54,3151300,11159360.7,2416,1630073.0,51.73
2018-06-12,JPPOWER,EQ,3.55,3.55,3.6,3.35,3.45,3.4,3.45,2974827,10274832.15,1824,1545272.0,51.94
2018-06-13,JPPOWER,EQ,3.4,3.45,3.45,3.3,3.35,3.35,3.37,2857642,9627296.5,2372,1501022.0,52.53
2018-06-14,JPPOWER,EQ,3.35,3.35,3.55,3.3,3.4,3.4,3.43,4214526,14454344.0,3888,1719518.0,40.8
2018-06-15,JPPOWER,EQ,3.4,3.4,3.4,3.2,3.3,3.25,3.28,6304189,20696180.3,4483,3153710.0,50.03
2018-06-18,JPPOWER,EQ,3.25,3.25,3.4,3.15,3.25,3.2,3.26,4963134,16173142.65,4718,1863807.0,37.55
2018-06-19,JPPOWER,EQ,3.2,3.2,3.2,3.1,3.15,3.2,3.16,4185898,13219651.2,4689,2239536.0,53.5
2018-06-20,JPPOWER,EQ,3.2,3.2,3.35,3.15,3.25,3.25,3.28,3859814,12665819.75,3047,1763111.0,45.68
2018-06-21,JPPOWER,EQ,3.25,3.25,3.4,3.2,3.3,3.25,3.31,5422778,17923108.4,4473,2358977.0,43.5
2018-06-22,JPPOWER,EQ,3.25,3.25,3.3,3.15,3.2,3.2,3.2,1804534,5777942.25,1862,1152988.0,63.89
2018-06-25,JPPOWER,EQ,3.2,3.2,3.25,3.1,3.1,3.1,3.16,2881326,9103251.8,1349,1453169.0,50.43
2018-06-26,JPPOWER,EQ,3.1,3.15,3.15,3.05,3.1,3.05,3.08,4741733,14591606.6,2318,3642774.0,76.82
2018-06-27,JPPOWER,EQ,3.05,3.1,3.1,2.85,2.9,2.9,2.94,6371002,18748210.8,7345,3743597.0,58.76
2018-06-28,JPPOWER,EQ,2.9,2.9,2.95,2.75,2.8,2.8,2.82,4171800,11784006.95,6189,2367705.0,56.75
2018-06-29,JPPOWER,EQ,2.8,2.75,2.95,2.75,2.9,2.9,2.86,5128407,14649437.65,5932,2527206.0,49.28
2018-07-02,JPPOWER,EQ,2.9,2.85,2.95,2.8,2.9,2.9,2.88,1921590,5543164.9,2422,901339.0,46.91
2018-07-03,JPPOWER,EQ,2.9,2.95,2.95,2.75,2.85,2.85,2.83,2726248,7702080.1,1374,1892855.0,69.43
2018-07-04,JPPOWER,EQ,2.85,2.85,2.85,2.75,2.8,2.75,2.8,1839777,5142755.2,1001,1203737.0,65.43
2018-07-05,JPPOWER,EQ,2.75,2.8,2.9,2.75,2.8,2.85,2.85,2038028,5806103.9,2003,1040035.0,51.03
2018-07-06,JPPOWER,EQ,2.85,2.85,2.9,2.8,2.8,2.85,2.83,1094299,3101073.7,725,787605.0,71.97
2018-07-09,JPPOWER,EQ,2.85,2.95,3.15,2.9,2.95,2.95,2.98,4027167,11994706.8,2995,1638190.0,40.68
2018-07-10,JPPOWER,EQ,2.95,2.95,3.05,2.95,3.0,2.95,2.99,2257082,6743203.3,11630,1441072.0,63.85
2018-07-11,JPPOWER,EQ,2.95,2.95,3.0,2.9,2.95,2.95,2.94,1298384,3814197.2,1200,771132.0,59.39
2018-07-12,JPPOWER,EQ,2.95,3.0,3.0,2.9,2.95,2.95,2.97,1352483,4016155.25,776,842572.0,62.3
2018-07-13,JPPOWER,EQ,2.95,2.95,2.95,2.8,2.85,2.85,2.86,2161530,6179338.3,2919,1405103.0,65.01
2018-07-16,JPPOWER,EQ,2.85,2.85,2.85,2.65,2.75,2.7,2.73,2861750,7800274.3,8172,1684572.0,58.87
2018-07-17,JPPOWER,EQ,2.7,2.7,2.8,2.65,2.75,2.75,2.71,3124300,8451512.95,6796,1278049.0,40.91
2018-07-18,JPPOWER,EQ,2.75,2.75,2.75,2.6,2.65,2.65,2.67,2027721,5412522.6,5745,1362664.0,67.2
2018-07-19,JPPOWER,EQ,2.65,2.65,2.65,2.55,2.6,2.55,2.59,2480313,6420256.5,8155,1683315.0,67.87
2018-07-20,JPPOWER,EQ,2.55,2.55,2.65,2.45,2.45,2.5,2.53,3848014,9723915.65,2501,2603179.0,67.65
2018-07-23,JPPOWER,EQ,2.5,2.5,2.6,2.45,2.5,2.5,2.51,3211248,8069063.05,4949,2126305.0,66.21
2018-07-24,JPPOWER,EQ,2.5,2.5,2.8,2.4,2.65,2.65,2.63,12273801,32327656.45,11543,4472523.0,36.44
2018-07-25,JPPOWER,EQ,2.65,2.7,2.75,2.55,2.65,2.6,2.66,4513334,12002991.0,7807,2573215.0,57.01
2018-07-26,JPPOWER,EQ,2.6,2.6,2.65,2.45,2.5,2.5,2.52,5583221,14085349.45,8054,3646492.0,65.31
2018-07-27,JPPOWER,EQ,2.5,2.55,2.7,2.45,2.55,2.6,2.55,9470109,24102633.05,10361,6340506.0,66.95
2018-07-30,JPPOWER,EQ,2.6,2.65,2.75,2.6,2.65,2.65,2.7,6517576,17592661.85,8132,3838616.0,58.9
2018-07-31,JPPOWER,EQ,2.65,2.7,2.7,2.6,2.65,2.65,2.65,4186858,11103752.4,11640,2796591.0,66.79
2018-08-01,JPPOWER,EQ,2.65,2.7,2.75,2.6,2.6,2.65,2.67,5978686,15942128.5,2428,2806266.0,46.94
2018-08-02,JPPOWER,EQ,2.65,2.65,2.65,2.5,2.55,2.6,2.58,3982356,10286867.45,4245,2634548.0,66.16
2018-08-03,JPPOWER,EQ,2.6,2.6,3.05,2.6,2.95,2.95,2.88,13557814,39043931.8,4116,4973469.0,36.68
2018-08-06,JPPOWER,EQ,2.95,3.05,3.5,3.05,3.5,3.5,3.43,45149619,154835141.6,10944,15540227.0,34.42
2018-08-07,JPPOWER,EQ,3.5,3.6,3.65,3.15,3.35,3.3,3.36,20982060,70515709.75,5313,9766475.0,46.55
2018-08-08,JPPOWER,EQ,3.3,3.35,3.35,3.15,3.25,3.2,3.23,6794721,21933302.0,2097,2851931.0,41.97
2018-08-09,JPPOWER,EQ,3.2,3.25,3.35,3.05,3.2,3.15,3.19,10359627,33058140.55,4246,3969460.0,38.32
2018-08-10,JPPOWER,EQ,3.15,3.2,3.2,3.0,3.0,3.0,3.05,4976819,15191569.4,4760,2588404.0,52.01
2018-08-13,JPPOWER,EQ,3.0,2.95,2.95,2.8,2.9,2.9,2.87,5301579,15228443.55,4123,2242006.0,42.29
2018-08-14,JPPOWER,EQ,2.9,2.9,2.95,2.85,2.9,2.85,2.88,2208041,6369542.55,1145,981924.0,44.47
2018-08-16,JPPOWER,EQ,2.85,2.85,2.9,2.8,2.9,2.85,2.85,3059500,8726100.65,1377,1227631.0,40.13
2018-08-17,JPPOWER,EQ,2.85,2.85,3.0,2.85,2.95,2.9,2.94,3359651,9881731.75,1093,1242475.0,36.98
2018-08-20,JPPOWER,EQ,2.9,2.95,3.0,2.9,2.95,2.9,2.93,1650983,4844095.7,858,1069580.0,64.78
2018-08-21,JPPOWER,EQ,2.9,2.95,2.95,2.8,2.9,2.85,2.87,2302956,6609722.05,835,817948.0,35.52
2018-08-23,JPPOWER,EQ,2.85,2.9,3.0,2.85,2.95,2.9,2.92,3459310,10117234.0,1303,1659996.0,47.99
2018-08-24,JPPOWER,EQ,2.9,2.95,3.0,2.8,2.85,2.8,2.88,4022641,11586117.85,6575,1995157.0,49.6
2018-08-27,JPPOWER,EQ,2.8,2.8,2.85,2.75,2.75,2.8,2.79,3424259,9553145.0,1496,2118510.0,61.87
2018-08-28,JPPOWER,EQ,2.8,2.8,2.95,2.7,2.85,2.85,2.84,3952722,11224137.8,2503,1379205.0,34.89
2018-08-29,JPPOWER,EQ,2.85,2.95,3.25,2.9,3.25,3.2,3.15,13215098,41680411.2,4628,6687593.0,50.61
2018-08-30,JPPOWER,EQ,3.2,3.3,3.8,3.25,3.8,3.8,3.64,40308279,146764152.55,34231,14362781.0,35.63
2018-08-31,JPPOWER,EQ,3.8,4.05,4.5,4.0,4.4,4.35,4.26,42898681,182818751.3,11964,15407681.0,35.92
2018-09-03,JPPOWER,EQ,4.35,4.65,4.7,4.0,4.05,4.05,4.25,32780769,139436049.0,9312,12713323.0,38.78
2018-09-04,JPPOWER,EQ,4.05,4.0,4.05,3.65,3.65,3.65,3.74,16887011,63171455.5,4762,6855434.0,40.6
2018-09-05,JPPOWER,EQ,3.65,3.4,3.55,3.3,3.5,3.45,3.39,17924955,60845733.1,4334,6683977.0,37.29
2018-09-06,JPPOWER,EQ,3.45,3.5,3.55,3.3,3.55,3.45,3.43,8219713,28193874.45,2819,2659390.0,32.35
2018-09-07,JPPOWER,EQ,3.45,3.45,3.5,3.3,3.35,3.35,3.39,8678418,29440703.85,3778,4370021.0,50.36
2018-09-10,JPPOWER,EQ,3.35,3.35,3.35,3.2,3.2,3.2,3.22,7016459,22579544.9,1689,3233292.0,46.08
2018-09-11,JPPOWER,EQ,3.2,3.05,3.25,3.05,3.2,3.2,3.08,16786717,51779527.35,3152,4642331.0,27.65
2018-09-12,JPPOWER,EQ,3.2,3.25,3.35,3.15,3.15,3.2,3.26,12254193,39950977.95,4438,5089827.0,41.54
2018-09-14,JPPOWER,EQ,3.2,3.2,3.3,3.05,3.15,3.1,3.17,4947044,15681428.9,3543,3123459.0,63.14
2018-09-17,JPPOWER,EQ,3.1,3.25,3.25,3.05,3.2,3.15,3.17,6143202,19448798.25,1661,3858828.0,62.81
2018-09-18,JPPOWER,EQ,3.15,3.2,3.25,3.0,3.0,3.0,3.08,7263561,22368514.15,3102,4264704.0,58.71
2018-09-19,JPPOWER,BL,3.1,2.95,2.95,2.95,2.95,2.95,2.95,39000000,115050000.0,1,39000000.0,100.0
2018-09-21,JPPOWER,EQ,2.9,2.95,2.95,2.8,2.8,2.8,2.84,6470748,18399318.15,3090,3969124.0,61.34
2018-09-24,JPPOWER,EQ,2.8,2.8,2.8,2.7,2.7,2.7,2.71,2641976,7170504.6,2434,1454202.0,55.04
2018-09-25,JPPOWER,EQ,2.7,2.6,2.6,2.6,2.6,2.6,2.6,1272216,3307761.6,997,1223195.0,96.15
2018-09-26,JPPOWER,EQ,2.6,2.55,2.6,2.5,2.5,2.5,2.52,6059613,15269666.95,2632,3490910.0,57.61
2018-09-27,JPPOWER,EQ,2.5,2.45,2.6,2.4,2.45,2.45,2.51,6503840,16298073.55,4271,4083947.0,62.79
2018-09-28,JPPOWER,EQ,2.45,2.5,2.5,2.35,2.4,2.4,2.42,5213889,12610022.65,1776,2896924.0,55.56
2018-10-01,JPPOWER,EQ,2.4,2.4,2.4,2.3,2.3,2.3,2.31,2969015,6867460.05,1562,2030326.0,68.38
2018-10-03,JPPOWER,EQ,2.3,2.25,2.4,2.2,2.4,2.4,2.33,5066284,11803737.45,1728,2144654.0,42.33
2018-10-04,JPPOWER,EQ,2.4,2.4,2.5,2.3,2.35,2.3,2.36,10336106,24426755.05,2739,4220771.0,40.84
2018-10-05,JPPOWER,EQ,2.3,2.25,2.35,2.2,2.2,2.25,2.24,5353446,12001124.15,2563,3230066.0,60.34
2018-10-08,JPPOWER,EQ,2.25,2.25,2.25,2.15,2.15,2.15,2.17,3981128,8634427.75,2929,2269485.0,57.01
2018-10-09,JPPOWER,EQ,2.15,2.15,2.2,2.05,2.1,2.05,2.09,3097848,6486200.75,2766,1537163.0,49.62
2018-10-10,JPPOWER,EQ,2.05,2.05,2.15,2.0,2.15,2.15,2.09,3534770,7404811.4,3391,1416354.0,40.07
2018-10-11,JPPOWER,EQ,2.15,2.1,2.2,2.05,2.05,2.1,2.12,7585395,16114596.65,2786,2847938.0,37.55
2018-10-12,JPPOWER,EQ,2.1,2.1,2.15,2.05,2.15,2.1,2.11,3485601,7370667.2,5346,2319358.0,66.54
2018-10-15,JPPOWER,EQ,2.1,2.15,2.15,2.0,2.1,2.1,2.08,4445988,9261959.95,1704,2775218.0,62.42
2018-10-16,JPPOWER,EQ,2.1,2.1,2.15,2.05,2.15,2.1,2.09,6489823,13576044.65,1685,3291917.0,50.72
2018-10-17,JPPOWER,EQ,2.1,2.15,2.15,2.0,2.05,2.0,2.04,6738783,13745263.25,2074,4930357.0,73.16
2018-10-19,JPPOWER,EQ,2.0,2.0,2.05,1.95,2.0,2.0,2.01,3510915,7052386.75,1297,1786183.0,50.88
2018-10-22,JPPOWER,EQ,2.0,2.05,2.05,1.95,2.0,1.95,1.99,2273024,4527182.9,1346,1331557.0,58.58
2018-10-23,JPPOWER,EQ,1.95,1.95,2.0,1.9,1.9,1.9,1.91,5965559,11416205.05,1892,3470120.0,58.17
2018-10-24,JPPOWER,EQ,1.9,1.9,1.95,1.85,1.85,1.85,1.87,5096874,9508790.1,1360,2886038.0,56.62
2018-10-25,JPPOWER,EQ,1.85,1.8,1.8,1.8,1.8,1.8,1.8,708980,1276164.0,678,708979.0,100.0
2018-10-26,JPPOWER,EQ,1.8,1.8,1.8,1.75,1.8,1.75,1.76,3204900,5636597.45,1387,1791330.0,55.89
2018-10-29,JPPOWER,EQ,1.75,1.75,1.8,1.75,1.8,1.8,1.8,2905691,5220467.05,832,1905046.0,65.56
2018-10-30,JPPOWER,EQ,1.8,1.85,1.85,1.8,1.85,1.85,1.85,2694248,4984286.65,375,2239307.0,83.11
2018-10-31,JPPOWER,EQ,1.85,1.9,1.9,1.9,1.9,1.9,1.9,168709,320547.1,136,168709.0,100.0
2018-11-01,JPPOWER,EQ,1.9,1.95,1.95,1.95,1.95,1.95,1.95,265904,518512.8,121,265904.0,100.0
2018-11-02,JPPOWER,EQ,1.95,2.0,2.0,1.95,2.0,2.0,2.0,1374288,2748553.75,349,691628.0,50.33
2018-11-05,JPPOWER,EQ,2.0,2.1,2.1,2.0,2.1,2.1,2.09,9671919,20211615.7,1813,4362953.0,45.11
2018-11-06,JPPOWER,EQ,2.1,2.1,2.2,2.05,2.2,2.2,2.14,4630926,9906668.45,1547,2725635.0,58.86
2018-11-07,JPPOWER,EQ,2.2,2.25,2.3,2.25,2.3,2.3,2.29,3899209,8948259.55,966,3378743.0,86.65
2018-11-09,JPPOWER,EQ,2.3,2.35,2.4,2.25,2.3,2.3,2.31,10986407,25408185.1,2925,6250572.0,56.89
2018-11-12,JPPOWER,EQ,2.3,2.3,2.35,2.2,2.2,2.2,2.23,3448618,7684377.75,1285,2225939.0,64.55
2018-11-13,JPPOWER,EQ,2.2,2.1,2.15,2.1,2.1,2.1,2.1,1723111,3620358.5,1187,1475576.0,85.63
2018-11-14,JPPOWER,EQ,2.1,2.05,2.05,2.0,2.0,2.0,2.0,3870925,7746627.6,1402,3391497.0,87.61
2018-11-15,JPPOWER,EQ,2.0,1.9,1.95,1.9,1.95,1.9,1.91,7311210,13983208.1,2299,4214374.0,57.64
2018-11-16,JPPOWER,EQ,1.9,1.9,1.95,1.85,1.85,1.85,1.88,8540677,16091726.9,3298,4375906.0,51.24
2018-11-19,JPPOWER,EQ,1.85,1.8,1.9,1.8,1.9,1.9,1.83,7742163,14187536.7,1940,4718795.0,60.95
2018-11-20,JPPOWER,EQ,1.9,1.95,1.95,1.85,1.95,1.95,1.93,4652291,8977786.3,1994,2466316.0,53.01
2018-11-21,JPPOWER,EQ,1.95,1.95,2.0,1.9,2.0,2.0,1.97,3822807,7538398.7,2045,1200771.0,31.41
2018-11-22,JPPOWER,EQ,2.0,2.1,2.1,2.05,2.1,2.1,2.1,4018783,8438893.35,1098,1779566.0,44.28
2018-11-26,JPPOWER,EQ,2.1,2.2,2.2,2.15,2.2,2.2,2.2,2857410,6284627.6,846,1613020.0,56.45
2018-11-27,JPPOWER,EQ,2.2,2.3,2.3,2.15,2.2,2.2,2.24,9778402,21896520.05,3033,4608149.0,47.13
2018-11-28,JPPOWER,EQ,2.2,2.2,2.2,2.1,2.1,2.1,2.11,4334362,9153085.8,1603,2350301.0,54.22
2018-11-29,JPPOWER,EQ,2.1,2.1,2.15,2.05,2.1,2.05,2.09,3357039,7009727.45,1290,1623957.0,48.37
2018-11-30,JPPOWER,EQ,2.05,2.1,2.1,1.95,1.95,1.95,1.99,6930893,13808234.65,2543,3993522.0,57.62
2018-12-03,JPPOWER,EQ,1.95,1.95,2.0,1.9,2.0,2.0,1.95,6634555,12935756.25,2078,2575342.0,38.82
2018-12-04,JPPOWER,EQ,2.0,2.1,2.1,2.0,2.1,2.1,2.09,5398599,11284875.7,1409,1805662.0,33.45
2018-12-05,JPPOWER,EQ,2.1,2.05,2.1,2.0,2.1,2.05,2.06,3608652,7426052.8,1185,1469409.0,40.72
2018-12-06,JPPOWER,EQ,2.05,2.05,2.05,1.95,1.95,2.0,1.99,4356298,8675899.2,912,1542314.0,35.40
2018-12-07,JPPOWER,EQ,2.0,2.0,2.05,1.95,2.0,2.0,1.98,2459037,4859402.7,858,1506740.0,61.27
2018-12-10,JPPOWER,EQ,2.0,1.95,2.0,1.9,1.95,1.9,1.94,3503247,6790988.45,919,1477365.0,42.17
2018-12-11,JPPOWER,EQ,1.9,1.9,1.95,1.85,1.95,1.95,1.93,2539127,4891405.4,584,783586.0,30.86
2018-12-12,JPPOWER,EQ,1.95,2.0,2.0,1.95,2.0,2.0,1.99,1746411,3475683.65,1224,1132792.0,64.86
2018-12-13,JPPOWER,EQ,2.0,2.05,2.1,2.0,2.05,2.0,2.04,1702750,3479951.1,1556,731607.0,42.97
2018-12-14,JPPOWER,EQ,2.0,2.0,2.05,1.95,2.05,2.0,2.0,2139992,4279435.85,619,1239430.0,57.92
2018-12-17,JPPOWER,EQ,2.0,2.0,2.05,1.95,2.05,2.0,2.01,1755142,3524019.9,543,1114450.0,63.50
2018-12-18,JPPOWER,EQ,2.0,2.0,2.05,1.95,2.05,2.05,2.02,2758199,5561463.8,630,1773010.0,64.28
2018-12-19,JPPOWER,EQ,2.05,2.05,2.1,2.0,2.1,2.1,2.06,2796212,5752577.8,632,1437834.0,51.42
2018-12-20,JPPOWER,EQ,2.1,2.1,2.1,2.05,2.05,2.05,2.06,1345713,2773564.9,540,636857.0,47.32
2018-12-21,JPPOWER,EQ,2.05,2.05,2.1,2.0,2.05,2.1,2.07,3115845,6445595.65,1431,1447400.0,46.45
2018-12-24,JPPOWER,EQ,2.1,2.1,2.1,2.05,2.05,2.1,2.07,1082059,2244786.25,363,514031.0,47.50
2018-12-26,JPPOWER,EQ,2.1,2.05,2.1,2.0,2.05,2.05,2.02,1074412,2174250.05,1181,576642.0,53.67
2018-12-27,JPPOWER,EQ,2.05,2.05,2.05,2.0,2.05,2.05,2.02,965333,1952239.1,579,510521.0,52.89
2018-12-28,JPPOWER,EQ,2.05,2.05,2.1,2.0,2.1,2.05,2.05,2529607,5175043.0,679,1106277.0,43.73
2018-12-31,JPPOWER,EQ,2.05,2.05,2.1,2.0,2.05,2.05,2.05,1056047,2164746.85,575,628617.0,59.53
2019-01-01,JPPOWER,EQ,2.05,2.05,2.15,2.0,2.15,2.1,2.1,5148897,10808770.75,1132,2424165.0,47.08
2019-01-02,JPPOWER,EQ,2.1,2.15,2.15,2.05,2.1,2.1,2.09,2461363,5154924.6,657,1289332.0,52.38
2019-01-03,JPPOWER,EQ,2.1,2.05,2.1,2.05,2.1,2.1,2.08,709334,1476423.3,357,439973.0,62.03
2019-01-04,JPPOWER,EQ,2.1,2.05,2.1,2.05,2.1,2.05,2.06,934430,1928681.1,370,669078.0,71.60
2019-01-07,JPPOWER,EQ,2.05,2.1,2.1,2.0,2.05,2.05,2.05,2222320,4551354.95,1025,1079995.0,48.60
2019-01-08,JPPOWER,EQ,2.05,2.05,2.1,2.0,2.0,2.05,2.05,1620050,3316709.45,561,718344.0,44.34
2019-01-09,JPPOWER,EQ,2.05,2.05,2.1,2.0,2.05,2.05,2.03,969479,1968256.0,460,841744.0,86.82
2019-01-10,JPPOWER,EQ,2.05,2.0,2.1,2.0,2.05,2.05,2.05,1624608,3326731.1,793,1163463.0,71.61
2019-01-11,JPPOWER,EQ,2.05,2.05,2.05,2.0,2.0,2.0,2.01,1893679,3800786.2,607,1109723.0,58.60
2019-01-14,JPPOWER,EQ,2.0,2.0,2.05,1.95,1.95,2.0,2.0,1964171,3934545.0,582,920033.0,46.84
2019-01-15,JPPOWER,EQ,2.0,2.0,2.0,1.95,2.0,1.95,1.99,778145,1546855.7,476,567306.0,72.90
2019-01-16,JPPOWER,EQ,1.95,2.0,2.0,1.95,1.95,1.95,1.97,1293957,2550652.95,382,603183.0,46.62
2019-01-17,JPPOWER,EQ,1.95,2.0,2.0,1.95,1.95,1.95,1.97,981197,1929772.8,381,644352.0,65.67
2019-01-18,JPPOWER,EQ,1.95,1.95,2.0,1.9,1.95,1.95,1.95,2524377,4923569.85,677,1321826.0,52.36
2019-01-21,JPPOWER,EQ,1.95,1.95,1.95,1.9,1.95,1.95,1.93,861351,1661258.1,520,791899.0,91.94
2019-01-22,JPPOWER,EQ,1.95,1.9,1.95,1.9,1.9,1.9,1.9,1604515,3052265.9,699,909550.0,56.69
2019-01-23,JPPOWER,EQ,1.9,1.9,1.95,1.85,1.95,1.95,1.9,2175641,4127102.5,535,956664.0,43.97
2019-01-24,JPPOWER,EQ,1.95,1.95,2.0,1.9,2.0,1.95,1.95,1846265,3602110.85,536,967880.0,52.42
2019-01-25,JPPOWER,EQ,1.95,2.0,2.0,1.9,2.0,1.95,1.96,1399544,2741242.0,554,855139.0,61.10
2019-01-28,JPPOWER,EQ,1.95,1.95,1.95,1.9,1.9,1.9,1.9,1339072,2550810.6,438,,-
2019-01-29,JPPOWER,EQ,1.9,1.85,1.9,1.85,1.85,1.85,1.86,1417770,2632740.5,683,839986.0,59.25
2019-01-30,JPPOWER,EQ,1.85,1.85,1.85,1.8,1.85,1.8,1.81,2215428,4003010.8,664,921123.0,41.58
2019-01-31,JPPOWER,EQ,1.8,1.8,1.85,1.75,1.85,1.8,1.8,2092572,3762906.95,721,1143927.0,54.67
2019-02-01,JPPOWER,EQ,1.8,1.8,1.85,1.8,1.85,1.85,1.85,1961953,3620745.95,481,967167.0,49.30
2019-02-04,JPPOWER,EQ,1.85,1.85,1.9,1.8,1.8,1.8,1.81,4289835,7758199.4,630,1923667.0,44.84
2019-02-05,JPPOWER,EQ,1.8,1.8,1.8,1.75,1.75,1.75,1.75,1783550,3129045.8,599,948541.0,53.18
2019-02-06,JPPOWER,EQ,1.75,1.7,1.7,1.7,1.7,1.7,1.7,698058,1186698.6,574,694557.0,99.50
2019-02-07,JPPOWER,EQ,1.7,1.55,1.65,1.55,1.55,1.55,1.59,4328681,6873020.85,1377,2422738.0,55.97
2019-02-08,JPPOWER,EQ,1.55,1.55,1.7,1.5,1.7,1.7,1.64,2778501,4570020.4,653,1257277.0,45.25
2019-02-11,JPPOWER,EQ,1.7,1.75,1.85,1.55,1.55,1.55,1.64,4633772,7605524.2,1439,2715948.0,58.61
2019-02-12,JPPOWER,EQ,1.55,1.6,1.65,1.55,1.65,1.6,1.62,2096432,3393366.5,930,561798.0,26.80
2019-02-13,JPPOWER,EQ,1.6,1.65,1.65,1.55,1.6,1.55,1.6,2260898,3608309.2,765,1119677.0,49.52
2019-02-14,JPPOWER,EQ,1.55,1.6,1.6,1.55,1.55,1.55,1.58,1088359,1715221.95,566,730458.0,67.12
2019-02-15,JPPOWER,EQ,1.55,1.55,1.6,1.55,1.6,1.6,1.58,914762,1442024.65,532,598179.0,65.39
2019-02-18,JPPOWER,EQ,1.6,1.6,1.6,1.55,1.55,1.55,1.57,777748,1224905.35,481,394177.0,50.68
2019-02-19,JPPOWER,EQ,1.55,1.55,1.65,1.55,1.55,1.6,1.6,1482477,2372869.0,673,844115.0,56.94
2019-02-20,JPPOWER,EQ,1.6,1.55,1.65,1.55,1.6,1.6,1.61,2010752,3242961.4,704,1080456.0,53.73
2019-02-21,JPPOWER,EQ,1.6,1.6,1.75,1.6,1.75,1.75,1.7,5368433,9146656.6,851,2297045.0,42.79
2019-02-22,JPPOWER,EQ,1.75,1.85,1.9,1.8,1.9,1.9,1.89,4320267,8168262.35,1098,1962850.0,45.43
2019-02-25,JPPOWER,EQ,1.9,2.0,2.0,1.75,1.85,1.8,1.86,4195198,7796661.3,1422,2854405.0,68.04
2019-02-26,JPPOWER,EQ,1.8,1.8,1.9,1.7,1.9,1.9,1.82,3961609,7221483.1,876,1720117.0,43.42
2019-02-27,JPPOWER,EQ,1.9,1.9,1.95,1.8,1.8,1.8,1.87,3492725,6520056.3,861,1568045.0,44.89
2019-02-28,JPPOWER,EQ,1.8,1.85,1.9,1.8,1.9,1.85,1.85,1894863,3511843.85,694,1162037.0,61.33
2019-03-01,JPPOWER,EQ,1.85,1.9,1.95,1.8,1.9,1.9,1.87,3992958,7483312.9,1025,2634387.0,65.98
2019-03-05,JPPOWER,EQ,1.9,1.9,2.05,1.9,2.05,2.05,2.02,4576954,9266100.6,973,2720623.0,59.44
2019-03-06,JPPOWER,EQ,2.05,2.15,2.25,2.15,2.25,2.25,2.24,10672088,23873486.7,1439,4761922.0,44.62
2019-03-07,JPPOWER,EQ,2.25,2.35,2.45,2.3,2.45,2.45,2.42,19776750,47775442.1,3686,7170841.0,36.26
2019-03-08,JPPOWER,EQ,2.45,2.4,2.4,2.35,2.35,2.35,2.35,4664066,10978320.2,1126,3157017.0,67.69
2019-03-11,JPPOWER,EQ,2.35,2.25,2.25,2.25,2.25,2.25,2.25,691528,1555938.0,503,691499.0,100.0
2019-03-12,JPPOWER,EQ,2.25,2.15,2.3,2.15,2.15,2.15,2.18,9291892,20250479.55,1573,5185791.0,55.81
2019-03-13,JPPOWER,EQ,2.15,2.05,2.25,2.05,2.05,2.05,2.1,7801266,16349212.3,1710,3098537.0,39.72
2019-03-14,JPPOWER,EQ,2.05,2.0,2.1,1.95,2.0,2.05,2.0,4513688,9019130.75,1132,2620263.0,58.05
2019-03-15,JPPOWER,EQ,2.05,2.0,2.05,1.95,1.95,1.95,1.97,3193839,6307503.6,1318,2309193.0,72.3
2019-03-18,JPPOWER,EQ,1.95,1.95,2.0,1.9,1.95,1.9,1.92,2200000,4230773.55,1084,1608064.0,73.09
2019-03-19,JPPOWER,EQ,1.9,1.9,1.95,1.9,1.95,1.95,1.94,3064270,5942600.6,747,1513475.0,49.39
2019-03-20,JPPOWER,EQ,1.95,1.95,2.0,1.9,1.9,1.9,1.95,2473672,4824558.7,987,1803875.0,72.92
2019-03-22,JPPOWER,EQ,1.9,1.9,1.95,1.85,1.95,1.95,1.9,2744947,5225613.2,798,1372501.0,50.0
2019-03-25,JPPOWER,EQ,1.95,1.95,1.95,1.9,1.9,1.9,1.9,1346023,2559858.05,603,827350.0,61.47
2019-03-26,JPPOWER,EQ,1.9,1.9,1.95,1.85,1.9,1.9,1.9,2008399,3814567.4,887,1512802.0,75.32
2019-03-27,JPPOWER,EQ,1.9,1.95,1.95,1.85,1.85,1.9,1.91,1432910,2729994.95,780,1172126.0,81.8
2019-03-28,JPPOWER,EQ,1.9,1.9,1.95,1.85,1.9,1.9,1.89,1121008,2122562.1,637,816238.0,72.81
2019-03-29,JPPOWER,EQ,1.9,1.9,1.95,1.85,1.9,1.85,1.88,1727960,3253236.35,704,991539.0,57.38
2019-04-01,JPPOWER,EQ,1.85,1.9,1.9,1.85,1.9,1.85,1.87,694796,1297670.4,378,573293.0,82.51
2019-04-02,JPPOWER,EQ,1.85,1.9,1.9,1.85,1.9,1.9,1.9,1556316,2954485.0,328,1005531.0,64.61
2019-04-03,JPPOWER,EQ,1.9,1.95,1.95,1.9,1.95,1.95,1.95,2083694,4063053.3,353,1046343.0,50.22
2019-04-04,JPPOWER,EQ,1.95,2.0,2.0,2.0,2.0,2.0,2.0,443179,886358.0,249,443179.0,100.0
2019-04-05,JPPOWER,EQ,2.0,2.1,2.2,2.1,2.2,2.2,2.16,5788969,12524098.85,1340,3430862.0,59.27
2019-04-08,JPPOWER,EQ,2.2,2.4,2.4,2.1,2.25,2.25,2.28,8579132,19519216.1,1907,3562358.0,41.52
2019-04-09,JPPOWER,EQ,2.25,2.25,2.25,2.05,2.05,2.05,2.11,3319856,7021379.4,724,2238970.0,67.44
2019-04-10,JPPOWER,EQ,2.05,2.1,2.1,1.95,2.05,2.05,2.04,2364057,4811956.35,571,1022252.0,43.24
2019-04-11,JPPOWER,EQ,2.05,2.1,2.25,2.0,2.2,2.15,2.15,3032752,6506504.1,812,1983097.0,65.39
2019-04-12,JPPOWER,EQ,2.15,2.15,2.2,2.1,2.15,2.15,2.15,958374,2062194.35,504,444856.0,46.42
2019-04-15,JPPOWER,EQ,2.15,2.2,2.25,2.15,2.25,2.2,2.21,3269099,7215072.95,780,1958132.0,59.9
2019-04-16,JPPOWER,EQ,2.2,2.25,2.3,2.15,2.25,2.2,2.24,4087267,9145800.55,620,2388930.0,58.45
2019-04-18,JPPOWER,EQ,2.2,2.2,2.4,2.2,2.4,2.4,2.32,7971642,18479127.2,1582,6091789.0,76.42
2019-04-22,JPPOWER,EQ,2.4,2.45,2.6,2.4,2.6,2.6,2.58,4880367,12589653.9,964,3446869.0,70.63
2019-04-23,JPPOWER,EQ,2.6,2.85,2.85,2.85,2.85,2.85,2.85,1799243,5127842.55,524,1799243.0,100.0
2019-04-24,JPPOWER,EQ,2.85,2.95,2.95,2.95,2.95,2.95,2.95,1265052,3731903.4,453,1265052.0,100.0
2019-04-25,JPPOWER,EQ,2.95,3.05,3.05,2.85,2.85,2.85,2.93,18053383,52952133.6,3329,9809722.0,54.34
2019-04-26,JPPOWER,EQ,2.85,2.85,2.95,2.75,2.95,2.95,2.83,12517028,35461431.35,1974,8845075.0,70.66
2019-04-30,JPPOWER,EQ,2.95,3.0,3.05,2.85,2.9,2.85,2.98,4479604,13367079.4,1520,2931464.0,65.44
2019-05-02,JPPOWER,EQ,2.85,2.85,2.9,2.75,2.85,2.8,2.77,3380202,9355679.5,930,2308974.0,68.31
2019-05-03,JPPOWER,EQ,2.8,2.8,2.9,2.8,2.9,2.9,2.9,3118535,9033400.4,713,2136214.0,68.5
2019-05-06,JPPOWER,EQ,2.9,2.9,3.0,2.85,3.0,3.0,2.98,3069910,9133405.85,795,2218391.0,72.26
2019-05-07,JPPOWER,EQ,3.0,3.1,3.15,3.1,3.15,3.15,3.15,4107559,12929363.05,831,3227951.0,78.59
2019-05-08,JPPOWER,EQ,3.15,3.25,3.3,3.0,3.0,3.0,3.14,10556876,33184280.15,1764,5329755.0,50.49
2019-05-09,JPPOWER,EQ,3.0,2.85,3.15,2.85,3.15,3.15,3.09,3581280,11078700.9,1426,2585893.0,72.21
2019-05-10,JPPOWER,EQ,3.15,3.3,3.3,3.3,3.3,3.3,3.3,2056145,6785278.5,572,2056145.0,100.0
2019-05-13,JPPOWER,EQ,3.3,3.35,3.45,3.15,3.15,3.15,3.27,5490580,17933957.4,712,4633848.0,84.4
2019-05-14,JPPOWER,EQ,3.15,3.05,3.1,3.0,3.0,3.0,3.0,1342963,4032521.15,384,956195.0,71.2
2019-05-15,JPPOWER,EQ,3.0,2.85,2.95,2.85,2.85,2.85,2.88,5523369,15890388.75,979,2931208.0,53.07
2019-05-16,JPPOWER,EQ,2.85,2.85,2.85,2.75,2.75,2.75,2.76,1819078,5014783.75,541,1207334.0,66.37
2019-05-17,JPPOWER,EQ,2.75,2.65,2.85,2.65,2.65,2.65,2.7,4077987,11005539.2,703,2458498.0,60.29
2019-05-20,JPPOWER,EQ,2.65,2.75,2.75,2.7,2.75,2.75,2.75,2817327,7747321.1,432,2305757.0,81.84
2019-05-21,JPPOWER,EQ,2.75,2.85,2.85,2.65,2.85,2.85,2.81,3881289,10920053.8,858,2107165.0,54.29
2019-05-22,JPPOWER,EQ,2.85,2.85,2.95,2.75,2.75,2.75,2.78,2064942,5739063.0,745,1197384.0,57.99
2019-05-23,JPPOWER,EQ,2.75,2.65,2.75,2.65,2.65,2.65,2.66,10294564,27360207.2,1239,4064340.0,39.48
2019-05-24,JPPOWER,EQ,2.65,2.65,2.7,2.55,2.55,2.55,2.57,1137675,2921980.55,492,1038335.0,91.27
2019-05-27,JPPOWER,EQ,2.55,2.45,2.5,2.45,2.45,2.45,2.45,1370469,3357649.1,383,768943.0,56.11
2019-05-28,JPPOWER,EQ,2.45,2.35,2.4,2.35,2.35,2.35,2.35,1751687,4116543.15,364,919585.0,52.5
2019-05-29,JPPOWER,EQ,2.35,2.25,2.25,2.25,2.25,2.25,2.25,329747,741930.75,258,327789.0,99.41
2019-05-30,JPPOWER,EQ,2.25,2.2,2.35,2.15,2.35,2.35,2.31,1610177,3713729.15,502,1104359.0,68.59
2019-05-31,JPPOWER,EQ,2.35,2.45,2.45,2.4,2.45,2.45,2.44,1925656,4704752.85,716,1128350.0,58.6
2019-06-03,JPPOWER,EQ,2.45,2.55,2.55,2.45,2.55,2.5,2.5,1250756,3121508.1,489,727853.0,58.19
2019-06-04,JPPOWER,EQ,2.5,2.55,2.55,2.4,2.45,2.45,2.43,2198789,5345775.0,731,1170795.0,53.25
2019-06-06,JPPOWER,EQ,2.45,2.5,2.5,2.35,2.35,2.35,2.38,1574099,3749415.4,773,749087.0,47.59
2019-06-07,JPPOWER,EQ,2.35,2.3,2.35,2.25,2.25,2.25,2.26,1863430,4214218.1,672,1319166.0,70.79
2019-06-10,JPPOWER,EQ,2.25,2.25,2.35,2.25,2.35,2.35,2.34,1623116,3795394.8,376,1092593.0,67.31
2019-06-11,JPPOWER,EQ,2.35,2.4,2.45,2.25,2.25,2.25,2.29,1365224,3130838.15,582,968521.0,70.94
2019-06-12,JPPOWER,EQ,2.25,2.25,2.25,2.15,2.2,2.15,2.17,1202150,2610885.2,448,701305.0,58.34
2019-06-13,JPPOWER,EQ,2.15,2.15,2.2,2.05,2.1,2.05,2.09,1176449,2461567.95,463,884323.0,75.17
2019-06-14,JPPOWER,EQ,2.05,2.05,2.1,2.0,2.05,2.0,2.04,1277917,2607128.65,614,1048996.0,82.09
2019-06-17,JPPOWER,EQ,2.0,2.0,2.1,2.0,2.05,2.05,2.08,1083971,2249467.15,454,666577.0,61.49
2019-06-18,JPPOWER,EQ,2.05,2.05,2.1,1.95,1.95,1.95,2.0,1801516,3608578.05,778,1207332.0,62.88
2019-06-19,JPPOWER,EQ,1.95,1.95,2.0,1.9,1.9,1.9,1.9,1294893,2466489.8,431,1204259.0,93.0
2019-06-20,JPPOWER,EQ,1.9,1.85,1.95,1.85,1.95,1.95,1.87,2456169,4597600.65,778,1817597.0,74.0
2019-06-21,JPPOWER,EQ,1.95,1.95,2.0,1.95,2.0,2.0,2.0,812847,1625661.4,338,587185.0,72.24
2019-06-24,JPPOWER,EQ,2.0,2.0,2.1,2.0,2.0,2.0,2.07,1023965,2114698.0,543,739528.0,72.22
2019-06-25,JPPOWER,EQ,2.0,2.0,2.1,1.95,2.05,2.0,2.02,600161,1213245.9,378,320884.0,53.47
2019-06-26,JPPOWER,EQ,2.0,2.05,2.1,1.95,2.05,2.05,2.06,2102804,4333881.85,857,995586.0,47.35
2019-06-27,JPPOWER,EQ,2.05,2.1,2.15,2.05,2.15,2.1,2.09,1478373,3088098.2,404,1297326.0,87.75
2019-06-28,JPPOWER,EQ,2.1,2.1,2.1,2.0,2.0,2.0,2.06,443068,912745.3,293,256428.0,57.88
2019-07-01,JPPOWER,EQ,2.0,2.0,2.05,1.95,2.0,2.0,2.0,1248373,2494268.4,342,906662.0,72.63
2019-07-02,JPPOWER,EQ,2.0,2.0,2.0,1.9,2.0,1.95,1.94,1502340,2922032.25,379,759730.0,50.57
2019-07-03,JPPOWER,EQ,1.95,1.95,2.0,1.9,2.0,2.0,1.97,487495,958637.3,354,328629.0,67.41
2019-07-04,JPPOWER,EQ,2.0,2.05,2.05,1.95,2.0,2.0,2.01,308455,619739.85,278,261776.0,84.87
2019-07-05,JPPOWER,EQ,2.0,2.0,2.05,1.95,1.95,1.95,1.99,526365,1048536.7,282,410278.0,77.95
2019-07-08,JPPOWER,EQ,1.95,1.95,1.95,1.9,1.9,1.9,1.92,1158034,2220371.6,414,746790.0,64.49
2019-07-09,JPPOWER,EQ,1.9,1.9,1.95,1.85,1.85,1.85,1.88,637678,1201581.65,331,416685.0,65.34
2019-07-10,JPPOWER,EQ,1.85,1.85,1.9,1.8,1.85,1.8,1.85,775870,1431812.15,496,532867.0,68.68
2019-07-11,JPPOWER,EQ,1.8,1.85,1.85,1.8,1.85,1.85,1.85,712943,1317678.6,188,617225.0,86.57
2019-07-12,JPPOWER,EQ,1.85,1.9,1.9,1.85,1.9,1.9,1.89,383751,726339.1,177,318244.0,82.93
2019-07-15,JPPOWER,EQ,1.9,1.9,1.95,1.9,1.95,1.95,1.95,416452,811895.65,129,262952.0,63.14
2019-07-16,JPPOWER,EQ,1.95,2.0,2.0,2.0,2.0,2.0,2.0,272950,545900.0,131,272950.0,100.0
2019-07-17,JPPOWER,EQ,2.0,2.05,2.1,2.0,2.1,2.1,2.09,1192089,2487959.45,330,747795.0,62.73
2019-07-18,JPPOWER,EQ,2.1,2.2,2.2,2.0,2.0,2.0,2.06,955091,1970854.85,368,647552.0,67.8
2019-07-19,JPPOWER,EQ,2.0,1.95,1.95,1.9,1.9,1.9,1.91,1202689,2292740.2,537,802314.0,66.71
2019-07-22,JPPOWER,EQ,1.9,1.9,1.9,1.85,1.85,1.85,1.85,1315627,2439599.8,432,759131.0,57.7
2019-07-23,JPPOWER,EQ,1.85,1.85,1.9,1.8,1.9,1.9,1.84,861059,1584183.55,268,442087.0,51.34
2019-07-24,JPPOWER,EQ,1.9,1.9,1.95,1.85,1.9,1.9,1.91,751566,1435516.6,309,322534.0,42.91
2019-07-25,JPPOWER,EQ,1.9,1.85,1.9,1.85,1.85,1.85,1.86,787692,1461739.0,298,443417.0,56.29
2019-07-26,JPPOWER,EQ,1.85,1.9,1.9,1.85,1.9,1.9,1.88,565373,1063527.45,390,389315.0,68.86
2019-07-29,JPPOWER,EQ,1.9,1.9,1.95,1.85,1.95,1.9,1.87,1932834,3605501.5,438,943547.0,48.82
2019-07-30,JPPOWER,EQ,1.9,1.85,1.9,1.85,1.85,1.85,1.85,839562,1555403.9,234,340084.0,40.51
2019-07-31,JPPOWER,EQ,1.85,1.8,1.8,1.8,1.8,1.8,1.8,294598,530276.4,275,184207.0,62.53
2019-08-01,JPPOWER,EQ,1.8,1.75,1.8,1.75,1.75,1.75,1.75,363042,635353.5,244,236145.0,65.05
2019-08-02,JPPOWER,EQ,1.75,1.7,1.8,1.7,1.75,1.7,1.71,1871181,3203240.75,657,913920.0,48.84
2019-08-05,JPPOWER,EQ,1.7,1.7,1.7,1.65,1.7,1.65,1.66,435682,724311.55,357,323995.0,74.37
2019-08-06,JPPOWER,EQ,1.65,1.65,1.7,1.65,1.7,1.7,1.68,629221,1059583.7,274,400448.0,63.64
2019-08-07,JPPOWER,EQ,1.7,1.75,1.8,1.65,1.7,1.65,1.72,1181296,2031032.0,469,410902.0,34.78
2019-08-08,JPPOWER,EQ,1.65,1.65,1.7,1.6,1.65,1.65,1.65,650452,1070582.1,347,418650.0,64.36
2019-08-09,JPPOWER,EQ,1.65,1.65,1.7,1.6,1.65,1.65,1.68,372966,624799.15,306,216929.0,58.16
2019-08-13,JPPOWER,EQ,1.65,1.7,1.75,1.65,1.65,1.65,1.69,697173,1177604.7,294,505947.0,72.57
2019-08-14,JPPOWER,EQ,1.65,1.65,1.75,1.65,1.75,1.7,1.7,973274,1652164.95,260,732578.0,75.27
2019-08-16,JPPOWER,EQ,1.7,1.7,1.75,1.65,1.65,1.65,1.7,373435,633631.7,237,268391.0,71.87
2019-08-19,JPPOWER,EQ,1.65,1.7,1.8,1.65,1.8,1.75,1.71,731415,1249165.3,345,455260.0,62.24
2019-08-20,JPPOWER,EQ,1.75,1.75,1.8,1.65,1.75,1.7,1.7,274893,467651.2,287,219905.0,80.0
2019-08-21,JPPOWER,EQ,1.7,1.65,1.75,1.55,1.7,1.7,1.64,1007522,1654094.0,421,576394.0,57.21
2019-08-22,JPPOWER,EQ,1.7,1.7,1.7,1.55,1.55,1.55,1.57,1421015,2231198.5,575,945408.0,66.53
2019-08-23,JPPOWER,EQ,1.55,1.6,1.65,1.5,1.65,1.6,1.59,658871,1045949.65,351,444276.0,67.43
2019-08-26,JPPOWER,EQ,1.6,1.65,1.65,1.55,1.65,1.6,1.61,510089,820083.1,244,427310.0,83.77
2019-08-27,JPPOWER,EQ,1.6,1.65,1.65,1.55,1.6,1.6,1.58,833226,1316263.7,329,728223.0,87.4
2019-08-28,JPPOWER,EQ,1.6,1.6,1.6,1.45,1.45,1.5,1.53,1467696,2239535.35,454,937941.0,63.91
2019-08-29,JPPOWER,EQ,1.5,1.45,1.55,1.45,1.55,1.55,1.5,934368,1401852.2,456,583800.0,62.48
2019-08-30,JPPOWER,EQ,1.55,1.55,1.55,1.5,1.5,1.5,1.51,474799,716172.35,285,322111.0,67.84
2019-09-03,JPPOWER,EQ,1.5,1.55,1.55,1.4,1.55,1.55,1.51,547374,824440.9,296,275193.0,50.28
2019-09-04,JPPOWER,EQ,1.55,1.55,1.55,1.45,1.5,1.5,1.5,841226,1265072.45,298,496036.0,58.97
2019-09-05,JPPOWER,EQ,1.5,1.55,1.65,1.5,1.65,1.65,1.6,1167882,1873425.15,334,838203.0,71.77
2019-09-06,JPPOWER,EQ,1.65,1.65,1.75,1.6,1.65,1.65,1.67,1272333,2119485.05,636,564964.0,44.4
2019-09-09,JPPOWER,EQ,1.65,1.65,1.7,1.55,1.7,1.7,1.65,1355188,2237561.05,383,655664.0,48.38
2019-09-11,JPPOWER,EQ,1.7,1.65,1.85,1.6,1.85,1.85,1.8,4470440,8024713.3,923,2441619.0,54.62
2019-09-12,JPPOWER,EQ,1.85,1.85,1.85,1.7,1.7,1.7,1.78,1605256,2856232.35,512,920485.0,57.34
2019-09-13,JPPOWER,EQ,1.7,1.75,1.75,1.7,1.7,1.7,1.71,555265,949932.45,372,336421.0,60.59
2019-09-16,JPPOWER,EQ,1.7,1.65,1.85,1.65,1.8,1.8,1.75,1082007,1894677.95,2360,483762.0,44.71
2019-09-17,JPPOWER,EQ,1.8,1.8,1.85,1.7,1.75,1.7,1.75,931236,1625232.2,632,605917.0,65.07
2019-09-18,JPPOWER,EQ,1.7,1.7,1.85,1.65,1.85,1.85,1.8,3847593,6926697.75,933,2581860.0,67.1
2019-09-19,JPPOWER,EQ,1.85,2.0,2.0,1.8,1.8,1.85,1.96,4833873,9469682.35,1068,2143835.0,44.35
2019-09-20,JPPOWER,EQ,1.85,1.85,1.9,1.7,1.7,1.7,1.71,3173953,5441325.95,772,2595257.0,81.77
2019-09-23,JPPOWER,EQ,1.7,1.75,1.85,1.7,1.75,1.8,1.78,1485995,2638105.35,672,1010644.0,68.01
2019-09-24,JPPOWER,EQ,1.8,1.8,1.8,1.7,1.75,1.75,1.76,716466,1263835.8,4430,424960.0,59.31
2019-09-25,JPPOWER,EQ,1.75,1.75,1.8,1.7,1.7,1.7,1.74,478383,832920.8,300,296296.0,61.94
2019-09-26,JPPOWER,EQ,1.7,1.65,1.75,1.65,1.65,1.65,1.68,1211990,2040984.0,485,591801.0,48.83
2019-09-27,JPPOWER,EQ,1.65,1.7,1.7,1.55,1.6,1.6,1.62,916879,1480941.4,566,629318.0,68.64
2019-09-30,JPPOWER,EQ,1.6,1.6,1.6,1.45,1.5,1.5,1.51,2729474,4121843.25,919,1673427.0,61.31
2019-10-01,JPPOWER,EQ,1.5,1.55,1.6,1.45,1.5,1.55,1.53,1320475,2013768.1,510,808826.0,61.25
2019-10-03,JPPOWER,EQ,1.55,1.55,1.6,1.45,1.45,1.5,1.51,588171,888049.0,436,444556.0,75.58
2019-10-04,JPPOWER,EQ,1.5,1.5,1.65,1.45,1.55,1.6,1.61,3289831,5310695.65,839,1670094.0,50.77
2019-10-07,JPPOWER,EQ,1.6,1.6,1.65,1.5,1.55,1.55,1.56,842815,1315900.8,436,541766.0,64.28
2019-10-09,JPPOWER,EQ,1.55,1.55,1.55,1.4,1.5,1.45,1.45,4033325,5855222.25,1289,3045153.0,75.5
2019-10-10,JPPOWER,EQ,1.45,1.5,1.5,1.35,1.4,1.4,1.41,1434131,2023965.55,553,1220908.0,85.13
2019-10-11,JPPOWER,EQ,1.4,1.4,1.4,1.15,1.2,1.2,1.22,9052511,11036875.1,1941,5293332.0,58.47
2019-10-14,JPPOWER,EQ,1.2,1.2,1.25,1.1,1.15,1.15,1.15,5003936,5779275.4,950,3634284.0,72.63
2019-10-15,JPPOWER,EQ,1.15,1.15,1.15,1.0,1.1,1.05,1.06,3637592,3856242.6,874,2172183.0,59.71
2019-10-16,JPPOWER,EQ,1.05,1.0,1.1,1.0,1.05,1.05,1.05,3002007,3155099.95,650,2499670.0,83.27
2019-10-17,JPPOWER,EQ,1.05,1.05,1.15,1.0,1.15,1.15,1.09,5687263,6211924.05,534,4827452.0,84.88
2019-10-18,JPPOWER,EQ,1.15,1.15,1.25,1.1,1.2,1.15,1.16,3010883,3493366.1,626,2249811.0,74.72
2019-10-22,JPPOWER,EQ,1.15,1.2,1.2,1.1,1.15,1.15,1.14,691815,788567.55,325,661608.0,95.63
2019-10-23,JPPOWER,EQ,1.15,1.1,1.15,1.05,1.1,1.1,1.1,2721661,3001621.55,682,2226968.0,81.82
2019-10-24,JPPOWER,EQ,1.1,1.1,1.15,1.05,1.15,1.15,1.09,2156115,2352466.3,452,1248485.0,57.9
2019-10-25,JPPOWER,EQ,1.15,1.15,1.15,1.05,1.05,1.05,1.09,1400923,1530344.05,304,1285205.0,91.74
2019-10-27,JPPOWER,EQ,1.05,1.05,1.15,1.05,1.15,1.15,1.13,917479,1037421.5,251,591357.0,64.45
2019-10-29,JPPOWER,EQ,1.15,1.2,1.2,1.1,1.1,1.1,1.15,2018450,2315443.55,447,1676143.0,83.04
2019-10-30,JPPOWER,EQ,1.1,1.15,1.15,1.05,1.15,1.1,1.11,2063438,2293637.0,489,1507877.0,73.08
2019-10-31,JPPOWER,EQ,1.1,1.1,1.2,1.05,1.15,1.15,1.17,11911390,13889102.8,1170,8407667.0,70.59
2019-11-01,JPPOWER,EQ,1.15,1.15,1.15,1.1,1.15,1.15,1.13,2650510,2997770.2,483,1749505.0,66.01
2019-11-04,JPPOWER,EQ,1.15,1.15,1.15,1.1,1.1,1.1,1.12,2631719,2941748.45,455,1434450.0,54.51
2019-11-05,JPPOWER,EQ,1.1,1.15,1.15,1.1,1.15,1.1,1.11,1273902,1417110.95,336,962387.0,75.55
2019-11-06,JPPOWER,EQ,1.1,1.1,1.15,1.1,1.1,1.1,1.12,1582995,1768911.9,309,1297187.0,81.95
2019-11-07,JPPOWER,EQ,1.1,1.1,1.15,1.05,1.15,1.15,1.1,3498565,3863190.25,478,1611599.0,46.06
2019-11-08,JPPOWER,EQ,1.15,1.1,1.2,1.1,1.15,1.1,1.13,3092589,3508501.2,478,2119718.0,68.54
2019-11-11,JPPOWER,EQ,1.1,1.1,1.15,1.1,1.1,1.15,1.13,1851335,2089286.55,377,1510279.0,81.58
2019-11-13,JPPOWER,EQ,1.15,1.1,1.15,1.05,1.1,1.05,1.1,5179274,5684384.0,966,2662612.0,51.41
2019-11-14,JPPOWER,EQ,1.05,1.05,1.15,1.05,1.15,1.15,1.12,4430394,4942103.1,682,3223989.0,72.77
2019-11-15,JPPOWER,EQ,1.15,1.15,1.2,1.1,1.15,1.15,1.14,1633988,1868143.05,391,1124124.0,68.8
2019-11-18,JPPOWER,EQ,1.15,1.1,1.15,1.05,1.1,1.1,1.1,3268608,3600526.55,509,1369138.0,41.89
2019-11-19,JPPOWER,EQ,1.1,1.1,1.15,1.05,1.1,1.1,1.11,1049166,1160935.35,389,789475.0,75.25
2019-11-20,JPPOWER,EQ,1.1,1.05,1.1,1.0,1.05,1.05,1.05,7976955,8388855.2,968,4834552.0,60.61
2019-11-21,JPPOWER,EQ,1.05,1.05,1.05,1.0,1.05,1.05,1.04,1427737,1478463.5,468,1081548.0,75.75
2019-11-22,JPPOWER,EQ,1.05,1.05,1.1,1.0,1.05,1.05,1.04,1883140,1965071.75,457,1829004.0,97.13
2019-11-25,JPPOWER,EQ,1.05,1.05,1.1,1.0,1.05,1.05,1.05,3660707,3831087.9,648,1911639.0,52.22
2019-11-26,JPPOWER,EQ,1.05,1.05,1.1,1.0,1.1,1.1,1.08,2847643,3088876.85,1910,1993797.0,70.02
2019-11-27,JPPOWER,EQ,1.1,1.1,1.1,1.05,1.05,1.1,1.05,1632087,1719358.1,274,1410712.0,86.44
2019-11-28,JPPOWER,EQ,1.1,1.05,1.1,1.05,1.05,1.05,1.05,2564319,2702845.75,446,2404284.0,93.76
2019-11-29,JPPOWER,EQ,1.05,1.1,1.15,1.0,1.15,1.15,1.12,11259575,12660421.9,560,6020057.0,53.47
2019-12-02,JPPOWER,EQ,1.15,1.25,1.25,1.25,1.25,1.25,1.25,1243870,1554837.5,268,1243870.0,100.0
2019-12-03,JPPOWER,EQ,1.25,1.35,1.35,1.35,1.35,1.35,1.35,327490,442111.5,164,327490.0,100.0
2019-12-04,JPPOWER,EQ,1.35,1.4,1.4,1.4,1.4,1.4,1.4,1547046,2165864.4,209,1547046.0,100.0
2019-12-05,JPPOWER,EQ,1.4,1.45,1.45,1.45,1.45,1.45,1.45,319927,463894.15,140,319927.0,100.0
2019-12-06,JPPOWER,EQ,1.45,1.5,1.5,1.5,1.5,1.5,1.5,656564,984846.0,205,656564.0,100.0
2019-12-09,JPPOWER,EQ,1.5,1.55,1.55,1.45,1.45,1.45,1.5,10826634,16204420.85,1440,6388558.0,59.01
2019-12-10,JPPOWER,EQ,1.45,1.4,1.4,1.4,1.4,1.4,1.4,290466,406652.4,133,290463.0,100.0
2019-12-11,JPPOWER,EQ,1.4,1.35,1.35,1.35,1.35,1.35,1.35,293643,396418.05,95,293643.0,100.0
2019-12-12,JPPOWER,EQ,1.35,1.3,1.4,1.3,1.35,1.4,1.32,13163922,17352042.8,960,7627480.0,57.94
2019-12-13,JPPOWER,EQ,1.4,1.4,1.45,1.35,1.45,1.4,1.38,8358765,11544621.8,589,6722575.0,80.43
2019-12-16,JPPOWER,EQ,1.4,1.45,1.45,1.35,1.35,1.35,1.36,3269524,4451988.65,619,1604079.0,49.06
2019-12-17,JPPOWER,EQ,1.35,1.4,1.4,1.3,1.4,1.4,1.39,8042673,11194216.9,698,7030085.0,87.41
2019-12-18,JPPOWER,EQ,1.4,1.4,1.45,1.35,1.4,1.4,1.4,6861080,9626281.5,1177,5489619.0,80.01
2019-12-19,JPPOWER,EQ,1.4,1.35,1.45,1.35,1.35,1.35,1.39,1457814,2029139.75,733,1359558.0,93.26
2019-12-20,JPPOWER,EQ,1.35,1.35,1.4,1.3,1.35,1.35,1.38,731611,1008659.15,810,603306.0,82.46
2019-12-23,JPPOWER,EQ,1.35,1.35,1.4,1.3,1.3,1.3,1.31,3740909,4916353.3,649,2726521.0,72.88
2019-12-24,JPPOWER,EQ,1.3,1.25,1.35,1.25,1.35,1.35,1.34,4345699,5821856.7,506,3279932.0,75.48
2019-12-26,JPPOWER,EQ,1.35,1.35,1.4,1.3,1.4,1.4,1.38,5813823,8050944.1,343,4459751.0,76.71
2019-12-27,JPPOWER,EQ,1.4,1.45,1.45,1.4,1.45,1.45,1.45,4457488,6451706.0,419,3447145.0,77.33
2019-12-30,JPPOWER,EQ,1.45,1.5,1.5,1.4,1.5,1.5,1.48,6954016,10310091.8,685,4760343.0,68.45
2019-12-31,JPPOWER,EQ,1.5,1.55,1.55,1.55,1.55,1.55,1.55,1284811,1991457.05,148,1284811.0,100.0
2020-01-01,JPPOWER,EQ,1.55,1.6,1.6,1.6,1.6,1.6,1.6,1146701,1834721.6,98,1146701.0,100.0
2020-01-02,JPPOWER,EQ,1.6,1.65,1.65,1.65,1.65,1.65,1.65,193574,319397.1,140,193574.0,100.0
2020-01-03,JPPOWER,EQ,1.65,1.7,1.7,1.7,1.7,1.7,1.7,387130,658121.0,226,387130.0,100.0
2020-01-06,JPPOWER,EQ,1.7,1.75,1.75,1.75,1.75,1.75,1.75,801476,1402583.0,210,801476.0,100.0
2020-01-07,JPPOWER,EQ,1.75,1.8,1.8,1.8,1.8,1.8,1.8,1275176,2295316.8,214,1275176.0,100.0
2020-01-08,JPPOWER,EQ,1.8,1.8,1.8,1.75,1.75,1.75,1.76,2004019,3536092.9,404,1422208.0,70.97
2020-01-09,JPPOWER,EQ,1.75,1.7,1.75,1.7,1.7,1.7,1.7,4540098,7722131.25,823,4030306.0,88.77
2020-01-10,JPPOWER,EQ,1.7,1.65,1.75,1.65,1.75,1.75,1.71,2842565,4860922.85,411,2354806.0,82.84
2020-01-13,JPPOWER,EQ,1.75,1.8,1.8,1.8,1.8,1.8,1.8,358663,645593.4,166,358663.0,100.0
2020-01-14,JPPOWER,EQ,1.8,1.85,1.85,1.85,1.85,1.85,1.85,233675,432298.75,144,233675.0,100.0
2020-01-15,JPPOWER,EQ,1.85,1.9,1.9,1.9,1.9,1.9,1.9,391330,743527.0,131,391330.0,100.0
2020-01-16,JPPOWER,EQ,1.9,1.95,1.95,1.95,1.95,1.95,1.95,240410,468799.5,155,240410.0,100.0
2020-01-17,JPPOWER,EQ,1.95,2.0,2.0,2.0,2.0,2.0,2.0,299688,599376.0,282,299688.0,100.0
2020-01-20,JPPOWER,EQ,2.0,2.1,2.1,2.05,2.1,2.1,2.1,4903195,10288143.4,840,4107835.0,83.78
2020-01-21,JPPOWER,EQ,2.1,2.2,2.2,2.0,2.05,2.05,2.12,15769867,33451620.45,2198,9403851.0,59.63
2020-01-22,JPPOWER,EQ,2.05,2.0,2.05,1.95,1.95,1.95,1.97,5532807,10879175.45,1028,3272494.0,59.15
2020-01-23,JPPOWER,EQ,1.95,1.95,2.0,1.9,1.95,1.95,1.97,8833225,17427820.5,1105,4065493.0,46.03
2020-01-24,JPPOWER,EQ,1.95,1.95,1.95,1.9,1.9,1.9,1.91,5359512,10210249.3,600,3503456.0,65.37
2020-01-27,JPPOWER,EQ,1.9,1.9,1.95,1.85,1.95,1.95,1.93,2887872,5572081.65,585,1863153.0,64.52
2020-01-28,JPPOWER,EQ,1.95,2.0,2.0,1.9,2.0,2.0,1.99,4979275,9894938.85,873,2871702.0,57.67
2020-01-29,JPPOWER,EQ,2.0,2.1,2.1,2.05,2.1,2.1,2.1,1100342,2310120.4,276,680341.0,61.83
2020-01-30,JPPOWER,EQ,2.1,2.2,2.2,2.1,2.2,2.2,2.18,7922601,17291639.4,1668,3989682.0,50.36
2020-01-31,JPPOWER,EQ,2.2,2.3,2.3,2.25,2.3,2.3,2.3,2447651,5620153.35,477,1622977.0,66.31
2020-02-01,JPPOWER,EQ,2.3,2.4,2.4,2.2,2.2,2.2,2.26,9529995,21571314.55,1413,3960596.0,41.56
2020-02-03,JPPOWER,EQ,2.2,2.2,2.2,2.1,2.1,2.1,2.12,2592914,5508968.65,474,1445024.0,55.73
2020-02-04,JPPOWER,EQ,2.1,2.0,2.1,2.0,2.0,2.0,2.01,2996127,6021163.5,815,2252419.0,75.18
2020-02-05,JPPOWER,EQ,2.0,1.95,2.0,1.9,1.9,1.9,1.91,3377378,6436591.2,703,2274424.0,67.34
2020-02-06,JPPOWER,EQ,1.9,1.85,1.95,1.85,1.95,1.9,1.87,2160362,4042450.15,709,1368267.0,63.34
2020-02-07,JPPOWER,EQ,1.9,1.95,1.95,1.9,1.95,1.95,1.95,2139634,4169828.45,451,1122573.0,52.47
2020-02-10,JPPOWER,EQ,1.95,1.95,2.0,1.9,1.9,1.9,1.93,2018574,3897805.35,556,1277398.0,63.28
2020-02-11,JPPOWER,EQ,1.9,1.9,1.9,1.85,1.85,1.85,1.86,1079187,2003870.95,465,817664.0,75.77
2020-02-12,JPPOWER,EQ,1.85,1.8,1.9,1.8,1.8,1.8,1.84,5985048,10992788.9,939,2873205.0,48.01
2020-02-13,JPPOWER,EQ,1.8,1.75,1.75,1.75,1.75,1.75,1.75,469627,821847.25,154,469627.0,100.0
2020-02-14,JPPOWER,EQ,1.75,1.7,1.75,1.7,1.7,1.7,1.7,1533326,2606654.8,292,1533269.0,100.0
2020-02-17,JPPOWER,EQ,1.7,1.65,1.65,1.65,1.65,1.65,1.65,200272,330448.8,144,200272.0,100.0
2020-02-18,JPPOWER,EQ,1.65,1.6,1.6,1.6,1.6,1.6,1.6,333138,533020.8,125,333137.0,100.0
2020-02-19,JPPOWER,EQ,1.6,1.55,1.55,1.55,1.55,1.55,1.55,574460,890413.0,213,574460.0,100.0
2020-02-20,JPPOWER,EQ,1.55,1.5,1.5,1.5,1.5,1.5,1.5,295102,442653.0,276,295102.0,100.0
2020-02-24,JPPOWER,EQ,1.5,1.45,1.45,1.45,1.45,1.45,1.45,299318,434011.1,281,299318.0,100.0
2020-02-25,JPPOWER,EQ,1.45,1.4,1.4,1.4,1.4,1.4,1.4,327664,458729.6,172,327664.0,100.0
2020-02-26,JPPOWER,EQ,1.4,1.35,1.35,1.35,1.35,1.35,1.35,498628,673147.8,194,498628.0,100.0
2020-02-27,JPPOWER,EQ,1.35,1.3,1.3,1.3,1.3,1.3,1.3,1305084,1696609.2,180,1305084.0,100.0
2020-02-28,JPPOWER,EQ,1.3,1.25,1.25,1.25,1.25,1.25,1.25,238481,298101.25,219,238478.0,100.0
2020-03-02,JPPOWER,EQ,1.25,1.2,1.2,1.2,1.2,1.2,1.2,678491,814189.2,240,678491.0,100.0
2020-03-03,JPPOWER,EQ,1.2,1.15,1.15,1.15,1.15,1.15,1.15,283011,325462.65,203,283011.0,100.0
2020-03-04,JPPOWER,EQ,1.15,1.1,1.1,1.1,1.1,1.1,1.1,498363,548199.3,241,498363.0,100.0
2020-03-05,JPPOWER,EQ,1.1,1.05,1.05,1.05,1.05,1.05,1.05,436894,458738.7,294,436894.0,100.00
2020-03-06,JPPOWER,EQ,1.05,1.0,1.0,1.0,1.0,1.0,1.0,1205305,1205305.0,479,1205305.0,100.00
2020-03-09,JPPOWER,EQ,1.0,0.95,0.95,0.95,0.95,0.95,0.95,701424,666352.8,410,701424.0,100.00
2020-03-11,JPPOWER,EQ,0.95,0.9,0.9,0.9,0.9,0.9,0.9,2185692,1967122.8,601,2160666.0,98.86
2020-03-12,JPPOWER,EQ,0.9,0.85,0.85,0.85,0.85,0.85,0.85,400845,340718.25,373,400845.0,100.00
2020-03-13,JPPOWER,EQ,0.85,0.8,0.8,0.8,0.8,0.8,0.8,2560242,2048193.6,600,2208670.0,86.27
2020-03-16,JPPOWER,EQ,0.8,0.75,0.8,0.75,0.75,0.75,0.75,42367419,31957437.45,1660,37585393.0,88.71
2020-03-17,JPPOWER,EQ,0.75,0.7,0.7,0.7,0.7,0.7,0.7,2377379,1664165.3,758,2277038.0,95.78
2020-03-18,JPPOWER,EQ,0.7,0.65,0.65,0.65,0.65,0.65,0.65,1962662,1275730.3,644,1856109.0,94.57
2020-03-19,JPPOWER,EQ,0.65,0.6,0.6,0.6,0.6,0.6,0.6,25976252,15585751.2,855,25976252.0,100.00
2020-03-20,JPPOWER,EQ,0.6,0.55,0.55,0.55,0.55,0.55,0.55,5610168,3085592.4,998,5610168.0,100.00
2020-03-23,JPPOWER,EQ,0.55,0.5,0.5,0.5,0.5,0.5,0.5,3285319,1642659.5,751,3285319.0,100.00
2020-03-24,JPPOWER,EQ,0.5,0.45,0.45,0.45,0.45,0.45,0.45,4972007,2237403.15,966,4972007.0,100.00
2020-03-25,JPPOWER,EQ,0.45,0.4,0.4,0.4,0.4,0.4,0.4,32574744,13029897.6,1484,32574464.0,100.00
2020-03-26,JPPOWER,EQ,0.4,0.35,0.45,0.35,0.45,0.45,0.39,61054679,23899000.05,1158,44675727.0,73.17
2020-03-27,JPPOWER,EQ,0.45,0.5,0.5,0.5,0.5,0.5,0.5,802745,401372.5,206,802745.0,100.00
2020-03-30,JPPOWER,EQ,0.5,0.45,0.55,0.45,0.55,0.55,0.52,30290527,15880865.25,2255,21791409.0,71.94
2020-03-31,JPPOWER,EQ,0.55,0.6,0.6,0.55,0.6,0.6,0.6,14091262,8449221.3,1117,10035563.0,71.22
2020-04-01,JPPOWER,EQ,0.6,0.65,0.65,0.6,0.65,0.65,0.65,15950587,10364922.95,895,11508090.0,72.15
2020-04-03,JPPOWER,EQ,0.65,0.7,0.7,0.7,0.7,0.7,0.7,538624,377036.8,147,538624.0,100.00
2020-04-07,JPPOWER,EQ,0.7,0.75,0.75,0.75,0.75,0.75,0.75,1650593,1237944.75,186,1650593.0,100.00
2020-04-08,JPPOWER,EQ,0.75,0.8,0.8,0.8,0.8,0.8,0.8,2756613,2205290.4,173,2756613.0,100.00
2020-04-09,JPPOWER,EQ,0.8,0.85,0.85,0.75,0.85,0.85,0.84,29727614,24943763.9,2870,22173022.0,74.59
2020-04-13,JPPOWER,BE,0.85,0.9,0.9,0.8,0.9,0.85,0.86,12670748,10920744.15,1842,,-
2020-04-15,JPPOWER,BE,0.85,0.85,0.85,0.8,0.8,0.8,0.81,6967519,5619537.8,1302,,-
2020-04-16,JPPOWER,BE,0.8,0.75,0.75,0.75,0.75,0.75,0.75,2188132,1641099.0,585,,-
2020-04-17,JPPOWER,BE,0.75,0.7,0.75,0.7,0.75,0.7,0.71,11394330,8043237.75,1564,,-
2020-04-20,JPPOWER,BE,0.7,0.7,0.75,0.65,0.75,0.75,0.71,11221431,8003761.1,1284,,-
2020-04-21,JPPOWER,BE,0.75,0.8,0.8,0.7,0.75,0.75,0.75,3154282,2358815.65,770,,-
2020-04-22,JPPOWER,BE,0.75,0.7,0.8,0.7,0.8,0.8,0.76,11103001,8430714.35,1181,,-
2020-04-23,JPPOWER,BE,0.8,0.8,0.8,0.75,0.75,0.75,0.76,11442403,8653491.3,1323,,-
2020-04-24,JPPOWER,BE,0.75,0.75,0.8,0.7,0.8,0.8,0.75,5820906,4388840.1,980,,-
2020-04-27,JPPOWER,BE,0.8,0.8,0.85,0.75,0.75,0.75,0.77,7753489,5938049.3,2332,,-
2020-04-28,JPPOWER,BE,0.75,0.75,0.75,0.7,0.7,0.75,0.72,4257544,3081896.65,852,,-
2020-04-29,JPPOWER,BE,0.75,0.75,0.75,0.7,0.75,0.75,0.72,3040958,2197201.65,596,,-
2020-04-30,JPPOWER,BE,0.75,0.75,0.75,0.7,0.7,0.7,0.71,4652224,3314489.35,996,,-
2020-05-04,JPPOWER,BE,0.7,0.7,0.75,0.65,0.7,0.75,0.71,2959319,2102605.75,868,,-
2020-05-05,JPPOWER,BE,0.75,0.75,0.75,0.7,0.7,0.7,0.72,2771939,1988123.35,599,,-
2020-05-06,JPPOWER,BE,0.7,0.7,0.75,0.7,0.7,0.75,0.73,1164607,852893.3,393,,-
2020-05-07,JPPOWER,BE,0.75,0.75,0.75,0.7,0.75,0.75,0.73,1480773,1081692.15,468,,-
2020-05-08,JPPOWER,BE,0.75,0.75,0.75,0.7,0.75,0.75,0.72,2676961,1924785.45,551,,-
2020-05-11,JPPOWER,BE,0.75,0.75,0.8,0.7,0.8,0.8,0.78,12139687,9501713.3,1580,,-
2020-05-12,JPPOWER,BE,0.8,0.85,0.85,0.8,0.85,0.85,0.85,7306961,6198761.9,1145,,-
2020-05-13,JPPOWER,BE,0.85,0.9,0.9,0.85,0.9,0.9,0.9,7412784,6644638.35,1117,,-
2020-05-14,JPPOWER,BE,0.9,0.95,0.95,0.9,0.95,0.95,0.95,5262591,4998478.75,730,,-
2020-05-15,JPPOWER,BE,0.95,1.0,1.0,0.95,1.0,1.0,1.0,5666843,5666842.75,771,,-
2020-05-18,JPPOWER,BE,1.0,1.05,1.05,0.95,0.95,0.95,1.01,10525267,10676933.35,1875,,-
2020-05-19,JPPOWER,BE,0.95,0.9,0.95,0.9,0.9,0.9,0.9,3336691,3003153.3,737,,-
2020-05-20,JPPOWER,BE,0.9,0.85,0.95,0.85,0.95,0.95,0.9,7486812,6741469.45,1204,,-
2020-05-21,JPPOWER,BE,0.95,1.0,1.0,0.9,0.95,0.9,0.92,11881311,10984474.4,1623,,-
2020-05-22,JPPOWER,BE,0.9,0.9,0.9,0.85,0.85,0.85,0.85,10992219,9365863.1,1256,,-
2020-05-26,JPPOWER,BE,0.85,0.85,0.9,0.8,0.85,0.8,0.85,12002679,10148067.8,1266,,-
2020-05-27,JPPOWER,EQ,0.8,0.85,0.85,0.75,0.8,0.75,0.77,33484466,25849599.9,2289,16501326.0,49.28
2020-05-28,JPPOWER,EQ,0.75,0.8,0.8,0.7,0.8,0.8,0.79,10923307,8611679.65,959,5640810.0,51.64
2020-05-29,JPPOWER,EQ,0.8,0.85,0.85,0.85,0.85,0.85,0.85,7069453,6009035.05,528,4167190.0,58.95
2020-06-01,JPPOWER,EQ,0.85,0.9,0.9,0.9,0.9,0.9,0.9,3557827,3202044.3,426,3557326.0,99.99
2020-06-02,JPPOWER,EQ,0.9,0.95,0.95,0.95,0.95,0.95,0.95,3997169,3797310.55,361,3997162.0,100.00
2020-06-03,JPPOWER,EQ,0.95,1.0,1.0,1.0,1.0,1.0,1.0,4134215,4134215.0,363,4134214.0,100.00
2020-06-04,JPPOWER,EQ,1.0,1.05,1.05,1.05,1.05,1.05,1.05,3081251,3235313.55,268,3081251.0,100.00
2020-06-05,JPPOWER,EQ,1.05,1.1,1.1,1.1,1.1,1.1,1.1,693050,762355.0,245,693050.0,100.00
2020-06-08,JPPOWER,EQ,1.1,1.15,1.15,1.15,1.15,1.15,1.15,3027092,3481155.8,233,3027092.0,100.0
2020-06-09,JPPOWER,EQ,1.15,1.2,1.2,1.2,1.2,1.2,1.2,564040,676848.0,255,564040.0,100.0
2020-06-10,JPPOWER,EQ,1.2,1.25,1.25,1.25,1.25,1.25,1.25,435848,544810.0,182,435848.0,100.0
2020-06-11,JPPOWER,EQ,1.25,1.3,1.3,1.2,1.3,1.3,1.3,30145841,39091681.55,3215,21795339.0,72.3
2020-06-12,JPPOWER,EQ,1.3,1.35,1.35,1.3,1.35,1.35,1.35,9024025,12165683.85,1412,6876618.0,76.2
2020-06-15,JPPOWER,EQ,1.35,1.4,1.4,1.4,1.4,1.4,1.4,268385,375739.0,127,268385.0,100.0
2020-06-16,JPPOWER,EQ,1.4,1.45,1.45,1.45,1.45,1.45,1.45,1439301,2086986.45,148,1439301.0,100.0
2020-06-17,JPPOWER,EQ,1.45,1.5,1.5,1.5,1.5,1.5,1.5,201898,302847.0,123,201898.0,100.0
2020-06-18,JPPOWER,EQ,1.5,1.55,1.55,1.55,1.55,1.55,1.55,1197344,1855883.2,100,1197344.0,100.0
2020-06-19,JPPOWER,EQ,1.55,1.6,1.6,1.6,1.6,1.6,1.6,156126,249801.6,156,156126.0,100.0
2020-06-22,JPPOWER,EQ,1.6,1.65,1.65,1.65,1.65,1.65,1.65,130119,214696.35,130,130119.0,100.0
2020-06-23,JPPOWER,EQ,1.65,1.7,1.7,1.7,1.7,1.7,1.7,432236,734801.2,107,432236.0,100.0
2020-06-24,JPPOWER,EQ,1.7,1.75,1.75,1.75,1.75,1.75,1.75,450390,788182.5,161,450390.0,100.0
2020-06-25,JPPOWER,EQ,1.75,1.8,1.8,1.8,1.8,1.8,1.8,345095,621171.0,181,345095.0,100.0
2020-06-26,JPPOWER,EQ,1.8,1.85,1.85,1.85,1.85,1.85,1.85,180334,333617.9,114,180334.0,100.0
2020-06-29,JPPOWER,EQ,1.85,1.9,1.9,1.9,1.9,1.9,1.9,647431,1230118.9,156,647431.0,100.0
2020-06-30,JPPOWER,EQ,1.9,1.95,1.95,1.95,1.95,1.95,1.95,177452,346031.4,143,177452.0,100.0
2020-07-01,JPPOWER,EQ,1.95,2.0,2.0,2.0,2.0,2.0,2.0,1273874,2547748.0,193,1273874.0,100.0
2020-07-02,JPPOWER,EQ,2.0,2.1,2.1,2.1,2.1,2.1,2.1,832271,1747769.1,249,832271.0,100.0
2020-07-03,JPPOWER,EQ,2.1,2.2,2.2,2.0,2.2,2.2,2.14,57071615,121986325.65,10896,28444722.0,49.84
2020-07-06,JPPOWER,EQ,2.2,2.25,2.3,2.1,2.1,2.1,2.18,41056837,89436016.0,9371,24620966.0,59.97
2020-07-07,JPPOWER,EQ,2.1,2.0,2.0,2.0,2.0,2.0,2.0,4008049,8016098.0,1594,2526048.0,63.02
2020-07-08,JPPOWER,EQ,2.0,1.9,1.9,1.9,1.9,1.9,1.9,3390339,6441644.1,1437,3390339.0,100.0
2020-07-09,JPPOWER,EQ,1.9,1.85,1.95,1.85,1.95,1.95,1.91,36364209,69566638.2,3494,18607247.0,51.17
2020-07-10,JPPOWER,EQ,1.95,2.0,2.0,2.0,2.0,2.0,2.0,2579502,5159004.0,425,2429502.0,94.18
2020-07-13,JPPOWER,EQ,2.0,2.1,2.1,1.9,1.9,1.9,1.97,17686482,34903507.05,3549,12488741.0,70.61
2020-07-14,JPPOWER,EQ,1.9,1.85,1.85,1.85,1.85,1.85,1.85,2236781,4138044.85,911,1636780.0,73.18
2020-07-15,JPPOWER,EQ,1.85,1.8,1.85,1.8,1.8,1.8,1.8,9620753,17341263.15,1508,7661631.0,79.64
2020-07-16,JPPOWER,EQ,1.8,1.75,1.75,1.75,1.75,1.75,1.75,502061,878606.75,556,502061.0,100.0
2020-07-17,JPPOWER,EQ,1.75,1.7,1.8,1.7,1.8,1.8,1.75,21342153,37336699.9,2154,8865225.0,41.54
2020-07-20,JPPOWER,EQ,1.8,1.85,1.85,1.85,1.85,1.85,1.85,2538287,4695830.95,506,2538244.0,100.0
2020-07-21,JPPOWER,EQ,1.85,1.9,1.9,1.85,1.9,1.9,1.9,10479656,19910747.75,1107,6428275.0,61.34
2020-07-22,JPPOWER,EQ,1.9,1.95,1.95,1.95,1.95,1.95,1.95,781317,1523568.15,268,679854.0,87.01
2020-07-23,JPPOWER,EQ,1.95,2.0,2.0,2.0,2.0,2.0,2.0,853847,1707694.0,335,678847.0,79.5
2020-07-24,JPPOWER,EQ,2.0,2.1,2.1,1.95,2.0,2.0,2.07,23309771,48155757.8,4100,12384453.0,53.13
2020-07-27,JPPOWER,EQ,2.0,1.95,2.05,1.9,1.95,1.9,1.94,11150536,21607280.45,1901,8262307.0,74.1
2020-07-28,JPPOWER,EQ,1.9,1.95,1.95,1.95,1.95,1.95,1.95,2043075,3983996.25,363,2043075.0,100.0
2020-07-29,JPPOWER,EQ,1.95,2.0,2.0,2.0,2.0,2.0,2.0,642698,1285396.0,287,642698.0,100.0
2020-07-30,JPPOWER,EQ,2.0,2.1,2.1,2.1,2.1,2.1,2.1,1049787,2204552.7,392,1049787.0,100.0
2020-07-31,JPPOWER,EQ,2.1,2.2,2.2,2.2,2.2,2.2,2.2,1203954,2648698.8,422,1203954.0,100.0
2020-08-03,JPPOWER,EQ,2.2,2.3,2.3,2.3,2.3,2.3,2.3,1078374,2480260.2,304,1078374.0,100.0
2020-08-04,JPPOWER,EQ,2.3,2.4,2.4,2.4,2.4,2.4,2.4,594939,1427853.6,286,594939.0,100.0
2020-08-05,JPPOWER,EQ,2.4,2.5,2.5,2.5,2.5,2.5,2.5,448045,1120112.5,242,448045.0,100.0
2020-08-06,JPPOWER,EQ,2.5,2.6,2.6,2.6,2.6,2.6,2.6,1128126,2933127.6,308,1128126.0,100.0
2020-08-07,JPPOWER,EQ,2.6,2.7,2.7,2.7,2.7,2.7,2.7,1003563,2709620.1,285,1003563.0,100.0
2020-08-10,JPPOWER,EQ,2.7,2.8,2.8,2.8,2.8,2.8,2.8,1010283,2828792.4,304,850694.0,84.2
2020-08-11,JPPOWER,EQ,2.8,2.9,2.9,2.7,2.9,2.9,2.83,15237027,43120260.05,2610,9767391.0,64.1
2020-08-12,JPPOWER,EQ,2.9,2.9,3.0,2.8,3.0,3.0,2.96,12936609,38319908.9,4488,8737367.0,67.54
2020-08-13,JPPOWER,EQ,3.0,3.1,3.15,3.1,3.15,3.15,3.14,1670627,5243048.55,648,1432489.0,85.75
2020-08-14,JPPOWER,EQ,3.15,3.3,3.3,3.0,3.1,3.05,3.08,36824070,113466997.9,7749,18771229.0,50.98
2020-08-17,JPPOWER,EQ,3.05,3.15,3.15,2.9,2.9,2.9,2.97,11204704,33243056.8,2945,8244942.0,73.58
2020-08-18,JPPOWER,EQ,2.9,2.8,2.8,2.8,2.8,2.8,2.8,1628095,4558666.0,941,1412093.0,86.73
2020-08-19,JPPOWER,EQ,2.8,2.7,2.9,2.7,2.9,2.9,2.85,8603265,24480703.8,1841,4485492.0,52.14
2020-08-20,JPPOWER,EQ,2.9,3.0,3.0,3.0,3.0,3.0,3.0,3156447,9469341.0,839,2950657.0,93.48
2020-08-21,JPPOWER,EQ,3.0,2.9,3.05,2.85,2.85,2.85,2.91,28688374,83489268.7,4916,12481673.0,43.51
2020-08-24,JPPOWER,EQ,2.85,2.9,2.95,2.75,2.95,2.95,2.86,12869679,36743654.15,4125,6022174.0,46.79
2020-08-25,JPPOWER,EQ,2.95,3.05,3.05,2.9,3.05,3.05,3.04,21872924,66481207.4,2440,7906865.0,36.15
2020-08-26,JPPOWER,EQ,3.05,3.05,3.1,2.95,3.0,3.0,3.02,14943430,45126802.5,2321,6840221.0,45.77
2020-08-27,JPPOWER,EQ,3.0,3.0,3.0,2.85,2.9,2.85,2.87,21134947,60758820.9,3461,9080682.0,42.97
2020-08-28,JPPOWER,EQ,2.85,2.85,2.85,2.75,2.75,2.75,2.8,11156558,31248883.25,2976,5710575.0,51.19
2020-08-31,JPPOWER,EQ,2.75,2.8,2.85,2.65,2.65,2.65,2.74,17839191,48889476.15,3081,10007946.0,56.1
2020-09-01,JPPOWER,EQ,2.65,2.55,2.7,2.55,2.55,2.55,2.57,14291521,36742274.15,2577,8708638.0,60.94
2020-09-02,JPPOWER,EQ,2.55,2.55,2.55,2.45,2.45,2.45,2.46,10853554,26663334.15,2287,6282250.0,57.88
2020-09-03,JPPOWER,EQ,2.45,2.45,2.55,2.35,2.55,2.55,2.5,26485406,66290818.2,2558,6957723.0,26.27
2020-09-04,JPPOWER,EQ,2.55,2.6,2.65,2.45,2.65,2.65,2.52,21499589,54119284.85,2310,11364489.0,52.86
2020-09-07,JPPOWER,EQ,2.65,2.75,2.75,2.65,2.75,2.75,2.74,5459496,14970612.2,875,3554835.0,65.11
2020-09-08,JPPOWER,EQ,2.75,2.85,2.85,2.75,2.85,2.8,2.84,5792095,16421180.7,1244,3138566.0,54.19
2020-09-09,JPPOWER,EQ,2.8,2.8,2.85,2.7,2.75,2.7,2.71,8288036,22484053.0,1568,4696465.0,56.67
2020-09-10,JPPOWER,EQ,2.7,2.7,2.8,2.7,2.7,2.7,2.75,7855409,21589205.55,1423,5240203.0,66.71
2020-09-11,JPPOWER,EQ,2.7,2.7,2.75,2.6,2.7,2.65,2.63,11150765,29357648.75,1365,7015770.0,62.92
2020-09-14,JPPOWER,EQ,2.65,2.65,2.75,2.65,2.65,2.7,2.71,10391994,28118673.1,1281,5119264.0,49.26
2020-09-15,JPPOWER,EQ,2.7,2.7,2.7,2.6,2.6,2.6,2.61,5936859,15502963.65,1314,2908529.0,48.99
2020-09-16,JPPOWER,EQ,2.6,2.65,2.65,2.5,2.6,2.55,2.52,9546632,24103544.95,1558,4795834.0,50.24
2020-09-17,JPPOWER,EQ,2.55,2.6,2.6,2.5,2.55,2.55,2.55,5006478,12781781.8,5477,2974096.0,59.4
2020-09-18,JPPOWER,EQ,2.55,2.6,2.6,2.45,2.5,2.5,2.5,5557243,13865436.65,1002,3824431.0,68.82
2020-09-21,JPPOWER,EQ,2.5,2.5,2.5,2.4,2.4,2.4,2.41,10701185,25807209.15,1824,2821932.0,26.37
2020-09-22,JPPOWER,EQ,2.4,2.35,2.35,2.3,2.3,2.3,2.31,1383370,3191484.2,745,1333204.0,96.37
2020-09-23,JPPOWER,EQ,2.3,2.2,2.3,2.2,2.2,2.2,2.23,8063704,17991429.45,1598,4001222.0,49.62
2020-09-24,JPPOWER,EQ,2.2,2.1,2.2,2.1,2.1,2.1,2.11,8185988,17240959.0,1406,2691000.0,32.87
2020-09-25,JPPOWER,EQ,2.1,2.1,2.2,2.05,2.2,2.2,2.13,5002645,10678998.45,1174,3708094.0,74.12
2020-09-28,JPPOWER,EQ,2.2,2.3,2.3,2.25,2.3,2.3,2.3,2219477,5104647.1,479,1721298.0,77.55
2020-09-29,JPPOWER,EQ,2.3,2.4,2.4,2.3,2.4,2.4,2.39,10374259,24777112.5,2095,6839845.0,65.93
2020-09-30,JPPOWER,EQ,2.4,2.5,2.5,2.4,2.45,2.4,2.48,15418601,38262839.25,2140,9328429.0,60.5
2020-10-01,JPPOWER,EQ,2.4,2.45,2.45,2.3,2.4,2.35,2.38,5105870,12153135.2,1348,2661844.0,52.13
2020-10-05,JPPOWER,EQ,2.35,2.4,2.45,2.35,2.45,2.45,2.43,3467016,8440522.3,1286,1648504.0,47.55
2020-10-06,JPPOWER,EQ,2.45,2.55,2.55,2.45,2.55,2.55,2.54,13399064,33999412.65,1397,7293541.0,54.43
2020-10-07,JPPOWER,EQ,2.55,2.6,2.65,2.45,2.5,2.5,2.54,4542464,11521820.0,1041,2699723.0,59.43
2020-10-08,JPPOWER,EQ,2.5,2.5,2.6,2.4,2.5,2.45,2.5,5909453,14752807.55,1751,3698461.0,62.59
2020-10-09,JPPOWER,EQ,2.45,2.5,2.55,2.45,2.55,2.5,2.51,4515883,11357264.45,965,1942513.0,43.02
2020-10-12,JPPOWER,EQ,2.5,2.55,2.55,2.35,2.4,2.35,2.43,3572013,8672709.25,4971,2362582.0,66.14
2020-10-13,JPPOWER,EQ,2.35,2.35,2.4,2.3,2.35,2.35,2.33,1718417,4007108.05,708,1398497.0,81.38
2020-10-14,JPPOWER,EQ,2.35,2.35,2.4,2.3,2.35,2.3,2.37,6062952,14369696.5,1007,3506513.0,57.84
2020-10-15,JPPOWER,EQ,2.3,2.35,2.4,2.3,2.4,2.35,2.34,4119323,9639210.1,1662,2717314.0,65.97
2020-10-16,JPPOWER,EQ,2.35,2.35,2.4,2.25,2.35,2.3,2.33,3518953,8196090.6,6432,1817909.0,51.66
2020-10-19,JPPOWER,EQ,2.3,2.35,2.35,2.2,2.25,2.25,2.28,2516885,5729347.8,755,1497418.0,59.49
2020-10-20,JPPOWER,EQ,2.25,2.3,2.45,2.25,2.45,2.45,2.37,3516218,8331953.0,1079,1862497.0,52.97
2020-10-21,JPPOWER,EQ,2.45,2.5,2.6,2.4,2.5,2.5,2.52,9169876,23085427.1,2374,4942549.0,53.9
2020-10-22,JPPOWER,EQ,2.5,2.45,2.5,2.35,2.45,2.4,2.41,7247702,17498644.15,2832,3780785.0,52.17
2020-10-23,JPPOWER,EQ,2.4,2.45,2.6,2.4,2.6,2.6,2.56,21442048,54939133.3,2782,14578935.0,67.99
2020-10-26,JPPOWER,EQ,2.6,2.7,2.7,2.45,2.5,2.5,2.54,14300993,36289396.9,12748,10598851.0,74.11
2020-10-27,JPPOWER,EQ,2.5,2.5,2.5,2.4,2.45,2.4,2.44,3576325,8730879.45,2287,2366206.0,66.16
2020-10-28,JPPOWER,EQ,2.4,2.45,2.45,2.3,2.35,2.35,2.37,3471136,8242728.0,4888,2702006.0,77.84
2020-10-29,JPPOWER,EQ,2.35,2.3,2.35,2.25,2.3,2.3,2.31,4731396,10909814.8,2711,2739767.0,57.91
2020-10-30,JPPOWER,EQ,2.3,2.35,2.35,2.25,2.3,2.3,2.29,2415150,5538816.2,1117,1793615.0,74.27
2020-11-02,JPPOWER,EQ,2.3,2.3,2.35,2.25,2.3,2.25,2.29,3003211,6878719.15,28281,1829430.0,60.92
2020-11-03,JPPOWER,EQ,2.25,2.3,2.4,2.25,2.3,2.35,2.34,5600201,13113224.15,12712,3638198.0,64.97
2020-11-04,JPPOWER,EQ,2.35,2.35,2.45,2.3,2.4,2.4,2.36,2751962,6481624.8,4976,1856813.0,67.47
2020-11-05,JPPOWER,EQ,2.4,2.45,2.6,2.45,2.55,2.5,2.55,15690363,39975063.6,8871,11119067.0,70.87
2020-11-06,JPPOWER,EQ,2.5,2.5,2.6,2.45,2.6,2.55,2.55,4754235,12106582.6,9863,3007300.0,63.26
2020-11-09,JPPOWER,EQ,2.55,2.75,2.8,2.45,2.5,2.5,2.58,26351557,67864008.25,9578,15625123.0,59.29
2020-11-10,JPPOWER,EQ,2.5,2.5,2.5,2.35,2.4,2.4,2.42,8458400,20441363.0,1777,5142444.0,60.8
2020-11-11,JPPOWER,EQ,2.4,2.4,2.45,2.3,2.3,2.3,2.34,6110399,14309528.45,8433,4826147.0,78.98
2020-11-12,JPPOWER,EQ,2.3,2.35,2.4,2.25,2.35,2.35,2.31,8526208,19733540.95,4548,4466270.0,52.38
2020-11-13,JPPOWER,EQ,2.35,2.3,2.35,2.25,2.35,2.3,2.29,8073901,18510155.95,14275,5144420.0,63.72
2020-11-14,JPPOWER,EQ,2.3,2.35,2.4,2.3,2.35,2.35,2.34,3060854,7156053.05,864,2250262.0,73.52
2020-11-17,JPPOWER,EQ,2.35,2.35,2.45,2.25,2.25,2.3,2.34,14279972,33410693.2,10979,9911117.0,69.41
2020-11-18,JPPOWER,EQ,2.3,2.3,2.45,2.2,2.4,2.35,2.32,24360664,56585126.95,10841,11132365.0,45.7
2020-11-19,JPPOWER,EQ,2.35,2.4,2.5,2.3,2.35,2.35,2.39,14664267,35095810.95,5484,5216165.0,35.57
2020-11-20,JPPOWER,EQ,2.35,2.4,2.55,2.35,2.45,2.5,2.47,27057378,66875806.25,37575,13841265.0,51.16
2020-11-23,JPPOWER,EQ,2.5,2.5,2.6,2.4,2.5,2.5,2.51,12526487,31503119.15,6130,6222786.0,49.68
2020-11-24,JPPOWER,EQ,2.5,2.5,2.55,2.45,2.5,2.45,2.49,3297960,8212393.5,1499,2312370.0,70.12
2020-11-25,JPPOWER,EQ,2.45,2.45,2.5,2.3,2.35,2.4,2.39,10908539,26065608.2,1843,5155501.0,47.26
2020-11-26,JPPOWER,EQ,2.4,2.4,2.4,2.3,2.4,2.35,2.35,5052697,11898270.65,7804,3551368.0,70.29
2020-11-27,JPPOWER,EQ,2.35,2.4,2.4,2.3,2.4,2.35,2.36,5308507,12515150.1,15715,3608100.0,67.97
2020-12-01,JPPOWER,EQ,2.35,2.35,2.4,2.25,2.35,2.35,2.31,8948448,20665568.55,1612,5717736.0,63.9
2020-12-02,JPPOWER,EQ,2.35,2.35,2.4,2.3,2.35,2.35,2.34,4812841,11243720.35,1952,2274004.0,47.25
2020-12-03,JPPOWER,EQ,2.35,2.35,2.5,2.3,2.5,2.45,2.43,17449689,42387338.35,13411,9622393.0,55.14
2020-12-04,JPPOWER,EQ,2.45,2.55,2.65,2.45,2.65,2.65,2.61,33045174,86225242.2,9546,22615942.0,68.44
2020-12-07,JPPOWER,EQ,2.65,2.8,3.15,2.75,3.15,3.15,3.01,58478184,176117290.25,9821,31391847.0,53.68
2020-12-08,JPPOWER,EQ,3.15,3.3,3.75,3.25,3.4,3.35,3.46,122591752,424666069.05,22797,53000980.0,43.23
2020-12-09,JPPOWER,EQ,3.35,3.45,3.5,3.0,3.15,3.1,3.22,28600681,92225371.55,9485,21109942.0,73.81
2020-12-10,JPPOWER,EQ,3.1,3.1,3.3,3.0,3.25,3.25,3.16,26377936,83264947.3,7553,16626725.0,63.03
2020-12-11,JPPOWER,EQ,3.25,3.4,3.9,3.35,3.9,3.9,3.78,117867850,445172704.5,21798,56011251.0,47.52
2020-12-14,JPPOWER,EQ,3.9,4.15,4.25,4.0,4.1,4.1,4.2,116279644,488105903.4,26769,55591862.0,47.81
2020-12-15,JPPOWER,EQ,4.1,3.95,3.95,3.7,3.7,3.7,3.75,22397712,84018432.65,8784,17091433.0,76.31
2020-12-16,JPPOWER,EQ,3.7,3.55,3.6,3.35,3.35,3.35,3.41,59946432,204339429.05,13432,35131497.0,58.6
2020-12-17,JPPOWER,EQ,3.35,3.2,3.65,3.2,3.55,3.55,3.52,64008893,225466672.25,17195,36806301.0,57.5
2020-12-18,JPPOWER,EQ,3.55,3.6,3.7,3.25,3.4,3.35,3.35,34258747,114790522.75,15389,23596411.0,68.88
2020-12-21,JPPOWER,EQ,3.35,3.4,3.4,3.05,3.05,3.05,3.2,30053242,96217826.0,10897,19515110.0,64.94
2020-12-22,JPPOWER,EQ,3.05,2.95,3.2,2.9,3.2,3.2,3.0,26856512,80593002.05,9549,15520477.0,57.79
2020-12-23,JPPOWER,EQ,3.2,3.2,3.35,3.15,3.25,3.25,3.26,24973106,81452953.8,10605,15858261.0,63.5
2020-12-24,JPPOWER,EQ,3.25,3.3,3.35,3.1,3.2,3.15,3.21,21249301,68256102.05,5904,11623523.0,54.7
2020-12-28,JPPOWER,EQ,3.15,3.2,3.3,3.1,3.3,3.3,3.25,42946915,139646237.9,7236,26729673.0,62.24
2020-12-29,JPPOWER,EQ,3.3,3.35,3.4,3.15,3.2,3.2,3.28,28737190,94266764.25,9969,17365964.0,60.43
2020-12-30,JPPOWER,EQ,3.2,3.2,3.2,3.1,3.2,3.2,3.17,13404379,42425112.05,3664,9824839.0,73.3
2020-12-31,JPPOWER,EQ,3.2,3.2,3.25,3.15,3.25,3.2,3.2,13171515,42197383.8,4430,8237754.0,62.54
2021-01-01,JPPOWER,EQ,3.2,3.25,3.35,3.2,3.35,3.3,3.31,21597167,71519428.45,5047,9049307.0,41.9
2021-01-04,JPPOWER,EQ,3.3,3.35,3.4,3.2,3.25,3.3,3.31,17607991,58280037.2,6413,10813773.0,61.41
2021-01-05,JPPOWER,EQ,3.3,3.3,3.4,3.2,3.3,3.3,3.3,24513741,80788763.2,6880,14782690.0,60.3
2021-01-06,JPPOWER,EQ,3.3,3.35,3.4,3.15,3.35,3.25,3.28,42471546,139165372.3,11253,20967130.0,49.37
2021-01-07,JPPOWER,EQ,3.25,3.35,3.4,3.3,3.4,3.35,3.39,43215380,146293728.75,11284,24077890.0,55.72
2021-01-08,JPPOWER,EQ,3.35,3.4,3.5,3.2,3.25,3.3,3.32,34728223,115146027.05,8299,17218879.0,49.58
2021-01-11,JPPOWER,EQ,3.3,3.35,3.35,3.15,3.25,3.25,3.24,17040729,55274229.2,4470,9160192.0,53.75
2021-01-12,JPPOWER,EQ,3.25,3.3,3.3,3.2,3.25,3.2,3.24,8228053,26654123.05,3415,5956053.0,72.39
2021-01-13,JPPOWER,EQ,3.2,3.25,3.3,3.1,3.2,3.15,3.18,17029070,54100119.05,4609,9102759.0,53.45
2021-01-14,JPPOWER,EQ,3.15,3.2,3.2,3.05,3.15,3.1,3.11,12538760,39012504.1,5470,5870341.0,46.82
2021-01-15,JPPOWER,EQ,3.1,3.1,3.1,2.95,3.05,3.0,3.01,23028033,69415554.4,5549,13544083.0,58.82
2021-01-18,JPPOWER,EQ,3.0,3.0,3.05,2.9,3.0,2.95,2.96,12852868,38072365.85,5070,7389831.0,57.5
2021-01-19,JPPOWER,EQ,2.95,2.95,3.05,2.95,3.05,3.05,3.04,8908950,27093233.0,2922,5383028.0,60.42
2021-01-20,JPPOWER,EQ,3.05,3.05,3.1,2.9,3.0,3.0,3.0,17287429,51905288.45,4792,7995718.0,46.25
2021-01-21,JPPOWER,EQ,3.0,3.05,3.1,2.9,2.95,2.95,2.97,8555114,25431507.95,4361,6283372.0,73.45
2021-01-22,JPPOWER,EQ,2.95,2.95,2.95,2.85,2.85,2.85,2.86,20631083,59072791.1,7206,9668878.0,46.87
2021-01-25,JPPOWER,EQ,2.85,2.85,2.9,2.75,2.75,2.8,2.8,14498452,40619481.8,16201,7768266.0,53.58
2021-01-27,JPPOWER,EQ,2.8,2.8,2.9,2.75,2.9,2.9,2.85,8218626,23396793.5,5812,5773888.0,70.25
2021-01-28,JPPOWER,EQ,2.9,3.0,3.0,2.9,3.0,3.0,2.99,15204730,45465421.25,5405,7105366.0,46.73
2021-01-29,JPPOWER,EQ,3.0,2.85,2.9,2.85,2.85,2.85,2.85,7830578,22318451.35,3673,6418573.0,81.97
2021-02-01,JPPOWER,EQ,2.85,2.75,2.85,2.75,2.75,2.75,2.76,47181649,130051743.65,6575,18068940.0,38.3
2021-02-02,JPPOWER,EQ,2.75,2.75,2.85,2.7,2.85,2.85,2.8,14036817,39303920.45,3881,6453435.0,45.98
2021-02-03,JPPOWER,EQ,2.85,2.9,2.95,2.85,2.9,2.85,2.92,18167638,52973380.05,3953,9026813.0,49.69
2021-02-04,JPPOWER,EQ,2.85,2.85,2.9,2.75,2.8,2.8,2.83,9540718,26997337.5,7444,8158920.0,85.52
2021-02-05,JPPOWER,EQ,2.8,2.8,2.85,2.7,2.75,2.75,2.77,9719331,26957923.25,5502,7280485.0,74.91
2021-02-08,JPPOWER,EQ,2.75,2.65,2.7,2.6,2.65,2.6,2.64,21922784,57926164.15,9975,10276434.0,46.88
2021-02-09,JPPOWER,EQ,2.6,2.6,2.65,2.45,2.5,2.5,2.54,14934412,37993357.4,6314,8775459.0,58.76
2021-02-10,JPPOWER,EQ,2.5,2.5,2.5,2.4,2.45,2.4,2.45,10542172,25797544.3,4941,5910171.0,56.06
2021-02-11,JPPOWER,EQ,2.4,2.45,2.6,2.4,2.6,2.6,2.54,23011508,58379592.9,4810,8973540.0,39.0
2021-02-12,JPPOWER,EQ,2.6,2.6,2.75,2.55,2.7,2.75,2.67,16895862,45133644.8,6712,9986233.0,59.1
2021-02-15,JPPOWER,EQ,2.75,3.0,3.0,3.0,3.0,3.0,3.0,8655427,25966281.0,2334,8655426.0,100.0
2021-02-16,JPPOWER,EQ,3.0,3.3,3.3,3.1,3.3,3.3,3.25,90148618,293093536.4,22508,48131085.0,53.39
2021-02-17,JPPOWER,EQ,3.3,3.4,3.4,3.15,3.15,3.15,3.22,29810742,95959346.6,10004,18054550.0,60.56
2021-02-18,JPPOWER,EQ,3.15,3.05,3.1,3.0,3.0,3.0,3.01,13841497,41603952.15,5170,7820634.0,56.5
2021-02-19,JPPOWER,EQ,3.0,2.85,3.0,2.85,2.85,2.85,2.88,28037378,80850176.9,9263,15399376.0,54.92
2021-02-22,JPPOWER,EQ,2.85,2.75,2.85,2.75,2.75,2.75,2.77,15327497,42418066.5,6050,9560347.0,62.37
2021-02-23,JPPOWER,EQ,2.75,2.7,2.85,2.65,2.85,2.85,2.8,11930694,33447599.05,4603,8403246.0,70.43
2021-02-24,JPPOWER,EQ,2.85,2.9,2.9,2.8,2.8,2.85,2.85,6872741,19600105.35,2825,3459207.0,50.33
2021-02-25,JPPOWER,EQ,2.85,2.85,2.9,2.75,2.8,2.8,2.81,12123135,34094965.55,4862,7537199.0,62.17
2021-02-26,JPPOWER,EQ,2.8,2.75,2.85,2.75,2.8,2.75,2.78,9892931,27539984.25,4823,6129784.0,61.96
2021-03-01,JPPOWER,EQ,2.75,2.8,2.85,2.75,2.85,2.85,2.84,7030140,19971465.95,1531,4354973.0,61.95
2021-03-02,JPPOWER,EQ,2.85,2.95,2.95,2.9,2.95,2.95,2.94,12650710,37248812.35,4303,7338247.0,58.01
2021-03-03,JPPOWER,EQ,2.95,3.05,3.05,2.95,3.05,3.0,3.03,23366490,70861486.4,6941,9899908.0,42.37
2021-03-04,JPPOWER,EQ,3.0,3.0,3.05,2.9,3.0,2.95,2.97,21314109,63296358.1,7118,9357977.0,43.91
2021-03-05,JPPOWER,EQ,2.95,2.95,3.05,2.9,2.95,2.9,2.97,11201525,33229965.15,5776,6761029.0,60.36
2021-03-08,JPPOWER,EQ,2.9,2.9,2.95,2.85,2.9,2.9,2.91,6104970,17782943.7,3588,4853074.0,79.49
2021-03-09,JPPOWER,EQ,2.9,2.85,2.95,2.8,2.85,2.85,2.87,8441124,24204913.95,3838,5158632.0,61.11
2021-03-10,JPPOWER,EQ,2.85,2.85,2.9,2.8,2.85,2.8,2.85,9757040,27761218.9,3567,6114595.0,62.67
2021-03-12,JPPOWER,EQ,2.8,2.8,2.9,2.7,2.75,2.75,2.79,33814285,94462466.95,11991,17410772.0,51.49
2021-03-15,JPPOWER,EQ,2.75,2.75,2.75,2.7,2.75,2.7,2.72,7707719,20976486.1,4088,5346348.0,69.36
2021-03-16,JPPOWER,EQ,2.7,2.75,2.8,2.7,2.75,2.7,2.75,14204412,39047578.2,14476,5042458.0,35.5
2021-03-17,JPPOWER,EQ,2.7,2.75,2.8,2.6,2.65,2.65,2.7,15280893,41182375.75,6644,7705272.0,50.42
2021-03-18,JPPOWER,EQ,2.65,2.65,2.7,2.55,2.6,2.55,2.59,11214243,29077123.9,19608,8042557.0,71.72
2021-03-19,JPPOWER,EQ,2.55,2.5,2.6,2.45,2.55,2.55,2.48,21107354,52311622.05,9217,10806682.0,51.2
2021-03-22,JPPOWER,EQ,2.55,2.65,2.65,2.65,2.65,2.65,2.65,3917901,10382437.65,851,3904901.0,99.67
2021-03-23,JPPOWER,EQ,2.65,2.75,2.75,2.75,2.75,2.75,2.75,1201990,3305472.5,532,1201990.0,100.0
2021-03-24,JPPOWER,EQ,2.75,2.85,2.85,2.8,2.85,2.85,2.85,45556977,129820740.4,8418,23616074.0,51.84
2021-03-25,JPPOWER,EQ,2.85,2.95,2.95,2.8,2.95,2.95,2.9,44212049,128352305.3,26360,18814364.0,42.55
2021-03-26,JPPOWER,EQ,2.95,2.95,3.05,2.85,3.05,3.05,2.97,42584394,126447058.7,12004,26087506.0,61.26
2021-03-30,JPPOWER,EQ,3.05,3.15,3.2,3.1,3.1,3.1,3.17,38911332,123215306.2,11417,24929854.0,64.07
2021-03-31,JPPOWER,EQ,3.1,3.1,3.25,3.05,3.25,3.25,3.18,43263887,137501559.2,10213,26857850.0,62.08
2021-04-01,JPPOWER,EQ,3.25,3.35,3.4,3.3,3.4,3.4,3.39,60226830,203915794.75,11480,29493318.0,48.97
2021-04-05,JPPOWER,EQ,3.4,3.55,3.55,3.25,3.25,3.25,3.38,56218421,189964209.3,15803,29241981.0,52.01
2021-04-06,JPPOWER,EQ,3.25,3.15,3.2,3.1,3.1,3.1,3.13,41975975,131308841.45,7967,18024525.0,42.94
2021-04-07,JPPOWER,EQ,3.1,3.1,3.2,3.0,3.2,3.2,3.14,25171005,79126842.95,11946,13566163.0,53.9
2021-04-08,JPPOWER,EQ,3.2,3.25,3.4,3.15,3.2,3.2,3.24,47307290,153394247.8,8883,20648424.0,43.65
2021-04-09,JPPOWER,EQ,3.2,3.2,3.3,3.15,3.3,3.2,3.2,21577038,69054990.35,5659,14858063.0,68.86
2021-04-12,JPPOWER,EQ,3.2,3.15,3.15,2.9,3.0,2.95,2.98,36876691,109814012.3,9956,19267313.0,52.25
2021-04-13,JPPOWER,EQ,2.95,2.95,3.0,2.8,2.95,2.95,2.93,21880026,64058119.4,6266,10196024.0,46.6
2021-04-15,JPPOWER,EQ,2.95,3.0,3.2,3.0,3.2,3.2,3.13,37879253,118425821.1,8308,22269636.0,58.79
2021-04-16,JPPOWER,EQ,3.2,3.3,3.35,3.1,3.15,3.1,3.22,19736547,63619442.45,6364,9869612.0,50.01
2021-04-19,JPPOWER,EQ,3.1,2.95,3.0,2.85,2.95,2.9,2.91,14578660,42380107.9,6204,8399192.0,57.61
2021-04-20,JPPOWER,EQ,2.9,2.95,3.1,2.9,2.95,2.95,3.01,16502082,49602664.25,6048,7191290.0,43.58
2021-04-22,JPPOWER,EQ,2.95,2.95,3.0,2.85,3.0,3.0,2.96,13282527,39361508.85,15284,7093953.0,53.41
2021-04-23,JPPOWER,EQ,3.0,3.0,3.05,2.9,2.95,2.95,2.97,12477094,36995492.05,4304,6508044.0,52.16
2021-04-26,JPPOWER,EQ,2.95,2.95,3.0,2.9,2.95,2.9,2.93,7869181,23073864.55,5029,5532602.0,70.31
2021-04-27,JPPOWER,EQ,2.9,2.95,3.0,2.9,2.95,2.9,2.94,12398538,36512281.5,4123,7035009.0,56.74
2021-04-28,JPPOWER,EQ,2.9,2.95,3.0,2.85,2.95,2.9,2.92,11524668,33598785.65,6471,6418690.0,55.7
2021-04-29,JPPOWER,EQ,2.9,2.95,3.15,2.85,3.15,3.15,3.01,34244866,103073361.4,5478,21711922.0,63.4
2021-04-30,JPPOWER,EQ,3.15,3.1,3.25,3.0,3.1,3.15,3.15,31028156,97605726.5,8339,14741237.0,47.51
2021-05-03,JPPOWER,EQ,3.15,3.1,3.15,3.0,3.1,3.1,3.09,13574719,41951639.85,17025,7525084.0,55.43
2021-05-04,JPPOWER,EQ,3.1,3.15,3.2,3.0,3.05,3.05,3.08,11837030,36501208.85,3955,7532768.0,63.64
2021-05-05,JPPOWER,EQ,3.05,3.1,3.1,2.95,3.05,3.0,3.04,9332178,28348479.05,7418,6423746.0,68.83
2021-05-06,JPPOWER,EQ,3.0,3.05,3.05,2.95,3.0,3.0,3.0,9286711,27902794.4,6900,5816817.0,62.64
2021-05-07,JPPOWER,EQ,3.0,3.05,3.05,2.95,3.05,3.0,3.01,13387181,40313210.15,29843,8886088.0,66.38
2021-05-10,JPPOWER,EQ,3.0,3.05,3.3,3.0,3.3,3.3,3.22,72492375,233419280.8,13893,39479778.0,54.46
2021-05-11,JPPOWER,EQ,3.3,3.3,3.6,3.2,3.6,3.6,3.49,78524438,273661290.8,20037,47382737.0,60.34
2021-05-12,JPPOWER,EQ,3.6,3.8,3.95,3.5,3.95,3.95,3.87,193633095,749421587.95,29688,73650700.0,38.04
2021-05-14,JPPOWER,EQ,3.95,4.1,4.1,3.8,3.9,3.9,3.98,142130225,566000185.0,46722,46978726.0,33.05
2021-05-17,JPPOWER,EQ,3.9,3.95,4.05,3.85,3.9,3.9,3.95,66664842,263288542.45,13285,40301980.0,60.45
2021-05-18,JPPOWER,EQ,3.9,3.95,3.95,3.75,3.75,3.75,3.79,31299884,118668334.85,14053,18025132.0,57.59
2021-05-19,JPPOWER,EQ,3.75,3.7,3.75,3.6,3.6,3.6,3.65,23696506,86502187.6,11884,14682892.0,61.96
2021-05-20,JPPOWER,EQ,3.6,3.55,3.6,3.45,3.45,3.45,3.49,29095030,101574424.45,9844,17134884.0,58.89
2021-05-21,JPPOWER,EQ,3.45,3.4,3.6,3.3,3.6,3.6,3.48,43607854,151627494.55,12121,24532660.0,56.26
2021-05-24,JPPOWER,EQ,3.6,3.75,3.75,3.65,3.75,3.75,3.74,35949009,134586177.7,7105,20015948.0,55.68
2021-05-25,JPPOWER,EQ,3.75,3.85,3.9,3.8,3.9,3.9,3.88,23479938,91181182.65,4410,19309710.0,82.24
2021-05-26,JPPOWER,EQ,3.9,4.05,4.05,3.85,4.05,4.05,4.0,99639177,398909977.2,17744,52634151.0,52.82
2021-05-27,JPPOWER,EQ,4.05,4.05,4.05,3.85,3.95,3.95,3.96,51782837,204951885.0,18097,28989961.0,55.98
2021-05-28,JPPOWER,EQ,3.95,3.95,3.95,3.8,3.9,3.9,3.88,30977555,120055261.05,20192,22760706.0,73.47
2021-05-31,JPPOWER,EQ,3.9,3.9,3.9,3.75,3.8,3.8,3.84,21111234,80968015.6,22004,13846026.0,65.59
2021-06-01,JPPOWER,EQ,3.8,3.8,3.9,3.7,3.8,3.75,3.8,19430920,73788089.95,26118,10640993.0,54.76
2021-06-02,JPPOWER,EQ,3.75,3.8,3.9,3.7,3.85,3.9,3.86,83207187,321497651.55,23287,40036233.0,48.12
2021-06-03,JPPOWER,EQ,3.9,3.95,4.05,3.8,3.9,3.85,3.95,80230514,316601583.85,27559,44806002.0,55.85
2021-06-04,JPPOWER,EQ,3.85,3.9,3.95,3.8,3.85,3.9,3.86,26964859,104063989.4,28398,17695697.0,65.63
2021-06-07,JPPOWER,EQ,3.9,3.95,4.1,3.85,3.95,3.9,3.96,82259684,325544707.55,49688,44717744.0,54.36
2021-06-08,JPPOWER,EQ,3.9,3.9,3.95,3.8,3.85,3.85,3.89,31875103,123849041.1,25689,22237395.0,69.76
2021-06-09,JPPOWER,EQ,3.85,3.9,4.2,3.85,4.2,4.2,4.14,222363926,920741153.6,23216,94712036.0,42.59
2021-06-10,JPPOWER,EQ,4.2,4.5,4.6,4.45,4.6,4.6,4.55,53276800,242644282.7,4916,37671037.0,70.71
2021-06-11,JPPOWER,EQ,4.6,5.05,5.05,4.35,4.9,5.0,4.86,426211649,2071091200.45,90678,119273825.0,27.98
2021-06-14,JPPOWER,EQ,5.0,4.9,5.1,4.75,4.9,4.9,4.89,194055840,949641639.8,56271,72079034.0,37.14
2021-06-15,JPPOWER,EQ,4.9,5.1,5.1,5.1,5.1,5.1,5.1,25051562,127762966.2,3189,24509452.0,97.84
2021-06-16,JPPOWER,EQ,5.1,5.25,5.35,5.15,5.35,5.35,5.31,197412834,1048011557.8,48451,80749141.0,40.9
2021-06-17,JPPOWER,EQ,5.35,5.6,5.6,5.6,5.6,5.6,5.6,20448693,114512680.8,3939,20445692.0,99.99
2021-06-18,JPPOWER,EQ,5.6,5.85,5.85,5.35,5.85,5.85,5.64,256683612,1448573227.3,47893,102382498.0,39.89
2021-06-21,JPPOWER,EQ,5.85,6.05,6.1,5.9,6.1,6.1,6.08,22184430,134841682.75,6559,18466470.0,83.24
2021-06-22,JPPOWER,EQ,6.1,6.4,6.4,6.25,6.4,6.4,6.39,93679817,598858256.95,17983,56473187.0,60.28
2021-06-23,JPPOWER,EQ,6.4,6.4,6.55,6.1,6.1,6.1,6.18,262766614,1623832390.5,81310,115343872.0,43.9
2021-06-24,JPPOWER,EQ,6.1,5.9,5.9,5.8,5.8,5.8,5.82,31152354,181383365.45,18406,20336381.0,65.28
2021-06-25,JPPOWER,EQ,5.8,5.55,5.55,5.55,5.55,5.55,5.55,20201566,112118691.3,11669,18658090.0,92.36
2021-06-28,JPPOWER,EQ,5.55,5.45,5.8,5.3,5.35,5.3,5.59,195094300,1089891937.25,71419,71127858.0,36.46
2021-06-29,JPPOWER,EQ,5.3,5.4,5.55,5.35,5.55,5.55,5.53,58357837,322465940.1,19733,29264799.0,50.15
2021-06-30,JPPOWER,EQ,5.55,5.75,5.8,5.5,5.8,5.65,5.76,98964996,569827404.75,37688,44410196.0,44.87
2021-07-01,JPPOWER,EQ,5.65,5.75,5.85,5.4,5.55,5.5,5.58,79085697,441398489.05,33977,32863627.0,41.55
2021-07-02,JPPOWER,EQ,5.5,5.55,5.75,5.5,5.75,5.75,5.7,83702951,477271034.95,27336,68789036.0,82.18
2021-07-05,JPPOWER,EQ,5.75,6.0,6.0,6.0,6.0,6.0,6.0,10276964,61661784.0,3470,10229964.0,99.54
2021-07-06,JPPOWER,EQ,6.0,6.3,6.3,5.85,6.1,6.0,6.22,137555541,855157084.95,62839,62668310.0,45.56
2021-07-07,JPPOWER,EQ,6.0,6.1,6.15,5.7,5.8,5.75,5.79,86171615,498914999.95,39400,40744160.0,47.28
2021-07-08,JPPOWER,EQ,5.75,5.85,6.0,5.8,6.0,6.0,5.95,67488315,401311285.7,29166,31018055.0,45.96
2021-07-09,JPPOWER,EQ,6.0,6.05,6.3,5.9,6.3,6.3,6.24,93427119,582715672.35,25440,55366833.0,59.26
2021-07-12,JPPOWER,EQ,6.3,6.55,6.6,6.3,6.6,6.6,6.55,108979527,713648835.35,31626,44176504.0,40.54
2021-07-13,JPPOWER,EQ,6.6,6.85,6.85,6.3,6.3,6.3,6.39,133862896,855339746.75,42421,62339112.0,46.57
2021-07-14,JPPOWER,EQ,6.3,6.2,6.6,6.1,6.2,6.15,6.29,76670601,482012914.2,33498,27233314.0,35.52
2021-07-15,JPPOWER,EQ,6.15,6.25,6.25,5.85,6.05,6.0,6.0,53384380,320534238.45,29303,28949430.0,54.23
2021-07-16,JPPOWER,EQ,6.0,5.9,6.15,5.75,5.95,5.85,5.95,45266571,269400143.95,32535,28070204.0,62.01
2021-07-19,JPPOWER,EQ,5.85,5.8,6.1,5.75,6.1,6.1,5.98,64255685,384274957.0,41047,29101203.0,45.29
2021-07-20,JPPOWER,EQ,6.1,6.1,6.2,5.8,5.8,5.8,5.89,58073109,342041579.45,31836,35904933.0,61.83
2021-07-22,JPPOWER,EQ,5.8,5.8,5.85,5.55,5.55,5.55,5.63,44130012,248635163.35,33751,28508978.0,64.6
2021-07-23,JPPOWER,EQ,5.55,5.5,5.6,5.3,5.3,5.3,5.36,45441548,243553967.45,45837,26703804.0,58.77
2021-07-26,JPPOWER,EQ,5.3,5.15,5.5,5.1,5.4,5.4,5.36,67332142,360712216.8,33945,32274106.0,47.93
2021-07-27,JPPOWER,EQ,5.4,5.45,5.5,5.15,5.15,5.15,5.28,53609198,283014484.3,25660,33576058.0,62.63
2021-07-28,JPPOWER,EQ,5.15,5.1,5.15,4.9,4.9,4.9,4.91,73403659,360524444.1,26376,43388002.0,59.11
2021-07-29,JPPOWER,EQ,4.9,4.85,4.9,4.7,4.7,4.7,4.73,61294490,289633070.0,21205,32351437.0,52.78
2021-07-30,JPPOWER,EQ,4.7,4.55,4.9,4.55,4.9,4.9,4.81,116936608,561896448.05,29318,65436228.0,55.96
2021-08-02,JPPOWER,EQ,4.9,4.95,5.1,4.95,5.1,5.1,5.05,34433758,174013867.6,10658,21615072.0,62.77
2021-08-03,JPPOWER,EQ,5.1,5.3,5.35,5.25,5.35,5.35,5.34,36421401,194527958.4,7101,16184135.0,44.44
2021-08-04,JPPOWER,EQ,5.35,5.5,5.6,5.1,5.1,5.1,5.37,70132129,376461225.05,34950,35289725.0,50.32
2021-08-05,JPPOWER,EQ,5.1,5.0,5.1,4.85,4.85,4.85,4.87,49952525,243038751.4,17733,29985812.0,60.03
2021-08-06,JPPOWER,EQ,4.85,4.85,5.05,4.8,5.05,5.05,4.98,43711616,217489356.05,24070,25063228.0,57.34
2021-08-09,JPPOWER,EQ,5.05,4.85,4.9,4.8,4.8,4.8,4.82,25749973,124147239.15,13317,20965565.0,81.42
2021-08-10,JPPOWER,EQ,4.8,4.6,4.6,4.6,4.6,4.6,4.6,5982527,27519624.2,8668,5979079.0,99.94
2021-08-11,JPPOWER,EQ,4.6,4.4,4.4,4.4,4.4,4.4,4.4,6595665,29020926.0,12100,6595665.0,100.0
2021-08-12,JPPOWER,EQ,4.4,4.3,4.6,4.2,4.6,4.6,4.37,141282222,617255919.0,29867,49390006.0,34.96
2021-08-13,JPPOWER,EQ,4.6,4.65,4.7,4.4,4.4,4.4,4.45,61988585,276083549.85,24462,24903410.0,40.17
2021-08-16,JPPOWER,EQ,4.4,4.35,4.35,4.2,4.2,4.2,4.23,49518531,209605539.4,20526,20860069.0,42.13
2021-08-17,JPPOWER,EQ,4.2,4.15,4.15,4.0,4.0,4.0,4.03,55114830,222172223.05,24377,22774447.0,41.32
2021-08-18,JPPOWER,EQ,4.0,4.0,4.05,3.8,3.8,3.8,3.84,97486791,373878020.4,28077,51348923.0,52.67
2021-08-20,JPPOWER,EQ,3.8,3.65,3.7,3.65,3.65,3.65,3.65,46568027,170086161.3,22296,24523454.0,52.66
2021-08-23,JPPOWER,EQ,3.65,3.65,3.8,3.5,3.5,3.5,3.54,72901792,258206906.95,21726,29131401.0,39.96
2021-08-24,JPPOWER,EQ,3.5,3.5,3.65,3.35,3.65,3.65,3.5,46560928,163114478.55,14511,19809973.0,42.55
2021-08-25,JPPOWER,EQ,3.65,3.8,3.8,3.75,3.8,3.8,3.8,9134908,34671516.65,2811,8396314.0,91.91
2021-08-26,JPPOWER,EQ,3.8,3.95,3.95,3.9,3.95,3.95,3.95,25922357,102383710.55,4128,17645350.0,68.07
2021-08-27,JPPOWER,EQ,3.95,4.0,4.1,3.9,4.1,4.1,4.07,56531177,230064594.2,16248,21241166.0,37.57
2021-08-30,JPPOWER,EQ,4.1,4.1,4.3,4.1,4.2,4.2,4.19,33705759,141188911.6,16628,14701379.0,43.62
2021-08-31,JPPOWER,EQ,4.2,4.2,4.2,4.0,4.0,4.0,4.04,25274849,102235111.15,13272,13419478.0,53.09
2021-09-01,JPPOWER,EQ,4.0,4.0,4.1,3.85,4.0,3.95,3.99,18897091,75382198.5,10098,7351735.0,38.9
2021-09-02,JPPOWER,EQ,3.95,4.0,4.1,3.95,4.1,4.1,4.07,21906301,89261919.15,15373,9377579.0,42.81
2021-09-03,JPPOWER,EQ,4.1,4.1,4.2,3.95,4.05,4.0,4.05,16639766,67367061.7,11545,8946520.0,53.77
2021-09-06,JPPOWER,EQ,4.0,4.05,4.1,3.95,4.0,3.95,4.01,12134727,48668967.95,10241,6918009.0,57.01
2021-09-07,JPPOWER,EQ,3.95,4.0,4.05,3.9,4.0,3.95,3.94,18286345,72108976.35,9292,9193639.0,50.28
2021-09-08,JPPOWER,EQ,3.95,3.95,4.05,3.95,4.0,4.0,3.99,10706547,42718775.3,7776,5399201.0,50.43
2021-09-09,JPPOWER,EQ,4.0,4.0,4.2,3.95,4.05,4.05,4.09,27465162,112330528.9,11013,9264444.0,33.73
2021-09-13,JPPOWER,EQ,4.05,4.1,4.1,3.95,4.0,4.0,4.01,8979125,36043265.1,8187,4981533.0,55.48
2021-09-14,JPPOWER,EQ,4.0,4.05,4.2,4.0,4.2,4.2,4.17,27905250,116251979.45,8575,13839032.0,49.59
2021-09-15,JPPOWER,EQ,4.2,4.35,4.4,4.3,4.4,4.4,4.39,6757798,29680410.65,2764,6381629.0,94.43
2021-09-16,JPPOWER,EQ,4.4,4.6,4.6,4.2,4.35,4.35,4.4,50941150,224160954.95,17676,24984440.0,49.05
2021-09-17,JPPOWER,EQ,4.35,4.35,4.5,4.15,4.45,4.35,4.23,51587094,218425849.9,19291,25908662.0,50.22
2021-09-20,JPPOWER,EQ,4.35,4.3,4.4,4.25,4.25,4.25,4.33,19414349,84022637.15,10492,11029170.0,56.81
2021-09-21,JPPOWER,EQ,4.25,4.25,4.45,4.05,4.45,4.35,4.24,31213813,132209679.4,16166,14684893.0,47.05
2021-09-22,JPPOWER,EQ,4.35,4.4,4.45,4.3,4.35,4.35,4.34,6831460,29653744.6,10979,5030074.0,73.63
2021-09-23,JPPOWER,EQ,4.35,4.35,4.4,4.15,4.2,4.2,4.27,26737929,114067963.2,12326,16016020.0,59.9
2021-09-24,JPPOWER,EQ,4.2,4.2,4.4,4.1,4.35,4.3,4.32,72280923,312254138.2,15671,32000657.0,44.27
2021-09-27,JPPOWER,EQ,4.3,4.35,4.5,4.2,4.25,4.25,4.31,24756265,106647391.45,13975,13098288.0,52.91
2021-09-28,JPPOWER,EQ,4.25,4.3,4.3,4.15,4.2,4.2,4.23,12652910,53467635.1,6622,6836198.0,54.03
2021-09-29,JPPOWER,EQ,4.2,4.2,4.4,4.15,4.4,4.4,4.35,39432827,171658677.05,10034,23877862.0,60.55
2021-09-30,JPPOWER,EQ,4.4,4.55,4.55,4.25,4.3,4.35,4.4,36591327,160969368.35,10717,19821315.0,54.17
2021-10-01,JPPOWER,EQ,4.35,4.3,4.3,4.15,4.2,4.2,4.22,67355191,283970756.85,15456,33413722.0,49.61
2021-10-04,JPPOWER,EQ,4.2,4.25,4.4,4.25,4.35,4.35,4.38,132297216,579695128.5,21920,79316822.0,59.95
2021-10-05,JPPOWER,EQ,4.35,4.4,4.45,4.25,4.3,4.25,4.33,55453764,239869095.75,15664,35647993.0,64.28
2021-10-06,JPPOWER,EQ,4.25,4.3,4.4,4.2,4.25,4.25,4.32,61782844,266928490.15,18777,42496926.0,68.78
2021-10-07,JPPOWER,EQ,4.25,4.4,4.65,4.25,4.4,4.35,4.39,132062031,580172450.0,23902,84805393.0,64.22
2021-10-08,JPPOWER,EQ,4.35,4.5,5.2,4.45,5.2,5.2,4.89,251006497,1228463674.05,42863,100325411.0,39.97
2021-10-11,JPPOWER,EQ,5.2,5.7,5.9,5.35,5.4,5.4,5.6,397804495,2227082670.8,124601,171472743.0,43.1
2021-10-12,JPPOWER,EQ,5.4,5.4,5.55,4.9,5.25,5.15,5.22,179258774,936625648.35,73760,70652380.0,39.41
2021-10-13,JPPOWER,EQ,5.15,5.3,6.0,5.25,5.65,5.55,5.64,259575389,1463728036.2,95555,101396969.0,39.06
2021-10-14,JPPOWER,EQ,5.55,5.8,5.9,5.4,5.5,5.45,5.6,141627785,792581499.8,58475,88734199.0,62.65
2021-10-18,JPPOWER,EQ,5.45,5.5,5.75,5.3,5.65,5.65,5.52,139323397,769261420.6,61957,69834126.0,50.12
2021-10-19,JPPOWER,EQ,5.65,5.75,6.0,5.15,5.25,5.3,5.62,131610920,740051413.9,59414,63509999.0,48.26
2021-10-20,JPPOWER,EQ,5.3,5.25,5.45,4.95,5.25,5.15,5.2,73234091,380945126.4,53592,33241721.0,45.39
2021-10-21,JPPOWER,EQ,5.15,5.3,5.35,4.95,5.05,5.05,5.1,57537018,293587773.8,42508,34246328.0,59.52
2021-10-22,JPPOWER,EQ,5.05,5.1,5.15,4.8,4.9,4.9,5.01,60516516,302890989.2,57999,36024563.0,59.53
2021-10-25,JPPOWER,EQ,4.9,4.9,4.9,4.55,4.75,4.7,4.73,85782386,405467241.95,44416,34839837.0,40.61
2021-10-26,JPPOWER,EQ,4.7,4.75,5.0,4.6,4.75,4.75,4.79,71511284,342796010.15,32079,26026433.0,36.39
2021-10-27,JPPOWER,EQ,4.75,4.8,4.8,4.55,4.65,4.6,4.67,44533644,208144061.4,27619,27688915.0,62.18
2021-10-28,JPPOWER,EQ,4.6,4.65,4.65,4.25,4.45,4.4,4.41,75269286,331761602.45,55264,39431451.0,52.39
2021-10-29,JPPOWER,EQ,4.4,4.4,4.45,4.25,4.4,4.4,4.36,41362278,180270312.3,31172,24971615.0,60.37
2021-11-01,JPPOWER,EQ,4.4,4.45,4.7,4.25,4.6,4.6,4.5,61773825,277848134.1,39873,20454683.0,33.11
2021-11-02,JPPOWER,EQ,4.6,4.7,4.95,4.55,4.9,4.9,4.75,46996366,223156524.25,41632,20500220.0,43.62
2021-11-03,JPPOWER,EQ,4.9,4.95,4.95,4.7,4.75,4.7,4.8,28201322,135500084.1,32810,15493934.0,54.94
2021-11-04,JPPOWER,EQ,4.7,4.8,4.85,4.75,4.8,4.8,4.82,9537691,45966447.5,15045,6020906.0,63.13
2021-11-08,JPPOWER,EQ,4.8,4.85,4.9,4.75,4.85,4.8,4.81,19421307,93444070.6,34146,10281179.0,52.94
2021-11-09,JPPOWER,EQ,4.8,4.8,4.9,4.75,4.8,4.8,4.83,17817573,85980455.75,21379,10663075.0,59.85
2021-11-10,JPPOWER,EQ,4.8,4.75,4.85,4.7,4.75,4.75,4.77,13168179,62797529.75,25185,8193448.0,62.22
2021-11-11,JPPOWER,EQ,4.75,4.75,4.75,4.55,4.7,4.65,4.68,21943511,102623866.75,31885,10202308.0,46.49
2021-11-12,JPPOWER,EQ,4.65,4.7,4.8,4.6,4.7,4.7,4.73,16027357,75817378.5,18825,10754590.0,67.1
2021-11-15,JPPOWER,EQ,4.7,4.1,4.45,4.1,4.35,4.3,4.31,70390651,303644483.9,63608,42484790.0,60.36
2021-11-16,JPPOWER,EQ,4.3,4.35,4.6,4.3,4.5,4.5,4.49,29394301,131930568.15,34744,15037842.0,51.16
2021-11-17,JPPOWER,EQ,4.5,4.5,4.6,4.35,4.4,4.4,4.5,25668251,115560580.65,38023,14809314.0,57.7
2021-11-18,JPPOWER,EQ,4.4,4.4,4.5,4.3,4.35,4.35,4.36,21239618,92542797.7,25368,12277264.0,57.8
2021-11-22,JPPOWER,EQ,4.35,4.4,4.4,4.15,4.25,4.2,4.27,28098395,120106279.25,48487,17924427.0,63.79
2021-11-23,JPPOWER,EQ,4.2,4.15,4.45,4.1,4.4,4.4,4.33,34974125,151483502.7,37974,16817398.0,48.09
2021-11-24,JPPOWER,EQ,4.4,4.45,4.8,4.35,4.6,4.55,4.62,66746264,308385482.6,43606,23342609.0,34.97
2021-11-25,JPPOWER,EQ,4.55,4.65,4.85,4.6,4.85,4.8,4.72,45313719,213947415.25,39000,25694052.0,56.7
2021-11-26,JPPOWER,EQ,4.8,4.7,5.15,4.55,4.75,4.75,4.86,125398813,609241809.85,73810,43858072.0,34.97
2021-11-29,JPPOWER,EQ,4.75,4.8,4.85,4.3,4.4,4.4,4.49,69769776,313543572.1,39752,30181044.0,43.26
2021-11-30,JPPOWER,EQ,4.4,4.4,4.6,4.35,4.5,4.5,4.51,29534732,133168431.7,29148,13251255.0,44.87
2021-12-01,JPPOWER,EQ,4.5,4.55,4.7,4.4,4.5,4.45,4.53,37049021,167965561.25,44876,14839074.0,40.05
2021-12-02,JPPOWER,EQ,4.45,4.5,4.6,4.45,4.5,4.45,4.51,22542259,101760675.0,30926,12518667.0,55.53
2021-12-03,JPPOWER,EQ,4.45,4.5,4.8,4.45,4.6,4.6,4.63,72073339,333654878.2,37740,22510090.0,31.23
2021-12-06,JPPOWER,EQ,4.6,4.6,4.75,4.5,4.6,4.55,4.62,38377350,177392269.85,39853,20301443.0,52.9
2021-12-07,JPPOWER,EQ,4.55,4.7,4.8,4.65,4.7,4.65,4.71,30956138,145841521.2,37164,17953413.0,58.0
2021-12-08,JPPOWER,EQ,4.65,4.75,5.1,4.7,4.95,4.95,4.96,116134403,575521071.15,49835,48895963.0,42.1
2021-12-09,JPPOWER,EQ,4.95,5.05,5.9,4.9,5.8,5.8,5.48,335641175,1840487935.55,125459,158717819.0,47.29
2021-12-10,JPPOWER,EQ,5.8,5.9,5.95,5.35,5.5,5.5,5.65,169285396,957205876.4,96613,81240741.0,47.99
2021-12-13,JPPOWER,EQ,5.5,5.75,6.3,5.65,6.0,5.95,6.0,212788156,1276168441.6,148960,88541198.0,41.61
2021-12-14,JPPOWER,EQ,5.95,6.0,6.15,5.6,5.8,5.8,5.86,121282644,711054036.05,147120,55272477.0,45.57
2021-12-15,JPPOWER,EQ,5.8,5.85,5.95,5.6,5.65,5.65,5.76,61733228,355490426.9,120558,30572997.0,49.52
2021-12-16,JPPOWER,EQ,5.65,5.75,5.8,5.2,5.4,5.35,5.39,83512272,450425527.65,81535,42460638.0,50.84
2021-12-17,JPPOWER,EQ,5.35,5.45,5.45,5.0,5.15,5.1,5.15,59665646,307305414.1,53414,30422061.0,50.99
2021-12-20,JPPOWER,EQ,5.1,5.1,5.1,4.75,4.85,4.85,4.88,72003433,351064275.35,71984,31278459.0,43.44
2021-12-21,JPPOWER,EQ,4.85,4.95,5.2,4.85,5.05,5.0,5.06,60762783,307232821.45,56221,23144480.0,38.09
2021-12-22,JPPOWER,EQ,5.0,5.1,6.0,5.05,5.8,5.75,5.76,263932222,1519879682.7,106551,74239081.0,28.13
2021-12-23,JPPOWER,EQ,5.75,5.8,5.9,5.5,5.6,5.6,5.7,89259595,508373876.65,65066,43543165.0,48.78
2021-12-24,JPPOWER,EQ,5.6,5.65,5.75,5.4,5.55,5.6,5.57,64255644,357722181.9,95025,27261220.0,42.43
2021-12-27,JPPOWER,EQ,5.6,5.6,6.1,5.4,5.9,5.9,5.83,191686217,1117095799.35,93394,66871474.0,34.89
2021-12-28,JPPOWER,EQ,5.9,6.0,6.65,5.95,6.35,6.4,6.34,393208473,2492457492.35,147827,132999695.0,33.82
2021-12-29,JPPOWER,EQ,6.4,6.4,6.75,5.75,6.1,6.05,6.23,277987827,1732085441.25,125339,103111522.0,37.09
2021-12-30,JPPOWER,EQ,6.05,6.1,6.15,5.9,6.0,5.95,6.03,68046036,410652613.25,95766,35593970.0,52.31
2021-12-31,JPPOWER,EQ,5.95,6.05,6.45,6.0,6.2,6.2,6.24,106251187,663494486.6,78780,42496810.0,40.0
2022-01-03,JPPOWER,EQ,6.2,6.35,7.35,6.35,7.2,7.25,6.98,473949788,3310145271.2,286777,160342418.0,33.83
2022-01-04,JPPOWER,EQ,7.25,7.45,8.0,7.0,7.35,7.35,7.47,396866566,2966503878.0,260360,139355744.0,35.11
2022-01-05,JPPOWER,EQ,7.35,7.45,7.45,6.9,7.1,7.1,7.13,156591024,1117096238.4,138845,60307195.0,38.51
2022-01-06,JPPOWER,EQ,7.1,7.0,8.1,6.85,7.8,7.9,7.56,321546242,2430106790.0,234209,107407190.0,33.4
2022-01-07,JPPOWER,EQ,7.9,8.0,8.75,8.0,8.45,8.45,8.36,430177541,3594954549.0,324658,130778823.0,30.4
2022-01-10,JPPOWER,EQ,8.45,8.7,9.25,8.6,9.25,9.25,9.12,345629442,3151691558.4,190290,121675845.0,35.2
2022-01-11,JPPOWER,EQ,9.25,9.8,10.15,9.15,10.15,10.15,9.92,545381438,5409327575.7,334125,162978497.0,29.88
2022-01-12,JPPOWER,EQ,10.15,10.65,11.15,9.2,10.25,10.35,10.38,789172845,8190023584.45,519011,218753718.0,27.72
2022-01-13,JPPOWER,EQ,10.35,10.35,10.35,9.45,9.75,9.8,9.77,295569554,2887179591.9,221665,86585180.0,29.29
2022-01-14,JPPOWER,EQ,9.8,9.65,10.3,9.3,9.95,9.9,9.95,218183534,2171201698.45,188715,76098874.0,34.88
2022-01-17,JPPOWER,EQ,9.9,9.9,10.35,9.9,10.05,10.05,10.12,149078534,1509273972.9,171090,57260405.0,38.41
2022-01-18,JPPOWER,EQ,10.05,10.15,10.25,9.5,9.55,9.55,9.78,141108756,1380542215.35,213405,60698009.0,43.02
2022-01-19,JPPOWER,EQ,9.55,9.5,9.5,8.8,9.15,9.15,9.11,153616680,1399340450.3,180853,58963439.0,38.38
2022-01-20,JPPOWER,EQ,9.15,9.2,10.05,9.2,10.05,10.0,9.69,205447607,1991226348.8,148213,63464996.0,30.89
2022-01-21,JPPOWER,EQ,10.0,10.0,10.1,9.5,9.6,9.6,9.8,144365680,1414520953.85,131587,48932769.0,33.9
2022-01-24,JPPOWER,EQ,9.6,9.45,9.5,8.65,8.9,8.8,8.9,184605790,1643470973.6,190184,66977530.0,36.28
2022-01-25,JPPOWER,EQ,8.8,8.45,9.15,8.1,9.05,9.05,8.81,157211819,1385077739.85,174277,39666414.0,25.23
2022-01-27,JPPOWER,EQ,9.05,8.9,9.4,8.7,9.25,9.25,9.24,140855966,1300948425.15,137724,38352538.0,27.23
2022-01-28,JPPOWER,EQ,9.25,9.35,9.55,9.05,9.15,9.1,9.33,70913683,661902900.15,125641,25687768.0,36.22
2022-01-31,JPPOWER,EQ,9.1,9.3,9.5,8.95,9.1,9.05,9.13,80910755,738541665.8,132638,25428235.0,31.43
2022-02-01,JPPOWER,EQ,9.05,9.25,9.4,8.9,9.05,9.05,9.1,97704979,888743763.35,134929,29117079.0,29.8
2022-02-02,JPPOWER,EQ,9.05,9.05,9.15,8.85,9.0,8.95,8.96,54284970,486602749.2,111026,27048593.0,49.83
2022-02-03,JPPOWER,EQ,8.95,8.9,9.4,8.85,9.1,9.05,9.12,73034448,666376644.0,73869,24093006.0,32.99
2022-02-04,JPPOWER,EQ,9.05,9.05,9.25,8.95,9.05,9.0,9.05,87047227,788030051.3,109962,17085597.0,19.63
2022-02-07,JPPOWER,EQ,9.0,9.1,9.2,8.75,8.85,8.85,8.89,53990600,480039768.8,106265,25251962.0,46.77
2022-02-08,JPPOWER,EQ,8.85,8.9,9.0,8.25,8.55,8.55,8.55,107856895,922092124.85,69446,26943452.0,24.98
2022-02-09,JPPOWER,EQ,8.55,8.6,8.8,8.2,8.7,8.75,8.53,57207377,487970070.7,51325,22330423.0,39.03
2022-02-10,JPPOWER,EQ,8.75,8.75,9.0,8.4,8.8,8.75,8.73,70537446,616081790.15,45592,20013336.0,28.37
2022-02-11,JPPOWER,EQ,8.75,8.55,8.75,8.45,8.5,8.5,8.57,40572963,347665524.1,54027,18569588.0,45.77
2022-02-14,JPPOWER,EQ,8.5,8.85,9.25,8.55,8.7,8.7,8.86,150053325,1330038009.9,121995,55892240.0,37.25
2022-02-15,JPPOWER,EQ,8.7,8.9,9.05,8.4,8.65,8.65,8.65,70687312,611675073.3,54153,27044702.0,38.26
2022-02-16,JPPOWER,EQ,8.65,8.7,8.85,8.45,8.5,8.5,8.63,73521384,634790726.05,48540,27012442.0,36.74
2022-02-17,JPPOWER,EQ,8.5,8.5,8.65,8.2,8.35,8.3,8.4,58711578,493263621.05,49561,22462692.0,38.26
2022-02-18,JPPOWER,EQ,8.3,8.2,8.45,7.85,8.0,7.95,8.1,60729527,491745332.2,94637,30802447.0,50.72
2022-02-21,JPPOWER,EQ,7.95,7.8,7.8,7.2,7.25,7.3,7.38,125381826,924729025.75,93471,43026295.0,34.32
2022-02-22,JPPOWER,EQ,7.3,6.8,7.0,6.65,6.75,6.7,6.77,88770241,601133207.9,80926,38473771.0,43.34
2022-02-23,JPPOWER,EQ,6.7,6.8,7.0,6.8,7.0,7.0,6.98,14774436,103186501.15,6766,9086985.0,61.5
2022-02-24,JPPOWER,EQ,7.0,6.7,7.05,6.65,6.65,6.65,6.79,94269681,639661288.3,76289,48755352.0,51.72
2022-02-25,JPPOWER,EQ,6.65,6.9,6.95,6.9,6.95,6.95,6.95,23028383,159979669.8,20837,16173304.0,70.23
2022-02-28,JPPOWER,EQ,6.95,6.9,7.25,6.8,7.25,7.25,7.19,107669127,773793269.1,67263,35477623.0,32.95
2022-03-02,JPPOWER,EQ,7.25,7.2,7.4,7.05,7.2,7.2,7.22,47137128,340288937.75,41349,21903948.0,46.47
2022-03-03,JPPOWER,EQ,7.2,7.25,7.5,7.1,7.25,7.2,7.28,59235215,430981137.15,45899,19660138.0,33.19
2022-03-04,JPPOWER,EQ,7.2,7.15,7.25,6.95,7.0,7.0,7.07,54619595,386000589.35,42897,20910998.0,38.28
2022-03-07,JPPOWER,EQ,7.0,6.85,6.85,6.65,6.75,6.7,6.75,39679971,267833597.9,64387,21176250.0,53.37
2022-03-08,JPPOWER,EQ,6.7,6.7,7.0,6.7,7.0,7.0,6.94,44859704,311528669.0,32216,13307725.0,29.67
2022-03-09,JPPOWER,EQ,7.0,7.15,7.3,7.05,7.2,7.2,7.19,55372925,398039121.55,43216,21373107.0,38.6
2022-03-10,JPPOWER,EQ,7.2,7.4,7.4,7.2,7.3,7.25,7.32,50360700,368432022.35,44641,25017614.0,49.68
2022-03-11,JPPOWER,EQ,7.25,7.25,7.35,7.15,7.25,7.25,7.24,22943505,166199565.95,28570,11018429.0,48.02
2022-03-14,JPPOWER,EQ,7.25,7.25,7.35,7.1,7.15,7.1,7.16,29317129,209869341.65,46149,16705620.0,56.98
2022-03-15,JPPOWER,EQ,7.1,7.2,7.25,6.9,7.0,6.95,7.08,31573510,223534489.8,39964,15162322.0,48.02
2022-03-16,JPPOWER,EQ,6.95,6.95,7.15,6.95,7.05,7.1,7.05,22100706,155749673.0,25734,12403423.0,56.12
2022-03-17,JPPOWER,EQ,7.1,7.1,7.2,7.0,7.0,7.05,7.07,23511134,166252451.25,41353,14984687.0,63.73
2022-03-21,JPPOWER,EQ,7.05,7.05,7.15,6.95,7.05,7.0,7.04,29467683,207341067.6,35269,14117581.0,47.91
2022-03-22,JPPOWER,EQ,7.0,7.0,7.05,6.9,6.95,6.95,6.95,25864257,179878133.55,26951,10705586.0,41.39
2022-03-23,JPPOWER,EQ,6.95,6.95,7.1,6.9,6.95,6.95,7.02,34868144,244664685.05,31609,18438976.0,52.88
2022-03-24,JPPOWER,EQ,6.95,6.95,6.95,6.75,6.85,6.85,6.84,33494159,229235172.2,59091,16204343.0,48.38
2022-03-25,JPPOWER,EQ,6.85,6.85,7.15,6.8,6.9,6.85,7.01,54065336,378790601.95,26215,18830697.0,34.83
2022-03-28,JPPOWER,EQ,6.85,6.9,6.95,6.6,6.65,6.65,6.68,37786157,252366297.0,39367,18437040.0,48.79
2022-03-29,JPPOWER,EQ,6.65,6.7,6.95,6.45,6.75,6.75,6.79,90993509,617512396.25,43652,37834893.0,41.58
2022-03-30,JPPOWER,EQ,6.75,6.95,7.05,6.8,7.05,7.0,7.0,84946542,594537845.8,40589,25864883.0,30.45
2022-03-31,JPPOWER,EQ,7.0,7.05,7.1,6.75,6.8,6.8,6.89,43319800,298338950.2,42276,20267061.0,46.78
2022-04-01,JPPOWER,EQ,6.8,6.8,7.1,6.7,7.1,7.0,6.9,47000657,324519420.7,32479,18761638.0,39.92
2022-04-04,JPPOWER,EQ,7.0,7.1,7.35,7.05,7.35,7.35,7.26,73777789,535625086.85,39839,36068071.0,48.89
2022-04-05,JPPOWER,EQ,7.35,7.6,7.7,7.35,7.7,7.7,7.6,81745460,621529895.15,41032,33658796.0,41.18
2022-04-06,JPPOWER,EQ,7.7,7.8,8.05,7.8,8.05,8.05,7.98,57517345,459255010.35,20621,27372450.0,47.59
2022-04-07,JPPOWER,EQ,8.05,8.2,8.45,7.7,8.2,8.05,8.27,198796630,1643882894.5,82586,53816576.0,27.07
2022-04-08,JPPOWER,EQ,8.05,8.2,8.4,7.8,8.35,8.25,8.2,85564992,701744054.55,52367,27998654.0,32.72
2022-04-11,JPPOWER,EQ,8.25,8.25,8.45,8.2,8.25,8.2,8.32,62583546,520455328.9,53873,25746043.0,41.14
2022-04-12,JPPOWER,EQ,8.2,8.2,8.2,7.8,8.1,8.0,7.96,59535276,474046292.65,40212,25690439.0,43.15
2022-04-13,JPPOWER,EQ,8.0,8.1,8.2,7.9,8.0,7.95,8.0,28377417,226989676.45,33815,11439776.0,40.31
2022-04-18,JPPOWER,EQ,7.95,7.95,7.95,7.6,7.7,7.7,7.69,44807489,344406367.65,45118,20107429.0,44.88
2022-04-19,JPPOWER,EQ,7.7,7.75,8.0,7.45,7.5,7.55,7.79,44134186,343871176.8,36297,18528398.0,41.98
2022-04-20,JPPOWER,EQ,7.55,7.6,7.75,7.45,7.6,7.6,7.6,28046714,213028320.25,30144,11195321.0,39.92
2022-04-21,JPPOWER,EQ,7.6,7.75,7.85,7.65,7.75,7.7,7.74,35506874,274852103.1,29933,12881574.0,36.28
2022-04-22,JPPOWER,EQ,7.7,7.7,8.05,7.55,8.0,7.9,7.93,83086287,658995994.75,36906,33201556.0,39.96
2022-04-25,JPPOWER,EQ,7.9,7.85,7.9,7.6,7.7,7.7,7.74,29798579,230599817.55,32707,14243618.0,47.8
2022-04-26,JPPOWER,EQ,7.7,7.85,7.9,7.55,7.7,7.65,7.68,25666175,197217193.1,34422,13582108.0,52.92
2022-04-27,JPPOWER,EQ,7.65,7.6,7.65,7.35,7.45,7.45,7.47,29313527,218837121.25,29749,11886213.0,40.55
2022-04-28,JPPOWER,EQ,7.45,7.6,7.6,7.3,7.35,7.35,7.38,23106108,170612773.5,25630,9799335.0,42.41
2022-04-29,JPPOWER,EQ,7.35,7.4,7.7,7.05,7.5,7.4,7.49,123814274,927765189.15,42647,19148706.0,15.47
2022-05-02,JPPOWER,EQ,7.4,7.3,7.6,7.2,7.4,7.35,7.38,23344956,172234940.9,25074,10996674.0,47.11
2022-05-04,JPPOWER,EQ,7.35,7.5,7.5,7.1,7.25,7.2,7.24,32559315,235654892.75,38895,14533520.0,44.64
2022-05-05,JPPOWER,EQ,7.2,7.2,7.3,7.05,7.15,7.1,7.14,14165534,101203364.0,28477,8574574.0,60.53
2022-05-06,JPPOWER,EQ,7.1,7.0,7.0,6.85,6.95,6.9,6.9,20256237,139728729.7,24167,9496687.0,46.88
2022-05-09,JPPOWER,EQ,6.9,6.85,7.2,6.65,6.95,7.0,6.89,38486871,265066990.4,26718,10623230.0,27.6
2022-05-10,JPPOWER,EQ,7.0,7.0,7.15,6.65,6.75,6.75,6.89,22763561,156751626.75,29546,10460078.0,45.95
2022-05-11,JPPOWER,EQ,6.75,6.8,6.8,6.45,6.5,6.5,6.5,40059503,260497213.75,29661,21792846.0,54.4
2022-05-12,JPPOWER,EQ,6.5,6.4,6.45,6.2,6.2,6.2,6.22,17041512,106016299.1,24921,13072208.0,76.71
2022-05-13,JPPOWER,EQ,6.2,6.2,6.5,6.1,6.5,6.45,6.35,50231616,319071962.75,36292,22251517.0,44.3
2022-05-16,JPPOWER,EQ,6.45,6.65,6.75,6.55,6.7,6.65,6.69,25522294,170826585.25,22789,11847804.0,46.42
2022-05-17,JPPOWER,EQ,6.65,6.75,6.95,6.75,6.95,6.95,6.91,10764460,74372136.1,3850,9780901.0,90.86
2022-05-18,JPPOWER,EQ,6.95,7.25,7.25,7.15,7.25,7.25,7.25,19723957,142985853.25,9211,12683885.0,64.31
2022-05-19,JPPOWER,EQ,7.25,7.0,7.6,7.0,7.45,7.35,7.27,50271379,365412863.3,29933,22174591.0,44.11
2022-05-20,JPPOWER,EQ,7.35,7.55,7.6,7.4,7.45,7.5,7.5,27638468,207200043.7,22032,16421130.0,59.41
2022-05-23,JPPOWER,EQ,7.5,7.55,7.55,7.15,7.25,7.2,7.31,20138087,147143690.4,16687,11122149.0,55.23
2022-05-24,JPPOWER,EQ,7.2,7.2,7.55,6.95,7.25,7.2,7.33,66947691,490846979.7,19341,11697125.0,17.47
2022-05-25,JPPOWER,EQ,7.2,7.3,7.5,6.9,7.1,7.05,7.15,43154110,308573313.65,18750,11714685.0,27.15
2022-05-26,JPPOWER,EQ,7.05,7.05,7.05,6.7,6.95,6.9,6.8,30956433,210589914.35,27916,11391473.0,36.8
2022-05-27,JPPOWER,EQ,6.9,6.95,7.1,6.75,6.95,6.9,6.91,17401624,120238232.8,20785,7150915.0,41.09
2022-05-30,JPPOWER,EQ,6.9,6.7,6.8,6.6,6.7,6.65,6.68,51891626,346563125.8,27672,19443903.0,37.47
2022-05-31,JPPOWER,EQ,6.65,6.65,6.95,6.6,6.95,6.9,6.89,79960548,550677703.0,23727,52824269.0,66.06
2022-06-01,JPPOWER,EQ,6.9,7.15,7.2,6.95,7.2,7.2,7.13,39580352,282223169.15,19707,15834631.0,40.01
2022-06-02,JPPOWER,EQ,7.2,7.15,7.45,7.05,7.35,7.3,7.27,52259678,380045954.2,23480,18822665.0,36.02
2022-06-03,JPPOWER,EQ,7.3,7.4,7.4,7.0,7.05,7.05,7.11,28306517,201283944.9,18142,13338124.0,47.12
2022-06-06,JPPOWER,EQ,7.05,6.95,7.4,6.8,7.15,7.15,7.2,66832454,481359406.15,24718,24179282.0,36.18
2022-06-07,JPPOWER,EQ,7.15,7.1,7.25,6.95,7.1,7.05,7.09,24351230,172638883.75,16923,8443399.0,34.67
2022-06-08,JPPOWER,EQ,7.05,7.1,7.15,6.85,6.9,6.9,7.0,31970318,223668462.95,18075,13376498.0,41.84
2022-06-09,JPPOWER,EQ,6.9,6.85,7.15,6.75,7.1,7.1,7.0,43150044,301999340.0,19753,12195101.0,28.26
2022-06-10,JPPOWER,EQ,7.1,6.95,7.2,6.95,7.05,7.0,7.05,34647341,244267114.65,19719,9927264.0,28.65
2022-06-13,JPPOWER,EQ,7.0,6.8,6.85,6.6,6.75,6.75,6.75,24990229,168739304.45,21395,12708225.0,50.85
2022-06-14,JPPOWER,EQ,6.75,6.7,6.9,6.6,6.65,6.7,6.74,31954340,215336373.4,22992,11201105.0,35.05
2022-06-15,JPPOWER,EQ,6.7,6.7,6.75,6.6,6.65,6.65,6.68,18681791,124765889.9,18355,7096743.0,37.99
2022-06-16,JPPOWER,EQ,6.65,6.75,6.85,6.25,6.4,6.35,6.53,31888228,208267690.7,26265,11668396.0,36.59
2022-06-17,JPPOWER,EQ,6.35,6.35,6.35,6.0,6.1,6.05,6.14,34635547,212593287.3,27128,13492319.0,38.96
2022-06-20,JPPOWER,EQ,6.05,6.1,6.2,5.45,5.65,5.6,5.65,51450417,290739243.85,35679,19548528.0,37.99
2022-06-21,JPPOWER,EQ,5.6,5.7,6.15,5.6,6.15,6.1,5.89,37930726,223396083.1,28797,13970597.0,36.83
2022-06-22,JPPOWER,EQ,6.1,6.1,6.3,5.8,6.2,6.15,6.07,37069879,225190725.55,18445,9423361.0,25.42
2022-06-23,JPPOWER,EQ,6.15,6.2,6.6,6.2,6.4,6.5,6.43,37562064,241414038.65,20136,11701660.0,31.15
2022-06-24,JPPOWER,EQ,6.5,6.65,6.8,6.3,6.55,6.55,6.54,38772508,253735886.05,21110,11148437.0,28.75
2022-06-27,JPPOWER,EQ,6.55,6.6,6.7,6.45,6.55,6.55,6.58,22736556,149680965.2,14848,7962798.0,35.02
2022-06-28,JPPOWER,EQ,6.55,6.5,6.7,6.4,6.6,6.55,6.56,18819511,123370320.65,12800,6004578.0,31.91
2022-06-29,JPPOWER,EQ,6.55,6.5,6.55,6.4,6.45,6.4,6.46,9998610,64629604.15,12947,4777907.0,47.79
2022-06-30,JPPOWER,EQ,6.4,6.5,6.55,6.35,6.5,6.45,6.46,13489790,87121425.6,13567,5313392.0,39.39
2022-07-01,JPPOWER,EQ,6.45,6.5,6.55,6.3,6.45,6.4,6.38,14425317,92042686.65,12694,4099905.0,28.42
2022-07-04,JPPOWER,EQ,6.4,6.4,6.55,6.35,6.35,6.4,6.43,9523033,61255403.2,12359,4446124.0,46.69
2022-07-05,JPPOWER,EQ,6.4,6.5,6.55,6.3,6.3,6.35,6.42,17383986,111604108.9,13430,6446910.0,37.09
2022-07-06,JPPOWER,EQ,6.35,6.35,6.4,6.15,6.3,6.25,6.27,15085069,94532065.4,12723,5150940.0,34.15
2022-07-07,JPPOWER,EQ,6.25,6.35,6.4,6.25,6.3,6.3,6.31,10349624,65301336.55,10401,5549879.0,53.62
2022-07-08,JPPOWER,EQ,6.3,6.35,6.4,6.2,6.25,6.3,6.3,13059090,82332710.15,10475,5385412.0,41.24
2022-07-11,JPPOWER,EQ,6.3,6.3,6.6,6.2,6.4,6.4,6.37,20209434,128751310.6,13001,8052011.0,39.84
2022-07-12,JPPOWER,EQ,6.4,6.4,6.65,6.35,6.5,6.5,6.49,20248594,131348495.65,12903,8091541.0,39.96
2022-07-13,JPPOWER,EQ,6.5,6.55,6.6,6.3,6.35,6.35,6.42,14916573,95712875.2,15140,7526796.0,50.46
2022-07-14,JPPOWER,EQ,6.35,6.35,6.4,6.2,6.3,6.3,6.28,13146618,82548957.5,13681,5643975.0,42.93
2022-07-15,JPPOWER,EQ,6.3,6.35,6.4,6.2,6.3,6.25,6.27,10066306,63075236.5,13447,4850081.0,48.18
2022-07-18,JPPOWER,EQ,6.25,6.3,6.4,6.25,6.35,6.3,6.33,12850543,81397625.4,14039,5671092.0,44.13
2022-07-19,JPPOWER,EQ,6.3,6.3,6.5,6.25,6.4,6.4,6.41,16437165,105301210.45,9184,8006545.0,48.71
2022-07-20,JPPOWER,EQ,6.4,6.5,6.55,6.25,6.4,6.35,6.39,16475324,105294700.25,11934,9466200.0,57.46
2022-07-21,JPPOWER,EQ,6.35,6.4,6.95,6.3,6.65,6.6,6.77,74627873,505529394.55,15473,16981487.0,22.75
2022-07-22,JPPOWER,EQ,6.6,6.6,6.7,6.45,6.5,6.5,6.55,19388492,127011941.8,10013,9756386.0,50.32
2022-07-25,JPPOWER,EQ,6.5,6.55,6.6,6.35,6.4,6.4,6.41,9869840,63308527.3,9878,5244299.0,53.13
2022-07-26,JPPOWER,EQ,6.4,6.35,6.4,6.3,6.35,6.3,6.34,10900739,69135006.0,9371,5253580.0,48.19
2022-07-27,JPPOWER,EQ,6.3,6.35,6.35,6.25,6.3,6.25,6.3,8648885,54466094.85,7062,3721805.0,43.03
2022-07-28,JPPOWER,EQ,6.25,6.3,6.35,6.05,6.2,6.15,6.18,17436036,107781697.7,13070,7477766.0,42.89
2022-07-29,JPPOWER,EQ,6.15,6.2,6.55,6.15,6.5,6.4,6.33,26379992,166898031.25,11988,11513799.0,43.65
2022-08-01,JPPOWER,EQ,6.4,6.5,7.0,6.35,7.0,7.0,6.73,67023114,450996331.7,23260,31649320.0,47.22
2022-08-02,JPPOWER,EQ,7.0,7.05,7.4,6.85,7.2,7.2,7.14,83655213,597499306.05,34171,35787568.0,42.78
2022-08-03,JPPOWER,EQ,7.2,7.25,7.3,6.95,7.1,7.1,7.06,41264833,291309786.2,16588,14407431.0,34.91
2022-08-04,JPPOWER,EQ,7.1,7.15,7.45,7.05,7.3,7.3,7.3,83243426,607449154.25,28710,35994164.0,43.24
2022-08-05,JPPOWER,EQ,7.3,7.45,7.8,7.45,7.7,7.65,7.63,89902647,686046719.45,31154,32335490.0,35.97
2022-08-08,JPPOWER,EQ,7.65,7.75,8.25,7.7,8.05,8.1,8.02,115808694,928544306.1,39965,46208533.0,39.9
2022-08-10,JPPOWER,EQ,8.1,8.8,8.85,8.1,8.35,8.3,8.43,214376132,1806901547.55,61285,80440018.0,37.52
2022-08-11,JPPOWER,EQ,8.3,8.5,8.5,7.7,7.85,7.85,7.96,85270468,678559661.8,34208,32540985.0,38.16
2022-08-12,JPPOWER,EQ,7.85,7.85,7.85,7.45,7.5,7.5,7.61,51515984,391916353.2,25312,24296757.0,47.16
2022-08-16,JPPOWER,EQ,7.5,7.5,7.9,7.4,7.75,7.75,7.74,49953852,386600616.1,25409,20161534.0,40.36
2022-08-17,JPPOWER,EQ,7.75,7.8,7.85,7.6,7.65,7.6,7.69,34167706,262846031.3,20397,14336912.0,41.96
2022-08-18,JPPOWER,EQ,7.6,7.65,7.8,7.55,7.7,7.65,7.69,39127461,300764283.85,18183,13523435.0,34.56
2022-08-19,JPPOWER,EQ,7.65,7.65,7.7,7.4,7.4,7.45,7.5,53317654,400027315.25,28316,25258304.0,47.37
2022-08-22,JPPOWER,EQ,7.45,7.45,8.0,7.25,7.75,7.65,7.71,119222208,919019913.75,37518,35374445.0,29.67
2022-08-23,JPPOWER,EQ,7.65,7.65,7.95,7.55,7.85,7.85,7.81,66731182,521095674.7,22160,24850175.0,37.24
2022-08-24,JPPOWER,EQ,7.85,7.85,8.2,7.8,7.95,7.95,8.0,81993384,655607468.5,27939,24790446.0,30.23
2022-08-25,JPPOWER,EQ,7.95,8.0,8.05,7.7,7.7,7.7,7.85,46330714,363772789.95,21633,18136341.0,39.15
2022-08-26,JPPOWER,EQ,7.7,7.75,7.85,7.55,7.65,7.65,7.69,48018210,369032333.05,18864,16105546.0,33.54
2022-08-29,JPPOWER,EQ,7.65,7.45,7.65,7.35,7.5,7.5,7.51,52575082,394913521.25,20242,16290936.0,30.99
2022-08-30,JPPOWER,EQ,7.5,7.55,7.8,7.55,7.6,7.55,7.67,82315340,631249963.25,19087,16722935.0,20.32
2022-09-01,JPPOWER,EQ,7.55,7.55,8.25,7.5,8.0,8.0,7.96,219494159,1746770097.9,49571,72281720.0,32.93
2022-09-02,JPPOWER,EQ,8.0,8.05,8.75,8.0,8.4,8.35,8.4,265301191,2229398449.75,77307,83404928.0,31.44
2022-09-05,JPPOWER,EQ,8.35,8.5,9.15,8.4,9.1,9.05,8.93,272430874,2432956699.0,91052,87496925.0,32.12
2022-09-06,JPPOWER,EQ,9.05,9.3,9.45,8.8,8.9,8.9,9.08,192505696,1748395927.35,61171,58154021.0,30.21
2022-09-07,JPPOWER,EQ,8.9,8.75,9.05,8.65,8.7,8.7,8.82,83491506,736638603.6,37811,26867598.0,32.18
2022-09-08,JPPOWER,EQ,8.7,8.85,9.25,8.8,8.95,8.95,8.99,142340084,1279544568.05,47375,37902429.0,26.63
2022-09-09,JPPOWER,EQ,8.95,9.05,9.15,8.3,8.35,8.35,8.64,105491499,911127724.3,42289,41305219.0,39.16
2022-09-12,JPPOWER,EQ,8.35,8.45,8.75,8.4,8.6,8.6,8.6,79065545,679751736.6,26536,25208805.0,31.88
2022-09-13,JPPOWER,EQ,8.6,8.7,8.7,8.4,8.45,8.45,8.52,59441898,506405091.4,25227,21342101.0,35.9
2022-09-14,JPPOWER,EQ,8.45,8.2,8.55,8.15,8.4,8.35,8.39,64686755,542599838.7,26742,20927495.0,32.35
2022-09-15,JPPOWER,EQ,8.35,8.45,8.85,8.45,8.55,8.5,8.64,107116460,926008338.8,36765,31501002.0,29.41
2022-09-16,JPPOWER,EQ,8.5,8.5,8.55,8.15,8.25,8.2,8.33,62265774,518702765.5,26757,23547265.0,37.82
2022-09-19,JPPOWER,EQ,8.2,8.3,8.35,7.95,8.15,8.1,8.12,51506071,418142246.15,26497,14049594.0,27.28
2022-09-20,JPPOWER,EQ,8.1,8.25,8.3,8.05,8.1,8.05,8.14,29372665,239153234.2,19729,10413139.0,35.45
2022-09-21,JPPOWER,EQ,8.05,8.1,8.25,8.0,8.05,8.05,8.11,39444872,319864323.45,16025,11219289.0,28.44
2022-09-22,JPPOWER,EQ,8.05,8.1,8.45,8.0,8.4,8.3,8.27,96099849,795157397.4,24274,20290028.0,21.11
2022-09-23,JPPOWER,EQ,8.3,8.35,8.4,8.0,8.05,8.05,8.16,43143270,352258322.75,18637,17376211.0,40.28
2022-09-26,JPPOWER,EQ,8.05,7.95,7.95,7.6,7.7,7.7,7.7,77093604,593848896.85,32622,21209963.0,27.51
2022-09-27,JPPOWER,EQ,7.7,7.7,7.8,7.45,7.6,7.6,7.62,67746280,515938692.85,22195,11057316.0,16.32
2022-09-28,JPPOWER,EQ,7.6,7.45,7.7,7.15,7.2,7.25,7.43,53713314,399197605.2,20814,16006408.0,29.8
2022-09-29,JPPOWER,EQ,7.25,7.35,7.5,6.95,7.2,7.1,7.2,58487600,421199685.0,24278,15686469.0,26.82
2022-09-30,JPPOWER,EQ,7.1,7.0,7.45,6.95,7.35,7.35,7.2,52923439,381045898.4,18524,14059252.0,26.57
2022-10-03,JPPOWER,EQ,7.35,7.35,7.55,7.15,7.15,7.2,7.34,31812199,233569160.05,41030,10341974.0,32.51
2022-10-04,JPPOWER,EQ,7.2,7.3,7.6,7.25,7.45,7.45,7.43,40542053,301098991.1,12840,9817479.0,24.22
2022-10-06,JPPOWER,EQ,7.45,7.55,7.8,7.5,7.8,7.7,7.66,38866785,297681052.05,16131,14481037.0,37.26
2022-10-07,JPPOWER,EQ,7.7,7.75,8.25,7.7,8.2,8.15,8.04,110674555,889515609.55,25871,27088019.0,24.48
2022-10-10,JPPOWER,EQ,8.15,8.15,8.55,8.05,8.5,8.45,8.35,162678330,1358886470.8,39957,35665768.0,21.92
2022-10-11,JPPOWER,EQ,8.45,8.65,8.75,8.0,8.1,8.05,8.43,100923485,850373574.2,57083,34342649.0,34.03
2022-10-12,JPPOWER,EQ,8.05,8.15,8.2,7.6,7.7,7.7,7.89,66361159,523832479.9,29455,24628260.0,37.11
2022-10-13,JPPOWER,EQ,7.7,7.7,7.95,7.5,7.85,7.8,7.73,47222179,365185559.55,23709,15656314.0,33.15
2022-10-14,JPPOWER,EQ,7.8,8.0,8.15,7.8,7.85,7.85,7.97,32420088,258382232.25,16631,13354744.0,41.19
2022-10-17,JPPOWER,EQ,7.85,7.75,7.85,7.5,7.55,7.6,7.63,39064034,298046290.45,20733,14405245.0,36.88
2022-10-18,JPPOWER,EQ,7.6,7.7,7.95,7.6,7.8,7.8,7.77,44073920,342593146.6,15080,12879435.0,29.22
2022-10-19,JPPOWER,EQ,7.8,7.9,8.05,7.75,7.95,7.9,7.89,35433882,279729269.35,17489,10518778.0,29.69
2022-10-20,JPPOWER,EQ,7.9,7.9,8.2,7.75,7.9,7.9,7.99,81208744,649015374.6,18993,16811354.0,20.7
2022-10-21,JPPOWER,EQ,7.9,7.95,8.05,7.75,7.8,7.8,7.94,32257272,255984307.5,18552,12648805.0,39.21
2022-10-24,JPPOWER,EQ,7.8,7.8,7.85,7.6,7.75,7.75,7.71,24809980,191171879.95,16126,9189584.0,37.04
2022-10-25,JPPOWER,EQ,7.75,7.7,7.85,7.45,7.6,7.55,7.59,45860228,347956169.15,26376,22520433.0,49.11
2022-10-27,JPPOWER,EQ,7.55,7.65,7.7,7.45,7.5,7.5,7.54,35640301,268713755.65,18092,16719396.0,46.91
2022-10-28,JPPOWER,EQ,7.5,7.5,7.6,7.4,7.45,7.5,7.5,20418921,153049950.15,13339,7597579.0,37.21
2022-10-31,JPPOWER,EQ,7.5,7.55,7.6,7.45,7.5,7.5,7.51,33128054,248739049.55,17610,13665692.0,41.25
2022-11-01,JPPOWER,EQ,7.5,7.5,7.7,7.45,7.5,7.45,7.55,32670324,246570902.7,16202,10905136.0,33.38
2022-11-02,JPPOWER,EQ,7.45,7.5,7.5,7.35,7.4,7.4,7.42,19475424,144581927.1,12604,10310450.0,52.94
2022-11-03,JPPOWER,EQ,7.4,7.35,7.55,7.3,7.4,7.4,7.44,22117192,164634035.1,11362,9052868.0,40.93
2022-11-04,JPPOWER,EQ,7.4,7.4,7.55,7.4,7.5,7.5,7.47,16466814,122946348.0,10562,7834043.0,47.57
2022-11-07,JPPOWER,EQ,7.5,7.6,7.8,7.5,7.7,7.65,7.67,93148030,714001311.35,17532,18117916.0,19.45
2022-11-09,JPPOWER,EQ,7.65,7.75,7.75,7.5,7.6,7.55,7.64,19152770,146292973.95,13938,10858436.0,56.69
2022-11-10,JPPOWER,EQ,7.55,7.55,7.65,7.45,7.55,7.5,7.55,31640120,238831986.6,9794,7979896.0,25.22
2022-11-11,JPPOWER,EQ,7.5,7.6,7.6,7.4,7.45,7.45,7.47,25367210,189402482.35,11848,10517622.0,41.46
2022-11-14,JPPOWER,EQ,7.45,7.5,7.6,7.4,7.45,7.45,7.5,32194089,241531233.05,9582,8796170.0,27.32
2022-11-15,JPPOWER,EQ,7.45,7.5,7.6,7.4,7.5,7.45,7.48,19234282,143934183.4,8318,6336944.0,32.95
2022-11-16,JPPOWER,EQ,7.45,7.5,7.65,7.4,7.45,7.4,7.51,59857616,449681813.15,14431,12450091.0,20.8
2022-11-17,JPPOWER,EQ,7.4,7.45,7.5,7.3,7.3,7.35,7.4,27017728,199822874.4,10680,8593497.0,31.81
2022-11-18,JPPOWER,EQ,7.35,7.35,7.45,7.25,7.3,7.3,7.33,20139199,147644822.45,11822,9802303.0,48.67
2022-11-21,JPPOWER,EQ,7.3,7.3,7.3,7.1,7.25,7.2,7.21,27028618,194864852.75,10945,8736033.0,32.32
2022-11-22,JPPOWER,EQ,7.2,7.2,7.6,7.15,7.6,7.55,7.47,160194654,1196165294.6,16781,26270756.0,16.4
2022-11-23,JPPOWER,EQ,7.55,7.6,7.7,7.4,7.45,7.45,7.51,22877757,171768996.8,14011,9330685.0,40.78
2022-11-24,JPPOWER,EQ,7.45,7.4,7.5,7.35,7.35,7.35,7.39,10866630,80252318.7,8312,6459182.0,59.44
2022-11-25,JPPOWER,EQ,7.35,7.4,7.6,7.3,7.5,7.45,7.48,42401629,317256259.85,11389,13440428.0,31.7
2022-11-28,JPPOWER,EQ,7.45,7.45,7.75,7.4,7.65,7.6,7.63,77448813,590820965.0,14140,17499213.0,22.59
2022-11-29,JPPOWER,EQ,7.6,7.65,7.8,7.5,7.5,7.5,7.64,30810570,235294655.5,11105,11140592.0,36.16
2022-11-30,JPPOWER,EQ,7.5,7.6,7.8,7.5,7.7,7.7,7.66,110750718,847908991.15,14006,21399537.0,19.32
2022-12-01,JPPOWER,EQ,7.7,7.7,8.0,7.65,7.9,7.9,7.87,96670803,760907823.55,19095,24814035.0,25.67
2022-12-02,JPPOWER,EQ,7.9,7.9,8.15,7.7,7.95,7.95,7.94,86825648,689275047.65,23715,28927984.0,33.32
2022-12-05,JPPOWER,EQ,7.95,8.0,8.3,7.85,8.1,8.05,8.14,137041295,1115210737.2,27989,29943057.0,21.85
2022-12-06,JPPOWER,EQ,8.05,8.0,8.15,7.85,7.9,7.9,7.99,47129503,376788214.75,19195,21810030.0,46.28
2022-12-07,JPPOWER,EQ,7.9,7.95,7.95,7.65,7.75,7.75,7.79,38684649,301470261.6,14009,14985910.0,38.74
2022-12-08,JPPOWER,EQ,7.75,7.75,7.8,7.6,7.7,7.65,7.72,28232684,217817568.35,11751,11938068.0,42.28
2022-12-09,JPPOWER,EQ,7.65,7.7,7.95,7.45,7.55,7.5,7.69,70604796,542740449.85,18614,21738398.0,30.79
2022-12-12,JPPOWER,EQ,7.5,7.6,8.4,7.6,8.3,8.3,8.15,265026290,2159445655.2,57063,78811967.0,29.74
2022-12-13,JPPOWER,EQ,8.3,8.4,8.45,7.9,7.95,7.9,8.05,99364112,799655736.7,30606,40505544.0,40.76
2022-12-14,JPPOWER,EQ,7.9,7.95,8.4,7.8,8.25,8.3,8.12,114098150,926691713.05,26264,34798046.0,30.5
2022-12-15,JPPOWER,EQ,8.3,8.2,8.45,7.9,7.95,8.0,8.2,151515687,1242665223.8,31365,34150615.0,22.54
2022-12-16,JPPOWER,EQ,8.0,8.0,8.15,7.85,7.95,8.0,8.03,146906618,1179613179.25,31302,18435321.0,12.55
2022-12-19,JPPOWER,EQ,8.0,8.05,8.3,8.0,8.2,8.15,8.16,73179657,596993651.45,23342,20924885.0,28.59
2022-12-20,JPPOWER,EQ,8.15,8.15,8.65,8.1,8.3,8.25,8.33,135081153,1125752419.0,29863,32308302.0,23.92
2022-12-21,JPPOWER,EQ,8.25,8.3,8.4,7.35,7.6,7.55,7.86,143077156,1124551101.0,42331,42224912.0,29.51
2022-12-22,JPPOWER,EQ,7.55,7.65,7.75,7.15,7.4,7.35,7.34,125232454,919043123.75,30856,24569903.0,19.62
2022-12-23,JPPOWER,EQ,7.35,7.25,7.25,6.75,6.8,6.8,6.97,73729208,513762375.5,47384,37307409.0,50.6
2022-12-26,JPPOWER,EQ,6.8,6.8,7.45,6.75,7.35,7.35,7.23,64544751,466641663.95,30660,22415083.0,34.73
2022-12-27,JPPOWER,EQ,7.35,7.4,7.6,7.2,7.4,7.35,7.39,37636456,278164555.85,15786,13421653.0,35.66
2022-12-28,JPPOWER,EQ,7.35,7.35,7.55,7.25,7.4,7.35,7.39,25058105,185076588.35,12950,8675307.0,34.62
2022-12-29,JPPOWER,EQ,7.35,7.35,7.45,7.25,7.4,7.4,7.35,30572926,224808962.05,12412,8951806.0,29.28
2022-12-30,JPPOWER,EQ,7.4,7.45,7.7,7.4,7.55,7.55,7.56,54364539,410909989.25,15881,14471282.0,26.62
2023-01-02,JPPOWER,EQ,7.55,7.6,7.8,7.45,7.7,7.7,7.67,46015127,352718830.8,21835,13804819.0,30.0
2023-01-03,JPPOWER,EQ,7.7,7.7,7.85,7.55,7.65,7.65,7.69,37671451,289766083.1,26238,12934141.0,34.33
2023-01-04,JPPOWER,EQ,7.65,7.65,7.75,7.45,7.5,7.45,7.53,40038078,301417190.55,15845,17495331.0,43.7
2023-01-05,JPPOWER,EQ,7.45,7.5,7.55,7.3,7.5,7.45,7.42,28125897,208824263.3,11578,9824912.0,34.93
2023-01-06,JPPOWER,EQ,7.45,7.5,7.5,7.3,7.4,7.4,7.39,25505103,188469509.9,10641,7687354.0,30.14
2023-01-09,JPPOWER,EQ,7.4,7.4,7.4,7.25,7.35,7.3,7.33,24723318,181147689.5,14087,12964968.0,52.44
2023-01-10,JPPOWER,EQ,7.3,7.3,7.4,7.2,7.3,7.25,7.29,27718903,201994844.95,12331,7624986.0,27.51
2023-01-11,JPPOWER,EQ,7.25,7.25,7.4,7.2,7.35,7.3,7.31,22138794,161778175.15,8683,6151153.0,27.78
2023-01-12,JPPOWER,EQ,7.3,7.35,7.35,7.15,7.25,7.25,7.22,24534387,177203011.9,12645,8505894.0,34.67
2023-01-13,JPPOWER,EQ,7.25,7.25,7.3,7.15,7.3,7.25,7.23,18755293,135667323.6,16847,6133614.0,32.7
2023-01-16,JPPOWER,EQ,7.25,7.3,7.35,7.15,7.25,7.2,7.22,12666649,91507519.6,9833,6043431.0,47.71
2023-01-17,JPPOWER,EQ,7.2,7.25,7.35,7.2,7.2,7.25,7.27,21114589,153483765.9,8689,6241189.0,29.56
2023-01-18,JPPOWER,EQ,7.25,7.25,7.3,7.15,7.25,7.25,7.24,17715616,128195917.2,8434,6588446.0,37.19
2023-01-19,JPPOWER,EQ,7.25,7.25,7.35,7.15,7.25,7.2,7.24,16044819,116222652.55,13155,7022652.0,43.77
2023-01-20,JPPOWER,EQ,7.2,7.2,7.35,7.15,7.2,7.2,7.26,17235975,125049222.65,8789,6450853.0,37.43
2023-01-23,JPPOWER,EQ,7.2,7.25,7.25,7.05,7.05,7.1,7.12,16324017,116172764.25,12528,7904617.0,48.42
2023-01-24,JPPOWER,EQ,7.1,7.1,7.2,7.05,7.2,7.15,7.15,11093908,79317540.05,11486,6750734.0,60.85
2023-01-25,JPPOWER,EQ,7.15,7.15,7.25,7.1,7.15,7.15,7.16,16156728,115755529.1,12620,9153117.0,56.65
2023-01-27,JPPOWER,EQ,7.15,7.15,7.25,6.9,6.95,6.95,7.05,33065234,233156274.95,26448,17656101.0,53.4
2023-01-30,JPPOWER,EQ,6.95,7.0,7.15,6.85,6.9,6.9,7.0,21229578,148508093.6,14419,8275508.0,38.98
2023-01-31,JPPOWER,EQ,6.9,6.95,7.3,6.9,7.2,7.15,7.1,26323678,186795647.1,14581,13150059.0,49.96
2023-02-01,JPPOWER,EQ,7.15,7.25,7.3,6.85,6.9,6.95,7.12,28681189,204186759.1,16114,15043274.0,52.45
2023-02-02,JPPOWER,EQ,6.95,6.9,7.1,6.8,6.9,6.9,6.94,26528604,184099286.15,39045,10645660.0,40.13
2023-02-03,JPPOWER,EQ,6.9,6.95,7.0,6.7,6.85,6.8,6.82,30907250,210747421.15,64633,11696608.0,37.84
2023-02-06,JPPOWER,EQ,6.8,6.85,7.05,6.75,7.05,7.0,6.95,17570695,122163312.4,48881,7254162.0,41.29
2023-02-07,JPPOWER,EQ,7.0,7.05,7.2,7.0,7.15,7.15,7.11,26980989,191938248.15,18921,14663861.0,54.35
2023-02-08,JPPOWER,EQ,7.15,7.15,7.25,6.9,7.0,7.0,7.03,17527390,123294678.8,19859,7888151.0,45.0
2023-02-09,JPPOWER,EQ,7.0,7.0,7.2,6.95,7.05,7.05,7.08,15465554,109507511.4,21423,6770430.0,43.78
2023-02-10,JPPOWER,EQ,7.05,7.05,7.2,7.0,7.05,7.05,7.1,14431172,102494330.65,13809,4994756.0,34.61
2023-02-13,JPPOWER,EQ,7.05,7.1,7.15,6.95,7.05,7.05,7.06,12693065,89643526.55,10470,6621603.0,52.17
2023-02-14,JPPOWER,EQ,7.05,6.25,6.55,6.1,6.4,6.4,6.37,62622209,398960138.2,32981,27122431.0,43.31
2023-02-15,JPPOWER,EQ,6.4,6.4,6.75,6.35,6.65,6.65,6.61,27528442,182080175.1,13711,11761378.0,42.72
2023-02-16,JPPOWER,EQ,6.65,6.55,6.85,6.55,6.75,6.8,6.75,19575038,132041703.35,12140,7341376.0,37.5
2023-02-17,JPPOWER,EQ,6.8,6.8,6.95,6.7,6.8,6.8,6.84,22912518,156607327.8,15228,9094504.0,39.69
2023-02-20,JPPOWER,EQ,6.8,6.8,7.05,6.75,6.9,6.9,6.93,26216024,181730225.95,14775,11416696.0,43.55
2023-02-21,JPPOWER,EQ,6.9,6.9,7.0,6.85,7.0,6.95,6.94,16452983,114116785.8,9942,8040711.0,48.87
2023-02-22,JPPOWER,EQ,6.95,6.95,7.1,6.8,6.8,6.85,6.94,24857850,172486632.35,9934,11556520.0,46.49
2023-02-23,JPPOWER,EQ,6.85,6.85,7.1,6.75,6.9,6.85,6.92,24120298,166904862.8,9967,8245736.0,34.19
2023-02-24,JPPOWER,EQ,6.85,6.9,6.95,6.75,6.8,6.8,6.85,18865245,129138479.45,9571,8470387.0,44.9
2023-02-27,JPPOWER,EQ,6.8,6.8,6.8,6.6,6.6,6.65,6.7,14445161,96805394.8,12033,8033641.0,55.61
2023-02-28,JPPOWER,EQ,6.65,6.65,6.75,6.5,6.65,6.65,6.65,21138208,140627743.4,13508,9434727.0,44.63
2023-03-01,JPPOWER,EQ,6.65,6.6,7.0,6.55,6.85,6.85,6.83,29813186,203697356.35,11548,11367980.0,38.13
2023-03-02,JPPOWER,EQ,6.85,6.8,6.9,6.6,6.65,6.65,6.76,25735296,173953019.55,16491,10735114.0,41.71
2023-03-03,JPPOWER,EQ,6.65,6.7,6.95,6.65,6.7,6.7,6.8,34273735,233026816.2,16224,13100596.0,38.22
2023-03-06,JPPOWER,EQ,6.7,6.75,6.95,6.6,6.65,6.65,6.76,32097535,216832154.2,49233,12735402.0,39.68
2023-03-08,JPPOWER,EQ,6.65,6.6,6.7,6.55,6.65,6.65,6.63,19424758,128691891.7,26273,9698674.0,49.93
2023-03-09,JPPOWER,EQ,6.65,6.65,6.8,6.55,6.6,6.55,6.66,23090965,153869106.2,13246,11305184.0,48.96
2023-03-10,JPPOWER,EQ,6.55,6.5,6.6,6.4,6.5,6.45,6.51,31583853,205491220.8,19266,12501105.0,39.58
2023-03-13,JPPOWER,EQ,6.45,6.4,6.55,6.15,6.25,6.2,6.31,35423042,223675037.85,17613,14970263.0,42.26
2023-03-14,JPPOWER,EQ,6.2,6.2,6.35,6.0,6.05,6.05,6.17,26703125,164635526.95,17334,11077541.0,41.48
2023-03-15,JPPOWER,EQ,6.05,6.05,6.4,6.0,6.15,6.1,6.23,26552943,165396334.75,14594,10063728.0,37.9
2023-03-16,JPPOWER,EQ,6.1,6.15,6.2,5.95,6.1,6.05,6.04,33647063,203387285.2,16279,14608255.0,43.42
2023-03-17,JPPOWER,EQ,6.05,6.1,6.2,5.85,5.95,6.05,6.06,124768433,756539414.0,18126,89535549.0,71.76
2023-03-20,JPPOWER,EQ,6.05,5.95,6.0,5.75,5.85,5.85,5.85,23197881,135606448.15,19361,10275310.0,44.29
2023-03-21,JPPOWER,EQ,5.85,5.9,5.95,5.8,5.9,5.9,5.89,12045959,70912811.0,13960,5029931.0,41.76
2023-03-22,JPPOWER,EQ,5.9,5.95,6.0,5.8,5.9,5.85,5.9,15096522,89009534.8,12226,6694741.0,44.35
2023-03-23,JPPOWER,EQ,5.85,5.85,5.95,5.7,5.7,5.75,5.81,14865589,86433093.9,13263,6663080.0,44.82
2023-03-24,JPPOWER,EQ,5.75,5.75,5.8,5.55,5.6,5.55,5.64,22950230,129342730.45,18182,12845219.0,55.97
2023-03-27,JPPOWER,EQ,5.55,5.6,5.6,5.15,5.2,5.2,5.29,27351355,144755485.8,18109,12727221.0,46.53
2023-03-28,JPPOWER,EQ,5.2,5.2,5.4,5.2,5.25,5.25,5.29,43942228,232460788.6,17787,22157123.0,50.42
2023-03-29,JPPOWER,EQ,5.25,5.25,5.7,5.2,5.7,5.6,5.52,41882221,231269123.7,14596,15543125.0,37.11
2023-03-31,JPPOWER,EQ,5.6,5.7,5.85,5.45,5.55,5.55,5.63,44277476,249407519.3,23948,18437590.0,41.64
2023-04-03,JPPOWER,EQ,5.55,5.65,5.85,5.55,5.8,5.75,5.66,29298554,165755124.95,14517,12909637.0,44.06
2023-04-05,JPPOWER,EQ,5.75,5.8,5.8,5.6,5.7,5.65,5.66,22301320,126192504.85,12017,9948031.0,44.61
2023-04-06,JPPOWER,EQ,5.65,5.7,5.85,5.6,5.85,5.8,5.77,33199756,191602006.1,10812,11125977.0,33.51
2023-04-10,JPPOWER,EQ,5.8,5.85,5.85,5.65,5.65,5.7,5.75,16166358,93036002.65,9698,7062257.0,43.68
2023-04-11,JPPOWER,EQ,5.7,5.7,6.05,5.6,5.9,5.85,5.87,42189385,247643500.25,15434,11675191.0,27.67
2023-04-12,JPPOWER,EQ,5.85,5.9,5.95,5.75,5.85,5.85,5.85,20460513,119648465.9,10026,6698449.0,32.74
2023-04-13,JPPOWER,EQ,5.85,5.85,6.1,5.75,6.05,6.05,5.96,42668055,254089264.6,13115,15492113.0,36.31
2023-04-17,JPPOWER,EQ,6.05,5.95,6.1,5.9,6.0,6.0,6.0,34106451,204582395.15,13618,11163370.0,32.73
2023-04-18,JPPOWER,EQ,6.0,6.0,6.0,5.8,5.85,5.8,5.88,29706982,174706262.6,11951,12042589.0,40.54
2023-04-19,JPPOWER,EQ,5.8,5.8,5.9,5.7,5.8,5.75,5.79,22323853,129335973.75,14739,11721320.0,52.51
2023-04-20,JPPOWER,EQ,5.75,5.8,5.85,5.65,5.7,5.7,5.72,21641085,123885698.85,8845,9477643.0,43.79
2023-04-21,JPPOWER,EQ,5.7,5.7,5.75,5.65,5.7,5.65,5.68,10614439,60268372.7,9124,7747591.0,72.99
2023-04-24,JPPOWER,EQ,5.65,5.7,5.75,5.65,5.7,5.7,5.69,11695411,66546903.2,8282,5559165.0,47.53
2023-04-25,JPPOWER,EQ,5.7,5.7,5.8,5.65,5.75,5.75,5.72,26438990,151227607.7,9953,10130439.0,38.32
2023-04-26,JPPOWER,EQ,5.75,5.75,5.9,5.7,5.75,5.7,5.78,16660026,96325590.45,9661,6802196.0,40.83
2023-04-27,JPPOWER,EQ,5.7,5.75,5.9,5.7,5.9,5.85,5.83,26699611,155731832.9,10310,11609037.0,43.48
2023-04-28,JPPOWER,EQ,5.85,5.9,6.0,5.8,5.9,5.85,5.88,14516609,85392410.2,6975,5379364.0,37.06
2023-05-02,JPPOWER,EQ,5.85,5.85,5.95,5.75,5.85,5.85,5.85,21398361,125270661.5,10289,8411741.0,39.31
2023-05-03,JPPOWER,EQ,5.85,5.8,6.1,5.75,5.95,5.9,5.94,54645739,324698541.5,14969,16373629.0,29.96
2023-05-04,JPPOWER,EQ,5.9,5.95,6.3,5.9,6.25,6.2,6.15,64394001,395834484.95,14534,20214173.0,31.39
2023-05-05,JPPOWER,EQ,6.2,6.2,6.35,5.95,6.05,6.0,6.11,65329408,399346695.3,15600,20108377.0,30.78
2023-05-08,JPPOWER,EQ,6.0,6.05,6.05,5.9,5.95,5.95,5.95,25554160,152099142.2,10543,12591028.0,49.27
2023-05-09,JPPOWER,EQ,5.95,5.95,6.0,5.75,5.85,5.8,5.89,22295079,131267239.35,12360,11494799.0,51.56
2023-05-10,JPPOWER,EQ,5.8,5.75,5.85,5.6,5.8,5.8,5.73,29914783,171345450.35,12227,12680693.0,42.39
2023-05-11,JPPOWER,EQ,5.8,5.85,5.85,5.7,5.7,5.7,5.78,16172116,93476029.5,9467,9433076.0,58.33
2023-05-12,JPPOWER,EQ,5.7,5.75,5.75,5.65,5.75,5.7,5.7,14093715,80355217.65,9494,6121259.0,43.43
2023-05-15,JPPOWER,EQ,5.7,5.7,5.75,5.55,5.65,5.65,5.65,15726428,88903040.4,12479,5143903.0,32.71
2023-05-16,JPPOWER,EQ,5.65,5.65,5.7,5.6,5.65,5.6,5.65,12609770,71184545.35,9936,7828222.0,62.08
2023-05-17,JPPOWER,EQ,5.6,5.65,5.8,5.6,5.7,5.7,5.7,19424400,110738371.15,14951,9942603.0,51.19
2023-05-18,JPPOWER,EQ,5.7,5.7,5.85,5.7,5.75,5.75,5.75,26511009,152432676.45,6898,9980087.0,37.65
2023-05-19,JPPOWER,EQ,5.75,5.75,5.75,5.65,5.7,5.7,5.68,10415041,59171305.65,10704,5825535.0,55.93
2023-05-22,JPPOWER,EQ,5.7,5.65,5.85,5.65,5.7,5.7,5.73,38640846,221597588.4,10497,10478415.0,27.12
2023-05-23,JPPOWER,EQ,5.7,5.7,5.75,5.6,5.7,5.65,5.68,21922704,124502148.85,10149,10066803.0,45.92
2023-05-24,JPPOWER,EQ,5.65,5.65,5.85,5.6,5.7,5.65,5.73,29686924,170021477.55,9414,13116553.0,44.18
2023-05-25,JPPOWER,EQ,5.65,5.65,5.7,5.6,5.65,5.6,5.65,18057840,102025578.55,10247,7441652.0,41.21
2023-05-26,JPPOWER,EQ,5.6,5.65,5.7,5.55,5.6,5.6,5.61,16154749,90631414.4,11533,9825774.0,60.82
2023-05-29,JPPOWER,EQ,5.6,5.65,5.7,5.6,5.65,5.6,5.66,17019586,96248050.4,15071,8501218.0,49.95
2023-05-30,JPPOWER,EQ,5.6,5.65,5.9,5.6,5.8,5.8,5.71,28112017,160472202.45,14114,14670881.0,52.19
2023-05-31,JPPOWER,EQ,5.8,5.8,6.1,5.7,6.05,6.0,5.93,71119903,422024834.8,15920,26919101.0,37.85
2023-06-01,JPPOWER,EQ,6.0,6.0,6.15,5.9,6.05,6.0,6.01,49602307,298173595.5,12705,16329025.0,32.92
2023-06-02,JPPOWER,EQ,6.0,6.05,6.1,5.95,6.0,6.0,6.03,20062371,120924154.65,7224,8687123.0,43.3
2023-06-05,JPPOWER,EQ,6.0,6.05,6.1,5.95,5.95,5.95,6.01,18244806,109636051.8,9530,10202765.0,55.92
2023-06-06,JPPOWER,EQ,5.95,5.95,6.05,5.9,5.95,5.95,5.97,15947312,95284738.2,6883,8115006.0,50.89
2023-06-07,JPPOWER,EQ,5.95,6.0,6.5,5.95,6.4,6.4,6.32,161640335,1021203139.15,36201,45757222.0,28.31
2023-06-08,JPPOWER,EQ,6.4,6.4,6.55,6.2,6.3,6.25,6.35,81485136,517446635.95,17623,21530235.0,26.42
2023-06-09,JPPOWER,EQ,6.25,6.3,6.4,6.15,6.25,6.25,6.29,49774006,313088431.4,22488,18776753.0,37.72
2023-06-12,JPPOWER,EQ,6.25,6.25,6.55,6.2,6.4,6.4,6.42,98739737,633855148.4,19275,30265851.0,30.65
2023-06-13,JPPOWER,EQ,6.4,6.45,6.8,6.35,6.6,6.6,6.61,123313637,815656400.05,22537,32793627.0,26.59
2023-06-14,JPPOWER,EQ,6.6,6.65,6.7,6.3,6.35,6.35,6.45,61344332,395373785.45,20108,25152101.0,41.0
2023-06-15,JPPOWER,EQ,6.35,6.35,6.6,6.25,6.35,6.35,6.43,73191988,470726047.05,14743,14114335.0,19.28
2023-06-16,JPPOWER,EQ,6.35,6.4,6.5,6.3,6.35,6.3,6.38,30379472,193700271.45,12364,12717866.0,41.86
2023-06-19,JPPOWER,EQ,6.3,6.35,6.4,6.2,6.2,6.25,6.28,25915276,162729855.85,15042,13471119.0,51.98
2023-06-20,JPPOWER,EQ,6.25,6.25,6.3,6.05,6.15,6.2,6.16,33516237,206600455.05,11769,13570736.0,40.49
2023-06-21,JPPOWER,EQ,6.2,6.2,6.25,6.05,6.15,6.1,6.17,27331329,168715833.55,11899,11960074.0,43.76
2023-06-22,JPPOWER,EQ,6.1,6.15,6.2,5.95,6.1,6.1,6.08,34255420,208226646.9,12200,14744971.0,43.04
2023-06-23,JPPOWER,EQ,6.1,6.1,6.1,5.85,6.0,5.95,5.97,29845233,178244977.45,15011,12618200.0,42.28
2023-06-26,JPPOWER,EQ,5.95,6.0,6.1,5.9,6.1,6.05,6.01,28393355,170784197.4,17266,12190309.0,42.93
2023-06-27,JPPOWER,EQ,6.05,6.1,6.15,6.0,6.05,6.0,6.07,16199549,98397864.0,11116,8529246.0,52.65
2023-06-28,JPPOWER,EQ,6.0,6.05,6.2,6.0,6.1,6.1,6.12,30411019,186164351.9,9175,9872020.0,32.46
2023-06-30,JPPOWER,EQ,6.1,6.1,6.25,6.05,6.1,6.15,6.12,34298991,210004399.0,12876,14928323.0,43.52
2023-07-03,JPPOWER,EQ,6.15,6.2,6.4,6.15,6.4,6.35,6.29,49699829,312468031.55,19340,24577652.0,49.45
2023-07-04,JPPOWER,EQ,6.35,6.4,6.45,6.2,6.3,6.25,6.29,47291547,297603366.8,15248,18736796.0,39.62
2023-07-05,JPPOWER,EQ,6.25,6.25,6.4,6.2,6.25,6.2,6.3,31035606,195498437.2,11864,11739032.0,37.82
2023-07-06,JPPOWER,EQ,6.2,6.25,6.35,6.2,6.3,6.3,6.3,27944453,176017424.5,12315,11683928.0,41.81
2023-07-07,JPPOWER,EQ,6.3,6.3,6.45,6.25,6.3,6.25,6.35,35318742,224199380.0,10745,10783078.0,30.53
2023-07-10,JPPOWER,EQ,6.25,6.3,6.3,6.05,6.1,6.1,6.16,20557436,126613754.5,10913,14341929.0,69.77
2023-07-11,JPPOWER,EQ,6.1,6.1,6.2,6.05,6.1,6.05,6.12,25479175,155974515.95,11787,8894415.0,34.91
2023-07-12,JPPOWER,EQ,6.05,6.05,6.15,6.0,6.05,6.05,6.08,20261381,123223348.05,10824,10272788.0,50.7
2023-07-13,JPPOWER,EQ,6.05,6.1,6.15,5.9,6.0,5.95,6.01,22408550,134755423.8,15372,11951321.0,53.33
2023-07-14,JPPOWER,EQ,5.95,6.0,6.1,5.95,6.05,6.05,6.0,11646289,69868136.75,9057,6738346.0,57.86
2023-07-17,JPPOWER,EQ,6.05,6.05,6.1,6.0,6.05,6.05,6.05,18515740,112096380.2,11386,10906416.0,58.9
2023-07-18,JPPOWER,EQ,6.05,6.05,6.1,5.95,6.0,5.95,5.99,20119745,120585013.8,12517,11795289.0,58.63
2023-07-19,JPPOWER,EQ,5.95,6.0,6.05,5.95,6.0,5.95,5.98,13736537,82177208.3,9910,6173167.0,44.94
2023-07-20,JPPOWER,EQ,5.95,5.95,6.1,5.9,6.0,5.95,6.01,25263243,151712766.05,10294,11730976.0,46.43
2023-07-21,JPPOWER,EQ,5.95,5.95,6.05,5.9,6.0,5.95,6.0,19858137,119052800.2,8992,8619668.0,43.41
2023-07-24,JPPOWER,EQ,5.95,6.0,6.15,5.95,5.95,6.0,6.05,29270834,176977435.2,11882,12031316.0,41.1
2023-07-25,JPPOWER,EQ,6.0,6.05,6.05,5.95,6.05,6.0,6.0,19884944,119262403.45,12488,9529152.0,47.92
2023-07-26,JPPOWER,EQ,6.0,6.0,6.05,5.95,6.0,6.0,5.99,13564687,81251729.85,11500,7665265.0,56.51
2023-07-27,JPPOWER,EQ,6.0,6.0,6.05,5.95,6.0,5.95,5.99,14857227,89041190.8,11810,6409785.0,43.14
2023-07-28,JPPOWER,EQ,5.95,6.0,6.05,5.95,5.95,5.95,5.99,10326948,61824262.6,7793,5975751.0,57.87
2023-07-31,JPPOWER,EQ,5.95,6.1,6.2,6.0,6.15,6.1,6.11,39387119,240673393.7,15107,19137638.0,48.59
2023-08-01,JPPOWER,EQ,6.1,6.15,6.8,6.15,6.7,6.7,6.54,196647288,1286417063.05,37931,70616979.0,35.91
2023-08-02,JPPOWER,EQ,6.7,6.65,6.75,6.3,6.5,6.45,6.53,89673718,585461776.7,24612,32811131.0,36.59
2023-08-03,JPPOWER,EQ,6.45,6.45,6.5,6.25,6.3,6.3,6.36,68267708,433853943.9,20356,23729240.0,34.76
2023-08-04,JPPOWER,EQ,6.3,6.3,6.8,6.3,6.65,6.6,6.59,92719638,610903099.55,23000,37934189.0,40.91
2023-08-07,JPPOWER,EQ,6.6,6.8,7.25,6.75,7.2,7.15,7.07,155642209,1100809678.4,54993,66504390.0,42.73
2023-08-08,JPPOWER,EQ,7.15,7.25,7.35,6.8,7.0,7.0,7.03,106340353,747559185.95,31456,35265570.0,33.16
2023-08-09,JPPOWER,EQ,7.0,7.05,7.45,6.95,7.35,7.3,7.26,155303257,1127790427.55,34699,42614254.0,27.44
2023-08-10,JPPOWER,EQ,7.3,7.3,7.95,7.3,7.7,7.65,7.66,214556069,1644390272.2,48315,62240657.0,29.01
2023-08-11,JPPOWER,EQ,7.65,7.75,7.95,7.4,7.45,7.45,7.67,127081145,975172570.9,34460,38615297.0,30.39
2023-08-14,JPPOWER,EQ,7.45,7.45,7.45,7.05,7.35,7.3,7.27,105722109,769035870.55,21978,18954263.0,17.93
2023-08-16,JPPOWER,EQ,7.3,7.3,7.7,7.2,7.55,7.5,7.55,143179601,1081269903.8,26152,29474214.0,20.59
2023-08-17,JPPOWER,EQ,7.5,7.6,7.65,7.3,7.35,7.3,7.41,53600856,397039719.05,17743,18136949.0,33.84
2023-08-18,JPPOWER,EQ,7.3,7.35,7.45,7.05,7.15,7.1,7.18,52480782,376981229.45,18879,19857096.0,37.84
2023-08-21,JPPOWER,EQ,7.1,7.25,7.4,7.1,7.15,7.1,7.2,46184044,332547397.15,19720,14961410.0,32.4
2023-08-22,JPPOWER,EQ,7.1,7.2,7.55,7.15,7.4,7.4,7.28,80544054,586753902.25,18624,32526137.0,40.38
2023-08-23,JPPOWER,EQ,7.4,7.5,7.8,7.45,7.65,7.65,7.67,151241405,1160302437.05,30864,47038153.0,31.1
2023-08-24,JPPOWER,EQ,7.65,7.75,7.8,7.3,7.4,7.35,7.52,85350180,641849999.35,30511,31304155.0,36.68
2023-08-25,JPPOWER,EQ,7.35,7.3,7.75,7.25,7.65,7.6,7.54,143596013,1083333020.6,25824,37655948.0,26.22
2023-08-28,JPPOWER,EQ,7.6,7.7,8.2,7.6,8.1,8.1,8.02,365579708,2932832128.75,62487,84629132.0,23.15
2023-08-29,JPPOWER,EQ,8.1,8.15,8.3,7.95,8.0,8.0,8.09,142487871,1152274844.85,37975,44316329.0,31.1
2023-08-30,JPPOWER,EQ,8.0,8.1,8.45,8.0,8.2,8.15,8.23,182551543,1502795210.0,42088,50620671.0,27.73
2023-08-31,JPPOWER,EQ,8.15,8.25,8.35,7.95,8.05,8.0,8.08,114317584,924032605.65,37162,41744877.0,36.52
2023-09-01,JPPOWER,EQ,8.0,8.1,8.3,8.0,8.2,8.2,8.16,88435006,721467845.0,30014,30318755.0,34.28
2023-09-04,JPPOWER,EQ,8.2,8.3,8.8,8.25,8.7,8.65,8.54,292121634,2495908262.85,72411,79606955.0,27.25
2023-09-05,JPPOWER,EQ,8.65,8.8,8.85,8.25,8.55,8.55,8.56,167870586,1437734197.75,53159,53844112.0,32.07
2023-09-06,JPPOWER,EQ,8.55,8.6,8.85,8.4,8.8,8.75,8.68,215359905,1870380566.65,55187,53951014.0,25.05
2023-09-07,JPPOWER,EQ,8.75,9.0,9.85,9.0,9.75,9.75,9.58,607552962,5821725029.5,127620,127963253.0,21.06
2023-09-08,JPPOWER,EQ,9.75,9.85,10.05,9.3,9.4,9.5,9.63,313802670,3021470118.35,91588,94896535.0,30.24
2023-09-11,JPPOWER,EQ,9.5,9.7,10.0,9.45,9.8,9.8,9.73,219645514,2137125828.5,83672,66032037.0,30.06
2023-09-12,JPPOWER,EQ,9.8,9.9,10.0,8.55,8.75,8.7,9.05,292710844,2647642008.6,97847,90735718.0,31.0
2023-09-13,JPPOWER,EQ,8.7,8.75,9.9,8.6,9.8,9.8,9.33,309912798,2890913585.7,68632,86004212.0,27.75
2023-09-14,JPPOWER,EQ,9.8,10.05,10.4,9.7,9.9,9.9,10.0,403648325,4038301239.6,99658,94640588.0,23.45
2023-09-15,JPPOWER,EQ,9.9,10.0,10.3,9.75,10.05,10.1,10.08,297705640,2999583979.6,65771,85165695.0,28.61
2023-09-18,JPPOWER,EQ,10.1,10.1,10.8,10.0,10.35,10.3,10.48,456601512,4784608182.85,85961,108049597.0,23.66
2023-09-20,JPPOWER,EQ,10.3,10.3,10.55,9.85,10.25,10.15,10.18,233290431,2375961181.95,67040,66582111.0,28.54
2023-09-21,JPPOWER,EQ,10.15,10.15,10.5,9.85,10.4,10.45,10.26,262647275,2693965779.35,60353,60497905.0,23.03
2023-09-22,JPPOWER,EQ,10.45,10.45,10.6,10.2,10.4,10.4,10.44,227922834,2379527526.35,63253,44987806.0,19.74
2023-09-25,JPPOWER,EQ,10.4,10.5,10.85,10.35,10.6,10.55,10.64,185596662,1975065138.25,53530,50294564.0,27.1
2023-09-26,JPPOWER,EQ,10.55,10.65,10.8,10.3,10.5,10.55,10.56,154757651,1634060995.3,45147,38222805.0,24.7
2023-09-27,JPPOWER,EQ,10.55,10.6,10.6,10.35,10.4,10.45,10.46,121965186,1275709929.75,32458,25305128.0,20.75
2023-09-28,JPPOWER,EQ,10.45,10.45,10.6,10.25,10.45,10.4,10.42,143858873,1498326354.4,32445,28971912.0,20.14
2023-09-29,JPPOWER,EQ,10.4,10.5,10.55,10.15,10.25,10.25,10.29,92293225,950009279.9,32910,24836621.0,26.91
2023-10-03,JPPOWER,EQ,10.25,10.25,10.5,10.0,10.05,10.05,10.22,129074286,1319003285.45,42391,36937245.0,28.62
2023-10-04,JPPOWER,EQ,10.05,10.0,10.0,9.35,9.6,9.55,9.67,201921625,1953329504.6,70568,66749723.0,33.06
2023-10-05,JPPOWER,EQ,9.55,9.65,9.95,9.55,9.85,9.8,9.77,141762097,1384368162.7,36265,34454039.0,24.3
2023-10-06,JPPOWER,EQ,9.8,9.85,9.95,9.65,9.85,9.8,9.78,69545703,680275463.9,25810,16329382.0,23.48
2023-10-09,JPPOWER,EQ,9.8,9.45,9.5,8.95,9.05,9.05,9.16,130737464,1197730333.55,47789,43165268.0,33.02
2023-10-10,JPPOWER,EQ,9.05,9.1,9.35,9.1,9.2,9.2,9.22,72128299,665313340.3,34759,20821214.0,28.87
2023-10-11,JPPOWER,EQ,9.2,9.3,9.95,9.25,9.9,9.9,9.63,181573985,1748720057.95,46862,50361123.0,27.74
2023-10-12,JPPOWER,EQ,9.9,9.95,10.0,9.6,9.7,9.7,9.73,105097403,1022773190.4,31930,26726569.0,25.43
2023-10-13,JPPOWER,EQ,9.7,9.65,9.75,9.55,9.6,9.6,9.62,54340103,522884611.2,20971,17242427.0,31.73
2023-10-16,JPPOWER,EQ,9.6,9.65,9.8,9.4,9.45,9.45,9.55,70456968,672766141.3,28487,22099047.0,31.37
2023-10-17,JPPOWER,EQ,9.45,9.55,9.7,9.45,9.55,9.55,9.59,96088511,921902468.5,24386,22543372.0,23.46
2023-10-18,JPPOWER,EQ,9.55,9.6,9.7,9.25,9.55,9.55,9.46,113292251,1071942166.8,27209,28431126.0,25.1
2023-10-19,JPPOWER,EQ,9.55,9.6,10.35,9.5,9.95,9.95,10.04,360340425,3618784244.7,60696,83385422.0,23.14
2023-10-20,JPPOWER,EQ,9.95,9.95,10.05,9.55,9.7,9.7,9.78,115338279,1127575048.0,30051,36072543.0,31.28
2023-10-23,JPPOWER,EQ,9.7,9.75,9.8,8.7,8.8,8.85,9.18,162225202,1488971510.65,53629,56109262.0,34.59
2023-10-25,JPPOWER,EQ,8.85,8.9,9.15,8.35,8.8,8.75,8.82,126950284,1120178448.95,41508,26501317.0,20.88
2023-10-26,JPPOWER,EQ,8.75,8.85,9.0,8.35,8.9,8.9,8.61,119482274,1028513746.6,34440,25039010.0,20.96
2023-10-27,JPPOWER,EQ,8.9,8.95,9.4,8.85,9.3,9.3,9.19,95636281,878553915.8,30083,25611698.0,26.78
2023-10-30,JPPOWER,EQ,9.3,9.35,9.75,9.1,9.6,9.7,9.46,158053255,1495812238.95,40505,37840037.0,23.94
2023-10-31,JPPOWER,EQ,9.7,9.75,9.85,9.45,9.55,9.6,9.64,92991105,896292601.6,25565,22132283.0,23.8
2023-11-01,JPPOWER,EQ,9.6,9.65,10.1,9.5,9.65,9.7,9.87,175311719,1729833954.0,37160,48024741.0,27.39
2023-11-02,JPPOWER,EQ,9.7,9.8,10.5,9.6,10.45,10.4,10.08,269882330,2721520064.75,59069,92123728.0,34.13
2023-11-03,JPPOWER,EQ,10.4,10.6,11.55,10.4,11.45,11.45,10.97,562387889,6167241107.7,116341,153501117.0,27.29
2023-11-06,JPPOWER,EQ,11.45,11.8,13.7,11.65,12.4,12.4,12.91,873782649,11279659192.35,230236,259913772.0,29.75
2023-11-07,JPPOWER,EQ,12.4,12.65,14.3,12.6,14.2,14.2,13.74,853992097,11729655630.0,308698,169498490.0,19.85
2023-11-08,JPPOWER,EQ,14.2,14.45,14.65,13.4,13.9,13.85,13.95,287287719,4008071130.35,153068,128529911.0,44.74
2023-11-09,JPPOWER,EQ,13.85,13.95,15.0,13.7,14.45,14.4,14.53,373345033,5423084781.15,174214,143589246.0,38.46
2023-11-10,JPPOWER,EQ,14.4,14.5,15.15,13.9,14.25,14.2,14.55,193032675,2808490691.1,113008,84712982.0,43.89
2023-11-12,JPPOWER,EQ,14.2,14.2,14.25,13.4,13.9,13.95,13.91,90574483,1259534036.45,70385,48686500.0,53.75
2023-11-13,JPPOWER,EQ,13.95,13.9,14.4,13.5,14.1,14.15,14.12,226169164,3193581820.2,94593,66208512.0,29.27
2023-11-15,JPPOWER,EQ,14.15,14.5,14.75,14.15,14.5,14.55,14.52,148879905,2162277048.05,93107,66738748.0,44.83
2023-11-16,JPPOWER,EQ,14.55,14.7,15.3,14.6,14.75,14.8,15.0,180504948,2708365780.2,114015,78074941.0,43.25
2023-11-17,JPPOWER,EQ,14.8,14.85,15.1,14.35,14.45,14.5,14.76,179896724,2655131967.25,103747,71299650.0,39.63
2023-11-20,JPPOWER,EQ,14.5,14.6,14.8,13.85,14.05,14.0,14.19,116143338,1647889434.3,92234,48311531.0,41.6
2023-11-21,JPPOWER,EQ,14.0,14.1,14.2,13.1,13.6,13.6,13.58,152965544,2077486850.55,83665,49901081.0,32.62
2023-11-22,JPPOWER,EQ,13.6,13.65,13.65,13.0,13.25,13.25,13.27,117011878,1553241648.4,62411,43519438.0,37.19
2023-11-23,JPPOWER,EQ,13.25,13.25,14.0,13.25,13.7,13.7,13.73,118442283,1625804678.65,50858,34071869.0,28.77
2023-11-24,JPPOWER,EQ,13.7,13.75,14.1,13.25,13.9,13.9,13.69,110541909,1512877262.05,48260,39320088.0,35.57
2023-11-28,JPPOWER,EQ,13.9,14.0,14.05,13.45,13.45,13.5,13.6,52247670,710390568.0,42354,26577674.0,50.87
2023-11-29,JPPOWER,EQ,13.5,13.55,13.65,13.0,13.15,13.15,13.31,218066539,2901412353.1,64882,38365129.0,17.59
2023-11-30,JPPOWER,EQ,13.15,13.15,13.35,12.55,13.15,13.1,12.92,113679937,1468925318.3,66065,52584551.0,46.26
2023-12-01,JPPOWER,EQ,13.1,13.15,13.3,12.8,12.85,12.85,12.99,65716767,853712133.35,47156,28107730.0,42.77
2023-12-04,JPPOWER,EQ,12.85,13.05,13.2,12.65,12.85,12.85,12.88,73024916,940731121.45,50987,28003634.0,38.35
2023-12-05,JPPOWER,EQ,12.85,12.85,13.75,12.8,13.45,13.55,13.39,188147529,2519657874.75,67044,68797598.0,36.57
2023-12-06,JPPOWER,EQ,13.55,13.6,14.0,13.4,13.8,13.85,13.71,138515162,1899047422.0,54912,48143017.0,34.76
2023-12-07,JPPOWER,EQ,13.85,13.85,14.25,13.5,13.9,13.95,13.98,114995368,1607477020.55,58902,50738601.0,44.12
2023-12-08,JPPOWER,EQ,13.95,14.1,14.25,13.55,13.85,13.85,13.95,99078206,1382330717.45,49135,40120976.0,40.49
2023-12-11,JPPOWER,EQ,13.85,13.9,14.6,13.85,14.5,14.45,14.33,150381151,2154492285.6,57322,75293718.0,50.07
2023-12-12,JPPOWER,EQ,14.45,14.6,15.2,14.3,14.35,14.45,14.77,169409273,2501631774.1,69596,66827234.0,39.45
2023-12-13,JPPOWER,EQ,14.45,14.5,14.6,14.0,14.45,14.45,14.35,85841913,1231898367.15,45901,31771548.0,37.01
2023-12-14,JPPOWER,EQ,14.45,14.6,14.65,14.2,14.25,14.3,14.39,58104150,836183602.05,35509,27770655.0,47.79
2023-12-15,JPPOWER,EQ,14.3,14.3,14.55,14.1,14.1,14.1,14.24,61625093,877626513.85,38144,29518499.0,47.9
2023-12-18,JPPOWER,EQ,14.1,14.1,14.35,13.9,14.1,14.05,14.18,72473570,1027568652.45,35802,24059095.0,33.2
2023-12-19,JPPOWER,EQ,14.05,14.1,14.35,14.0,14.1,14.1,14.13,43790475,618958310.85,26848,21194123.0,48.4
2023-12-20,JPPOWER,EQ,14.1,14.2,14.35,12.85,12.95,12.95,13.52,112294616,1518009891.05,78726,51693766.0,46.03
2023-12-21,JPPOWER,EQ,12.95,12.8,13.35,12.25,13.3,13.25,12.94,88600661,1146921310.5,47446,28460508.0,32.12
2023-12-22,JPPOWER,EQ,13.25,13.35,13.45,13.05,13.25,13.25,13.27,45664835,605861286.1,27413,16080065.0,35.21
2023-12-26,JPPOWER,EQ,13.25,13.3,14.3,13.1,14.0,13.95,13.66,92067632,1257680429.2,36308,39262987.0,42.65
2023-12-27,JPPOWER,EQ,13.95,14.0,14.2,13.6,13.75,13.8,13.89,64271882,893050517.5,36999,33669705.0,52.39
2023-12-28,JPPOWER,EQ,13.8,13.8,13.8,13.4,13.5,13.45,13.55,37369611,506334375.35,27832,18149509.0,48.57
2023-12-29,JPPOWER,EQ,13.45,13.55,14.05,13.35,13.95,13.95,13.73,79579254,1092324026.5,32523,30039926.0,37.75
2024-01-01,JPPOWER,EQ,13.95,14.0,14.95,13.95,14.7,14.75,14.54,155062165,2255003722.35,68297,86704462.0,55.92
2024-01-02,JPPOWER,EQ,14.75,14.8,16.2,14.45,16.2,16.15,15.75,527261650,8301735127.5,157574,176714519.0,33.52
2024-01-03,JPPOWER,EQ,16.15,16.35,16.5,15.75,15.85,15.85,16.09,162656874,2617094393.4,83106,73957355.0,45.47
2024-01-04,JPPOWER,EQ,15.85,16.0,17.1,16.0,17.05,17.0,16.68,219420858,3659976370.6,92185,85723724.0,39.07
2024-01-05,JPPOWER,EQ,17.0,17.1,17.8,16.5,16.85,16.85,17.17,267897270,4598491401.4,126169,107601725.0,40.17
2024-01-08,JPPOWER,EQ,16.85,17.0,17.45,16.85,17.0,16.95,17.12,111028540,1900588291.65,79715,53565095.0,48.24
2024-01-09,JPPOWER,EQ,16.95,17.15,17.25,16.3,16.4,16.45,16.84,108325769,1823924396.05,68462,46637034.0,43.05
2024-01-10,JPPOWER,EQ,16.45,16.45,16.6,15.9,16.4,16.35,16.27,67494698,1098409026.6,48298,26349489.0,39.04
2024-01-11,JPPOWER,EQ,16.35,16.45,16.95,16.35,16.5,16.45,16.6,53829719,893784089.1,40241,22288842.0,41.41
2024-01-12,JPPOWER,EQ,16.45,16.6,17.25,16.3,16.75,16.7,16.8,107626978,1807824307.75,52658,54515556.0,50.65
2024-01-15,JPPOWER,EQ,16.7,16.95,17.15,16.4,17.1,17.0,16.78,95411519,1600653561.15,61456,43177610.0,45.25
2024-01-16,JPPOWER,EQ,17.0,17.1,17.3,16.15,16.15,16.2,16.7,128035935,2138736481.3,79695,63839417.0,49.86
2024-01-17,JPPOWER,EQ,16.2,15.95,16.35,15.7,16.05,16.0,15.98,78461141,1253641854.25,55643,31816482.0,40.55
2024-01-18,JPPOWER,EQ,16.0,16.0,16.25,15.25,15.95,15.95,15.8,60325029,953097278.65,44022,18940076.0,31.40
2024-01-19,JPPOWER,EQ,15.95,16.05,16.25,15.85,15.95,15.95,16.06,41278650,662969906.5,43352,20377123.0,49.36
2024-01-20,JPPOWER,EQ,15.95,16.0,16.7,15.8,16.7,16.7,16.48,95895749,1580126853.85,45509,48509058.0,50.59
2024-01-23,JPPOWER,EQ,16.7,16.9,17.2,15.9,15.9,15.9,16.22,69884760,1133466473.25,58075,36201708.0,51.80
2024-01-24,JPPOWER,EQ,15.9,15.85,16.1,15.5,15.9,15.9,15.89,59726528,948786158.15,47061,27930320.0,46.76
2024-01-25,JPPOWER,EQ,15.9,15.95,16.35,15.8,16.15,16.1,16.17,47437000,766827819.25,35371,19983361.0,42.13
2024-01-29,JPPOWER,EQ,16.1,16.3,16.9,16.25,16.9,16.9,16.8,139819219,2348409978.55,54757,61441035.0,43.94
2024-01-30,JPPOWER,EQ,16.9,17.7,17.7,17.35,17.7,17.7,17.67,119392640,2110124845.55,32292,55753959.0,46.70
2024-01-31,JPPOWER,EQ,17.7,18.55,18.55,17.45,18.45,18.55,18.22,247906550,4517314628.75,141282,108678771.0,43.84
2024-02-01,JPPOWER,EQ,18.55,18.65,19.2,17.85,18.2,18.15,18.59,181998773,3383006898.35,145635,79319980.0,43.58
2024-02-02,JPPOWER,EQ,18.15,18.5,19.05,18.4,18.95,19.0,18.81,114086397,2146141469.15,111543,63097496.0,55.31
2024-02-05,JPPOWER,EQ,19.0,19.4,19.95,19.35,19.95,19.9,19.84,144472834,2866010074.95,104475,68025644.0,47.09
2024-02-06,JPPOWER,EQ,19.9,20.8,20.85,20.4,20.85,20.85,20.77,115216681,2392635013.25,84725,50036457.0,43.43
2024-02-07,JPPOWER,EQ,20.85,21.75,21.85,21.65,21.85,21.85,21.83,101364593,2212994099.15,64960,42838440.0,42.26
2024-02-08,JPPOWER,EQ,21.85,22.8,22.9,20.75,22.85,22.65,21.33,347090025,7405082590.15,267408,114779254.0,33.07
2024-02-09,JPPOWER,EQ,22.65,23.4,23.5,21.55,23.45,23.25,22.59,225205254,5086946028.95,254115,92965745.0,41.28
2024-02-12,JPPOWER,EQ,23.25,23.6,24.0,22.1,22.1,22.1,22.62,167566133,3790886795.15,184132,70702079.0,42.19
2024-02-13,JPPOWER,EQ,22.1,21.2,21.5,21.0,21.0,21.0,21.1,45001188,949676018.45,58720,23687228.0,52.64
2024-02-14,JPPOWER,EQ,21.0,19.95,21.7,19.95,21.6,21.35,20.65,215702918,4454352938.45,126516,64291720.0,29.81
2024-02-15,JPPOWER,BE,21.35,21.9,21.9,20.45,21.1,21.05,21.19,31019112,657197166.85,60939,,-
2024-02-16,JPPOWER,BE,21.05,21.05,21.05,20.25,20.35,20.35,20.59,21915785,451290757.85,59992,,-
2024-02-19,JPPOWER,BE,20.35,20.55,21.0,20.2,20.95,20.9,20.64,18889161,389849444.9,50394,,-
2024-02-20,JPPOWER,BE,20.9,21.1,21.1,20.25,20.4,20.4,20.63,17558718,362195132.6,44461,,-
2024-02-21,JPPOWER,BE,20.4,20.45,21.05,19.6,19.85,19.8,20.18,24844375,501383384.85,56704,,-
2024-02-22,JPPOWER,BE,19.8,20.0,20.45,18.85,20.25,20.25,19.6,27552330,540038699.6,54915,,-
2024-02-23,JPPOWER,BE,20.25,20.25,20.4,19.35,19.6,19.45,19.75,28206112,557087360.15,61514,,-
2024-02-26,JPPOWER,BE,19.45,19.6,19.6,18.95,19.1,19.05,19.17,22554222,432284373.9,51728,,-
2024-02-27,JPPOWER,BE,19.05,18.1,18.9,18.1,18.3,18.25,18.27,42360496,773727019.5,65148,,-
2024-02-28,JPPOWER,BE,18.25,18.0,18.2,17.35,17.35,17.35,17.53,30645051,537262199.85,62623,,-
2024-02-29,JPPOWER,BE,17.35,16.8,18.2,16.6,18.2,18.2,17.6,43575581,766993917.8,55754,,-
2024-03-01,JPPOWER,BE,18.2,18.6,18.7,18.0,18.3,18.3,18.37,20345289,373758177.2,36700,,-
2024-03-02,JPPOWER,BE,18.3,18.6,19.1,17.9,18.95,18.75,18.47,8536875,157689731.8,15056,,-
2024-03-04,JPPOWER,BE,18.75,19.1,19.15,18.0,18.3,18.15,18.36,16519506,303299566.5,36748,,-
2024-03-05,JPPOWER,BE,18.15,18.2,18.3,17.4,17.8,17.65,17.69,18799045,332635553.15,46217,,-
2024-03-06,JPPOWER,BE,17.65,17.6,17.95,16.8,17.6,17.5,17.14,32347306,554536091.35,64224,,-
2024-03-07,JPPOWER,BE,17.5,17.55,17.6,17.1,17.25,17.2,17.26,13684398,236163951.1,33712,,-
2024-03-11,JPPOWER,BE,17.2,17.25,17.5,16.55,16.65,16.65,16.96,18902676,320574693.2,42293,,-
2024-03-12,JPPOWER,BE,16.65,16.65,16.7,15.85,15.85,15.9,15.99,27161864,434220826.9,55046,,-
2024-03-13,JPPOWER,BE,15.9,15.8,15.85,15.1,15.1,15.1,15.19,20862359,316946913.85,43138,,-
2024-03-14,JPPOWER,BE,15.1,14.35,15.7,14.35,15.65,15.6,14.94,42129817,629368267.65,52731,,-
2024-03-15,JPPOWER,BE,15.6,15.5,16.3,15.0,16.2,16.2,15.44,34119382,526648673.0,41223,,-
2024-03-18,JPPOWER,BE,16.2,16.2,16.3,15.5,15.75,15.75,15.83,20985134,332257043.45,34270,,-
2024-03-19,JPPOWER,BE,15.75,15.7,15.7,15.1,15.15,15.1,15.28,13864080,211876489.85,27210,,-
2024-03-20,JPPOWER,BE,15.1,15.0,15.45,14.6,14.9,14.95,14.99,18522272,277631999.3,28178,,-
2024-03-21,JPPOWER,BE,14.95,15.2,15.6,15.05,15.4,15.4,15.41,22115784,340788924.4,24128,,-
2024-03-22,JPPOWER,BE,15.4,15.5,15.9,15.45,15.8,15.7,15.66,20495475,320876210.1,23147,,-
2024-03-26,JPPOWER,BE,15.7,15.85,15.95,15.0,15.15,15.15,15.4,19732353,303871970.45,31103,,-
2024-03-27,JPPOWER,BE,15.15,15.45,15.6,15.0,15.05,15.1,15.25,29237817,445836503.35,28415,,-
2024-03-28,JPPOWER,BE,15.1,15.3,15.55,15.2,15.3,15.25,15.4,21324963,328418898.4,25943,,-
2024-04-01,JPPOWER,BE,15.25,15.5,16.0,15.5,16.0,16.0,15.86,11297140,179177283.7,13510,,-
2024-04-02,JPPOWER,BE,16.0,16.6,16.8,16.45,16.8,16.8,16.72,16930862,283105120.3,13482,,-
2024-04-03,JPPOWER,BE,16.8,17.4,17.6,17.05,17.6,17.6,17.49,18402132,321859737.1,12717,,-
2024-04-04,JPPOWER,BE,17.6,18.45,18.45,18.45,18.45,18.45,18.45,5571937,102802237.65,7132,,-
2024-04-05,JPPOWER,BE,18.45,19.35,19.35,18.05,19.35,19.35,19.1,64588639,1233748404.45,58834,,-
2024-04-08,JPPOWER,BE,19.35,19.6,19.6,18.4,18.4,18.4,18.69,38359946,716778690.7,51945,,-
2024-04-09,JPPOWER,BE,18.4,18.15,18.4,17.75,18.15,17.95,18.04,20223860,364791924.15,32667,,-
2024-04-10,JPPOWER,BE,17.95,17.95,18.3,17.6,17.95,17.95,17.97,17466843,313899555.65,27418,,-
2024-04-12,JPPOWER,BE,17.95,18.0,18.55,17.6,18.25,18.05,17.91,24388322,436882120.05,35368,,-
2024-04-15,JPPOWER,BE,18.05,17.25,17.55,17.15,17.25,17.15,17.25,21197554,365745011.75,43576,,-
2024-04-16,JPPOWER,BE,17.15,16.7,17.4,16.6,17.25,17.2,17.2,14054102,241694463.1,23330,,-
2024-04-18,JPPOWER,BE,17.2,17.35,17.75,17.1,17.35,17.2,17.39,14517686,252431419.7,25694,,-
2024-04-19,JPPOWER,BE,17.2,16.6,17.3,16.55,17.1,17.05,16.96,11325750,192071532.6,24416,,-
2024-04-22,JPPOWER,BE,17.05,17.4,17.65,17.05,17.55,17.4,17.37,13301143,231089734.35,24303,,-
2024-04-23,JPPOWER,BE,17.4,17.6,18.25,17.4,18.25,18.25,18.0,27280290,491137269.1,32010,,-
2024-04-24,JPPOWER,BE,18.25,18.45,18.45,17.95,18.1,18.05,18.18,19814611,360293084.4,28059,,-
2024-04-25,JPPOWER,BE,18.05,18.1,18.2,18.0,18.1,18.05,18.06,14626951,264158530.5,21607,,-
2024-04-26,JPPOWER,BE,18.05,18.15,18.2,17.95,18.2,18.1,18.06,14627921,264211044.0,25114,,-
2024-04-29,JPPOWER,BE,18.1,19.0,19.0,19.0,19.0,19.0,19.0,10749351,204237669.0,11613,,-
2024-04-30,JPPOWER,BE,19.0,19.95,19.95,19.95,19.95,19.95,19.95,48279529,963176603.55,27184,,-
2024-05-02,JPPOWER,BE,19.95,20.5,20.5,19.25,20.05,20.1,20.12,59616856,1199582700.15,80762,,-
2024-05-03,JPPOWER,BE,20.1,20.25,20.35,19.5,19.75,19.7,19.79,27871389,551577670.25,54973,,-
2024-05-06,JPPOWER,BE,19.7,20.0,20.1,18.85,19.1,19.15,19.27,24102740,464505778.4,52823,,-
2024-05-07,JPPOWER,BE,19.15,19.1,19.1,18.2,18.4,18.45,18.56,24148387,448183574.85,48762,,-
2024-05-08,JPPOWER,BE,18.45,18.45,19.0,17.9,18.65,18.6,18.65,16373846,305394524.8,28939,,-
2024-05-09,JPPOWER,BE,18.6,18.85,18.85,17.7,17.75,17.85,18.15,19203760,348606435.7,41379,,-
2024-05-10,JPPOWER,BE,17.85,18.2,18.55,17.85,18.15,18.2,18.29,16986570,310675546.1,24285,,-
2024-05-13,JPPOWER,BE,18.2,18.45,18.55,17.55,18.0,18.05,18.01,16320993,293936029.0,35125,,-
2024-05-14,JPPOWER,BE,18.05,18.35,18.95,18.05,18.95,18.95,18.65,16067747,299700446.8,23723,,-
2024-05-15,JPPOWER,BE,18.95,18.9,19.4,18.7,19.05,19.05,19.05,20844138,397075697.7,30669,,-
2024-05-16,JPPOWER,BE,19.05,19.25,19.4,18.85,19.05,18.95,19.08,13481068,257183175.7,25532,,-
2024-05-17,JPPOWER,BE,18.95,19.1,19.85,18.9,19.7,19.65,19.44,24370219,473719685.9,37306,,-
2024-05-18,JPPOWER,EQ,19.65,20.0,20.3,19.8,19.9,19.9,20.04,28280168,566830730.75,22587,21915800.0,77.50
2024-05-21,JPPOWER,EQ,19.9,20.0,20.15,19.4,19.45,19.45,19.82,43848333,869028166.05,57125,27902908.0,63.64
2024-05-22,JPPOWER,EQ,19.45,19.65,20.0,19.2,19.4,19.35,19.66,37018441,727603605.45,39908,22701490.0,61.32
2024-05-23,JPPOWER,EQ,19.35,19.6,20.1,19.4,19.85,19.8,19.81,49157473,973991666.85,40333,25121640.0,51.10
2024-05-24,JPPOWER,EQ,19.8,19.8,20.75,19.65,20.75,20.45,20.28,102361880,2075852762.2,66881,49826092.0,48.68
2024-05-27,JPPOWER,EQ,20.45,20.9,21.1,19.9,20.1,20.05,20.26,62772877,1271541117.8,59751,34333007.0,54.69
2024-05-28,JPPOWER,EQ,20.05,20.25,20.25,19.15,19.4,19.4,19.48,42402233,825996426.9,51359,21741749.0,51.28
2024-05-29,JPPOWER,EQ,19.4,19.3,19.75,18.95,19.4,19.4,19.35,32584927,630393546.6,36808,15800003.0,48.49
2024-05-30,JPPOWER,EQ,19.4,19.35,19.75,19.05,19.15,19.15,19.37,32598077,631451640.4,35742,16523535.0,50.69
2024-05-31,JPPOWER,EQ,19.15,19.15,19.6,18.65,19.3,19.25,19.17,44847654,859644529.0,47567,24579931.0,54.81
2024-06-03,JPPOWER,EQ,19.25,20.2,20.2,19.65,20.15,20.15,20.13,83244969,1675659322.35,82397,43230218.0,51.93
2024-06-04,JPPOWER,EQ,20.15,19.15,19.55,19.15,19.15,19.15,19.16,48108750,921877469.95,58155,28274793.0,58.77
2024-06-05,JPPOWER,EQ,19.15,18.2,18.2,18.2,18.2,18.2,18.2,15352513,279415736.6,45197,15329354.0,99.85
2024-06-06,JPPOWER,EQ,18.2,18.25,19.0,17.4,17.85,17.65,18.02,128108702,2307899381.55,117871,60369759.0,47.12
2024-06-07,JPPOWER,EQ,17.65,17.7,18.4,17.65,18.15,18.1,18.01,45669269,822331149.6,50569,24976407.0,54.69
2024-06-10,JPPOWER,EQ,18.1,18.45,18.45,17.75,17.98,17.88,17.95,27739948,497990168.18,54510,19467799.0,70.18
2024-06-11,JPPOWER,EQ,17.88,17.93,18.65,17.76,18.52,18.43,18.33,43405034,795818037.9,44837,24892274.0,57.35
2024-06-12,JPPOWER,EQ,18.43,18.66,19.35,18.66,19.35,19.35,19.22,40659061,781288098.74,29153,23958225.0,58.92
2024-06-13,JPPOWER,EQ,19.35,19.81,20.24,19.0,19.71,19.71,19.67,51748531,1017822675.52,62183,30722685.0,59.37
2024-06-14,JPPOWER,EQ,19.71,19.8,20.14,19.32,19.79,19.78,19.84,51047773,1012642958.89,62932,29356752.0,57.51
2024-06-18,JPPOWER,EQ,19.78,19.79,20.18,19.22,19.4,19.36,19.56,41377058,809199656.74,63347,25627861.0,61.94
2024-06-19,JPPOWER,EQ,19.36,19.45,19.54,18.65,18.99,18.96,18.94,26271101,497611380.7,40673,16093801.0,61.26
2024-06-20,JPPOWER,EQ,18.96,19.0,19.28,18.72,18.96,18.87,19.0,26949255,511901249.45,39602,17617060.0,65.37
2024-06-21,JPPOWER,EQ,18.87,19.0,19.5,18.91,19.25,19.19,19.2,33125400,635863470.84,35569,23063450.0,69.62
2024-06-24,JPPOWER,EQ,19.19,19.4,20.14,19.2,20.14,20.14,19.93,93082929,1855199284.89,79594,61358988.0,65.92
2024-06-25,JPPOWER,EQ,20.14,20.45,20.54,19.82,19.98,19.95,20.14,51500865,1037094726.8,67456,34279108.0,66.56
2024-06-26,JPPOWER,EQ,19.95,20.0,20.2,19.62,19.83,19.69,19.95,31039322,619350082.99,49611,20823856.0,67.09
2024-06-27,JPPOWER,EQ,19.69,19.87,20.1,18.9,19.83,19.67,19.57,35361726,691939093.93,46334,21264925.0,60.14
2024-06-28,JPPOWER,EQ,19.67,19.76,19.98,19.42,19.66,19.6,19.73,19793463,390468797.61,29531,12842653.0,64.88
2024-07-01,JPPOWER,EQ,19.6,19.75,19.95,19.55,19.88,19.88,19.83,30421054,603391539.36,42036,20757340.0,68.23
2024-07-02,JPPOWER,EQ,19.88,20.29,20.29,19.43,19.83,19.83,19.94,27829404,554945311.46,38648,17267082.0,62.05
2024-07-03,JPPOWER,EQ,19.83,19.97,20.04,19.45,19.69,19.67,19.69,20121991,396266393.54,31959,13128916.0,65.25
2024-07-04,JPPOWER,EQ,19.67,19.67,19.77,18.99,19.08,19.03,19.18,37332968,716200842.25,63960,29558838.0,79.18
2024-07-05,JPPOWER,EQ,19.03,18.99,19.23,18.3,18.61,18.57,18.79,41091222,772296718.06,58315,28312418.0,68.9
2024-07-08,JPPOWER,EQ,18.57,18.6,19.02,18.4,18.71,18.67,18.73,26329490,493159529.08,47719,16145467.0,61.32
2024-07-09,JPPOWER,EQ,18.67,18.78,19.4,18.75,19.32,19.28,19.1,36445842,696246352.55,49131,21151290.0,58.03
2024-07-10,JPPOWER,EQ,19.28,19.5,19.5,18.41,18.93,18.96,18.87,28976599,546773078.06,41117,14032425.0,48.43
2024-07-11,JPPOWER,EQ,18.96,18.97,19.03,18.65,18.73,18.69,18.78,19991033,375360946.4,37011,12395324.0,62.0
2024-07-12,JPPOWER,EQ,18.69,18.8,18.87,18.37,18.53,18.43,18.54,19518295,361774056.69,40008,14043451.0,71.95
2024-07-15,JPPOWER,EQ,18.43,18.75,18.75,17.95,18.5,18.49,18.26,25529535,466066425.59,44578,14116027.0,55.29
2024-07-16,JPPOWER,EQ,18.49,18.7,18.91,18.51,18.65,18.64,18.72,17233208,322536294.31,36999,10145262.0,58.87
2024-07-18,JPPOWER,EQ,18.64,18.77,18.77,18.22,18.31,18.32,18.39,22893376,420956670.0,44463,10584708.0,46.23
2024-07-19,JPPOWER,EQ,18.32,18.3,18.3,17.86,17.95,17.92,18.0,18825071,338786966.36,41029,11770710.0,62.53
2024-07-22,JPPOWER,EQ,17.92,17.9,18.08,17.41,17.9,17.81,17.79,19407393,345341425.5,40869,9988524.0,51.47
2024-07-23,JPPOWER,EQ,17.81,18.11,18.27,17.0,17.94,17.91,17.83,23444290,418038825.88,45471,11460214.0,48.88
2024-07-24,JPPOWER,EQ,17.91,17.96,18.8,17.9,18.8,18.8,18.61,22120366,411687601.82,19686,14246785.0,64.41
2024-07-25,JPPOWER,EQ,18.8,18.65,19.3,18.5,18.89,18.83,18.96,46283601,877551268.94,55981,25132816.0,54.3
2024-07-26,JPPOWER,EQ,18.83,19.01,19.77,18.8,19.67,19.66,19.47,66105991,1286883548.56,64680,40072237.0,60.62
2024-07-29,JPPOWER,EQ,19.66,20.5,20.64,19.3,19.39,19.42,20.1,77530630,1558178903.11,83758,48237275.0,62.22
2024-07-30,JPPOWER,EQ,19.42,19.46,19.59,19.18,19.37,19.31,19.38,33354324,646255350.98,51737,19223397.0,57.63
2024-07-31,JPPOWER,EQ,19.31,19.4,20.2,19.3,19.85,19.85,19.73,49490114,976610402.69,54881,23997500.0,48.49
2024-08-01,JPPOWER,EQ,19.85,19.95,19.99,19.03,19.16,19.16,19.44,42903143,833992708.73,57462,23930598.0,55.78
2024-08-02,JPPOWER,EQ,19.16,18.9,20.05,18.76,19.8,19.79,19.59,62121631,1216921677.22,55650,28969427.0,46.63
2024-08-05,JPPOWER,EQ,19.79,19.02,19.39,18.8,18.8,18.8,18.91,53719841,1016058535.65,65121,26773874.0,49.84
2024-08-06,JPPOWER,EQ,18.8,18.86,19.14,17.91,18.0,17.98,18.47,42906170,792691253.09,66070,23563818.0,54.92
2024-08-07,JPPOWER,EQ,17.98,18.4,18.87,17.9,18.87,18.87,18.55,27512734,510350631.08,40663,14289965.0,51.94
2024-08-08,JPPOWER,EQ,18.87,18.99,19.14,17.92,17.92,17.92,18.31,55990682,1025281012.54,67786,32688076.0,58.38
2024-08-09,JPPOWER,EQ,17.92,17.33,17.83,17.02,17.56,17.53,17.38,63116480,1096803389.81,81558,35414315.0,56.11
2024-08-12,JPPOWER,EQ,17.53,17.56,18.25,17.15,17.89,17.83,17.87,41957504,749920182.66,72531,20595618.0,49.09
2024-08-13,JPPOWER,EQ,17.83,17.94,18.12,17.5,17.7,17.6,17.82,26299204,468705707.57,51174,13158547.0,50.03
2024-08-14,JPPOWER,EQ,17.6,17.77,17.8,17.05,17.55,17.59,17.37,26476662,459927017.93,50040,11825763.0,44.66
2024-08-16,JPPOWER,EQ,17.59,17.8,18.06,17.41,17.67,17.66,17.67,18688684,330159551.81,41490,10826955.0,57.93
2024-08-19,JPPOWER,EQ,17.66,17.98,18.34,17.8,18.03,17.98,18.03,29894310,538902800.93,50726,15615667.0,52.24
2024-08-20,JPPOWER,EQ,17.98,18.13,18.3,17.97,18.14,18.1,18.12,20363008,369071635.4,36955,10286074.0,50.51
2024-08-21,JPPOWER,EQ,18.1,18.19,19.0,18.13,18.71,18.78,18.62,71439148,1330534447.4,62778,28285480.0,39.59
2024-08-22,JPPOWER,EQ,18.78,18.88,18.96,18.4,18.58,18.55,18.64,32947659,614268559.88,42149,17572601.0,53.33
2024-08-23,JPPOWER,EQ,18.55,18.77,18.94,18.4,18.55,18.52,18.67,33803897,631101284.82,40425,16390598.0,48.49
2024-08-26,JPPOWER,EQ,18.52,18.58,18.62,18.15,18.22,18.19,18.32,18293705,335066609.18,39074,12023556.0,65.73
2024-08-27,JPPOWER,EQ,18.19,18.31,18.33,18.0,18.26,18.2,18.17,19676891,357621622.87,30270,11091284.0,56.37
2024-08-28,JPPOWER,EQ,18.2,18.25,18.44,18.0,18.05,18.02,18.14,21066196,382098442.18,32821,12111823.0,57.49
2024-08-29,JPPOWER,EQ,18.02,18.14,18.14,17.87,17.96,17.94,17.98,19298064,346908870.04,29261,11679934.0,60.52
2024-08-30,JPPOWER,EQ,17.94,17.95,18.11,17.9,17.94,17.92,17.96,13354596,239851975.61,26338,9159456.0,68.59
2024-09-02,JPPOWER,EQ,17.92,18.1,18.14,17.6,17.91,17.91,17.78,22657065,402905757.92,41708,12135632.0,53.56
2024-09-03,JPPOWER,EQ,17.91,17.91,18.48,17.9,18.08,18.02,18.18,33706650,612785468.07,36893,18581278.0,55.13
2024-09-04,JPPOWER,EQ,18.02,17.99,18.45,17.84,17.97,17.95,18.1,21651193,391901949.97,29216,10907986.0,50.38
2024-09-05,JPPOWER,EQ,17.95,18.1,18.14,17.88,17.94,17.93,17.97,11983140,215339754.88,23760,7509606.0,62.67
2024-09-06,JPPOWER,EQ,17.93,17.97,18.1,17.41,17.55,17.47,17.64,24176033,426471015.72,49920,16786484.0,69.43
2024-09-09,JPPOWER,EQ,17.47,17.55,17.55,17.01,17.34,17.27,17.23,18326277,315786923.43,43241,10568237.0,57.67
2024-09-10,JPPOWER,EQ,17.27,17.37,17.65,17.34,17.58,17.54,17.5,13384483,234291789.21,30521,8353777.0,62.41
2024-09-11,JPPOWER,EQ,17.54,17.58,17.64,17.1,17.2,17.19,17.38,13175648,229007491.21,34474,8322990.0,63.17
2024-09-12,JPPOWER,EQ,17.19,17.4,17.44,17.06,17.27,17.29,17.2,14545551,250194781.4,34710,8190412.0,56.31
2024-09-13,JPPOWER,EQ,17.29,17.38,17.54,17.22,17.32,17.31,17.36,12151577,211011798.38,29443,6699905.0,55.14
2024-09-16,JPPOWER,EQ,17.31,17.45,17.7,17.21,17.36,17.35,17.38,15608267,271347033.95,34680,7875443.0,50.46
2024-09-17,JPPOWER,EQ,17.35,17.48,17.48,17.17,17.38,17.34,17.27,13596849,234822436.52,28065,8081350.0,59.44
2024-09-18,JPPOWER,EQ,17.34,17.37,17.48,17.19,17.23,17.2,17.25,12861011,221837149.53,28731,8364680.0,65.04
2024-09-19,JPPOWER,EQ,17.2,17.28,17.33,16.76,16.9,16.9,16.99,22412911,380833371.39,43773,14798515.0,66.03
2024-09-20,JPPOWER,EQ,16.9,17.0,17.24,16.83,17.11,17.02,17.08,19968452,341033757.76,30266,12072653.0,60.46
2024-09-23,JPPOWER,EQ,17.02,17.25,17.87,17.15,17.76,17.76,17.71,34409016,609449433.46,42129,18553375.0,53.92
2024-09-24,JPPOWER,EQ,17.76,17.86,18.27,17.51,17.88,17.85,17.87,27567568,492556316.39,39363,13507860.0,49.0
2024-09-25,JPPOWER,EQ,17.85,17.89,17.95,17.52,17.64,17.62,17.68,12858612,227389928.38,25266,7374781.0,57.35
2024-09-26,JPPOWER,EQ,17.62,17.63,17.7,17.38,17.44,17.42,17.48,11171034,195251094.36,23979,7076121.0,63.34
2024-09-27,JPPOWER,EQ,17.42,17.45,18.11,16.75,17.48,17.57,17.57,52088250,915271071.25,52447,28275812.0,54.28
2024-09-30,JPPOWER,EQ,17.57,17.74,18.44,17.25,18.36,18.24,18.11,72752766,1317340734.31,68550,37871597.0,52.06
2024-10-01,JPPOWER,EQ,18.24,18.72,19.15,18.6,19.15,19.15,19.06,34282426,653271939.65,25955,24338830.0,71.0
2024-10-03,JPPOWER,EQ,19.15,19.35,20.1,19.32,20.1,20.1,19.96,174381863,3479991341.52,121949,74341387.0,42.63
2024-10-04,JPPOWER,EQ,20.1,20.5,20.79,19.21,19.48,19.43,19.87,138301403,2747679785.98,140902,55200483.0,39.91
2024-10-07,JPPOWER,EQ,19.43,19.43,19.59,18.45,18.45,18.45,18.58,71026435,1319895535.38,49540,24342338.0,34.27
2024-10-08,JPPOWER,EQ,18.45,17.65,20.35,17.16,19.95,20.02,19.1,141863698,2709541355.61,120975,44422990.0,31.31
2024-10-09,JPPOWER,EQ,20.02,20.28,22.8,20.21,22.15,22.13,21.78,314421886,6847672392.82,289344,101491315.0,32.28
2024-10-10,JPPOWER,EQ,22.13,22.64,23.77,21.9,23.0,22.88,22.97,283904353,6521819034.75,236599,77872241.0,27.43
2024-10-11,JPPOWER,EQ,22.88,22.98,23.24,22.16,22.21,22.31,22.66,116699215,2644441539.99,105443,40125660.0,34.38
2024-10-14,JPPOWER,EQ,22.31,22.4,22.49,21.06,21.4,21.32,21.7,98992072,2147669575.62,99063,38132895.0,38.52
2024-10-15,JPPOWER,EQ,21.32,21.4,22.18,21.19,21.52,21.39,21.66,78737486,1705753947.75,81011,23342348.0,29.65
2024-10-16,JPPOWER,EQ,21.39,21.5,21.84,20.9,21.16,21.15,21.3,65777548,1400821354.71,65618,20282903.0,30.84
2024-10-17,JPPOWER,EQ,21.15,21.31,21.35,19.8,20.08,19.9,20.27,101229314,2052029195.3,98144,42230524.0,41.72
2024-10-18,JPPOWER,EQ,19.9,19.9,20.34,19.4,20.03,20.01,19.97,72852665,1454910825.16,68229,21841855.0,29.98
2024-10-21,JPPOWER,EQ,20.01,20.21,20.4,19.05,19.13,19.17,19.55,53036585,1036638776.63,68509,21189605.0,39.95
2024-10-22,JPPOWER,EQ,19.17,19.12,19.32,18.21,18.48,18.3,18.7,67319497,1258868344.52,74135,23161705.0,34.41
2024-10-23,JPPOWER,EQ,18.3,18.2,18.84,17.88,18.59,18.45,18.48,69876795,1291278726.64,65404,18422347.0,26.36
2024-10-24,JPPOWER,EQ,18.45,18.63,18.75,18.19,18.36,18.39,18.48,49571512,916227529.91,48093,13992822.0,28.23
2024-10-25,JPPOWER,EQ,18.39,18.51,18.54,17.5,17.94,17.89,17.89,59167425,1058306919.39,66439,19695360.0,33.29
2024-10-28,JPPOWER,EQ,17.89,17.92,18.34,16.94,18.02,18.01,17.76,75445312,1339845751.63,79305,22340696.0,29.61
2024-10-29,JPPOWER,EQ,18.01,18.02,18.24,17.58,17.92,17.94,17.88,42539886,760427834.09,49117,12460214.0,29.29
2024-10-30,JPPOWER,EQ,17.94,17.8,18.67,17.65,18.46,18.43,18.36,47971123,880948233.6,47316,15508821.0,32.33
2024-10-31,JPPOWER,EQ,18.43,18.54,18.55,18.02,18.18,18.2,18.2,34250555,623426584.73,45786,14056798.0,41.04
2024-11-01,JPPOWER,EQ,18.2,18.4,18.62,18.35,18.45,18.47,18.49,11468088,211992849.71,32526,6658855.0,58.06
2024-11-04,JPPOWER,EQ,18.47,18.5,18.55,17.8,17.86,17.88,17.98,39500019,710234103.07,57350,17809971.0,45.09
2024-11-05,JPPOWER,EQ,17.88,17.65,18.1,17.65,17.95,17.96,17.88,44241804,791136491.6,51644,13997874.0,31.64
2024-11-06,JPPOWER,EQ,17.96,18.09,18.42,17.87,18.3,18.27,18.15,38230217,693816696.65,44169,14299822.0,37.4
2024-11-07,JPPOWER,EQ,18.27,18.5,19.48,18.42,18.74,18.72,19.01,92028441,1749179371.57,94666,29515720.0,32.07
2024-11-08,JPPOWER,EQ,18.72,18.9,18.9,17.9,18.03,17.99,18.21,47491107,864735515.78,59346,21633854.0,45.55
2024-11-11,JPPOWER,EQ,17.99,18.05,18.2,17.62,17.92,17.88,17.89,36997982,661755873.22,55427,12957888.0,35.02
2024-11-12,JPPOWER,EQ,17.88,17.88,18.09,17.2,17.33,17.31,17.55,46534495,816645867.21,71608,22146567.0,47.59
2024-11-13,JPPOWER,EQ,17.31,17.3,17.42,16.5,16.74,16.57,16.84,59850482,1007708701.26,85973,27119360.0,45.31
2024-11-14,JPPOWER,EQ,16.57,16.64,17.12,16.52,16.74,16.69,16.78,42827273,718831664.87,56719,13211680.0,30.85
2024-11-18,JPPOWER,EQ,16.69,16.77,16.94,16.16,16.59,16.58,16.5,40689873,671532994.31,53952,12644565.0,31.08
2024-11-19,JPPOWER,EQ,16.58,16.63,17.08,16.54,16.66,16.66,16.87,32815099,553716459.33,49829,11120843.0,33.89
2024-11-21,JPPOWER,EQ,16.66,16.66,16.75,16.28,16.31,16.34,16.46,44900025,738886242.81,47863,18879345.0,42.05
2024-11-22,JPPOWER,EQ,16.34,16.33,16.43,16.08,16.36,16.3,16.29,37762413,615025751.28,47321,12298253.0,32.57
2024-11-25,JPPOWER,EQ,16.3,16.86,17.03,16.1,16.2,16.21,16.48,37567072,618974464.29,50944,15710149.0,41.82
2024-11-26,JPPOWER,EQ,16.21,16.21,16.39,16.1,16.32,16.25,16.24,27716328,450087265.78,39440,11598216.0,41.85
2024-11-27,JPPOWER,EQ,16.25,16.31,17.5,16.19,17.36,17.37,16.98,55054979,934601921.32,54341,20212323.0,36.71
2024-11-28,JPPOWER,EQ,17.37,17.41,19.33,17.15,19.14,18.93,18.57,174035043,3232626771.9,135425,57470823.0,33.02
2024-11-29,JPPOWER,EQ,18.93,19.14,19.3,18.2,18.43,18.46,18.6,70170526,1305482998.11,61793,22190196.0,31.62
2024-12-02,JPPOWER,EQ,18.46,18.46,19.01,18.16,18.52,18.54,18.6,52520443,976705696.99,57733,16313082.0,31.06
2024-12-03,JPPOWER,EQ,18.54,18.64,19.21,18.55,19.02,19.09,18.95,59345132,1124296574.12,60062,23009317.0,38.77
2024-12-04,JPPOWER,EQ,19.09,19.18,20.28,19.05,19.93,19.99,19.65,133781561,2628767252.41,105709,38651929.0,28.89
2024-12-05,JPPOWER,EQ,19.99,20.06,20.12,19.31,19.7,19.62,19.63,65279345,1281403057.63,70772,21560519.0,33.03
2024-12-06,JPPOWER,EQ,19.62,19.62,20.1,19.12,19.17,19.22,19.63,70622959,1386195485.79,65606,23824416.0,33.73
2024-12-09,JPPOWER,EQ,19.22,19.14,19.28,18.7,18.77,18.75,18.9,46137721,872195026.06,58528,19413576.0,42.08
2024-12-10,JPPOWER,EQ,18.75,18.8,19.3,18.41,19.22,19.06,18.82,55941974,1052942178.12,51300,21701983.0,38.79
2024-12-11,JPPOWER,EQ,19.06,19.2,19.34,18.86,18.91,18.98,19.05,41583472,792102607.73,45108,14472259.0,34.8
2024-12-12,JPPOWER,EQ,18.98,19.0,19.0,18.62,18.69,18.71,18.77,22632732,424914437.66,32409,8894464.0,39.3
2024-12-13,JPPOWER,EQ,18.71,18.7,19.07,18.33,18.79,18.84,18.76,54553946,1023479547.27,48984,14949819.0,27.4
2024-12-16,JPPOWER,EQ,18.84,19.05,19.75,19.01,19.1,19.15,19.37,69262955,1341824476.17,65492,23315532.0,33.66
2024-12-17,JPPOWER,EQ,19.15,19.12,19.28,18.75,18.79,18.83,19.01,38145679,725068858.14,39212,13675754.0,35.85
2024-12-18,JPPOWER,EQ,18.83,18.79,18.85,18.34,18.51,18.53,18.62,29002902,540029178.78,37217,8798168.0,30.34
2024-12-19,JPPOWER,EQ,18.53,18.15,20.09,17.94,19.67,19.87,19.42,158628763,3080799642.4,123279,49685574.0,31.32
2024-12-20,JPPOWER,EQ,19.87,19.65,20.35,18.79,18.92,18.97,19.6,115950835,2272983362.69,91666,29983665.0,25.86
2024-12-23,JPPOWER,EQ,18.97,19.17,19.22,18.5,18.56,18.58,18.75,45001900,844007945.81,50296,12418212.0,27.59
2024-12-24,JPPOWER,EQ,18.58,18.6,18.7,18.2,18.29,18.25,18.41,33607857,618758428.94,36417,12973277.0,38.6
2024-12-26,JPPOWER,EQ,18.25,18.36,18.5,18.06,18.18,18.13,18.28,23811527,435162423.0,33631,8187522.0,34.38
2024-12-27,JPPOWER,EQ,18.13,18.28,18.53,18.05,18.11,18.13,18.2,20423025,371708384.89,33043,7115443.0,34.84
2024-12-30,JPPOWER,EQ,18.13,17.0,17.77,16.76,17.69,17.59,17.44,51663273,900840624.51,65118,16800443.0,32.52
2024-12-31,JPPOWER,EQ,17.59,17.55,17.82,17.37,17.69,17.7,17.59,26957429,474218511.23,32652,8007819.0,29.71
2025-01-01,JPPOWER,EQ,17.7,17.7,18.22,17.65,18.15,18.06,18.02,25953444,467782599.64,30756,7112783.0,27.41
2025-01-02,JPPOWER,EQ,18.06,18.15,18.3,17.67,17.75,17.73,17.93,27684486,496245183.35,34524,12411468.0,44.83
2025-01-03,JPPOWER,EQ,17.73,17.8,18.14,17.61,17.77,17.67,17.86,26748382,477780321.29,33338,10012863.0,37.43
2025-01-06,JPPOWER,EQ,17.67,17.7,17.73,16.67,16.84,16.78,17.08,51731911,883661610.2,73050,25648777.0,49.58
2025-01-07,JPPOWER,EQ,16.78,16.85,17.35,16.84,17.32,17.27,17.15,29708349,509465228.65,36580,9004614.0,30.31
2025-01-08,JPPOWER,EQ,17.27,17.27,17.4,16.92,17.17,17.14,17.09,23075206,394444099.27,31436,6254684.0,27.11
2025-01-09,JPPOWER,EQ,17.14,17.14,17.28,16.8,16.9,16.87,16.98,20358737,345791978.05,35399,8210494.0,40.33
2025-01-10,JPPOWER,EQ,16.87,16.87,16.94,16.05,16.18,16.2,16.4,39220898,643044334.65,56417,17189856.0,43.83
2025-01-13,JPPOWER,EQ,16.2,16.13,16.38,15.42,15.85,15.78,15.89,38300492,608756385.41,62775,13461405.0,35.15
2025-01-14,JPPOWER,EQ,15.78,15.79,16.44,15.79,16.36,16.36,16.15,28529459,460809828.08,37829,8605734.0,30.16
2025-01-15,JPPOWER,EQ,16.36,16.36,16.69,16.13,16.34,16.29,16.4,26554780,435475993.48,33224,7866916.0,29.63
2025-01-16,JPPOWER,EQ,16.29,16.44,16.88,16.44,16.64,16.63,16.68,19888721,331798493.09,29035,6768689.0,34.03
2025-01-17,JPPOWER,EQ,16.63,16.64,16.84,16.43,16.69,16.7,16.69,19400595,323702178.17,26040,5640459.0,29.07
2025-01-20,JPPOWER,EQ,16.7,16.86,17.12,16.66,16.93,16.91,16.93,21005372,355696371.19,31894,6567505.0,31.27
2025-01-21,JPPOWER,EQ,16.91,17.0,17.2,16.38,16.57,16.48,16.7,24235352,404713526.42,38495,7703611.0,31.79
2025-01-22,JPPOWER,EQ,16.48,16.6,16.77,16.03,16.31,16.31,16.25,23476733,381499872.32,29579,6626680.0,28.23
2025-01-23,JPPOWER,EQ,16.31,16.29,16.41,16.08,16.19,16.16,16.23,15978781,259318980.79,26093,5315523.0,33.27
2025-01-24,JPPOWER,EQ,16.16,16.18,16.37,15.92,16.05,16.04,16.08,15878808,255261396.42,24086,5408014.0,34.06
2025-01-27,JPPOWER,EQ,16.04,15.96,15.96,14.98,15.2,15.08,15.27,38256015,584131453.02,53266,17363742.0,45.39
2025-01-28,JPPOWER,EQ,15.08,15.3,15.5,14.36,14.98,14.95,14.87,48455594,720542421.31,55493,14244608.0,29.4
2025-01-29,JPPOWER,EQ,14.95,15.13,15.58,15.02,15.45,15.38,15.35,23739634,364476296.14,39880,6283086.0,26.47
2025-01-30,JPPOWER,EQ,15.38,15.5,15.9,15.39,15.71,15.73,15.68,25240779,395652149.32,40201,8363982.0,33.14
2025-01-31,JPPOWER,EQ,15.73,15.75,16.45,15.51,16.4,16.33,16.04,26114840,418883328.3,43840,9372385.0,35.89
2025-02-01,JPPOWER,EQ,16.33,16.74,16.74,15.76,16.06,15.94,16.24,34112657,554084390.53,50703,9605743.0,28.16
2025-02-03,JPPOWER,EQ,15.94,15.0,15.21,14.5,14.9,14.86,14.86,51949066,771956587.81,73796,19164926.0,36.89
2025-02-04,JPPOWER,EQ,14.86,15.02,15.31,14.92,15.04,15.02,15.09,26957469,406662165.63,42660,8868600.0,32.9
2025-02-05,JPPOWER,EQ,15.02,15.05,15.33,15.05,15.09,15.07,15.15,17824111,270108298.63,35894,7769108.0,43.59
2025-02-06,JPPOWER,EQ,15.07,15.2,15.4,15.0,15.07,15.04,15.16,23215157,351912753.21,35153,8227648.0,35.44
2025-02-07,JPPOWER,EQ,15.04,15.05,15.14,14.87,14.97,14.95,14.97,18741199,280538860.55,32545,6667836.0,35.58
2025-02-10,JPPOWER,EQ,14.95,14.96,15.03,14.65,14.77,14.74,14.76,15396474,227305408.33,34376,6455579.0,41.93
2025-02-11,JPPOWER,EQ,14.74,14.73,14.78,14.1,14.22,14.2,14.29,23844601,340730490.41,39730,10173407.0,42.67
2025-02-12,JPPOWER,EQ,14.2,14.18,14.27,13.27,14.24,14.13,13.86,41244083,571723938.43,44531,12863733.0,31.19
2025-02-13,JPPOWER,EQ,14.13,14.25,14.52,13.95,14.06,14.04,14.26,21988638,313608063.83,27864,6467225.0,29.41
2025-02-14,JPPOWER,EQ,14.04,14.08,14.21,13.25,13.47,13.46,13.59,27567737,374672044.88,41711,10977649.0,39.82
2025-02-17,JPPOWER,EQ,13.46,13.45,13.63,12.99,13.6,13.56,13.38,30774167,411710679.71,40499,7682114.0,24.96
2025-02-18,JPPOWER,EQ,13.56,13.56,13.56,12.93,13.02,13.06,13.13,25337247,332626750.58,32994,9845585.0,38.86
2025-02-19,JPPOWER,EQ,13.06,13.0,13.9,12.85,13.74,13.74,13.64,33858654,461813201.92,34875,10995488.0,32.47
2025-02-20,JPPOWER,EQ,13.74,13.72,13.87,13.52,13.8,13.8,13.77,20592176,283459711.28,25803,6890140.0,33.46
2025-02-21,JPPOWER,EQ,13.8,13.78,14.34,13.75,13.91,13.92,14.01,34034935,476782904.23,30700,10653600.0,31.3
2025-02-24,JPPOWER,EQ,13.92,13.79,13.98,13.45,13.85,13.86,13.72,26427215,362488435.84,28620,9702626.0,36.71
2025-02-25,JPPOWER,EQ,13.86,13.86,14.13,13.68,13.93,13.97,13.93,20751802,289107396.52,22109,7277592.0,35.07
2025-02-27,JPPOWER,EQ,13.97,14.0,14.09,13.71,13.85,13.93,13.88,22337493,310120347.62,27494,10928313.0,48.92
2025-02-28,JPPOWER,EQ,13.93,13.84,13.84,13.32,13.44,13.36,13.43,25358653,340622717.13,33475,11350894.0,44.76
2025-03-03,JPPOWER,EQ,13.36,13.44,13.74,12.36,13.0,13.07,12.94,52863120,684028569.88,52117,19120072.0,36.17
2025-03-04,JPPOWER,EQ,13.07,12.95,13.3,12.75,13.02,13.03,13.02,33386853,434794541.28,33019,10913043.0,32.69
2025-03-05,JPPOWER,EQ,13.03,13.05,13.58,13.04,13.55,13.52,13.43,32452148,435870211.65,30232,14545318.0,44.82
2025-03-06,JPPOWER,EQ,13.52,13.66,13.97,13.54,13.62,13.64,13.71,27684683,379477656.73,29174,11702032.0,42.27
2025-03-07,JPPOWER,EQ,13.64,13.8,14.28,13.61,14.18,14.15,14.05,33756123,474343667.27,34486,10786461.0,31.95
2025-03-10,JPPOWER,EQ,14.15,14.2,14.5,13.83,14.1,14.1,14.1,31605778,445508446.16,26548,12799901.0,40.5
2025-03-11,JPPOWER,EQ,14.1,13.98,13.98,13.52,13.69,13.63,13.69,27852470,381206893.27,25988,9677327.0,34.74
2025-03-12,JPPOWER,EQ,13.63,13.84,14.92,13.56,13.65,13.66,14.12,79451547,1122089205.82,55420,22550051.0,28.38
2025-03-13,JPPOWER,EQ,13.66,13.79,13.88,13.36,13.51,13.45,13.54,42104631,570267788.14,27254,20494483.0,48.68
2025-03-17,JPPOWER,EQ,13.45,13.55,13.69,12.96,13.04,13.07,13.3,34384123,457362811.53,29307,18283698.0,53.17
2025-03-18,JPPOWER,EQ,13.07,13.15,13.45,13.02,13.42,13.38,13.25,28539691,378146145.85,25718,12275138.0,43.01
2025-03-19,JPPOWER,EQ,13.38,13.5,15.07,13.5,14.76,14.75,14.51,100186811,1454046270.76,63004,32068771.0,32.01
2025-03-20,JPPOWER,EQ,14.75,15.0,15.15,14.38,14.64,14.64,14.69,47749890,701277066.92,38937,16642603.0,34.85
2025-03-21,JPPOWER,EQ,14.64,14.64,15.2,14.51,14.98,14.96,14.98,41492322,621535947.12,34682,13313922.0,32.09
2025-03-24,JPPOWER,EQ,14.96,15.14,15.45,14.92,14.99,14.99,15.16,30735142,465998433.69,34644,13191834.0,42.92
2025-03-25,JPPOWER,EQ,14.99,15.05,15.14,14.3,14.54,14.42,14.58,35528576,517961748.6,34036,12657605.0,35.63
2025-03-26,JPPOWER,EQ,14.42,14.45,15.05,14.05,14.15,14.1,14.43,63209310,912097650.06,40683,22920810.0,36.26
2025-03-27,JPPOWER,EQ,14.1,14.14,14.6,14.08,14.52,14.48,14.32,40811940,584585962.53,31463,17543979.0,42.99
2025-03-28,JPPOWER,EQ,14.48,14.62,14.85,14.15,14.22,14.25,14.52,35544914,516029104.75,31534,15521246.0,43.67
2025-04-01,JPPOWER,EQ,14.25,14.1,14.8,14.01,14.65,14.65,14.55,28938405,421001713.24,36362,9679171.0,33.45
2025-04-02,JPPOWER,EQ,14.65,14.79,14.9,14.19,14.64,14.65,14.57,28977124,422055826.88,26671,8755878.0,30.22
2025-04-03,JPPOWER,EQ,14.65,14.45,15.35,14.39,15.33,15.28,15.03,43979242,660841730.27,30645,16317893.0,37.1
2025-04-04,JPPOWER,EQ,15.28,15.24,15.32,14.63,14.88,14.79,14.89,31691199,471829762.45,28742,11035490.0,34.82
2025-04-07,JPPOWER,EQ,14.79,13.45,14.31,13.26,14.24,14.18,13.95,52620104,734001838.57,48700,17223174.0,32.73
2025-04-08,JPPOWER,EQ,14.18,14.4,14.75,14.26,14.65,14.6,14.56,29730876,432904334.5,24930,8876680.0,29.86
2025-04-09,JPPOWER,EQ,14.6,14.54,14.7,14.32,14.47,14.43,14.47,22524108,326020687.36,18658,9737987.0,43.23
2025-04-11,JPPOWER,EQ,14.43,14.74,14.79,14.45,14.52,14.51,14.57,19734825,287526414.6,19211,8808220.0,44.63
2025-04-15,JPPOWER,EQ,14.51,14.64,15.88,14.62,15.3,15.26,15.3,63786065,975948651.23,48457,22356054.0,35.05
2025-04-16,JPPOWER,EQ,15.26,15.35,15.55,15.22,15.42,15.41,15.4,25177061,387679874.03,23376,8838279.0,35.1
2025-04-17,JPPOWER,EQ,15.41,15.25,15.59,15.2,15.48,15.47,15.43,26308745,405904432.84,23253,9736460.0,37.01
2025-04-21,JPPOWER,EQ,15.47,15.67,16.15,15.53,15.9,15.84,15.83,35248864,557975166.02,36194,13612624.0,38.62
2025-04-22,JPPOWER,EQ,15.84,16.08,16.49,15.75,15.9,15.88,16.13,51847431,836405387.81,39566,20122621.0,38.81
2025-04-23,JPPOWER,EQ,15.88,16.1,16.15,15.51,15.76,15.7,15.76,25515280,402160377.36,24705,9194807.0,36.04
2025-04-24,JPPOWER,EQ,15.7,15.69,16.05,15.51,15.6,15.58,15.78,24325105,383890208.17,23248,8521981.0,35.03
2025-04-25,JPPOWER,EQ,15.58,15.69,15.74,14.78,15.06,15.06,15.07,39214805,591159579.75,38511,15132631.0,38.59
2025-04-28,JPPOWER,EQ,15.06,15.0,15.08,14.77,14.98,14.92,14.97,20971741,313948196.08,22167,8470310.0,40.39
2025-04-29,JPPOWER,EQ,14.92,14.99,15.3,14.87,14.99,14.94,15.05,22457123,337916658.05,19260,6565397.0,29.24
2025-04-30,JPPOWER,EQ,14.94,14.94,15.01,14.41,14.51,14.54,14.66,22518141,330033785.62,26173,9276573.0,41.2
2025-05-02,JPPOWER,EQ,14.54,14.5,14.69,14.11,14.25,14.19,14.35,29787694,427389438.28,36150,10989662.0,36.89
2025-05-05,JPPOWER,EQ,14.19,14.2,14.39,13.96,14.11,14.06,14.12,29849121,421461790.57,34061,11477313.0,38.45
2025-05-06,JPPOWER,EQ,14.06,14.12,14.25,13.5,13.58,13.55,13.81,23718038,327514834.04,34521,10178399.0,42.91
2025-05-07,JPPOWER,EQ,13.55,12.52,13.76,12.52,13.7,13.69,13.49,30397892,409938299.91,37241,9140571.0,30.07
2025-05-08,JPPOWER,EQ,13.69,13.85,13.9,13.18,13.3,13.24,13.55,21335328,288990182.38,32820,9193899.0,43.09
2025-05-09,JPPOWER,EQ,13.24,12.75,13.44,12.75,13.38,13.29,13.02,33900532,441544653.95,38819,11196590.0,33.03
2025-05-12,JPPOWER,EQ,13.29,14.6,14.65,14.0,14.25,14.24,14.2,30744194,436592610.59,39867,14504889.0,47.18
2025-05-13,JPPOWER,EQ,14.24,14.4,14.53,14.18,14.43,14.44,14.39,22310891,321104429.6,30378,8679576.0,38.9
2025-05-14,JPPOWER,EQ,14.44,14.59,14.67,14.42,14.6,14.57,14.56,19260277,280400468.7,26046,8150927.0,42.32
2025-05-15,JPPOWER,EQ,14.57,14.62,14.81,14.6,14.72,14.69,14.69,18421963,270578864.19,27798,8766742.0,47.59
2025-05-16,JPPOWER,EQ,14.69,14.75,15.28,14.73,15.15,15.11,15.04,29614671,445497459.13,28989,12038626.0,40.65
2025-05-19,JPPOWER,EQ,15.11,15.2,15.52,14.9,15.01,14.99,15.22,24839378,378083917.43,38037,10088985.0,40.62
2025-05-20,JPPOWER,EQ,14.99,15.05,15.2,14.71,14.82,14.79,14.95,22884948,342063384.56,31851,9850896.0,43.05
2025-05-21,JPPOWER,EQ,14.79,14.79,15.04,14.66,14.87,14.85,14.85,18773143,278712444.31,27386,7243738.0,38.59
2025-05-22,JPPOWER,EQ,14.85,14.87,14.98,14.6,14.73,14.7,14.77,17912080,264597975.71,21283,6672975.0,37.25
2025-05-23,JPPOWER,EQ,14.7,14.71,15.39,14.58,15.17,15.18,15.12,43402004,656310798.42,42147,14001221.0,32.26
2025-05-26,JPPOWER,EQ,15.18,15.18,15.46,15.1,15.25,15.2,15.28,25052015,382799643.95,33216,11940128.0,47.66
2025-05-27,JPPOWER,EQ,15.2,15.2,15.35,14.88,15.26,15.19,15.08,26085074,393239414.31,28042,9976588.0,38.25
2025-05-28,JPPOWER,EQ,15.19,15.2,15.39,15.0,15.07,15.05,15.15,17195072,260500606.92,25999,8446253.0,49.12
2025-05-29,JPPOWER,EQ,15.05,15.16,15.26,14.95,15.12,15.12,15.09,20034929,302426114.25,25078,8090603.0,40.38
2025-05-30,JPPOWER,EQ,15.12,15.12,16.2,15.02,15.58,15.54,15.72,97288842,1529067781.87,64862,28073167.0,28.86
2025-06-02,JPPOWER,EQ,15.54,15.6,15.95,15.39,15.67,15.64,15.64,44723496,699419544.99,39224,18497813.0,41.36
2025-06-03,JPPOWER,EQ,15.64,15.72,15.84,15.34,15.41,15.39,15.51,26376213,409002885.0,23356,12811639.0,48.57
2025-06-04,JPPOWER,EQ,15.39,15.45,15.76,15.2,15.65,15.66,15.5,31676702,490979183.69,25900,11576205.0,36.54
2025-06-05,JPPOWER,EQ,15.66,15.66,16.11,15.66,15.76,15.75,15.88,32082284,509619044.33,27846,14005500.0,43.65
2025-06-06,JPPOWER,EQ,15.75,15.84,16.75,15.73,16.22,16.24,16.29,92688605,1510012844.58,60718,34093384.0,36.78
2025-06-09,JPPOWER,EQ,16.24,16.39,17.95,16.35,17.69,17.73,17.42,195094302,3397836468.45,143746,60009244.0,30.76
2025-06-10,JPPOWER,EQ,17.73,17.89,18.24,17.08,17.99,17.99,17.73,192797796,3417829916.1,126533,45691619.0,23.7
2025-06-11,JPPOWER,EQ,17.99,18.07,19.3,17.77,18.16,18.22,18.54,259396456,4808338602.36,170511,67179254.0,25.9
2025-06-12,JPPOWER,EQ,18.22,18.29,18.67,17.62,17.76,17.73,17.99,118518014,2131679265.48,84289,29696274.0,25.06
2025-06-13,JPPOWER,EQ,17.73,17.2,17.89,17.15,17.73,17.67,17.59,76556230,1346520355.93,60848,21740662.0,28.4
2025-06-16,JPPOWER,EQ,17.67,17.79,17.94,17.06,17.69,17.69,17.52,67018422,1174007411.78,54807,18482951.0,27.58
2025-06-17,JPPOWER,EQ,17.69,17.78,17.9,17.36,17.38,17.41,17.59,51130494,899260612.18,43302,17930360.0,35.07
2025-06-18,JPPOWER,EQ,17.41,17.38,17.73,17.15,17.21,17.21,17.37,44289969,769120389.65,40719,13459889.0,30.39
2025-06-19,JPPOWER,EQ,17.21,17.25,17.67,16.86,16.97,17.01,17.2,57448745,988216050.26,49716,14906533.0,25.95
2025-06-20,JPPOWER,EQ,17.01,17.1,17.5,16.8,17.34,17.31,17.23,81134447,1398070229.4,53260,21785992.0,26.85
2025-06-23,JPPOWER,EQ,17.31,17.2,17.34,16.85,16.93,16.91,17.12,39584286,677541269.96,37342,13879790.0,35.06
2025-06-24,JPPOWER,EQ,16.91,17.07,17.7,17.07,17.43,17.36,17.43,59764603,1041631943.84,51202,19327838.0,32.34
2025-06-25,JPPOWER,EQ,17.36,17.72,18.28,17.66,18.07,18.04,18.02,94182028,1697617173.34,66537,29256532.0,31.06
2025-06-26,JPPOWER,EQ,18.04,18.16,18.39,17.83,17.98,17.97,18.07,46824130,846002156.39,41876,18279090.0,39.04
2025-06-27,JPPOWER,EQ,17.97,18.06,18.32,17.95,18.06,18.1,18.09,49771684,900531475.89,40755,16117583.0,32.38
2025-06-30,JPPOWER,EQ,18.1,18.08,18.75,18.08,18.32,18.3,18.45,98114976,1810028519.67,74966,32526891.0,33.15
2025-07-01,JPPOWER,EQ,18.3,18.39,19.28,18.15,19.27,19.08,18.74,127392138,2387570172.8,86869,44764815.0,35.14
2025-07-02,JPPOWER,EQ,19.08,19.28,19.3,18.57,18.72,18.8,18.81,84150019,1582636933.74,60695,29774272.0,35.38
2025-07-03,JPPOWER,EQ,18.8,18.85,18.94,18.37,18.65,18.67,18.63,67561555,1258930841.89,60391,18120249.0,26.82
2025-07-04,JPPOWER,EQ,18.67,18.67,19.09,18.52,18.93,18.95,18.87,74804403,1411572485.06,68431,28108495.0,37.58
2025-07-07,JPPOWER,EQ,18.95,19.1,22.74,18.95,22.74,22.65,21.67,931561171,20188869489.39,513488,206579222.0,22.18
2025-07-08,JPPOWER,EQ,22.65,23.2,23.84,21.83,22.45,22.39,22.95,708814670,16264067057.03,496727,139053982.0,19.62
2025-07-09,JPPOWER,EQ,22.39,22.39,23.54,22.1,22.19,22.37,22.73,414818397,9430027616.93,285472,76810518.0,18.52
2025-07-10,JPPOWER,EQ,22.37,22.47,23.5,22.15,23.05,23.03,23.01,344609519,7928598078.2,225007,65418387.0,18.98
2025-07-11,JPPOWER,EQ,23.03,23.15,24.85,23.15,23.7,23.63,24.13,499795562,12059695465.39,348101,113912579.0,22.79
2025-07-14,JPPOWER,EQ,23.63,24.2,27.7,23.08,27.1,27.23,25.7,1033357031,26553089679.73,670704,149692563.0,14.49
2025-07-15,JPPOWER,EQ,27.23,27.1,27.14,24.5,24.53,24.51,25.49,477464349,12172099448.78,405274,168107990.0,35.21
2025-07-16,JPPOWER,EQ,24.51,24.51,24.93,22.92,23.75,23.75,23.7,322107383,7634824408.1,249770,82801306.0,25.71
2025-07-17,JPPOWER,EQ,23.75,23.75,23.94,22.39,22.65,22.73,23.1,155253637,3586041191.5,142087,48180075.0,31.03
2025-07-18,JPPOWER,EQ,22.73,22.76,23.48,22.41,22.86,22.86,22.98,191936022,4410358262.78,168642,45803609.0,23.86
2025-07-21,JPPOWER,EQ,22.86,23.05,23.08,21.41,21.57,21.52,22.04,125656706,2769072868.52,128319,48716271.0,38.77
2025-07-22,JPPOWER,EQ,21.52,21.61,22.4,21.32,21.38,21.42,21.82,85553417,1866375142.8,92056,31099432.0,36.35
2025-07-23,JPPOWER,EQ,21.42,21.8,22.19,20.86,21.62,21.51,21.56,91552131,1974257808.1,91113,29525075.0,32.25
2025-07-24,JPPOWER,EQ,21.51,21.6,21.66,21.0,21.11,21.11,21.17,40396347,855242069.29,54077,20674018.0,51.18
2025-07-25,JPPOWER,EQ,21.11,21.04,21.06,20.05,20.05,20.12,20.39,57037915,1162853668.38,77726,31075542.0,54.48
2025-07-28,JPPOWER,EQ,20.12,20.1,20.9,19.77,20.46,20.41,20.49,52797533,1082021707.53,71936,23010003.0,43.58
2025-07-29,JPPOWER,EQ,20.41,20.41,21.43,20.12,21.43,21.43,20.94,46578689,975174976.55,54674,18390101.0,39.48
2025-07-30,JPPOWER,EQ,21.43,21.89,22.1,21.16,21.58,21.45,21.71,63397527,1376157758.85,73010,28490218.0,44.94
2025-07-31,JPPOWER,EQ,21.45,20.74,21.36,20.5,20.91,21.0,20.91,50443294,1054691620.9,55057,21370064.0,42.36
2025-08-01,JPPOWER,EQ,21.0,21.0,21.15,20.02,20.2,20.14,20.5,37951209,777842548.77,49897,18766540.0,49.45
2025-08-04,JPPOWER,EQ,20.14,20.0,20.17,19.26,19.58,19.45,19.59,52723883,1032600172.91,65463,31207142.0,59.19
2025-08-05,JPPOWER,EQ,19.45,19.49,19.65,18.95,19.3,19.27,19.24,35057217,674523537.24,44361,16201853.0,46.22
2025-08-06,JPPOWER,EQ,19.27,19.4,19.5,18.71,19.08,19.08,19.02,37482095,712982058.37,44079,17177453.0,45.83
2025-08-07,JPPOWER,EQ,19.08,18.97,19.05,18.36,19.01,18.94,18.75,37400028,701091669.74,43585,15820199.0,42.3
2025-08-08,JPPOWER,EQ,18.94,19.0,19.64,18.82,19.12,19.16,19.2,57981153,1113040301.94,52755,23480639.0,40.5
2025-08-11,JPPOWER,EQ,19.16,19.45,19.56,19.0,19.37,19.36,19.23,30920088,594652872.42,40728,13477755.0,43.59
2025-08-12,JPPOWER,EQ,19.36,19.35,19.37,18.81,18.89,18.88,19.07,21184280,403984561.21,29864,12006419.0,56.68
2025-08-13,JPPOWER,EQ,18.88,18.9,19.27,18.81,18.88,18.91,18.95,21135041,400568978.26,30358,9297121.0,43.99
2025-08-14,JPPOWER,EQ,18.91,19.0,19.0,18.37,18.6,18.56,18.62,27191900,506334698.75,34196,13837527.0,50.89
2025-08-18,JPPOWER,EQ,18.56,18.84,18.91,18.18,18.3,18.25,18.51,25366702,469592455.56,37591,12678511.0,49.98
2025-08-19,JPPOWER,EQ,18.25,18.27,19.16,18.14,19.16,19.16,18.71,35812300,669989385.2,32141,17661301.0,49.32
2025-08-20,JPPOWER,EQ,19.16,19.48,19.57,18.9,19.09,19.05,19.18,45791238,878072628.22,40566,22023381.0,48.1
2025-08-21,JPPOWER,EQ,19.05,19.3,19.84,19.01,19.09,19.07,19.35,46130513,892658428.78,39929,22588122.0,48.97
2025-08-22,JPPOWER,EQ,19.07,19.07,19.15,18.83,18.9,18.87,18.93,19707261,373125118.0,26614,10774715.0,54.67
2025-08-25,JPPOWER,EQ,18.87,18.94,19.03,18.61,18.74,18.7,18.79,20276698,380975162.36,28747,10628051.0,52.42
2025-08-26,JPPOWER,EQ,18.7,18.61,18.72,18.01,18.09,18.05,18.3,20964626,383690028.3,32425,12506990.0,59.66
2025-08-28,JPPOWER,EQ,18.05,18.95,18.95,18.66,18.95,18.95,18.94,36511359,691399007.93,16828,20773088.0,56.89
2025-08-29,JPPOWER,EQ,18.95,19.3,19.63,18.29,18.6,18.39,19.0,65744817,1249433034.03,59827,31078139.0,47.27
2025-09-01,JPPOWER,EQ,18.39,18.6,18.86,18.39,18.52,18.52,18.54,31307679,580371118.2,31759,16511189.0,52.74
2025-09-02,JPPOWER,EQ,18.52,18.51,18.93,18.25,18.42,18.38,18.57,25233583,468653088.51,27977,12686452.0,50.28
2025-09-03,JPPOWER,EQ,18.38,18.41,18.67,18.27,18.4,18.36,18.44,29464321,543344431.17,27038,15965891.0,54.19
2025-09-04,JPPOWER,EQ,18.36,18.5,18.85,18.14,18.21,18.17,18.38,34372489,631774090.94,30127,20964028.0,60.99
2025-09-05,JPPOWER,EQ,18.17,18.44,19.07,18.08,19.07,19.07,18.68,64484330,1204317061.08,37394,31817650.0,49.34
2025-09-08,JPPOWER,EQ,19.07,20.02,20.02,19.5,20.02,20.02,19.99,19018486,380255415.77,11436,12719453.0,66.88
2025-09-09,JPPOWER,EQ,20.02,20.4,20.4,19.13,19.26,19.25,19.71,79616973,1568995690.95,71273,38000636.0,47.73
2025-09-10,JPPOWER,EQ,19.25,19.38,19.74,19.2,19.31,19.26,19.4,41275098,800812165.93,38211,17977881.0,43.56
2025-09-11,JPPOWER,EQ,19.26,19.26,19.4,19.01,19.05,19.09,19.18,23543555,451594122.99,26140,12382674.0,52.59
2025-09-12,JPPOWER,EQ,19.09,19.1,19.23,18.86,18.92,18.91,19.0,22374177,425063918.7,27232,12874445.0,57.54
2025-09-15,JPPOWER,EQ,18.91,18.97,19.14,18.71,18.86,18.87,18.96,23202929,439954091.41,25532,13231532.0,57.03
2025-09-16,JPPOWER,EQ,18.87,18.87,19.27,18.76,19.18,19.08,18.99,23690463,449824716.32,24324,13193359.0,55.69
2025-09-17,JPPOWER,EQ,19.08,19.2,19.25,19.0,19.06,19.05,19.1,17867498,341189022.31,23312,9303896.0,52.07
2025-09-18,JPPOWER,EQ,19.05,19.06,19.13,18.8,18.85,18.83,18.95,18026472,341533002.73,22121,9669773.0,53.64
2025-09-19,JPPOWER,EQ,18.83,18.83,19.04,18.5,18.75,18.68,18.71,31215105,583972170.2,29162,14305660.0,45.83
2025-09-22,JPPOWER,EQ,18.68,18.68,18.87,18.5,18.54,18.52,18.67,17467712,326141811.63,26388,9637230.0,55.17
2025-09-23,JPPOWER,EQ,18.52,18.57,18.62,18.22,18.34,18.32,18.39,18543532,341082842.13,24237,8822601.0,47.58
2025-09-24,JPPOWER,EQ,18.32,18.3,18.49,17.93,18.04,18.03,18.21,23161417,421668370.81,28021,11798126.0,50.94
2025-09-25,JPPOWER,EQ,18.03,18.04,18.18,17.8,17.84,17.81,17.97,17272755,310414093.68,24269,9037886.0,52.32
2025-09-26,JPPOWER,EQ,17.81,17.81,17.86,17.51,17.62,17.59,17.64,19377884,341788792.01,25173,9727185.0,50.2
2025-09-29,JPPOWER,EQ,17.59,17.58,17.86,17.45,17.63,17.53,17.66,17481324,308657960.18,27171,7323738.0,41.89
2025-09-30,JPPOWER,EQ,17.53,17.55,17.79,17.31,17.47,17.43,17.52,14265057,249993857.76,20912,6693960.0,46.93
2025-10-01,JPPOWER,EQ,17.43,17.45,17.85,17.43,17.82,17.76,17.63,18144155,319946710.98,21344,8103427.0,44.66
2025-10-03,JPPOWER,EQ,17.76,17.8,18.64,17.74,18.59,18.55,18.37,38277229,703328222.32,33182,18100914.0,47.29
2025-10-06,JPPOWER,EQ,18.55,18.6,18.6,18.02,18.09,18.06,18.22,16170046,294666303.93,23703,9152397.0,56.6
2025-10-07,JPPOWER,EQ,18.06,18.06,18.53,17.8,17.89,17.9,18.08,30629003,553892823.54,31580,13057224.0,42.63
2025-10-08,JPPOWER,EQ,17.9,18.1,18.42,17.81,18.05,17.97,18.06,32775722,591860169.07,31009,12516234.0,38.19
2025-10-09,JPPOWER,EQ,17.97,18.1,18.12,17.81,17.94,17.95,17.94,15993480,286872766.07,20170,7265157.0,45.43
2025-10-10,JPPOWER,EQ,17.95,17.99,19.15,17.92,18.49,18.47,18.7,66119449,1236162107.78,53229,20851911.0,31.54
2025-10-13,JPPOWER,EQ,18.47,18.4,18.54,18.19,18.36,18.35,18.32,21962234,402283639.69,23575,9124456.0,41.55
2025-10-14,JPPOWER,EQ,18.35,18.35,18.46,17.9,17.96,17.95,18.1,23530424,425789870.14,24091,11637053.0,49.46
2025-10-15,JPPOWER,EQ,17.95,18.09,18.26,18.03,18.14,18.09,18.12,18485417,335036619.81,17833,7380876.0,39.93
2025-10-16,JPPOWER,EQ,18.09,18.14,18.24,17.95,18.0,18.01,18.08,12235912,221195703.79,16630,5683143.0,46.45
2025-10-17,JPPOWER,EQ,18.01,18.04,18.1,17.84,17.99,17.91,17.97,14577227,261985900.35,17056,7324049.0,50.24
2025-10-20,JPPOWER,EQ,17.91,17.99,17.99,17.61,17.96,17.88,17.79,18034158,320905511.55,23038,8383963.0,46.49
2025-10-21,JPPOWER,EQ,17.88,18.03,18.1,17.97,18.0,18.01,18.02,4518671,81445198.34,11919,3330918.0,73.73
2025-10-23,JPPOWER,EQ,18.01,18.06,18.32,17.86,18.06,17.99,18.08,30013964,542523204.32,25839,15271533.0,50.88
2025-10-24,JPPOWER,EQ,17.99,18.07,18.13,17.9,17.95,17.96,17.98,15673249,281816768.99,16292,9053256.0,57.76
2025-10-27,JPPOWER,EQ,17.96,18.0,18.19,17.87,17.9,17.9,17.98,11776344,211775890.25,19957,5799286.0,49.25
2025-10-28,JPPOWER,EQ,17.9,17.89,18.0,17.65,18.0,17.89,17.8,19281491,343124833.64,22127,9897006.0,51.33
2025-10-29,JPPOWER,EQ,17.89,17.98,18.4,17.78,18.22,18.2,18.09,42074601,761042449.93,27597,19402037.0,46.11
2025-10-30,JPPOWER,EQ,18.2,18.22,18.44,17.85,17.9,17.89,18.05,19683051,355264475.41,20501,9406060.0,47.79
2025-10-31,JPPOWER,EQ,17.89,17.96,18.24,17.78,18.04,18.02,18.01,25445670,458309244.37,20253,11903718.0,46.78
2025-11-03,JPPOWER,EQ,18.02,18.02,18.4,17.94,17.99,18.0,18.09,24570197,444488555.52,23719,10829043.0,44.07
2025-11-04,JPPOWER,EQ,18.0,17.99,18.15,17.86,17.9,17.89,17.96,20726505,372203492.4,20445,10103812.0,48.75
2025-11-06,JPPOWER,EQ,17.89,17.89,17.96,17.52,17.67,17.69,17.7,22761318,402819115.19,24663,11345643.0,49.85
2025-11-07,JPPOWER,EQ,17.69,17.65,17.7,17.33,17.65,17.61,17.53,18014512,315770616.32,19898,6990858.0,38.81
2025-11-10,JPPOWER,EQ,17.61,17.89,18.35,17.78,17.94,17.93,18.08,31413591,567915449.42,29135,11596981.0,36.92
2025-11-11,JPPOWER,EQ,17.93,18.01,18.12,17.8,18.08,18.01,17.94,13653620,244929907.44,17725,6769562.0,49.58
2025-11-12,JPPOWER,EQ,18.01,18.18,18.3,17.93,17.97,17.98,18.1,23123151,418500842.48,18793,10543239.0,45.6
2025-11-13,JPPOWER,EQ,17.98,17.96,18.33,17.92,17.95,17.94,18.09,31676088,573129024.27,24270,11685104.0,36.89
2025-11-14,JPPOWER,EQ,17.94,17.8,17.99,17.71,17.78,17.76,17.82,17883896,318705713.4,18173,9468714.0,52.95
2025-11-17,JPPOWER,EQ,17.76,17.85,18.2,17.78,17.85,17.84,17.99,21533262,387299606.69,19796,9522555.0,44.22
2025-11-18,JPPOWER,EQ,17.84,17.84,17.9,17.6,17.66,17.64,17.68,19823498,350412611.84,21789,12447305.0,62.79
2025-11-19,JPPOWER,EQ,17.64,17.8,20.75,17.8,20.14,20.27,19.8,652366086,12916629086.77,361975,119278194.0,18.28
2025-11-20,JPPOWER,EQ,20.27,21.22,22.79,21.06,21.57,21.64,21.99,714154580,15706312013.53,461793,120449995.0,16.87
2025-11-21,JPPOWER,EQ,21.64,21.56,21.58,19.79,19.94,20.01,20.24,279718135,5661479801.05,180135,46017393.0,16.45
2025-11-24,JPPOWER,EQ,20.01,20.01,20.23,19.18,19.35,19.36,19.57,120484567,2358478823.57,89898,24542603.0,20.37
2025-11-25,JPPOWER,EQ,19.36,19.41,20.3,19.4,19.79,19.65,19.86,148687852,2952673777.66,93413,23182016.0,15.59
2025-11-26,JPPOWER,EQ,19.65,19.92,19.92,19.14,19.17,19.22,19.36,79967185,1547924898.37,58490,23223064.0,29.04
2025-11-27,JPPOWER,EQ,19.22,19.24,19.35,18.43,18.68,18.65,18.91,91293432,1726337971.1,61757,26302463.0,28.81
2025-11-28,JPPOWER,EQ,18.65,19.04,19.75,18.66,18.79,18.79,19.04,184566014,3513600576.77,102515,31331621.0,16.98
2025-12-01,JPPOWER,EQ,18.79,19.0,19.05,18.66,18.76,18.77,18.81,46428579,873197711.6,45627,12364230.0,26.63
2025-12-02,JPPOWER,EQ,18.77,18.75,19.78,18.7,19.2,19.17,19.34,145807027,2819772922.84,82094,23924365.0,16.41
2025-12-03,JPPOWER,EQ,19.17,19.25,19.59,19.08,19.33,19.36,19.32,72806978,1406780484.09,43360,13783023.0,18.93
2025-12-04,JPPOWER,EQ,19.36,19.36,19.45,18.9,19.02,19.02,19.2,45047370,864868692.37,31836,14762881.0,32.77
2025-12-05,JPPOWER,EQ,19.02,19.0,19.05,18.75,18.95,18.92,18.89,36417631,687958841.03,26453,9975226.0,27.39
2025-12-08,JPPOWER,EQ,18.92,19.27,19.27,18.14,18.32,18.29,18.55,49460327,917715328.79,41397,15657912.0,31.66
2025-12-09,JPPOWER,EQ,18.29,18.2,18.8,17.93,18.7,18.71,18.41,59261193,1091158146.85,41332,12140955.0,20.49
2025-12-10,JPPOWER,EQ,18.71,18.71,18.83,18.3,18.38,18.35,18.49,30427625,562740200.37,28191,8135503.0,26.74
2025-12-11,JPPOWER,EQ,18.35,18.39,18.45,18.11,18.34,18.29,18.3,29577734,541304826.32,26372,7277639.0,24.61
2025-12-12,JPPOWER,EQ,18.29,18.34,18.62,18.2,18.24,18.25,18.33,26331136,482749326.94,26507,10605646.0,40.28
2025-12-15,JPPOWER,EQ,18.25,18.25,18.27,18.08,18.15,18.11,18.15,21705871,393854986.59,24124,9022063.0,41.57
2025-12-16,JPPOWER,EQ,18.11,18.11,18.17,17.79,17.87,17.89,18.0,22269191,400894056.0,23450,11609288.0,52.13
2025-12-17,JPPOWER,EQ,17.89,17.91,18.12,17.75,17.92,17.92,17.96,25438875,456768910.68,23997,9730467.0,38.25
2025-12-18,JPPOWER,EQ,17.92,17.9,18.03,17.5,17.57,17.53,17.71,45494773,805670606.85,36155,16096125.0,35.38
2025-12-19,JPPOWER,EQ,17.53,17.63,18.05,17.61,17.97,17.94,17.81,32660128,581703556.36,26209,11218355.0,34.35
2025-12-22,JPPOWER,EQ,17.94,17.98,18.05,17.75,17.8,17.79,17.88,24953013,446162054.99,26952,12103559.0,48.51
2025-12-23,JPPOWER,EQ,17.79,17.85,17.96,17.7,17.82,17.78,17.82,22200578,395543049.9,22307,8475737.0,38.18
2025-12-24,JPPOWER,EQ,17.78,17.83,17.94,17.5,17.68,17.61,17.69,25482472,450704663.92,27607,10691971.0,41.96
2025-12-26,JPPOWER,EQ,17.61,17.61,17.68,17.22,17.29,17.31,17.44,30160277,525968128.58,32167,16460341.0,54.58
2025-12-29,JPPOWER,EQ,17.31,17.31,17.4,17.0,17.1,17.11,17.15,28537002,489286272.02,28949,12446183.0,43.61
2025-12-30,JPPOWER,EQ,17.11,17.08,17.11,16.87,16.99,16.97,16.99,24442028,415256548.05,31067,11106235.0,45.44
2025-12-31,JPPOWER,EQ,16.97,17.0,17.4,16.97,17.25,17.18,17.22,33138328,570722252.32,24201,12454728.0,37.58
2026-01-01,JPPOWER,EQ,17.18,17.22,18.26,17.16,17.68,17.61,17.69,65798812,1164235626.65,47541,14288988.0,21.72
2026-01-02,JPPOWER,EQ,17.61,17.74,17.8,17.53,17.72,17.69,17.68,29307630,518036391.59,25465,11569771.0,39.48
2026-01-05,JPPOWER,EQ,17.69,17.9,17.98,17.57,17.82,17.81,17.8,35133469,625441274.34,27294,13379253.0,38.08
2026-01-06,JPPOWER,EQ,17.81,17.81,17.85,17.41,17.52,17.47,17.56,20205506,354727847.57,26377,8523523.0,42.18
2026-01-07,JPPOWER,EQ,17.47,17.47,17.54,17.32,17.4,17.35,17.38,18819194,327059062.55,24256,9558684.0,50.79
2026-01-08,JPPOWER,EQ,17.35,17.3,17.39,17.02,17.09,17.16,17.17,25875392,444334434.57,23401,11730784.0,45.34
2026-01-09,JPPOWER,EQ,17.16,17.02,17.18,16.8,16.9,16.85,16.95,29689125,503376192.35,28921,11515006.0,38.79
2026-01-12,JPPOWER,EQ,16.85,16.85,16.85,16.16,16.55,16.43,16.4,45606678,747739016.04,37418,16527938.0,36.24
2026-01-13,JPPOWER,EQ,16.43,16.52,16.8,16.45,16.7,16.65,16.63,24450731,406690301.72,23475,6398011.0,26.17
2026-01-14,JPPOWER,EQ,16.65,16.62,16.69,16.3,16.46,16.48,16.54,22846645,377840575.32,21913,10084466.0,44.14
2026-01-16,JPPOWER,EQ,16.48,16.42,16.5,16.14,16.24,16.24,16.33,22061676,360211071.78,24297,10236445.0,46.4
2026-01-19,JPPOWER,EQ,16.24,16.15,16.2,15.7,15.74,15.8,15.95,35021804,558550550.14,30625,16878619.0,48.19
2026-01-20,JPPOWER,EQ,15.8,15.74,16.08,15.31,15.47,15.39,15.7,53334253,837327350.2,44330,14205925.0,26.64
2026-01-21,JPPOWER,EQ,15.39,15.39,15.64,15.04,15.2,15.2,15.32,54570336,835936577.82,42899,13801813.0,25.29
2026-01-22,JPPOWER,EQ,15.2,15.35,15.54,15.16,15.28,15.31,15.33,30697250,470537669.37,27330,10288918.0,33.52
2026-01-23,JPPOWER,EQ,15.31,15.34,15.45,14.62,14.75,14.75,14.94,38847511,580465273.58,33897,19561445.0,50.35
2026-01-27,JPPOWER,EQ,14.75,14.8,15.05,14.4,14.99,14.84,14.68,43894345,644151750.11,42248,13225069.0,30.13
2026-01-28,JPPOWER,EQ,14.84,15.02,16.0,14.97,15.9,15.83,15.51,52511008,814661029.1,40198,16942270.0,32.26
2026-01-29,JPPOWER,EQ,15.83,15.9,15.98,14.85,14.92,14.88,15.16,49422582,749317238.57,44392,20350258.0,41.18
2026-01-30,JPPOWER,EQ,14.88,14.85,15.3,14.48,15.28,15.19,14.96,56142786,839618270.7,41139,17457565.0,31.09
2026-02-01,JPPOWER,EQ,15.19,15.25,15.5,14.66,15.0,14.88,15.08,27465927,414050516.78,33329,7116750.0,25.91
2026-02-02,JPPOWER,EQ,14.88,14.92,15.09,14.56,15.02,14.96,14.8,31447817,465407208.93,32226,10017732.0,31.86
2026-02-03,JPPOWER,EQ,14.96,15.6,15.67,15.15,15.5,15.44,15.4,35940981,553352364.48,35452,12875828.0,35.82
2026-02-04,JPPOWER,EQ,15.44,15.45,16.18,15.32,16.07,16.11,15.9,55689308,885494151.85,43084,16360977.0,29.38
2026-02-05,JPPOWER,EQ,16.11,15.15,15.29,14.91,14.97,14.98,15.04,53421125,803205040.64,45513,23598093.0,44.17
2026-02-06,JPPOWER,EQ,14.98,15.0,15.2,14.62,15.1,15.13,14.9,34516162,514319107.99,27301,10491925.0,30.4
2026-02-09,JPPOWER,EQ,15.13,15.26,15.49,15.02,15.19,15.16,15.18,35940411,545504334.41,30366,10730890.0,29.86
2026-02-10,JPPOWER,EQ,15.16,15.2,15.44,15.14,15.15,15.2,15.28,21587029,329955518.96,19846,10480734.0,48.55
2026-02-11,JPPOWER,EQ,15.2,15.2,15.75,15.0,15.5,15.38,15.21,30800155,468562324.01,21032,14923975.0,48.45
2026-02-12,JPPOWER,EQ,15.38,15.7,15.75,15.21,15.31,15.33,15.36,25690780,394547443.82,23022,10131607.0,39.44
2026-02-13,JPPOWER,EQ,15.33,15.32,15.32,14.82,14.92,14.95,15.04,26034826,391664518.55,22087,12213866.0,46.91
2026-02-16,JPPOWER,EQ,14.95,14.85,15.09,14.72,14.89,14.92,14.89,21583198,321444141.02,20122,9749202.0,45.17
2026-02-17,JPPOWER,EQ,14.92,14.88,15.07,14.78,14.97,14.93,14.95,18563572,277471690.99,17942,6217788.0,33.49
2026-02-18,JPPOWER,EQ,14.93,14.98,15.17,14.93,14.97,14.98,15.02,18194180,273189807.6,15392,8775159.0,48.23
2026-02-19,JPPOWER,EQ,14.98,14.95,15.07,14.73,14.74,14.76,14.84,15382660,228243671.9,17479,7104757.0,46.19
2026-02-20,JPPOWER,EQ,14.76,14.75,14.82,14.58,14.68,14.66,14.72,15990421,235372151.28,17265,5889878.0,36.83
2026-02-23,JPPOWER,EQ,14.66,14.7,14.84,14.46,14.55,14.51,14.6,16613602,242484686.11,23660,6732959.0,40.53
2026-02-24,JPPOWER,EQ,14.51,14.55,14.57,14.21,14.49,14.39,14.34,25300028,362706119.03,21703,11462121.0,45.3
2026-02-25,JPPOWER,EQ,14.39,14.54,14.75,14.38,14.66,14.68,14.57,23395950,340788437.23,21048,8831921.0,37.75
2026-02-26,JPPOWER,EQ,14.68,14.62,14.73,14.41,14.55,14.55,14.55,15008366,218355310.89,17317,5684126.0,37.87
2026-02-27,JPPOWER,EQ,14.55,14.55,15.83,14.43,15.15,15.25,15.37,111903820,1720040806.99,71608,28479793.0,25.45
2026-03-02,JPPOWER,EQ,15.25,14.31,14.75,14.3,14.54,14.47,14.5,41343237,599559214.18,38510,16009064.0,38.72
2026-03-04,JPPOWER,EQ,14.47,14.15,14.24,13.75,13.92,13.95,13.97,34662317,484156808.88,33944,12170271.0,35.11
2026-03-05,JPPOWER,EQ,13.95,14.05,14.18,13.8,13.96,13.87,13.92,26825887,373510222.43,28332,11858019.0,44.2
2026-03-06,JPPOWER,EQ,13.87,13.9,14.1,13.8,13.82,13.86,13.97,18133765,253280997.77,20086,7545328.0,41.61
2026-03-09,JPPOWER,EQ,13.86,13.6,13.62,13.15,13.42,13.37,13.32,32910842,438235810.55,30664,15732799.0,47.8
2026-03-10,JPPOWER,EQ,13.37,13.6,13.65,13.3,13.56,13.52,13.46,28550711,384229562.36,22740,12717423.0,44.54
2026-03-11,JPPOWER,EQ,13.52,13.6,14.0,13.55,13.58,13.66,13.79,33554474,462873759.91,24848,13631983.0,40.63
2026-03-12,JPPOWER,EQ,13.66,13.6,14.84,13.3,14.18,14.17,14.19,86381607,1225483470.44,62421,18275023.0,21.16
2026-03-13,JPPOWER,EQ,14.17,14.29,14.6,13.85,13.99,13.9,14.12,42452745,599288216.79,41176,13343415.0,31.43
2026-03-16,JPPOWER,EQ,13.9,13.94,13.98,13.4,13.55,13.5,13.57,39185339,531589665.33,32598,12950862.0,33.05
2026-03-17,JPPOWER,EQ,13.5,14.04,14.5,13.4,13.88,13.98,13.79,77350661,1066462276.93,47167,22570411.0,29.18
2026-03-18,JPPOWER,EQ,13.98,14.6,15.63,14.5,14.95,15.0,15.09,260116568,3925681096.44,140197,43768557.0,16.83
2026-03-19,JPPOWER,EQ,15.0,14.75,17.38,14.55,16.68,16.75,16.41,732335818,12016594901.22,327932,65982682.0,9.01
2026-03-20,JPPOWER,EQ,16.75,17.0,17.28,16.03,16.3,16.36,16.64,289308782,4814664929.71,150072,34255397.0,11.84
2026-03-23,JPPOWER,EQ,16.36,15.5,15.64,14.46,14.64,14.67,14.95,164508974,2459182604.81,86040,32365263.0,19.67
2026-03-24,JPPOWER,EQ,14.67,15.04,15.18,14.64,14.92,14.91,14.89,93767026,1395886038.09,43674,17274881.0,18.42
2026-03-25,JPPOWER,EQ,14.91,15.1,15.73,15.0,15.13,15.27,15.43,80524417,1242453981.31,42128,20802729.0,25.83
2026-03-27,JPPOWER,EQ,15.27,14.92,15.23,14.56,14.7,14.73,14.88,78905784,1173815334.52,45546,29300288.0,37.13
2026-03-30,JPPOWER,EQ,14.73,14.52,14.93,13.95,14.08,14.04,14.34,75928085,1088465657.47,47070,22278036.0,29.34
2026-04-01,JPPOWER,EQ,14.04,14.68,15.05,14.34,14.97,14.94,14.81,66011547,977661055.77,37697,14518028.0,21.99
2026-04-02,JPPOWER,EQ,14.94,14.76,15.08,14.4,15.0,15.01,14.75,53988120,796135549.81,28123,9816049.0,18.18
2026-04-06,JPPOWER,EQ,15.01,15.01,15.44,14.62,15.16,15.14,15.05,92862917,1397537710.28,45864,17933331.0,19.31
2026-04-07,JPPOWER,EQ,15.14,15.2,15.83,15.0,15.18,15.2,15.37,68071183,1045948954.7,37748,17803607.0,26.15
2026-04-08,JPPOWER,EQ,15.2,15.8,16.6,15.53,16.52,16.44,16.12,116581653,1879138505.97,54567,31454556.0,26.98
2026-04-09,JPPOWER,EQ,16.44,16.43,17.37,16.21,16.78,16.81,16.9,139760608,2362461255.07,76419,32398111.0,23.18
2026-04-10,JPPOWER,EQ,16.81,16.9,17.52,16.85,17.21,17.2,17.21,93980770,1617171563.28,47890,26055290.0,27.72
2026-04-13,JPPOWER,EQ,17.2,16.95,17.79,16.51,17.18,17.18,17.34,130140968,2256587567.09,68206,31167040.0,23.95
2026-04-15,JPPOWER,EQ,17.18,17.5,19.13,17.38,18.69,18.85,18.4,295990877,5445509452.13,127496,67761098.0,22.89
2026-04-16,JPPOWER,EQ,18.85,19.1,20.1,18.91,19.6,19.61,19.45,305157107,5934508283.04,139381,69673037.0,22.83
2026-04-17,JPPOWER,EQ,19.61,19.87,20.32,19.08,19.19,19.2,19.64,198776348,3904601810.77,97241,60678988.0,30.53
2026-04-20,JPPOWER,EQ,19.2,19.3,19.44,18.75,19.03,19.08,19.1,98375618,1878891134.48,58816,28860289.0,29.34
2026-04-21,JPPOWER,EQ,19.08,19.05,19.42,18.91,19.02,18.99,19.09,73866032,1410380122.41,40942,21624073.0,29.27
2026-04-22,JPPOWER,EQ,18.99,18.96,20.4,18.92,20.2,20.13,19.87,226335685,4498185016.51,112216,85403810.0,37.73
2026-04-23,JPPOWER,EQ,20.13,20.0,20.62,19.4,19.92,19.88,20.02,174608358,3495181996.07,87512,56614830.0,32.42
2026-04-24,JPPOWER,EQ,19.88,20.0,20.03,18.67,19.63,19.29,19.2,137629768,2642255240.79,65463,51515766.0,37.43
2026-04-27,JPPOWER,EQ,19.29,19.72,20.05,19.45,19.75,19.63,19.67,109318938,2150849974.2,63197,37431117.0,34.24
2026-04-28,JPPOWER,EQ,19.63,19.68,20.22,19.6,19.99,19.95,19.87,102273487,2032222072.79,47259,39845470.0,38.96
2026-04-29,JPPOWER,EQ,19.95,20.1,21.05,20.0,20.16,20.2,20.47,152084192,3113126127.64,81395,45099051.0,29.65
2026-04-30,JPPOWER,EQ,20.2,20.14,20.15,19.52,19.7,19.72,19.76,85902693,1697465547.22,53988,27887063.0,32.46
2026-05-04,JPPOWER,EQ,19.72,19.95,20.35,17.1,19.0,19.06,19.47,184017906,3583482431.18,94021,53717912.0,29.19
2026-05-05,JPPOWER,EQ,19.06,18.56,20.07,17.83,19.2,19.26,18.76,229162710,4298009649.72,109997,72841325.0,31.79
2026-05-06,JPPOWER,EQ,19.26,19.5,19.65,18.93,19.27,19.31,19.26,115084002,2216259581.95,64458,29823313.0,25.91
2026-05-07,JPPOWER,EQ,19.31,19.4,19.93,19.12,19.31,19.39,19.43,95901056,1863333009.37,46281,28203701.0,29.41
2026-05-08,JPPOWER,EQ,19.39,19.3,19.42,19.0,19.01,19.08,19.15,54256190,1039085655.52,34382,20274314.0,37.37
2026-05-11,JPPOWER,EQ,19.08,19.0,19.0,18.25,18.39,18.43,18.57,55783093,1036026218.27,47675,19075220.0,34.2
2026-05-12,JPPOWER,EQ,18.43,18.2,18.34,17.38,17.55,17.52,17.84,66963239,1194572224.1,59066,21295476.0,31.8
2026-05-13,JPPOWER,EQ,17.52,17.51,17.95,17.44,17.65,17.55,17.75,66824953,1186208181.17,44333,21530854.0,32.22
2026-05-14,JPPOWER,EQ,17.55,17.8,18.04,17.2,17.78,17.86,17.67,71678457,1266266999.07,46992,21860990.0,30.5
2026-05-15,JPPOWER,EQ,17.86,17.84,20.38,17.43,18.95,19.54,19.49,738085898,14386466760.85,242696,226419476.0,30.68
2026-05-18,JPPOWER,EQ,19.54,19.2,19.32,18.6,19.0,19.05,18.97,153610194,2913258821.35,88384,32774786.0,21.34
