Date,"ï»¿""Symbol""",Series,PrevClose,OpenPrice,HighPrice,LowPrice,LastPrice,ClosePrice,AveragePrice,TotalTradedQuantity,TurnoverInRs,No.ofTrades,DeliverableQty,%DlyQttoTradedQty
2016-05-19,ABBOTINDIA,EQ,"4,684.20","4,720.00","4,720.00","4,651.00","4,655.00","4,659.20","4,681.00",438,2050279.8,133,300.0,68.49
2016-05-20,ABBOTINDIA,EQ,"4,659.20","4,660.00","4,715.00","4,615.00","4,705.00","4,685.85","4,678.70",557,2606034.15,191,380.0,68.22
2016-05-23,ABBOTINDIA,EQ,"4,685.85","4,651.05","4,717.00","4,502.00","4,609.00","4,587.35","4,569.77",4210,19238712.3,1187,2360.0,56.06
2016-05-24,ABBOTINDIA,EQ,"4,587.35","4,590.00","4,590.00","4,480.00","4,481.20","4,498.20","4,520.49",3100,14013521.25,547,2461.0,79.39
2016-05-25,ABBOTINDIA,EQ,"4,498.20","4,498.00","4,618.15","4,444.40","4,550.10","4,554.45","4,553.04",3524,16044910.75,769,1920.0,54.48
2016-05-26,ABBOTINDIA,EQ,"4,554.45","4,557.00","4,730.00","4,557.00","4,720.00","4,703.45","4,683.73",3179,14889562.3,778,1538.0,48.38
2016-05-27,ABBOTINDIA,EQ,"4,703.45","4,703.00","4,764.00","4,639.70","4,750.00","4,751.70","4,717.64",2663,12563064.65,536,1811.0,68.01
2016-05-30,ABBOTINDIA,EQ,"4,751.70","4,751.00","4,781.75","4,644.80","4,779.00","4,756.50","4,719.02",1238,5842149.4,459,770.0,62.2
2016-05-31,ABBOTINDIA,EQ,"4,756.50","4,775.00","4,775.10","4,683.00","4,697.10","4,705.05","4,729.81",543,2568285.5,212,237.0,43.65
2016-06-01,ABBOTINDIA,EQ,"4,705.05","4,707.00","4,755.00","4,650.00","4,659.95","4,659.40","4,689.74",1214,5693345.45,303,808.0,66.56
2016-06-02,ABBOTINDIA,EQ,"4,659.40","4,659.05","4,695.70","4,608.00","4,610.10","4,616.80","4,624.74",962,4449000.85,295,629.0,65.38
2016-06-03,ABBOTINDIA,EQ,"4,616.80","4,598.00","4,610.15","4,500.00","4,512.00","4,519.60","4,540.10",4040,18341984.3,726,2203.0,54.53
2016-06-06,ABBOTINDIA,EQ,"4,519.60","4,570.00","4,570.00","4,500.00","4,527.00","4,534.95","4,528.59",907,4107429.2,197,633.0,69.79
2016-06-07,ABBOTINDIA,EQ,"4,534.95","4,500.00","4,550.00","4,480.00","4,490.00","4,509.45","4,500.95",5207,23436427.2,773,4425.0,84.98
2016-06-08,ABBOTINDIA,EQ,"4,509.45","4,510.00","4,542.55","4,482.10","4,484.00","4,496.40","4,505.86",1234,5560237.05,342,800.0,64.83
2016-06-09,ABBOTINDIA,EQ,"4,496.40","4,500.00","4,515.00","4,460.00","4,465.25","4,472.85","4,485.09",699,3135076.15,237,469.0,67.1
2016-06-10,ABBOTINDIA,EQ,"4,472.85","4,495.50","4,495.50","4,445.00","4,445.50","4,449.95","4,466.75",1746,7798949.3,339,1316.0,75.37
2016-06-13,ABBOTINDIA,EQ,"4,449.95","4,480.00","4,480.00","4,353.70","4,460.00","4,450.45","4,401.93",5134,22599508.1,890,2145.0,41.78
2016-06-14,ABBOTINDIA,EQ,"4,450.45","4,620.00","4,620.00","4,404.95","4,425.10","4,441.85","4,450.55",700,3115387.85,170,355.0,50.71
2016-06-15,ABBOTINDIA,EQ,"4,441.85","4,452.75","4,530.00","4,405.00","4,482.00","4,467.50","4,467.13",1455,6499674.85,333,773.0,53.13
2016-06-16,ABBOTINDIA,EQ,"4,467.50","4,527.00","4,527.00","4,415.00","4,440.00","4,438.25","4,454.26",554,2467658.7,184,365.0,65.88
2016-06-17,ABBOTINDIA,EQ,"4,438.25","4,438.00","4,520.00","4,388.00","4,394.90","4,392.85","4,425.63",3420,15135650.35,1017,2186.0,63.92
2016-06-20,ABBOTINDIA,EQ,"4,392.85","4,392.00","4,458.45","4,392.00","4,435.00","4,442.35","4,440.93",1461,6488194.7,383,916.0,62.7
2016-06-21,ABBOTINDIA,EQ,"4,442.35","4,461.00","4,540.00","4,420.00","4,502.00","4,511.40","4,504.10",1824,8215482.5,804,1264.0,69.3
2016-06-22,ABBOTINDIA,EQ,"4,511.40","4,511.00","4,570.00","4,480.05","4,514.00","4,532.70","4,522.39",3742,16922774.9,764,2966.0,79.26
2016-06-23,ABBOTINDIA,EQ,"4,532.70","4,532.00","4,548.00","4,430.60","4,490.00","4,494.40","4,505.50",581,2617697.4,178,388.0,66.78
2016-06-24,ABBOTINDIA,EQ,"4,494.40","4,444.00","4,509.90","4,380.00","4,500.00","4,488.55","4,440.76",1532,6803250.65,409,744.0,48.56
2016-06-27,ABBOTINDIA,EQ,"4,488.55","4,488.00","4,555.00","4,450.05","4,546.40","4,531.90","4,513.23",1296,5849152.15,231,1014.0,78.24
2016-06-28,ABBOTINDIA,EQ,"4,531.90","4,560.00","4,562.00","4,472.25","4,472.25","4,487.95","4,523.77",1262,5708998.3,267,927.0,73.45
2016-06-29,ABBOTINDIA,EQ,"4,487.95","4,491.00","4,591.65","4,490.00","4,589.00","4,580.65","4,563.97",1803,8228837.2,454,1294.0,71.77
2016-06-30,ABBOTINDIA,EQ,"4,580.65","4,600.00","4,626.00","4,535.00","4,620.00","4,616.10","4,598.25",1437,6607681.35,355,933.0,64.93
2016-07-01,ABBOTINDIA,EQ,"4,616.10","4,610.00","4,744.40","4,610.00","4,725.00","4,716.80","4,680.08",4355,20381757.35,1061,3042.0,69.85
2016-07-04,ABBOTINDIA,EQ,"4,716.80","4,734.40","4,815.00","4,701.00","4,724.00","4,745.75","4,771.21",2013,9604446.75,469,958.0,47.59
2016-07-05,ABBOTINDIA,EQ,"4,745.75","4,750.00","4,770.00","4,705.00","4,707.00","4,719.90","4,721.28",453,2138737.65,129,328.0,72.41
2016-07-07,ABBOTINDIA,EQ,"4,719.90","4,793.00","4,800.00","4,750.45","4,790.00","4,786.45","4,781.46",1848,8836146.0,344,1283.0,69.43
2016-07-08,ABBOTINDIA,EQ,"4,786.45","4,786.00","4,786.25","4,693.90","4,720.00","4,732.70","4,731.31",969,4584643.5,331,512.0,52.84
2016-07-11,ABBOTINDIA,EQ,"4,732.70","4,785.00","4,799.95","4,693.00","4,794.50","4,757.35","4,760.84",1616,7693523.2,261,1222.0,75.62
2016-07-12,ABBOTINDIA,EQ,"4,757.35","4,721.45","4,795.00","4,721.40","4,790.00","4,780.15","4,768.65",861,4105810.7,255,549.0,63.76
2016-07-13,ABBOTINDIA,EQ,"4,780.15","4,750.00","4,771.60","4,660.00","4,707.00","4,718.55","4,727.65",879,4155603.2,246,540.0,61.43
2016-07-14,ABBOTINDIA,EQ,"4,718.55","4,718.00","4,740.00","4,676.00","4,710.00","4,708.40","4,716.14",411,1938333.65,150,298.0,72.51
2016-07-15,ABBOTINDIA,EQ,"4,708.40","4,708.00","4,749.90","4,676.75","4,676.75","4,684.80","4,703.24",702,3301672.55,222,536.0,76.35
2016-07-18,ABBOTINDIA,EQ,"4,684.80","4,690.05","4,720.00","4,620.15","4,622.15","4,642.20","4,662.38",627,2923309.45,224,398.0,63.48
2016-07-19,ABBOTINDIA,EQ,"4,642.20","4,699.50","4,699.50","4,612.00","4,686.50","4,667.95","4,649.89",1673,7779259.65,603,868.0,51.88
2016-07-20,ABBOTINDIA,EQ,"4,667.95","4,694.95","4,732.00","4,661.00","4,730.00","4,713.20","4,695.76",2056,9654482.75,412,1748.0,85.02
2016-07-21,ABBOTINDIA,EQ,"4,713.20","4,713.00","4,759.00","4,670.00","4,730.00","4,732.45","4,738.11",2526,11968463.5,294,2081.0,82.38
2016-07-22,ABBOTINDIA,EQ,"4,732.45","4,740.00","4,749.95","4,657.00","4,725.00","4,714.40","4,693.36",1863,8743727.7,435,992.0,53.25
2016-07-25,ABBOTINDIA,EQ,"4,714.40","4,710.00","4,780.15","4,710.00","4,730.00","4,725.80","4,741.01",1846,8751909.35,432,1494.0,80.93
2016-07-26,ABBOTINDIA,EQ,"4,725.80","4,755.00","4,755.00","4,678.00","4,680.00","4,688.90","4,712.86",1029,4849535.95,246,861.0,83.67
2016-07-27,ABBOTINDIA,EQ,"4,688.90","4,742.90","4,742.90","4,656.05","4,658.00","4,664.35","4,683.61",823,3854610.75,190,596.0,72.42
2016-07-28,ABBOTINDIA,EQ,"4,664.35","4,700.00","4,700.00","4,615.00","4,625.00","4,626.90","4,651.50",858,3990984.5,279,626.0,72.96
2016-07-29,ABBOTINDIA,EQ,"4,626.90","4,670.00","4,687.85","4,620.00","4,680.00","4,666.55","4,654.96",834,3882235.7,260,546.0,65.47
2016-08-01,ABBOTINDIA,EQ,"4,666.55","4,666.00","4,734.95","4,666.00","4,699.00","4,691.00","4,700.58",2338,10989947.6,417,2146.0,91.79
2016-08-02,ABBOTINDIA,EQ,"4,691.00","4,698.00","4,714.85","4,659.85","4,699.90","4,693.75","4,694.97",819,3845182.65,176,694.0,84.74
2016-08-03,ABBOTINDIA,EQ,"4,693.75","4,675.00","4,710.00","4,615.00","4,625.00","4,633.60","4,646.30",842,3912185.4,245,525.0,62.35
2016-08-04,ABBOTINDIA,EQ,"4,633.60","4,680.00","4,680.00","4,612.00","4,650.00","4,649.95","4,643.16",455,2112638.65,155,333.0,73.19
2016-08-05,ABBOTINDIA,EQ,"4,649.95","4,710.00","4,738.00","4,600.00","4,729.00","4,721.30","4,673.27",1840,8598824.2,579,1297.0,70.49
2016-08-08,ABBOTINDIA,EQ,"4,721.30","4,720.95","4,800.00","4,658.00","4,800.00","4,758.75","4,715.36",7329,34558875.2,381,7043.0,96.1
2016-08-09,ABBOTINDIA,EQ,"4,758.75","4,807.00","4,819.85","4,707.00","4,720.00","4,731.55","4,774.20",1221,5829297.4,305,668.0,54.71
2016-08-10,ABBOTINDIA,EQ,"4,731.55","4,731.00","4,746.95","4,630.00","4,630.00","4,677.55","4,700.05",9451,44420180.3,371,8875.0,93.91
2016-08-11,ABBOTINDIA,EQ,"4,677.55","4,730.00","4,740.00","4,615.05","4,701.00","4,673.65","4,671.99",800,3737593.4,262,507.0,63.38
2016-08-12,ABBOTINDIA,EQ,"4,673.65","4,696.50","4,775.00","4,670.00","4,707.00","4,694.45","4,724.46",859,4058307.35,249,525.0,61.12
2016-08-16,ABBOTINDIA,EQ,"4,694.45","4,700.05","4,710.45","4,650.00","4,689.00","4,666.65","4,673.37",423,1976834.3,185,274.0,64.78
2016-08-17,ABBOTINDIA,EQ,"4,666.65","4,667.05","4,700.00","4,666.00","4,697.00","4,686.95","4,682.70",527,2467782.8,213,393.0,74.57
2016-08-18,ABBOTINDIA,EQ,"4,686.95","4,730.00","4,730.00","4,670.00","4,689.00","4,680.40","4,682.89",595,2786320.4,133,580.0,97.48
2016-08-19,ABBOTINDIA,EQ,"4,680.40","4,691.00","4,704.95","4,655.00","4,685.00","4,679.05","4,675.17",298,1393199.9,146,198.0,66.44
2016-08-22,ABBOTINDIA,EQ,"4,679.05","4,698.95","4,699.00","4,650.00","4,650.00","4,656.30","4,667.26",410,1913576.45,138,333.0,81.22
2016-08-23,ABBOTINDIA,EQ,"4,656.30","4,695.00","4,700.00","4,640.00","4,640.00","4,655.30","4,670.16",661,3086976.8,162,404.0,61.12
2016-08-24,ABBOTINDIA,EQ,"4,655.30","4,655.00","4,685.00","4,626.20","4,680.00","4,668.55","4,667.01",570,2660196.75,184,432.0,75.79
2016-08-25,ABBOTINDIA,EQ,"4,668.55","4,677.95","4,754.00","4,652.00","4,744.00","4,727.45","4,718.12",1914,9030483.95,424,1015.0,53.03
2016-08-26,ABBOTINDIA,EQ,"4,727.45","4,744.00","4,830.00","4,584.70","4,650.00","4,707.50","4,728.59",21340,100908188.35,4033,6193.0,29.02
2016-08-29,ABBOTINDIA,EQ,"4,707.50","4,754.50","4,758.95","4,701.00","4,713.00","4,722.25","4,739.74",1682,7972235.05,351,919.0,54.64
2016-08-30,ABBOTINDIA,EQ,"4,722.25","4,749.00","4,750.00","4,675.00","4,693.00","4,680.00","4,704.14",1251,5884876.55,291,787.0,62.91
2016-08-31,ABBOTINDIA,EQ,"4,680.00","4,728.45","4,730.00","4,610.00","4,635.60","4,660.80","4,657.02",3576,16653517.5,849,1976.0,55.26
2016-09-01,ABBOTINDIA,EQ,"4,660.80","4,660.05","4,712.00","4,610.00","4,611.00","4,623.80","4,662.20",2284,10648456.25,437,1536.0,67.25
2016-09-02,ABBOTINDIA,EQ,"4,623.80","4,677.35","4,681.95","4,580.00","4,590.00","4,602.10","4,619.45",1632,7538943.05,667,1098.0,67.28
2016-09-06,ABBOTINDIA,EQ,"4,602.10","4,602.00","4,686.00","4,560.00","4,567.10","4,576.85","4,582.66",4837,22166338.25,1029,3428.0,70.87
2016-09-07,ABBOTINDIA,EQ,"4,576.85","4,624.00","4,624.95","4,565.15","4,580.00","4,585.10","4,595.77",1269,5832038.1,426,777.0,61.23
2016-09-08,ABBOTINDIA,EQ,"4,585.10","4,585.00","4,650.00","4,566.00","4,570.00","4,594.65","4,614.11",5138,23707286.6,1045,2503.0,48.72
2016-09-09,ABBOTINDIA,EQ,"4,594.65","4,620.50","4,690.00","4,590.00","4,682.00","4,669.50","4,649.59",4847,22536552.65,776,3540.0,73.03
2016-09-12,ABBOTINDIA,EQ,"4,669.50","4,643.80","4,663.90","4,600.00","4,608.85","4,611.35","4,633.20",1572,7283387.2,295,891.0,56.68
2016-09-14,ABBOTINDIA,EQ,"4,611.35","4,645.70","4,645.70","4,570.00","4,585.00","4,591.05","4,603.25",1300,5984221.55,209,1036.0,79.69
2016-09-15,ABBOTINDIA,EQ,"4,591.05","4,601.05","4,601.05","4,555.00","4,555.10","4,558.85","4,575.95",1557,7124760.5,367,1087.0,69.81
2016-09-16,ABBOTINDIA,EQ,"4,558.85","4,618.00","4,618.00","4,546.30","4,600.00","4,589.45","4,579.94",2210,10121658.5,457,1671.0,75.61
2016-09-19,ABBOTINDIA,EQ,"4,589.45","4,633.00","4,724.00","4,576.95","4,672.00","4,681.40","4,676.66",6922,32371812.85,1065,4887.0,70.6
2016-09-20,ABBOTINDIA,EQ,"4,681.40","4,689.95","4,719.95","4,611.15","4,615.00","4,635.00","4,645.17",859,3990200.85,319,371.0,43.19
2016-09-21,ABBOTINDIA,EQ,"4,635.00","4,635.00","4,733.95","4,560.50","4,688.00","4,693.25","4,689.95",14314,67131891.65,1573,11472.0,80.15
2016-09-22,ABBOTINDIA,EQ,"4,693.25","4,749.00","4,773.00","4,693.05","4,759.95","4,755.95","4,739.28",1558,7383802.85,580,1099.0,70.54
2016-09-23,ABBOTINDIA,EQ,"4,755.95","4,772.95","4,795.00","4,699.00","4,750.00","4,723.55","4,767.00",30042,143210181.75,614,29086.0,96.82
2016-09-26,ABBOTINDIA,EQ,"4,723.55","4,777.70","4,784.00","4,670.00","4,760.00","4,759.20","4,745.04",2017,9570752.85,686,1205.0,59.74
2016-09-27,ABBOTINDIA,EQ,"4,759.20","4,759.00","4,765.00","4,701.00","4,718.00","4,734.55","4,736.76",2638,12495568.95,647,1631.0,61.83
2016-09-28,ABBOTINDIA,EQ,"4,734.55","4,704.55","4,733.95","4,676.00","4,680.00","4,698.00","4,703.46",811,3814510.1,354,550.0,67.82
2016-09-29,ABBOTINDIA,EQ,"4,698.00","4,700.00","4,750.00","4,511.10","4,636.00","4,610.95","4,678.68",3568,16693516.5,663,2977.0,83.44
2016-09-30,ABBOTINDIA,EQ,"4,610.95","4,657.00","4,754.70","4,599.95","4,725.50","4,744.75","4,700.87",2931,13778257.55,893,2328.0,79.43
2016-10-03,ABBOTINDIA,EQ,"4,744.75","4,744.00","4,790.10","4,701.00","4,780.00","4,779.15","4,771.42",1914,9132503.3,411,1425.0,74.45
2016-10-04,ABBOTINDIA,EQ,"4,779.15","4,732.00","4,795.00","4,732.00","4,795.00","4,788.85","4,785.94",5857,28031268.7,280,4427.0,75.58
2016-10-05,ABBOTINDIA,EQ,"4,788.85","4,799.90","4,835.00","4,762.10","4,775.00","4,792.35","4,813.37",6414,30872980.7,649,5333.0,83.15
2016-10-06,ABBOTINDIA,EQ,"4,792.35","4,800.00","4,874.00","4,800.00","4,820.00","4,837.15","4,843.22",4724,22879388.65,1082,2744.0,58.09
2016-10-07,ABBOTINDIA,EQ,"4,837.15","4,852.15","4,852.30","4,757.00","4,800.00","4,778.15","4,800.70",1761,8454035.4,533,1026.0,58.26
2016-10-10,ABBOTINDIA,EQ,"4,778.15","4,815.45","4,833.10","4,717.00","4,717.00","4,729.85","4,749.03",2587,12285734.3,687,1590.0,61.46
2016-10-13,ABBOTINDIA,EQ,"4,729.85","4,729.00","4,773.05","4,700.00","4,728.30","4,724.65","4,724.63",769,3633242.6,332,490.0,63.72
2016-10-14,ABBOTINDIA,EQ,"4,724.65","4,725.00","4,765.95","4,700.05","4,722.00","4,734.15","4,743.46",1364,6470078.75,310,953.0,69.87
2016-10-17,ABBOTINDIA,EQ,"4,734.15","4,734.00","4,749.00","4,667.05","4,749.00","4,739.15","4,732.75",1622,7676525.8,370,995.0,61.34
2016-10-18,ABBOTINDIA,EQ,"4,739.15","4,739.00","4,750.00","4,687.90","4,707.00","4,746.05","4,738.35",2736,12964113.7,422,1859.0,67.95
2016-10-19,ABBOTINDIA,EQ,"4,746.05","4,728.30","4,750.00","4,690.00","4,740.00","4,741.05","4,727.87",2467,11663651.95,612,1450.0,58.78
2016-10-20,ABBOTINDIA,EQ,"4,741.05","4,828.80","4,828.80","4,727.00","4,730.00","4,735.05","4,747.84",1380,6552016.85,307,918.0,66.52
2016-10-21,ABBOTINDIA,EQ,"4,735.05","4,729.00","4,753.15","4,700.00","4,750.00","4,749.80","4,740.42",1985,9409736.6,374,1495.0,75.31
2016-10-24,ABBOTINDIA,EQ,"4,749.80","4,717.00","4,750.00","4,701.00","4,750.00","4,746.40","4,736.65",2124,10060646.95,329,1456.0,68.55
2016-10-25,ABBOTINDIA,EQ,"4,746.40","4,726.95","4,730.00","4,695.00","4,728.00","4,719.55","4,712.05",1316,6201051.4,283,882.0,67.02
2016-10-26,ABBOTINDIA,EQ,"4,719.55","4,719.00","4,719.00","4,665.00","4,699.95","4,693.85","4,695.44",798,3746963.45,247,558.0,69.92
2016-10-27,ABBOTINDIA,EQ,"4,693.85","4,697.05","4,710.00","4,626.20","4,670.00","4,677.15","4,666.25",1133,5286857.95,334,627.0,55.34
2016-10-28,ABBOTINDIA,EQ,"4,677.15","4,661.10","5,020.00","4,620.00","5,013.95","4,998.60","4,908.46",12265,60202275.25,2767,6343.0,51.72
2016-10-30,ABBOTINDIA,EQ,"4,998.60","5,049.00","5,049.00","4,970.00","5,010.00","4,999.65","5,003.91",1023,5119004.5,305,726.0,70.97
2016-11-01,ABBOTINDIA,EQ,"4,999.65","5,040.00","5,040.00","4,893.05","4,922.95","4,928.05","4,933.36",3837,18929285.65,1102,2651.0,69.09
2016-11-02,ABBOTINDIA,EQ,"4,928.05","4,881.05","4,905.50","4,761.05","4,792.00","4,790.75","4,824.41",1901,9171202.0,339,1352.0,71.12
2016-11-03,ABBOTINDIA,EQ,"4,790.75","4,849.95","4,899.00","4,661.05","4,670.00","4,684.20","4,729.07",3604,17043583.75,666,1955.0,54.25
2016-11-04,ABBOTINDIA,EQ,"4,684.20","4,652.70","4,789.90","4,646.00","4,660.00","4,697.30","4,712.79",2138,10075943.8,445,1231.0,57.58
2016-11-07,ABBOTINDIA,EQ,"4,697.30","4,774.00","4,774.00","4,680.00","4,706.00","4,723.90","4,720.40",1233,5820256.25,248,751.0,60.91
2016-11-08,ABBOTINDIA,EQ,"4,723.90","4,773.95","4,775.00","4,717.00","4,750.00","4,749.00","4,744.46",1823,8649155.25,694,1206.0,66.15
2016-11-09,ABBOTINDIA,EQ,"4,749.00","4,500.00","4,750.00","4,500.00","4,750.00","4,739.95","4,660.41",3700,17243505.1,777,2234.0,60.38
2016-11-10,ABBOTINDIA,EQ,"4,739.95","4,839.00","4,839.00","4,700.00","4,750.00","4,744.10","4,749.63",2259,10729418.5,257,1660.0,73.48
2016-11-11,ABBOTINDIA,EQ,"4,744.10","4,774.00","4,774.00","4,646.00","4,651.00","4,679.60","4,678.67",1565,7322112.4,320,1021.0,65.24
2016-11-15,ABBOTINDIA,EQ,"4,679.60","4,685.00","4,685.00","4,411.00","4,505.00","4,523.05","4,544.93",7108,32305339.2,925,5253.0,73.9
2016-11-16,ABBOTINDIA,EQ,"4,523.05","4,640.15","4,640.15","4,494.65","4,590.00","4,585.40","4,541.23",1157,5254204.45,374,773.0,66.81
2016-11-17,ABBOTINDIA,EQ,"4,585.40","4,556.75","4,594.90","4,480.00","4,550.00","4,541.15","4,542.78",1960,8903850.7,377,1173.0,59.85
2016-11-18,ABBOTINDIA,EQ,"4,541.15","4,539.95","4,550.00","4,465.15","4,499.00","4,536.75","4,508.84",2037,9184501.4,615,1163.0,57.09
2016-11-21,ABBOTINDIA,EQ,"4,536.75","4,599.95","4,599.95","4,470.00","4,483.00","4,543.00","4,532.72",2443,11073438.4,425,1843.0,75.44
2016-11-22,ABBOTINDIA,EQ,"4,543.00","4,588.00","4,665.00","4,524.95","4,650.00","4,579.95","4,552.98",3653,16632046.45,728,2498.0,68.38
2016-11-23,ABBOTINDIA,EQ,"4,579.95","4,680.00","4,825.00","4,512.00","4,756.00","4,767.30","4,718.70",2055,9696932.3,467,1372.0,66.76
2016-11-24,ABBOTINDIA,EQ,"4,767.30","4,672.05","4,820.00","4,672.00","4,809.00","4,771.40","4,759.48",1209,5754207.35,566,731.0,60.46
2016-11-25,ABBOTINDIA,EQ,"4,771.40","4,759.95","4,785.35","4,671.05","4,695.00","4,692.85","4,713.49",1933,9111176.2,576,1262.0,65.29
2016-11-28,ABBOTINDIA,EQ,"4,692.85","4,749.95","4,973.95","4,679.00","4,901.00","4,939.55","4,862.59",10326,50211152.1,2577,4087.0,39.58
2016-11-29,ABBOTINDIA,EQ,"4,939.55","5,000.00","5,000.00","4,786.05","4,949.00","4,902.90","4,875.17",2372,11563909.35,851,1070.0,45.11
2016-11-30,ABBOTINDIA,EQ,"4,902.90","4,929.00","4,942.00","4,820.15","4,940.00","4,901.70","4,884.74",3398,16598339.2,1252,2446.0,71.98
2016-12-01,ABBOTINDIA,EQ,"4,901.70","4,949.00","4,949.00","4,824.25","4,826.30","4,860.90","4,860.39",1469,7139919.9,685,647.0,44.04
2016-12-02,ABBOTINDIA,EQ,"4,860.90","4,830.35","4,894.00","4,790.00","4,850.00","4,871.70","4,855.37",1208,5865283.15,433,625.0,51.74
2016-12-05,ABBOTINDIA,EQ,"4,871.70","4,871.95","4,900.00","4,811.00","4,841.00","4,866.90","4,847.47",1465,7101546.05,639,716.0,48.87
2016-12-06,ABBOTINDIA,EQ,"4,866.90","4,919.95","4,919.95","4,815.00","4,830.00","4,842.85","4,848.64",721,3495871.75,405,263.0,36.48
2016-12-07,ABBOTINDIA,EQ,"4,842.85","4,887.95","4,888.00","4,741.00","4,770.00","4,755.05","4,798.69",2203,10571509.4,679,1203.0,54.61
2016-12-08,ABBOTINDIA,EQ,"4,755.05","4,780.05","4,780.05","4,716.00","4,716.00","4,724.15","4,740.75",1682,7973944.8,405,1029.0,61.18
2016-12-09,ABBOTINDIA,EQ,"4,724.15","4,763.95","4,763.95","4,708.00","4,721.95","4,718.45","4,720.34",1598,7543101.9,301,1085.0,67.9
2016-12-12,ABBOTINDIA,EQ,"4,718.45","4,710.05","4,772.00","4,701.00","4,725.00","4,736.75","4,737.36",569,2695558.25,233,326.0,57.29
2016-12-13,ABBOTINDIA,EQ,"4,736.75","4,755.00","4,755.00","4,702.00","4,706.20","4,744.05","4,720.96",812,3833421.0,378,430.0,52.96
2016-12-14,ABBOTINDIA,EQ,"4,744.05","4,703.00","4,734.95","4,657.05","4,700.00","4,710.65","4,698.15",1376,6464649.7,344,925.0,67.22
2016-12-15,ABBOTINDIA,EQ,"4,710.65","4,679.10","4,725.00","4,670.00","4,703.05","4,692.05","4,694.55",212,995243.65,134,131.0,61.79
2016-12-16,ABBOTINDIA,EQ,"4,692.05","4,672.00","4,748.00","4,672.00","4,700.00","4,699.70","4,697.78",1401,6581587.05,271,1200.0,85.65
2016-12-19,ABBOTINDIA,EQ,"4,699.70","4,763.95","4,764.00","4,660.00","4,694.95","4,668.25","4,676.93",972,4545972.1,283,538.0,55.35
2016-12-20,ABBOTINDIA,EQ,"4,668.25","4,632.00","4,688.00","4,630.00","4,635.00","4,636.25","4,644.99",838,3892504.1,244,461.0,55.01
2016-12-21,ABBOTINDIA,EQ,"4,636.25","4,636.35","4,717.00","4,580.00","4,590.00","4,599.15","4,621.95",946,4372368.35,258,610.0,64.48
2016-12-22,ABBOTINDIA,EQ,"4,599.15","4,599.95","4,600.00","4,565.00","4,600.00","4,578.00","4,581.62",774,3546171.5,180,514.0,66.41
2016-12-23,ABBOTINDIA,EQ,"4,578.00","4,565.00","4,679.00","4,565.00","4,662.00","4,655.45","4,645.47",1424,6615144.55,223,1255.0,88.13
2016-12-26,ABBOTINDIA,EQ,"4,655.45","4,672.55","4,672.55","4,525.00","4,526.70","4,557.45","4,591.64",736,3379444.55,211,456.0,61.96
2016-12-27,ABBOTINDIA,EQ,"4,557.45","4,550.05","4,550.05","4,515.00","4,550.00","4,548.10","4,540.66",898,4077512.6,257,639.0,71.16
2016-12-28,ABBOTINDIA,EQ,"4,548.10","4,525.00","4,630.00","4,525.00","4,630.00","4,624.35","4,605.37",751,3458631.3,202,548.0,72.97
2016-12-29,ABBOTINDIA,EQ,"4,624.35","4,585.00","4,650.00","4,578.00","4,650.00","4,633.80","4,627.84",858,3970682.45,215,455.0,53.03
2016-12-30,ABBOTINDIA,EQ,"4,633.80","4,633.50","4,745.00","4,615.00","4,650.00","4,722.30","4,690.89",2138,10029127.4,624,1139.0,53.27
2017-01-02,ABBOTINDIA,EQ,"4,722.30","4,709.60","4,722.35","4,658.85","4,720.00","4,716.00","4,703.91",730,3433854.7,276,484.0,66.3
2017-01-03,ABBOTINDIA,EQ,"4,716.00","4,747.00","4,747.00","4,615.50","4,636.00","4,657.65","4,665.57",983,4586259.1,278,568.0,57.78
2017-01-04,ABBOTINDIA,EQ,"4,657.65","4,656.00","4,675.00","4,600.00","4,600.05","4,619.25","4,629.12",1012,4684667.25,448,579.0,57.21
2017-01-05,ABBOTINDIA,EQ,"4,619.25","4,621.05","4,635.50","4,580.10","4,590.70","4,609.05","4,612.17",1688,7785335.25,360,1157.0,68.54
2017-01-06,ABBOTINDIA,EQ,"4,609.05","4,605.00","4,639.00","4,565.55","4,636.00","4,604.45","4,601.00",2001,9206604.1,392,1335.0,66.72
2017-01-09,ABBOTINDIA,EQ,"4,604.45","4,639.00","4,639.00","4,560.00","4,560.10","4,583.30","4,586.61",1630,7476168.8,269,1262.0,77.42
2017-01-10,ABBOTINDIA,EQ,"4,583.30","4,590.00","4,598.90","4,510.00","4,510.00","4,519.90","4,545.15",2504,11381050.35,595,1768.0,70.61
2017-01-11,ABBOTINDIA,EQ,"4,519.90","4,540.00","4,550.00","4,516.00","4,540.00","4,545.30","4,533.89",1570,7118213.55,551,1258.0,80.13
2017-01-12,ABBOTINDIA,EQ,"4,545.30","4,530.00","4,549.00","4,506.00","4,510.00","4,515.85","4,527.06",861,3897802.55,229,552.0,64.11
2017-01-13,ABBOTINDIA,EQ,"4,515.85","4,510.00","4,550.00","4,509.20","4,511.05","4,520.35","4,534.07",5137,23291504.4,432,4279.0,83.3
2017-01-16,ABBOTINDIA,EQ,"4,520.35","4,549.00","4,549.00","4,438.00","4,445.00","4,449.50","4,471.98",2601,11631610.05,567,1887.0,72.55
2017-01-17,ABBOTINDIA,EQ,"4,449.50","4,474.90","4,483.75","4,420.00","4,455.00","4,468.40","4,452.35",1907,8490639.55,531,1270.0,66.6
2017-01-18,ABBOTINDIA,EQ,"4,468.40","4,438.00","4,475.00","4,418.55","4,431.00","4,422.55","4,431.36",2095,9283691.05,399,1608.0,76.75
2017-01-19,ABBOTINDIA,EQ,"4,422.55","4,437.00","4,448.70","4,401.00","4,411.00","4,421.35","4,419.67",1458,6443885.65,255,1128.0,77.37
2017-01-20,ABBOTINDIA,EQ,"4,421.35","4,430.70","4,440.05","4,401.30","4,429.95","4,409.75","4,422.17",918,4059550.65,285,622.0,67.76
2017-01-23,ABBOTINDIA,EQ,"4,409.75","4,443.95","4,443.95","4,370.20","4,376.00","4,379.80","4,391.18",1758,7719687.55,318,1506.0,85.67
2017-01-24,ABBOTINDIA,EQ,"4,379.80","4,418.00","4,434.00","4,360.00","4,430.00","4,410.75","4,403.25",1993,8775667.65,336,1396.0,70.05
2017-01-25,ABBOTINDIA,EQ,"4,410.75","4,425.00","4,439.00","4,390.00","4,391.00","4,411.70","4,408.59",1522,6709872.15,235,1181.0,77.6
2017-01-27,ABBOTINDIA,EQ,"4,411.70","4,411.00","4,441.95","4,403.05","4,429.00","4,430.95","4,420.67",1242,5490471.5,298,914.0,73.59
2017-01-30,ABBOTINDIA,EQ,"4,430.95","4,468.00","4,474.00","4,398.95","4,401.45","4,411.15","4,426.56",1461,6467206.5,277,1000.0,68.45
2017-01-31,ABBOTINDIA,EQ,"4,411.15","4,430.00","4,430.00","4,375.00","4,381.00","4,401.70","4,394.45",3351,14725811.85,797,2405.0,71.77
2017-02-01,ABBOTINDIA,EQ,"4,401.70","4,401.00","4,429.95","4,360.00","4,402.05","4,415.55","4,380.42",2203,9650073.2,585,1334.0,60.55
2017-02-02,ABBOTINDIA,EQ,"4,415.55","4,406.00","4,470.95","4,406.00","4,470.90","4,461.95","4,441.18",4219,18737355.1,578,2811.0,66.63
2017-02-03,ABBOTINDIA,EQ,"4,461.95","4,490.00","4,490.00","4,442.05","4,470.00","4,470.40","4,464.34",1750,7812600.8,256,1385.0,79.14
2017-02-06,ABBOTINDIA,EQ,"4,470.40","4,489.95","4,692.00","4,470.00","4,565.20","4,597.15","4,615.92",18611,85906884.15,4241,3670.0,19.72
2017-02-07,ABBOTINDIA,EQ,"4,597.15","4,625.00","4,668.00","4,570.00","4,630.00","4,626.05","4,621.76",6454,29828857.05,666,5095.0,78.94
2017-02-08,ABBOTINDIA,EQ,"4,626.05","4,628.00","4,650.00","4,590.00","4,590.00","4,609.95","4,627.20",6181,28600735.55,248,5873.0,95.02
2017-02-09,ABBOTINDIA,EQ,"4,609.95","4,629.80","4,629.80","4,570.00","4,600.00","4,596.80","4,599.44",1226,5638911.4,273,657.0,53.59
2017-02-10,ABBOTINDIA,EQ,"4,596.80","4,586.05","4,600.00","4,511.65","4,525.00","4,525.90","4,566.75",1254,5726709.25,339,802.0,63.96
2017-02-13,ABBOTINDIA,EQ,"4,525.90","4,526.00","4,526.00","4,445.50","4,450.00","4,459.75","4,477.52",1608,7199859.1,405,1252.0,77.86
2017-02-14,ABBOTINDIA,EQ,"4,459.75","4,518.00","4,524.95","4,419.00","4,452.00","4,474.45","4,447.48",2126,9455351.75,523,1074.0,50.52
2017-02-15,ABBOTINDIA,EQ,"4,474.45","4,524.00","4,524.00","4,418.00","4,421.00","4,424.40","4,437.99",925,4105141.75,271,504.0,54.49
2017-02-16,ABBOTINDIA,EQ,"4,424.40","4,470.00","4,470.00","4,425.95","4,455.15","4,451.45","4,443.80",726,3226196.25,163,435.0,59.92
2017-02-17,ABBOTINDIA,EQ,"4,451.45","4,490.00","4,500.00","4,465.00","4,500.00","4,498.00","4,490.59",1578,7086150.75,249,1129.0,71.55
2017-02-20,ABBOTINDIA,EQ,"4,498.00","4,477.05","4,523.00","4,477.00","4,477.00","4,485.50","4,492.82",1342,6029368.8,163,890.0,66.32
2017-02-21,ABBOTINDIA,EQ,"4,485.50","4,475.00","4,544.85","4,451.50","4,500.00","4,506.20","4,496.17",1996,8974355.05,473,1315.0,65.88
2017-02-22,ABBOTINDIA,EQ,"4,506.20","4,545.00","4,549.00","4,497.00","4,507.00","4,526.15","4,501.31",15890,71525858.35,249,15622.0,98.31
2017-02-23,ABBOTINDIA,EQ,"4,526.15","4,548.00","4,549.00","4,500.00","4,520.00","4,524.15","4,523.29",723,3270339.55,226,406.0,56.15
2017-02-27,ABBOTINDIA,EQ,"4,524.15","4,547.95","4,550.00","4,482.00","4,490.00","4,496.60","4,520.98",68518,309768709.25,311,68106.0,99.4
2017-02-28,ABBOTINDIA,EQ,"4,496.60","4,500.00","4,516.00","4,452.00","4,453.05","4,463.00","4,490.67",1428,6412675.5,280,1017.0,71.22
2017-03-01,ABBOTINDIA,EQ,"4,463.00","4,489.00","4,499.95","4,416.00","4,469.00","4,445.20","4,473.98",53177,237912979.55,650,51934.0,97.66
2017-03-02,ABBOTINDIA,EQ,"4,445.20","4,470.50","4,493.00","4,400.00","4,405.00","4,445.00","4,440.41",4789,21265137.55,606,3282.0,68.53
2017-03-03,ABBOTINDIA,EQ,"4,445.00","4,440.00","4,495.00","4,412.85","4,460.00","4,476.25","4,458.10",1489,6638104.35,289,912.0,61.25
2017-03-06,ABBOTINDIA,EQ,"4,476.25","4,499.00","4,499.00","4,456.00","4,492.00","4,490.50","4,488.48",1961,8801915.3,437,1561.0,79.6
2017-03-07,ABBOTINDIA,EQ,"4,490.50","4,500.00","4,500.00","4,456.00","4,484.00","4,476.70","4,470.22",46358,207230238.95,455,45892.0,98.99
2017-03-08,ABBOTINDIA,EQ,"4,476.70","4,498.00","4,498.00","4,450.05","4,466.00","4,457.70","4,466.50",708,3162281.45,209,423.0,59.75
2017-03-09,ABBOTINDIA,EQ,"4,457.70","4,479.90","4,479.90","4,421.10","4,464.00","4,454.40","4,449.78",65489,291411678.25,412,65076.0,99.37
2017-03-10,ABBOTINDIA,EQ,"4,454.40","4,454.00","4,488.00","4,450.00","4,465.00","4,465.65","4,464.87",637,2844124.75,166,394.0,61.85
2017-03-14,ABBOTINDIA,EQ,"4,465.65","4,500.00","4,510.00","4,382.00","4,489.00","4,479.35","4,448.52",24602,109442542.25,1096,22717.0,92.34
2017-03-15,ABBOTINDIA,EQ,"4,479.35","4,489.00","4,510.00","4,440.00","4,510.00","4,498.15","4,481.04",25638,114885023.3,413,24916.0,97.18
2017-03-16,ABBOTINDIA,EQ,"4,498.15","4,516.00","4,610.00","4,470.00","4,595.00","4,587.55","4,574.26",3520,16101395.25,801,2756.0,78.3
2017-03-17,ABBOTINDIA,EQ,"4,587.55","4,582.00","4,590.00","4,430.00","4,442.65","4,497.30","4,507.02",100561,453230445.15,3734,95330.0,94.8
2017-03-20,ABBOTINDIA,EQ,"4,497.30","4,494.00","4,525.95","4,450.00","4,505.00","4,503.30","4,508.88",26374,118917148.95,1154,7358.0,27.9
2017-03-21,ABBOTINDIA,EQ,"4,503.30","4,500.00","4,522.00","4,463.65","4,500.00","4,499.05","4,498.27",23910,107553739.15,1234,21407.0,89.53
2017-03-22,ABBOTINDIA,EQ,"4,499.05","4,494.00","4,519.80","4,485.00","4,515.00","4,511.10","4,500.58",12685,57089895.8,1197,12016.0,94.73
2017-03-23,ABBOTINDIA,EQ,"4,511.10","4,500.05","4,840.00","4,500.05","4,792.65","4,812.65","4,693.98",14606,68560261.9,2344,10036.0,68.71
2017-03-24,ABBOTINDIA,EQ,"4,812.65","4,805.00","4,805.00","4,660.00","4,660.00","4,683.95","4,729.02",2618,12380586.45,606,1351.0,51.6
2017-03-27,ABBOTINDIA,EQ,"4,683.95","4,670.05","4,694.90","4,590.00","4,610.00","4,612.05","4,622.48",1696,7839734.35,559,1105.0,65.15
2017-03-28,ABBOTINDIA,EQ,"4,612.05","4,650.00","4,660.00","4,595.00","4,615.00","4,617.85","4,617.02",1911,8823123.9,328,1624.0,84.98
2017-03-29,ABBOTINDIA,EQ,"4,617.85","4,600.00","4,619.95","4,550.00","4,580.00","4,581.25","4,572.72",37196,170086972.5,1747,33431.0,89.88
2017-03-30,ABBOTINDIA,EQ,"4,581.25","4,570.40","4,669.95","4,533.15","4,551.25","4,560.00","4,595.47",14940,68656304.0,1805,11723.0,78.47
2017-03-31,ABBOTINDIA,EQ,"4,560.00","4,640.00","4,659.95","4,574.75","4,630.00","4,642.60","4,598.14",25401,116797359.9,1406,21969.0,86.49
2017-04-03,ABBOTINDIA,EQ,"4,642.60","4,609.05","4,788.00","4,609.05","4,777.00","4,767.10","4,742.72",4138,19625395.15,1129,2585.0,62.47
2017-04-05,ABBOTINDIA,EQ,"4,767.10","4,723.50","4,815.25","4,720.00","4,795.00","4,799.55","4,774.86",3624,17304097.85,824,2158.0,59.55
2017-04-06,ABBOTINDIA,EQ,"4,799.55","4,780.05","4,834.00","4,750.00","4,781.00","4,815.15","4,793.49",2330,11168839.85,436,1475.0,63.3
2017-04-07,ABBOTINDIA,EQ,"4,815.15","4,800.00","4,820.00","4,725.90","4,735.00","4,757.95","4,792.88",1789,8574467.15,465,1342.0,75.01
2017-04-10,ABBOTINDIA,EQ,"4,757.95","4,757.95","4,815.00","4,730.05","4,730.05","4,757.45","4,772.33",1894,9038791.55,433,1238.0,65.36
2017-04-11,ABBOTINDIA,EQ,"4,757.45","4,761.05","4,775.95","4,700.00","4,705.50","4,712.35","4,738.29",1463,6932111.45,310,1087.0,74.3
2017-04-12,ABBOTINDIA,EQ,"4,712.35","4,705.50","4,749.00","4,658.00","4,740.00","4,708.80","4,707.33",1466,6900949.25,428,899.0,61.32
2017-04-13,ABBOTINDIA,EQ,"4,708.80","4,671.05","4,840.00","4,671.00","4,700.00","4,786.65","4,803.80",5327,25589853.35,1342,3885.0,72.93
2017-04-17,ABBOTINDIA,EQ,"4,786.65","4,759.00","4,785.00","4,700.00","4,715.00","4,715.40","4,739.87",1539,7294656.85,327,1069.0,69.46
2017-04-18,ABBOTINDIA,EQ,"4,715.40","4,698.00","4,715.95","4,550.00","4,560.00","4,617.60","4,653.83",3096,14408271.5,544,2430.0,78.49
2017-04-19,ABBOTINDIA,EQ,"4,617.60","4,577.00","4,649.50","4,556.05","4,605.95","4,619.05","4,621.13",2239,10346716.45,446,1657.0,74.01
2017-04-20,ABBOTINDIA,EQ,"4,619.05","4,600.00","4,653.95","4,584.05","4,629.20","4,642.00","4,632.54",2563,11873206.35,785,2071.0,80.8
2017-04-21,ABBOTINDIA,EQ,"4,642.00","4,688.00","4,688.00","4,571.00","4,589.00","4,582.90","4,615.99",1929,8904251.95,574,1090.0,56.51
2017-04-24,ABBOTINDIA,EQ,"4,582.90","4,580.00","4,639.55","4,445.00","4,445.05","4,462.80","4,533.07",43516,197261256.05,1526,39633.0,91.08
2017-04-25,ABBOTINDIA,EQ,"4,462.80","4,474.95","4,484.00","4,415.10","4,455.15","4,470.05","4,460.88",2636,11758890.45,632,1827.0,69.31
2017-04-26,ABBOTINDIA,EQ,"4,470.05","4,470.05","4,483.00","4,420.00","4,471.55","4,465.80","4,453.44",2375,10576920.35,499,1841.0,77.52
2017-04-27,ABBOTINDIA,EQ,"4,465.80","4,465.00","4,465.00","4,375.00","4,376.35","4,390.20","4,397.60",6166,27115631.85,1302,4451.0,72.19
2017-04-28,ABBOTINDIA,EQ,"4,390.20","4,380.00","4,442.00","4,361.00","4,400.00","4,424.05","4,405.09",3395,14955273.8,972,2385.0,70.25
2017-05-02,ABBOTINDIA,EQ,"4,424.05","4,400.00","4,420.00","4,221.50","4,250.00","4,256.15","4,311.14",7491,32294748.65,1549,4993.0,66.65
2017-05-03,ABBOTINDIA,EQ,"4,256.15","4,274.00","4,280.00","4,103.00","4,117.00","4,116.45","4,166.80",8439,35163651.9,1723,5874.0,69.61
2017-05-04,ABBOTINDIA,EQ,"4,116.45","4,110.00","4,180.00","4,110.00","4,174.00","4,170.20","4,147.57",7567,31384665.1,1395,5241.0,69.26
2017-05-05,ABBOTINDIA,EQ,"4,170.20","4,174.00","4,275.00","4,164.90","4,213.10","4,246.75","4,235.01",4197,17774337.35,1285,2781.0,66.26
2017-05-08,ABBOTINDIA,EQ,"4,246.75","4,270.00","4,275.00","4,180.00","4,180.00","4,194.60","4,212.52",2223,9364442.45,798,1075.0,48.36
2017-05-09,ABBOTINDIA,EQ,"4,194.60","4,220.00","4,220.00","4,180.00","4,200.15","4,203.60","4,195.44",1918,8046858.6,350,1346.0,70.18
2017-05-10,ABBOTINDIA,EQ,"4,203.60","4,259.95","4,259.95","4,160.15","4,200.00","4,206.45","4,205.27",2098,8822655.55,693,1359.0,64.78
2017-05-11,ABBOTINDIA,EQ,"4,206.45","4,206.45","4,323.00","4,206.45","4,300.00","4,293.15","4,293.77",3641,15633612.3,821,2673.0,73.41
2017-05-12,ABBOTINDIA,EQ,"4,293.15","4,348.00","4,348.00","4,270.00","4,270.05","4,274.55","4,290.50",1011,4337698.5,274,683.0,67.56
2017-05-15,ABBOTINDIA,EQ,"4,274.55","4,295.00","4,309.90","4,195.00","4,200.30","4,200.05","4,224.03",4079,17229811.45,676,3125.0,76.61
2017-05-16,ABBOTINDIA,EQ,"4,200.05","4,200.50","4,230.05","4,200.50","4,206.00","4,206.00","4,214.18",738,3110062.6,188,461.0,62.47
2017-05-17,ABBOTINDIA,EQ,"4,206.00","4,215.00","4,235.00","4,199.00","4,220.00","4,226.90","4,218.43",1005,4239524.3,227,644.0,64.08
2017-05-18,ABBOTINDIA,EQ,"4,226.90","4,216.00","4,238.00","4,201.00","4,214.00","4,209.65","4,219.38",976,4118111.5,191,770.0,78.89
2017-05-19,ABBOTINDIA,EQ,"4,209.65","4,232.00","4,242.00","4,123.00","4,225.65","4,219.10","4,203.69",4085,17172091.35,1169,2285.0,55.94
2017-05-22,ABBOTINDIA,EQ,"4,219.10","4,210.00","4,235.90","4,175.10","4,190.00","4,193.50","4,197.91",2023,8492373.3,454,1819.0,89.92
2017-05-23,ABBOTINDIA,EQ,"4,193.50","4,194.00","4,223.00","4,119.30","4,121.00","4,136.05","4,159.05",2551,10609741.05,564,1838.0,72.05
2017-05-24,ABBOTINDIA,EQ,"4,136.05","4,120.00","4,145.40","4,075.00","4,075.00","4,095.25","4,109.82",2330,9575886.1,508,1587.0,68.11
2017-05-25,ABBOTINDIA,EQ,"4,095.25","4,129.00","4,138.00","4,075.00","4,094.95","4,102.00","4,093.97",1076,4405110.7,339,751.0,69.8
2017-05-26,ABBOTINDIA,EQ,"4,102.00","4,120.00","4,130.95","4,075.00","4,090.15","4,114.25","4,114.95",4104,16887751.0,1163,2787.0,67.91
2017-05-29,ABBOTINDIA,EQ,"4,114.25","4,143.95","4,143.95","3,988.00","4,026.00","4,022.50","4,013.36",4713,18914964.75,792,3609.0,76.58
2017-05-30,ABBOTINDIA,EQ,"4,022.50","4,027.00","4,158.00","4,000.00","4,150.00","4,150.10","4,095.01",2672,10941856.4,628,2213.0,82.82
2017-05-31,ABBOTINDIA,EQ,"4,150.10","4,150.10","4,194.95","4,112.80","4,175.05","4,177.90","4,157.30",2156,8963134.25,747,1613.0,74.81
2017-06-01,ABBOTINDIA,EQ,"4,177.90","4,126.00","4,202.40","4,126.00","4,200.00","4,193.55","4,177.28",13373,55862702.65,811,11326.0,84.69
2017-06-02,ABBOTINDIA,EQ,"4,193.55","4,200.00","4,202.95","4,130.00","4,170.25","4,173.30","4,154.90",3461,14380125.3,589,2640.0,76.28
2017-06-05,ABBOTINDIA,EQ,"4,173.30","4,228.00","4,228.00","4,131.00","4,199.00","4,180.60","4,176.05",6367,26588928.35,501,5632.0,88.46
2017-06-06,ABBOTINDIA,EQ,"4,180.60","4,208.95","4,217.00","4,150.00","4,210.15","4,204.25","4,187.75",1647,6897231.0,243,1310.0,79.54
2017-06-07,ABBOTINDIA,EQ,"4,204.25","4,216.95","4,217.00","4,163.20","4,200.00","4,202.35","4,201.72",4198,17638821.8,287,3485.0,83.02
2017-06-08,ABBOTINDIA,EQ,"4,202.35","4,206.00","4,211.95","4,166.15","4,199.85","4,196.60","4,194.96",1469,6162393.2,276,1125.0,76.58
2017-06-09,ABBOTINDIA,EQ,"4,196.60","4,167.00","4,250.00","4,167.00","4,220.00","4,230.50","4,215.90",1565,6597877.65,325,1098.0,70.16
2017-06-12,ABBOTINDIA,EQ,"4,230.50","4,230.50","4,259.00","4,230.50","4,255.45","4,250.75","4,249.47",3306,14048745.75,489,2941.0,88.96
2017-06-13,ABBOTINDIA,EQ,"4,250.75","4,251.10","4,310.00","4,249.60","4,300.00","4,299.50","4,289.37",2182,9359410.5,464,1618.0,74.15
2017-06-14,ABBOTINDIA,EQ,"4,299.50","4,311.00","4,399.00","4,281.05","4,290.10","4,293.30","4,311.60",736,3173339.3,272,570.0,77.45
2017-06-15,ABBOTINDIA,EQ,"4,293.30","4,313.00","4,313.00","4,201.00","4,215.00","4,233.40","4,284.09",5309,22744259.9,662,4915.0,92.58
2017-06-16,ABBOTINDIA,EQ,"4,233.40","4,225.15","4,270.90","4,223.65","4,235.00","4,228.65","4,254.54",4123,17541486.45,656,3570.0,86.59
2017-06-19,ABBOTINDIA,EQ,"4,228.65","4,225.00","4,312.00","4,225.00","4,300.00","4,267.65","4,254.49",5568,23688990.85,597,5167.0,92.8
2017-06-20,ABBOTINDIA,EQ,"4,267.65","4,226.05","4,370.00","4,226.05","4,355.00","4,358.10","4,322.42",8884,38400377.7,1499,6951.0,78.24
2017-06-21,ABBOTINDIA,EQ,"4,358.10","4,321.00","4,421.00","4,300.00","4,420.00","4,415.50","4,372.04",7615,33293077.85,1228,5969.0,78.38
2017-06-22,ABBOTINDIA,EQ,"4,415.50","4,425.00","4,425.00","4,325.10","4,325.10","4,349.80","4,384.01",792,3472137.25,394,500.0,63.13
2017-06-23,ABBOTINDIA,EQ,"4,349.80","4,389.00","4,389.00","4,275.00","4,284.65","4,298.35","4,321.91",873,3773028.6,331,611.0,69.99
2017-06-27,ABBOTINDIA,EQ,"4,298.35","4,310.00","4,310.00","4,218.20","4,250.00","4,243.25","4,242.86",4611,19563834.15,557,3935.0,85.34
2017-06-28,ABBOTINDIA,EQ,"4,243.25","4,300.00","4,305.00","4,230.00","4,236.25","4,236.10","4,243.64",717,3042690.85,151,470.0,65.55
2017-06-29,ABBOTINDIA,EQ,"4,236.10","4,255.00","4,298.00","4,200.00","4,218.75","4,222.35","4,237.70",822,3483386.35,260,592.0,72.02
2017-06-30,ABBOTINDIA,EQ,"4,222.35","4,218.45","4,307.00","4,218.40","4,294.00","4,272.70","4,256.86",1283,5461547.9,319,1003.0,78.18
2017-07-03,ABBOTINDIA,EQ,"4,272.70","4,260.05","4,281.10","4,181.30","4,220.00","4,207.85","4,217.20",3149,13279948.3,465,2290.0,72.72
2017-07-04,ABBOTINDIA,EQ,"4,207.85","4,240.00","4,240.00","4,200.05","4,206.20","4,219.10","4,218.01",1863,7858158.9,234,1681.0,90.23
2017-07-05,ABBOTINDIA,EQ,"4,219.10","4,210.00","4,250.00","4,210.00","4,250.00","4,238.75","4,224.52",1249,5276429.1,222,1145.0,91.67
2017-07-06,ABBOTINDIA,EQ,"4,238.75","4,249.35","4,295.00","4,249.35","4,250.00","4,262.65","4,265.01",792,3377887.85,269,538.0,67.93
2017-07-07,ABBOTINDIA,EQ,"4,262.65","4,260.00","4,320.00","4,260.00","4,265.00","4,289.75","4,297.00",2770,11902701.05,462,2465.0,88.99
2017-07-10,ABBOTINDIA,EQ,"4,289.75","4,293.80","4,369.00","4,293.80","4,368.00","4,350.75","4,336.06",1239,5372382.85,143,1177.0,95.0
2017-07-11,ABBOTINDIA,EQ,"4,350.75","4,351.00","4,360.00","4,290.70","4,295.00","4,301.85","4,316.63",752,3246107.75,258,553.0,73.54
2017-07-12,ABBOTINDIA,EQ,"4,301.85","4,270.10","4,355.00","4,255.00","4,355.00","4,350.10","4,332.86",1891,8193434.0,407,1588.0,83.98
2017-07-13,ABBOTINDIA,EQ,"4,350.10","4,310.00","4,410.15","4,310.00","4,410.15","4,407.75","4,387.83",3029,13290749.3,442,2787.0,92.01
2017-07-14,ABBOTINDIA,EQ,"4,407.75","4,400.05","4,580.00","4,397.95","4,550.00","4,551.65","4,519.00",7977,36048066.15,2997,5301.0,66.45
2017-07-17,ABBOTINDIA,EQ,"4,551.65","4,589.90","4,620.00","4,500.00","4,500.45","4,500.70","4,528.94",2085,9442844.65,782,1355.0,64.99
2017-07-18,ABBOTINDIA,EQ,"4,500.70","4,599.95","4,599.95","4,451.10","4,455.00","4,467.70","4,501.05",1368,6157438.1,311,1126.0,82.31
2017-07-19,ABBOTINDIA,EQ,"4,467.70","4,473.70","4,507.00","4,473.65","4,503.25","4,500.60","4,498.53",2188,9842777.1,368,2056.0,93.97
2017-07-20,ABBOTINDIA,EQ,"4,500.60","4,510.00","4,617.00","4,500.00","4,538.00","4,543.55","4,528.26",1404,6357672.3,429,762.0,54.27
2017-07-21,ABBOTINDIA,EQ,"4,543.55","4,538.00","4,552.00","4,477.05","4,535.00","4,525.20","4,521.87",3302,14931207.55,706,2824.0,85.52
2017-07-24,ABBOTINDIA,EQ,"4,525.20","4,495.00","4,598.00","4,495.00","4,524.00","4,525.90","4,530.84",1282,5808542.05,406,849.0,66.22
2017-07-25,ABBOTINDIA,EQ,"4,525.90","4,529.00","4,529.00","4,360.00","4,368.00","4,364.50","4,426.73",2450,10845492.15,905,1876.0,76.57
2017-07-26,ABBOTINDIA,EQ,"4,364.50","4,335.10","4,350.00","4,291.30","4,310.00","4,308.50","4,315.37",1890,8156058.7,660,1090.0,57.67
2017-07-27,ABBOTINDIA,EQ,"4,308.50","4,350.00","4,350.00","4,212.00","4,230.00","4,231.30","4,244.76",4711,19997079.65,1765,3073.0,65.23
2017-07-28,ABBOTINDIA,EQ,"4,231.30","4,255.00","4,305.00","4,235.00","4,273.55","4,276.85","4,242.35",9615,40790239.0,399,9378.0,97.54
2017-07-31,ABBOTINDIA,EQ,"4,276.85","4,298.00","4,487.80","4,256.00","4,475.00","4,444.85","4,362.43",4963,21650746.15,1730,3825.0,77.07
2017-08-01,ABBOTINDIA,EQ,"4,444.85","4,405.00","4,450.00","4,380.10","4,390.00","4,392.20","4,392.63",1658,7282979.75,458,1311.0,79.07
2017-08-02,ABBOTINDIA,EQ,"4,392.20","4,392.25","4,475.00","4,360.00","4,450.00","4,430.40","4,413.48",3817,16846251.3,717,2603.0,68.19
2017-08-03,ABBOTINDIA,EQ,"4,430.40","4,385.15","4,419.00","4,361.00","4,361.00","4,374.35","4,390.54",862,3784648.3,199,734.0,85.15
2017-08-04,ABBOTINDIA,EQ,"4,374.35","4,374.35","4,385.00","4,302.05","4,380.00","4,367.65","4,357.62",1966,8567089.05,322,1693.0,86.11
2017-08-07,ABBOTINDIA,EQ,"4,367.65","4,435.15","4,468.90","4,345.00","4,460.00","4,453.05","4,426.66",2059,9114483.2,516,1675.0,81.35
2017-08-08,ABBOTINDIA,EQ,"4,453.05","4,439.95","4,449.00","4,300.00","4,396.00","4,375.50","4,349.63",4154,18068345.8,1246,775.0,18.66
2017-08-09,ABBOTINDIA,EQ,"4,375.50","4,334.00","4,444.00","4,307.40","4,425.00","4,425.25","4,382.61",5057,22162837.35,654,4501.0,89.01
2017-08-10,ABBOTINDIA,EQ,"4,425.25","4,440.00","4,440.00","4,321.00","4,410.00","4,400.30","4,391.08",2659,11675879.2,481,2035.0,76.53
2017-08-11,ABBOTINDIA,EQ,"4,400.30","4,350.00","4,379.95","4,330.05","4,335.00","4,337.20","4,350.84",1085,4720656.25,394,896.0,82.58
2017-08-14,ABBOTINDIA,EQ,"4,337.20","4,301.00","4,401.20","4,301.00","4,318.10","4,317.55","4,324.67",1292,5587474.0,420,1082.0,83.75
2017-08-16,ABBOTINDIA,EQ,"4,317.55","4,310.00","4,397.95","4,310.00","4,331.00","4,336.90","4,343.70",1120,4864943.15,279,910.0,81.25
2017-08-17,ABBOTINDIA,EQ,"4,336.90","4,320.00","4,350.00","4,310.00","4,350.00","4,330.75","4,325.41",3016,13045445.8,358,2822.0,93.57
2017-08-18,ABBOTINDIA,EQ,"4,330.75","4,325.00","4,325.00","4,251.50","4,275.00","4,268.30","4,270.59",2492,10642312.55,463,1705.0,68.42
2017-08-21,ABBOTINDIA,EQ,"4,268.30","4,225.00","4,265.95","4,210.00","4,225.00","4,222.65","4,229.40",2224,9406195.3,308,2029.0,91.23
2017-08-22,ABBOTINDIA,EQ,"4,222.65","4,258.75","4,315.75","4,244.00","4,244.00","4,299.15","4,292.54",7307,31365563.7,724,6455.0,88.34
2017-08-23,ABBOTINDIA,EQ,"4,299.15","4,256.20","4,300.00","4,249.00","4,287.50","4,298.40","4,288.98",783,3358274.75,174,684.0,87.36
2017-08-24,ABBOTINDIA,EQ,"4,298.40","4,255.40","4,322.00","4,255.40","4,322.00","4,306.60","4,300.96",923,3969790.35,290,673.0,72.91
2017-08-28,ABBOTINDIA,EQ,"4,306.60","4,322.00","4,330.00","4,239.00","4,244.00","4,253.80","4,283.73",1603,6866812.55,374,1386.0,86.46
2017-08-29,ABBOTINDIA,EQ,"4,253.80","4,249.00","4,255.90","4,224.00","4,249.90","4,242.75","4,247.67",4030,17118091.4,388,3716.0,92.21
2017-08-30,ABBOTINDIA,EQ,"4,242.75","4,250.00","4,274.90","4,221.05","4,245.00","4,261.00","4,253.51",1083,4606550.25,286,839.0,77.47
2017-08-31,ABBOTINDIA,EQ,"4,261.00","4,280.00","4,280.00","4,156.05","4,175.00","4,173.25","4,191.28",3409,14288076.85,677,2706.0,79.38
2017-09-01,ABBOTINDIA,EQ,"4,173.25","4,199.00","4,212.00","4,175.00","4,175.05","4,177.50","4,190.13",1049,4395447.2,266,856.0,81.6
2017-09-04,ABBOTINDIA,EQ,"4,177.50","4,175.00","4,270.00","4,170.00","4,250.00","4,242.35","4,218.21",4201,17720698.7,738,3257.0,77.53
2017-09-05,ABBOTINDIA,EQ,"4,242.35","4,275.00","4,275.00","4,225.00","4,230.00","4,237.65","4,242.75",849,3602093.15,292,561.0,66.08
2017-09-06,ABBOTINDIA,EQ,"4,237.65","4,225.00","4,230.00","4,195.00","4,200.00","4,210.25","4,218.66",1745,7361560.85,222,1562.0,89.51
2017-09-07,ABBOTINDIA,EQ,"4,210.25","4,210.50","4,239.90","4,190.00","4,239.90","4,230.80","4,214.35",2136,9001858.15,277,1897.0,88.81
2017-09-08,ABBOTINDIA,EQ,"4,230.80","4,231.00","4,245.00","4,185.00","4,199.00","4,187.95","4,206.88",1243,5229156.95,286,908.0,73.05
2017-09-11,ABBOTINDIA,EQ,"4,187.95","4,176.00","4,186.00","4,136.80","4,151.00","4,145.60","4,155.49",2785,11573034.25,639,2316.0,83.16
2017-09-12,ABBOTINDIA,EQ,"4,145.60","4,147.00","4,210.00","4,127.00","4,200.00","4,189.70","4,155.24",7618,31654637.55,778,6444.0,84.59
2017-09-13,ABBOTINDIA,EQ,"4,189.70","4,165.00","4,206.05","4,110.00","4,112.00","4,119.90","4,147.40",2735,11343134.3,630,1911.0,69.87
2017-09-14,ABBOTINDIA,EQ,"4,119.90","4,113.00","4,134.00","4,113.00","4,113.00","4,116.70","4,121.37",525,2163721.8,178,306.0,58.29
2017-09-15,ABBOTINDIA,EQ,"4,116.70","4,120.00","4,160.00","4,115.00","4,151.00","4,157.50","4,140.48",2012,8330643.45,1084,1486.0,73.86
2017-09-18,ABBOTINDIA,EQ,"4,157.50","4,190.00","4,190.00","4,001.00","4,076.00","4,076.05","4,083.90",6441,26304375.9,1564,3780.0,58.69
2017-09-19,ABBOTINDIA,EQ,"4,076.05","4,100.00","4,185.00","4,070.05","4,170.00","4,172.75","4,132.23",2145,8863629.2,678,1668.0,77.76
2017-09-20,ABBOTINDIA,EQ,"4,172.75","4,160.00","4,230.00","4,132.10","4,229.95","4,225.85","4,208.10",2450,10309847.6,556,1966.0,80.24
2017-09-21,ABBOTINDIA,EQ,"4,225.85","4,240.00","4,264.00","4,200.00","4,250.00","4,252.25","4,250.10",1750,7437676.65,401,1495.0,85.43
2017-09-22,ABBOTINDIA,EQ,"4,252.25","4,269.00","4,269.00","4,171.65","4,234.00","4,252.90","4,211.84",57160,240748539.95,1005,55580.0,97.24
2017-09-25,ABBOTINDIA,EQ,"4,252.90","4,224.05","4,234.00","4,105.55","4,200.00","4,188.60","4,170.29",1464,6105297.5,462,812.0,55.46
2017-09-26,ABBOTINDIA,EQ,"4,188.60","4,184.95","4,190.00","4,170.00","4,170.00","4,171.85","4,177.00",284,1186269.25,102,192.0,67.61
2017-09-27,ABBOTINDIA,EQ,"4,171.85","4,179.00","4,179.00","4,115.00","4,154.00","4,135.20","4,145.73",621,2574496.85,235,439.0,70.69
2017-09-28,ABBOTINDIA,EQ,"4,135.20","4,161.05","4,180.00","4,100.00","4,180.00","4,136.35","4,124.13",5538,22839413.2,199,5430.0,98.05
2017-09-29,ABBOTINDIA,EQ,"4,136.35","4,172.45","4,280.00","4,100.00","4,220.00","4,231.05","4,167.53",5468,22788072.85,1208,4166.0,76.19
2017-10-03,ABBOTINDIA,EQ,"4,231.05","4,225.00","4,305.00","4,179.25","4,180.00","4,181.75","4,231.74",1172,4959603.1,380,689.0,58.79
2017-10-04,ABBOTINDIA,EQ,"4,181.75","4,185.00","4,224.95","4,150.00","4,176.90","4,183.55","4,191.10",643,2694877.75,203,520.0,80.87
2017-10-05,ABBOTINDIA,EQ,"4,183.55","4,188.05","4,220.00","4,150.00","4,150.00","4,151.10","4,177.62",687,2870026.1,199,566.0,82.39
2017-10-06,ABBOTINDIA,EQ,"4,151.10","4,205.95","4,217.00","4,150.00","4,150.00","4,161.95","4,164.34",485,2019706.5,159,371.0,76.49
2017-10-09,ABBOTINDIA,EQ,"4,161.95","4,155.00","4,181.95","4,100.00","4,100.00","4,107.25","4,119.34",1603,6603309.75,327,1317.0,82.16
2017-10-10,ABBOTINDIA,EQ,"4,107.25","4,115.00","4,160.00","4,102.00","4,135.00","4,143.60","4,141.48",729,3019138.4,220,547.0,75.03
2017-10-11,ABBOTINDIA,EQ,"4,143.60","4,120.05","4,234.95","4,120.05","4,190.00","4,213.20","4,200.04",2611,10966292.2,432,2415.0,92.49
2017-10-12,ABBOTINDIA,EQ,"4,213.20","4,190.00","4,225.00","4,164.05","4,225.00","4,216.20","4,202.81",1115,4686128.45,381,930.0,83.41
2017-10-13,ABBOTINDIA,EQ,"4,216.20","4,225.00","4,252.00","4,167.05","4,250.00","4,250.15","4,236.41",2638,11175647.9,472,2383.0,90.33
2017-10-16,ABBOTINDIA,EQ,"4,250.15","4,250.00","4,319.80","4,210.00","4,300.00","4,304.70","4,289.71",1869,8017477.0,380,1578.0,84.43
2017-10-17,ABBOTINDIA,EQ,"4,304.70","4,304.00","4,304.00","4,215.05","4,250.00","4,229.05","4,244.22",734,3115255.95,337,357.0,48.64
2017-10-18,ABBOTINDIA,EQ,"4,229.05","4,192.00","4,255.95","4,163.00","4,164.10","4,169.90","4,193.02",759,3182502.0,323,594.0,78.26
2017-10-19,ABBOTINDIA,EQ,"4,169.90","4,151.00","4,263.80","4,151.00","4,250.00","4,234.80","4,232.88",570,2412742.1,121,483.0,84.74
2017-10-23,ABBOTINDIA,EQ,"4,234.80","4,240.00","4,240.00","4,141.50","4,145.20","4,149.75","4,162.70",818,3405087.5,353,456.0,55.75
2017-10-24,ABBOTINDIA,EQ,"4,149.75","4,172.95","4,258.00","4,159.00","4,258.00","4,237.55","4,201.27",1745,7331207.6,465,1502.0,86.07
2017-10-25,ABBOTINDIA,EQ,"4,237.55","4,274.95","4,280.95","4,172.00","4,200.10","4,206.10","4,225.72",10498,44361648.95,256,10346.0,98.55
2017-10-26,ABBOTINDIA,EQ,"4,206.10","4,221.05","4,319.80","4,166.00","4,315.05","4,308.65","4,272.90",1699,7259651.9,570,1347.0,79.28
2017-10-27,ABBOTINDIA,EQ,"4,308.65","4,230.05","4,385.85","4,205.30","4,319.85","4,300.70","4,280.56",3425,14660927.1,1019,1836.0,53.61
2017-10-30,ABBOTINDIA,EQ,"4,300.70","4,320.00","4,325.60","4,210.00","4,219.40","4,248.55","4,304.34",6174,26574989.85,355,5837.0,94.54
2017-10-31,ABBOTINDIA,EQ,"4,248.55","4,211.00","4,250.00","4,210.00","4,242.60","4,231.20","4,230.77",428,1810769.9,164,282.0,65.89
2017-11-01,ABBOTINDIA,EQ,"4,231.20","4,220.00","4,360.00","4,216.00","4,350.00","4,350.80","4,290.32",5624,24128734.7,685,4909.0,87.29
2017-11-02,ABBOTINDIA,EQ,"4,350.80","4,320.10","4,406.55","4,261.50","4,360.00","4,325.20","4,330.05",26380,114226646.1,1086,22147.0,83.95
2017-11-03,ABBOTINDIA,EQ,"4,325.20","4,368.50","4,399.95","4,280.00","4,344.00","4,335.10","4,329.75",1523,6594212.35,369,1197.0,78.59
2017-11-06,ABBOTINDIA,EQ,"4,335.10","4,335.05","4,417.40","4,335.05","4,371.00","4,379.80","4,389.13",2296,10077452.15,804,1833.0,79.83
2017-11-07,ABBOTINDIA,EQ,"4,379.80","4,450.00","4,571.00","4,410.15","4,533.00","4,523.65","4,513.88",13523,61041227.1,1446,11683.0,86.39
2017-11-08,ABBOTINDIA,EQ,"4,523.65","4,500.50","4,590.00","4,421.20","4,500.00","4,495.80","4,526.98",2906,13155389.4,572,1923.0,66.17
2017-11-09,ABBOTINDIA,EQ,"4,495.80","4,560.00","4,560.00","4,420.00","4,500.00","4,478.30","4,461.76",1878,8379186.3,419,1155.0,61.5
2017-11-10,ABBOTINDIA,EQ,"4,478.30","4,515.95","4,533.00","4,435.00","4,520.00","4,511.20","4,491.21",1435,6444880.2,333,1179.0,82.16
2017-11-13,ABBOTINDIA,EQ,"4,511.20","4,595.00","5,413.40","4,595.00","5,062.00","5,048.05","5,165.33",170735,881902940.55,23679,40203.0,23.55
2017-11-14,ABBOTINDIA,EQ,"5,048.05","5,099.80","5,198.95","4,941.25","4,968.00","4,974.60","5,085.87",25611,130254143.95,4066,11956.0,46.68
2017-11-15,ABBOTINDIA,EQ,"4,974.60","5,009.00","5,050.00","4,885.00","4,989.00","4,981.70","4,991.10",20124,100440876.75,3745,12137.0,60.31
2017-11-16,ABBOTINDIA,EQ,"4,981.70","5,025.00","5,039.00","4,844.00","4,860.00","4,866.00","4,898.76",6193,30338040.15,2492,2967.0,47.91
2017-11-17,ABBOTINDIA,EQ,"4,866.00","4,945.00","4,971.95","4,810.05","4,945.00","4,948.20","4,944.72",11370,56221473.35,2341,6111.0,53.75
2017-11-20,ABBOTINDIA,EQ,"4,948.20","4,948.20","5,010.00","4,928.05","4,940.00","4,944.85","4,971.01",6562,32619780.4,1341,4120.0,62.79
2017-11-21,ABBOTINDIA,EQ,"4,944.85","4,945.00","5,007.95","4,945.00","4,998.00","4,990.85","4,988.50",4891,24398769.65,1283,3371.0,68.92
2017-11-22,ABBOTINDIA,EQ,"4,990.85","5,049.00","5,049.00","4,940.00","4,945.00","4,956.35","4,978.99",4465,22231205.0,882,3196.0,71.58
2017-11-23,ABBOTINDIA,EQ,"4,956.35","4,990.00","4,990.00","4,840.00","4,842.00","4,858.70","4,885.81",4900,23940466.0,1214,3012.0,61.47
2017-11-24,ABBOTINDIA,EQ,"4,858.70","4,875.05","4,998.00","4,810.05","4,928.00","4,977.50","4,886.30",5867,28667901.05,1265,3547.0,60.46
2017-11-27,ABBOTINDIA,EQ,"4,977.50","4,990.00","5,095.00","4,960.00","5,035.00","5,046.90","5,036.18",5772,29068810.4,1657,3532.0,61.19
2017-11-28,ABBOTINDIA,EQ,"5,046.90","5,050.00","5,098.85","4,935.10","5,038.00","5,049.35","5,049.89",2789,14084152.65,782,2087.0,74.83
2017-11-29,ABBOTINDIA,EQ,"5,049.35","5,099.80","5,115.00","5,049.00","5,060.00","5,078.50","5,092.05",2309,11757553.7,762,1730.0,74.92
2017-11-30,ABBOTINDIA,EQ,"5,078.50","5,115.75","5,294.00","5,012.05","5,289.00","5,274.25","5,231.63",14913,78019347.05,2431,12406.0,83.19
2017-12-01,ABBOTINDIA,EQ,"5,274.25","5,271.00","5,394.00","5,185.00","5,275.00","5,274.55","5,293.05",10289,54460228.65,1533,8699.0,84.55
2017-12-04,ABBOTINDIA,EQ,"5,274.55","5,285.00","5,576.00","5,274.55","5,530.50","5,513.95","5,456.81",12798,69836195.35,3256,8484.0,66.29
2017-12-05,ABBOTINDIA,EQ,"5,513.95","5,499.00","5,644.95","5,437.00","5,600.00","5,545.95","5,589.81",8676,48497229.55,2061,3731.0,43.0
2017-12-06,ABBOTINDIA,EQ,"5,545.95","5,545.95","5,545.95","5,502.20","5,539.45","5,517.25","5,525.35",2290,12653055.35,1010,1900.0,82.97
2017-12-07,ABBOTINDIA,EQ,"5,517.25","5,525.75","5,640.80","5,467.05","5,600.00","5,591.15","5,571.36",5462,30430766.2,1710,3636.0,66.57
2017-12-08,ABBOTINDIA,EQ,"5,591.15","5,645.00","5,659.00","5,545.65","5,634.00","5,643.20","5,623.07",4213,23690005.95,1355,3249.0,77.12
2017-12-11,ABBOTINDIA,EQ,"5,643.20","5,670.00","5,698.95","5,511.00","5,520.00","5,559.65","5,620.07",6025,33860938.9,1526,5052.0,83.85
2017-12-12,ABBOTINDIA,EQ,"5,559.65","5,613.00","5,613.00","5,420.65","5,440.00","5,449.45","5,487.43",3283,18015217.8,721,2673.0,81.42
2017-12-13,ABBOTINDIA,EQ,"5,449.45","5,411.25","5,600.00","5,411.25","5,495.00","5,513.50","5,534.47",5141,28452685.2,1556,3176.0,61.78
2017-12-14,ABBOTINDIA,EQ,"5,513.50","5,460.05","5,498.95","5,430.30","5,435.00","5,438.60","5,451.17",1590,8667364.5,607,986.0,62.01
2017-12-15,ABBOTINDIA,EQ,"5,438.60","5,470.00","5,499.00","5,385.70","5,400.00","5,436.85","5,455.37",2429,13251105.1,936,1678.0,69.08
2017-12-18,ABBOTINDIA,EQ,"5,436.85","5,440.00","5,449.95","5,351.00","5,362.00","5,402.05","5,400.91",2577,13918145.0,625,1982.0,76.91
2017-12-19,ABBOTINDIA,EQ,"5,402.05","5,357.00","5,456.05","5,357.00","5,400.00","5,411.65","5,402.39",2319,12528140.35,644,1586.0,68.39
2017-12-20,ABBOTINDIA,EQ,"5,411.65","5,488.00","5,578.95","5,425.05","5,570.00","5,544.25","5,536.39",9563,52944525.7,1622,7235.0,75.66
2017-12-21,ABBOTINDIA,EQ,"5,544.25","5,598.00","5,620.40","5,550.00","5,550.00","5,567.20","5,580.90",2533,14136410.95,762,1898.0,74.93
2017-12-22,ABBOTINDIA,EQ,"5,567.20","5,597.70","5,640.00","5,520.00","5,520.00","5,538.00","5,587.61",2053,11471355.95,525,1590.0,77.45
2017-12-26,ABBOTINDIA,EQ,"5,538.00","5,595.00","5,595.00","5,355.00","5,400.00","5,431.20","5,482.97",2835,15544232.2,688,2060.0,72.66
2017-12-27,ABBOTINDIA,EQ,"5,431.20","5,468.70","5,489.20","5,400.00","5,440.00","5,445.50","5,441.01",2527,13749434.7,620,1714.0,67.83
2017-12-28,ABBOTINDIA,EQ,"5,445.50","5,539.00","5,539.00","5,425.05","5,500.00","5,494.80","5,492.60",1498,8227918.4,393,1193.0,79.64
2017-12-29,ABBOTINDIA,EQ,"5,494.80","5,524.00","5,535.00","5,470.00","5,481.05","5,524.95","5,520.53",2104,11615200.9,418,1670.0,79.37
2018-01-01,ABBOTINDIA,EQ,"5,524.95","5,525.00","5,561.05","5,485.25","5,495.00","5,497.75","5,522.91",1527,8433490.7,264,1164.0,76.23
2018-01-02,ABBOTINDIA,EQ,"5,497.75","5,450.00","5,533.95","5,421.20","5,455.00","5,443.55","5,450.18",1578,8600389.4,310,1326.0,84.03
2018-01-03,ABBOTINDIA,EQ,"5,443.55","5,497.95","5,497.95","5,425.00","5,425.00","5,436.25","5,458.21",694,3787996.45,167,525.0,75.65
2018-01-04,ABBOTINDIA,EQ,"5,436.25","5,489.00","5,489.00","5,420.00","5,440.00","5,430.85","5,442.82",887,4827779.4,216,766.0,86.36
2018-01-05,ABBOTINDIA,EQ,"5,430.85","5,450.00","5,450.00","5,353.50","5,412.00","5,383.15","5,398.30",2130,11498378.4,430,1549.0,72.72
2018-01-08,ABBOTINDIA,EQ,"5,383.15","5,400.00","5,400.00","5,334.05","5,335.00","5,340.55","5,360.52",6513,34913055.5,605,5596.0,85.92
2018-01-09,ABBOTINDIA,EQ,"5,340.55","5,340.00","5,352.70","5,285.00","5,290.00","5,296.80","5,313.52",2497,13267866.45,455,1858.0,74.41
2018-01-10,ABBOTINDIA,EQ,"5,296.80","5,325.00","5,334.00","5,247.80","5,247.80","5,263.35","5,284.85",3585,18946175.35,1017,2732.0,76.21
2018-01-11,ABBOTINDIA,EQ,"5,263.35","5,275.00","5,493.50","5,238.85","5,400.00","5,397.40","5,290.52",26582,140632536.45,1482,22290.0,83.85
2018-01-12,ABBOTINDIA,EQ,"5,397.40","5,411.00","5,543.95","5,411.00","5,457.00","5,451.15","5,474.06",5456,29866471.95,1637,3119.0,57.17
2018-01-15,ABBOTINDIA,EQ,"5,451.15","5,451.20","5,521.95","5,335.65","5,370.00","5,382.95","5,440.41",2493,13562930.5,842,1491.0,59.81
2018-01-16,ABBOTINDIA,EQ,"5,382.95","5,383.10","5,439.40","5,370.00","5,414.00","5,400.05","5,400.54",18851,101805551.85,552,18438.0,97.81
2018-01-17,ABBOTINDIA,EQ,"5,400.05","5,420.00","5,550.00","5,360.00","5,452.00","5,463.85","5,448.90",2018,10995877.35,711,1379.0,68.33
2018-01-18,ABBOTINDIA,EQ,"5,463.85","5,475.00","5,539.50","5,390.05","5,400.00","5,435.70","5,489.83",4179,22941981.3,1000,3402.0,81.41
2018-01-19,ABBOTINDIA,EQ,"5,435.70","5,401.05","5,498.75","5,401.05","5,498.75","5,488.10","5,468.06",1699,9290240.0,602,1488.0,87.58
2018-01-22,ABBOTINDIA,EQ,"5,488.10","5,380.00","5,550.00","5,380.00","5,540.00","5,536.90","5,521.27",1660,9165313.3,878,1269.0,76.45
2018-01-23,ABBOTINDIA,EQ,"5,536.90","5,530.00","5,550.00","5,470.00","5,520.00","5,504.35","5,498.50",2000,10997003.45,602,1565.0,78.25
2018-01-24,ABBOTINDIA,EQ,"5,504.35","5,548.00","5,548.00","5,470.00","5,545.00","5,528.55","5,516.56",2035,11226198.2,1080,1661.0,81.62
2018-01-25,ABBOTINDIA,EQ,"5,528.55","5,520.00","5,550.00","5,455.00","5,539.90","5,541.05","5,505.93",1623,8936121.3,519,1235.0,76.09
2018-01-29,ABBOTINDIA,EQ,"5,541.05","5,487.15","5,537.95","5,487.15","5,523.00","5,524.95","5,521.00",1869,10318751.05,399,1511.0,80.85
2018-01-30,ABBOTINDIA,EQ,"5,524.95","5,503.85","5,535.00","5,456.15","5,514.00","5,512.10","5,504.11",1314,7232403.95,394,1104.0,84.02
2018-01-31,ABBOTINDIA,EQ,"5,512.10","5,505.00","5,650.00","5,457.10","5,619.00","5,625.05","5,590.14",6052,33831545.75,1147,4683.0,77.38
2018-02-01,ABBOTINDIA,EQ,"5,625.05","5,570.10","5,625.00","5,510.00","5,550.00","5,554.50","5,549.28",4145,23001766.5,738,3106.0,74.93
2018-02-02,ABBOTINDIA,EQ,"5,554.50","5,499.05","5,599.00","5,464.00","5,520.00","5,534.95","5,521.01",2491,13752836.85,393,2201.0,88.36
2018-02-05,ABBOTINDIA,EQ,"5,534.95","5,520.00","5,530.00","5,352.05","5,400.00","5,394.30","5,442.43",4108,22357517.65,611,3203.0,77.97
2018-02-06,ABBOTINDIA,EQ,"5,394.30","5,342.00","5,363.00","5,239.25","5,261.00","5,250.75","5,263.07",3827,20141765.3,526,3240.0,84.66
2018-02-07,ABBOTINDIA,EQ,"5,250.75","5,298.00","5,378.05","5,261.00","5,349.00","5,355.15","5,323.86",2606,13873970.9,406,2363.0,90.68
2018-02-08,ABBOTINDIA,EQ,"5,355.15","5,349.80","5,507.35","5,349.80","5,475.05","5,463.25","5,469.07",1650,9023961.9,539,1329.0,80.55
2018-02-09,ABBOTINDIA,EQ,"5,463.25","5,730.00","5,730.00","5,310.00","5,575.00","5,604.55","5,549.92",3393,18830876.45,961,2550.0,75.15
2018-02-12,ABBOTINDIA,EQ,"5,604.55","5,650.00","6,159.00","5,520.10","5,855.00","5,886.25","5,885.70",14611,85995909.15,2625,6668.0,45.64
2018-02-14,ABBOTINDIA,EQ,"5,886.25","5,926.00","6,067.00","5,690.00","5,699.95","5,739.15","5,947.22",14699,87418122.95,2808,6299.0,42.85
2018-02-15,ABBOTINDIA,EQ,"5,739.15","5,790.00","5,888.00","5,621.00","5,655.00","5,652.60","5,765.56",3722,21459415.5,1118,2162.0,58.09
2018-02-16,ABBOTINDIA,EQ,"5,652.60","5,734.00","5,750.00","5,470.05","5,550.00","5,518.15","5,659.98",15235,86229752.5,1159,12699.0,83.35
2018-02-19,ABBOTINDIA,EQ,"5,518.15","5,525.05","6,125.00","5,523.00","5,665.00","5,686.15","5,713.10",5863,33495903.7,1854,2871.0,48.97
2018-02-20,ABBOTINDIA,EQ,"5,686.15","5,740.00","5,740.00","5,601.70","5,620.00","5,611.35","5,643.75",1823,10288551.55,716,1262.0,69.23
2018-02-21,ABBOTINDIA,EQ,"5,611.35","5,667.45","5,798.00","5,621.65","5,655.00","5,640.30","5,704.22",4550,25954209.95,998,2176.0,47.82
2018-02-22,ABBOTINDIA,EQ,"5,640.30","5,690.00","5,780.00","5,649.60","5,702.50","5,754.40","5,725.29",5612,32130330.3,1222,4087.0,72.83
2018-02-23,ABBOTINDIA,EQ,"5,754.40","5,760.00","5,834.95","5,700.15","5,834.00","5,811.30","5,771.38",2505,14457302.85,523,1583.0,63.19
2018-02-26,ABBOTINDIA,EQ,"5,811.30","5,812.00","5,846.00","5,726.35","5,756.00","5,799.55","5,792.70",1997,11568020.8,537,1345.0,67.35
2018-02-27,ABBOTINDIA,EQ,"5,799.55","5,761.00","5,875.00","5,761.00","5,870.00","5,857.00","5,842.03",1211,7074702.55,446,896.0,73.99
2018-02-28,ABBOTINDIA,EQ,"5,857.00","5,849.00","5,850.00","5,684.00","5,720.00","5,743.10","5,773.15",2040,11777229.6,545,1408.0,69.02
2018-03-01,ABBOTINDIA,EQ,"5,743.10","5,767.15","5,772.20","5,700.00","5,750.00","5,744.25","5,739.19",1954,11214380.15,796,1435.0,73.44
2018-03-05,ABBOTINDIA,EQ,"5,744.25","5,729.10","5,750.00","5,700.00","5,721.95","5,737.20","5,740.53",2338,13421350.95,1023,1717.0,73.44
2018-03-06,ABBOTINDIA,EQ,"5,737.20","5,717.00","5,769.95","5,677.00","5,727.00","5,712.10","5,710.67",54038,308593186.4,1026,51149.0,94.65
2018-03-07,ABBOTINDIA,EQ,"5,712.10","5,670.05","5,785.00","5,650.50","5,750.00","5,739.35","5,736.63",3074,17634413.0,1398,1926.0,62.65
2018-03-08,ABBOTINDIA,EQ,"5,739.35","5,692.00","5,758.95","5,600.00","5,610.00","5,619.20","5,646.41",1994,11258932.9,522,1362.0,68.3
2018-03-09,ABBOTINDIA,EQ,"5,619.20","5,640.00","5,675.30","5,601.00","5,627.00","5,616.90","5,633.87",586,3301447.95,204,460.0,78.5
2018-03-12,ABBOTINDIA,EQ,"5,616.90","5,665.00","5,700.00","5,622.00","5,636.00","5,651.45","5,665.30",1685,9546028.15,1078,1330.0,78.93
2018-03-13,ABBOTINDIA,EQ,"5,651.45","5,630.10","5,699.65","5,552.30","5,619.50","5,611.30","5,607.93",2163,12129963.2,694,1631.0,75.4
2018-03-14,ABBOTINDIA,EQ,"5,611.30","5,610.00","5,685.00","5,591.90","5,592.00","5,593.15","5,629.75",3285,18493730.9,626,2558.0,77.87
2018-03-15,ABBOTINDIA,EQ,"5,593.15","5,590.00","5,650.00","5,535.00","5,550.15","5,560.30","5,605.43",1867,10465338.15,470,1430.0,76.59
2018-03-16,ABBOTINDIA,EQ,"5,560.30","5,560.00","5,635.00","5,501.00","5,515.00","5,518.20","5,553.79",2503,13901146.65,412,2145.0,85.7
2018-03-19,ABBOTINDIA,EQ,"5,518.20","5,597.00","5,597.00","5,432.50","5,450.00","5,454.10","5,478.71",1979,10842369.25,484,1642.0,82.97
2018-03-20,ABBOTINDIA,EQ,"5,454.10","5,430.00","5,494.95","5,430.00","5,452.00","5,446.50","5,456.69",1358,7410189.75,281,1249.0,91.97
2018-03-21,ABBOTINDIA,EQ,"5,446.50","5,498.95","5,499.05","5,435.00","5,445.90","5,449.55","5,449.66",3485,18992065.65,434,3008.0,86.31
2018-03-22,ABBOTINDIA,EQ,"5,449.55","5,450.00","5,453.85","5,351.10","5,401.00","5,405.60","5,413.96",2294,12419630.85,398,1938.0,84.48
2018-03-23,ABBOTINDIA,EQ,"5,405.60","5,406.00","5,414.95","5,252.15","5,350.00","5,365.55","5,357.62",2795,14974548.6,763,2085.0,74.6
2018-03-26,ABBOTINDIA,EQ,"5,365.55","5,380.00","5,400.00","5,275.10","5,399.95","5,369.35","5,364.65",2862,15353631.9,476,2323.0,81.17
2018-03-27,ABBOTINDIA,EQ,"5,369.35","5,355.00","5,415.15","5,330.05","5,390.00","5,363.45","5,359.86",3794,20335300.9,1802,3106.0,81.87
2018-03-28,ABBOTINDIA,EQ,"5,363.45","5,365.00","5,470.70","5,305.20","5,470.00","5,452.95","5,427.26",1715,9307751.3,645,1222.0,71.25
2018-04-02,ABBOTINDIA,EQ,"5,452.95","5,450.00","5,517.00","5,429.75","5,507.50","5,490.80","5,490.60",888,4875653.5,283,558.0,62.84
2018-04-03,ABBOTINDIA,EQ,"5,490.80","5,525.00","5,629.95","5,480.00","5,629.95","5,617.90","5,581.63",1553,8668275.85,426,1062.0,68.38
2018-04-04,ABBOTINDIA,EQ,"5,617.90","5,674.00","5,884.00","5,600.00","5,601.00","5,624.50","5,776.74",12475,72064803.0,1394,9232.0,74.0
2018-04-05,ABBOTINDIA,EQ,"5,624.50","5,600.00","5,748.00","5,600.00","5,721.00","5,712.85","5,712.12",813,4643955.05,288,455.0,55.97
2018-04-06,ABBOTINDIA,EQ,"5,712.85","5,710.95","5,740.00","5,658.00","5,700.00","5,712.10","5,710.92",601,3432264.9,234,458.0,76.21
2018-04-09,ABBOTINDIA,EQ,"5,712.10","5,794.95","5,794.95","5,700.00","5,731.10","5,749.20","5,748.03",1125,6466532.45,319,928.0,82.49
2018-04-10,ABBOTINDIA,EQ,"5,749.20","5,731.05","5,798.00","5,730.00","5,750.00","5,750.45","5,755.21",1285,7395439.05,185,1160.0,90.27
2018-04-11,ABBOTINDIA,EQ,"5,750.45","5,751.00","5,827.95","5,745.00","5,800.00","5,813.20","5,794.78",2311,13391741.45,415,1892.0,81.87
2018-04-12,ABBOTINDIA,EQ,"5,813.20","5,819.00","6,144.95","5,773.00","6,100.00","6,071.45","6,009.87",10453,62821132.35,2093,6102.0,58.38
2018-04-13,ABBOTINDIA,EQ,"6,071.45","5,960.00","6,632.05","5,960.00","6,370.00","6,484.15","6,345.61",35390,224571044.1,4681,20319.0,57.41
2018-04-16,ABBOTINDIA,EQ,"6,484.15","6,361.00","6,690.00","6,351.00","6,413.20","6,444.10","6,527.65",11506,75107109.45,2681,6400.0,55.62
2018-04-17,ABBOTINDIA,EQ,"6,444.10","6,413.20","6,500.00","6,235.00","6,290.95","6,293.10","6,328.79",9950,62971488.4,1818,5868.0,58.97
2018-04-18,ABBOTINDIA,EQ,"6,293.10","6,375.00","6,385.00","6,140.05","6,170.00","6,171.75","6,227.82",3860,24039375.95,870,2601.0,67.38
2018-04-19,ABBOTINDIA,EQ,"6,171.75","6,176.00","6,300.00","6,138.95","6,200.00","6,184.05","6,202.90",7800,48382648.7,1120,6315.0,80.96
2018-04-20,ABBOTINDIA,EQ,"6,184.05","6,201.10","6,201.10","6,125.00","6,146.00","6,150.00","6,153.84",6057,37273800.7,1063,5496.0,90.74
2018-04-23,ABBOTINDIA,EQ,"6,150.00","6,100.05","6,209.00","6,100.05","6,130.00","6,158.15","6,193.44",19291,119477592.05,891,17482.0,90.62
2018-04-24,ABBOTINDIA,EQ,"6,158.15","6,130.00","6,280.00","6,130.00","6,172.00","6,224.20","6,230.75",3964,24698686.8,1003,2602.0,65.64
2018-04-25,ABBOTINDIA,EQ,"6,224.20","6,194.00","6,271.95","6,136.40","6,142.80","6,158.95","6,213.88",5327,33101312.5,1140,4137.0,77.66
2018-04-26,ABBOTINDIA,EQ,"6,158.95","6,230.00","6,230.00","6,098.15","6,099.00","6,100.40","6,148.20",2020,12419362.4,532,1681.0,83.22
2018-04-27,ABBOTINDIA,EQ,"6,100.40","6,148.60","6,187.95","6,091.85","6,187.00","6,157.75","6,122.17",22049,134987726.2,661,21451.0,97.29
2018-04-30,ABBOTINDIA,EQ,"6,157.75","6,140.00","6,259.40","6,140.00","6,199.00","6,179.65","6,200.60",4816,29862102.9,993,3248.0,67.44
2018-05-02,ABBOTINDIA,EQ,"6,179.65","6,170.00","6,231.90","6,140.00","6,150.00","6,153.95","6,158.90",4625,28484907.0,2359,4214.0,91.11
2018-05-03,ABBOTINDIA,EQ,"6,153.95","6,061.00","6,490.00","6,061.00","6,275.00","6,293.15","6,232.84",27064,168685533.1,3630,20447.0,75.55
2018-05-04,ABBOTINDIA,EQ,"6,293.15","6,339.90","6,400.00","6,235.35","6,241.00","6,269.65","6,304.83",4570,28813074.05,1428,2557.0,55.95
2018-05-07,ABBOTINDIA,EQ,"6,269.65","6,270.00","6,315.00","6,241.00","6,280.15","6,272.90","6,291.52",3937,24769709.65,911,3402.0,86.41
2018-05-08,ABBOTINDIA,EQ,"6,272.90","6,344.00","6,344.00","6,230.00","6,314.60","6,284.60","6,285.02",1295,8139103.9,344,1003.0,77.45
2018-05-09,ABBOTINDIA,EQ,"6,284.60","6,250.10","6,350.00","6,227.60","6,250.00","6,299.70","6,285.44",13919,87487016.35,1433,11652.0,83.71
2018-05-10,ABBOTINDIA,EQ,"6,299.70","6,338.95","6,384.00","6,200.00","6,232.80","6,254.10","6,300.77",8278,52157738.65,1263,6767.0,81.75
2018-05-11,ABBOTINDIA,EQ,"6,254.10","6,175.10","6,379.00","6,175.10","6,320.00","6,341.20","6,315.83",8898,56198295.65,3759,6623.0,74.43
2018-05-14,ABBOTINDIA,EQ,"6,341.20","6,383.95","6,564.00","6,350.00","6,536.00","6,533.20","6,508.14",7334,47730694.25,1792,3537.0,48.23
2018-05-15,ABBOTINDIA,EQ,"6,533.20","6,468.00","7,338.00","6,399.00","6,623.95","6,599.85","6,801.73",67966,462286287.0,18680,39020.0,57.41
2018-05-16,ABBOTINDIA,EQ,"6,599.85","6,665.85","6,900.25","6,654.45","6,745.00","6,792.40","6,803.16",15963,108598779.85,3583,10301.0,64.53
2018-05-17,ABBOTINDIA,EQ,"6,792.40","6,790.00","6,890.00","6,701.00","6,799.90","6,752.65","6,793.38",8941,60739642.05,1389,5081.0,56.83
2018-05-18,ABBOTINDIA,EQ,"6,752.65","6,813.45","6,839.05","6,650.00","6,700.00","6,727.85","6,727.92",3959,26635817.8,890,2980.0,75.27
2018-05-21,ABBOTINDIA,EQ,"6,727.85","6,847.00","6,847.00","6,555.25","6,581.00","6,606.60","6,660.51",5243,34921033.45,2223,3289.0,62.73
2018-05-22,ABBOTINDIA,EQ,"6,606.60","6,659.00","6,659.00","6,521.00","6,551.10","6,563.60","6,569.86",1321,8678784.7,368,953.0,72.14
2018-05-23,ABBOTINDIA,EQ,"6,563.60","6,560.00","6,674.85","6,510.00","6,555.00","6,587.45","6,566.88",3283,21559077.6,990,2207.0,67.23
2018-05-24,ABBOTINDIA,EQ,"6,587.45","6,587.00","6,756.00","6,523.40","6,675.00","6,671.70","6,681.64",11235,75068224.5,4523,6665.0,59.32
2018-05-25,ABBOTINDIA,EQ,"6,671.70","6,671.00","6,737.00","6,580.05","6,600.00","6,598.85","6,612.23",8692,57473470.25,3941,4955.0,57.01
2018-05-28,ABBOTINDIA,EQ,"6,598.85","6,650.00","6,796.00","6,600.05","6,750.00","6,773.65","6,747.27",8071,54457203.55,4278,5910.0,73.23
2018-05-29,ABBOTINDIA,EQ,"6,773.65","6,740.00","6,767.00","6,655.05","6,698.00","6,686.10","6,709.51",2143,14378479.7,1136,1430.0,66.73
2018-05-30,ABBOTINDIA,EQ,"6,686.10","6,763.90","6,763.90","6,650.00","6,740.00","6,736.85","6,712.30",8971,60216077.65,4415,5290.0,58.97
2018-05-31,ABBOTINDIA,EQ,"6,736.85","6,760.00","6,810.00","6,651.00","6,651.00","6,674.35","6,716.10",5992,40242845.55,3360,3582.0,59.78
2018-06-01,ABBOTINDIA,EQ,"6,674.35","6,749.00","6,749.00","6,490.00","6,641.00","6,664.20","6,572.75",13176,86602592.1,1852,7579.0,57.52
2018-06-04,ABBOTINDIA,EQ,"6,664.20","6,729.00","6,799.00","6,500.00","6,510.00","6,521.70","6,577.82",2563,16858940.55,992,1261.0,49.2
2018-06-05,ABBOTINDIA,EQ,"6,521.70","6,521.70","6,598.60","6,330.05","6,350.00","6,357.25","6,400.85",2717,17391105.6,729,1888.0,69.49
2018-06-06,ABBOTINDIA,EQ,"6,357.25","6,357.00","6,485.85","6,238.15","6,449.95","6,441.50","6,330.83",4320,27349179.3,1217,2476.0,57.31
2018-06-07,ABBOTINDIA,EQ,"6,441.50","6,370.60","6,449.00","6,349.95","6,352.00","6,394.35","6,403.45",2378,15227412.05,593,1728.0,72.67
2018-06-08,ABBOTINDIA,EQ,"6,394.35","6,420.00","6,420.00","6,322.00","6,375.00","6,365.40","6,377.00",58340,372034456.05,1594,51811.0,88.81
2018-06-11,ABBOTINDIA,EQ,"6,365.40","6,420.00","6,420.00","6,326.95","6,350.00","6,351.00","6,359.04",10523,66916153.9,1469,6421.0,61.02
2018-06-12,ABBOTINDIA,EQ,"6,351.00","6,415.00","6,415.00","6,320.00","6,340.00","6,360.10","6,371.61",3005,19146697.3,571,1978.0,65.82
2018-06-13,ABBOTINDIA,EQ,"6,360.10","6,379.95","6,400.00","6,322.00","6,360.00","6,340.10","6,369.75",4170,26561859.75,624,2987.0,71.63
2018-06-14,ABBOTINDIA,EQ,"6,340.10","6,342.00","6,485.00","6,342.00","6,450.00","6,452.65","6,437.97",2863,18431894.8,532,1942.0,67.83
2018-06-15,ABBOTINDIA,EQ,"6,452.65","6,514.50","6,550.00","6,426.00","6,475.00","6,519.65","6,474.22",5227,33840730.95,738,3160.0,60.46
2018-06-18,ABBOTINDIA,EQ,"6,519.65","6,525.00","6,760.05","6,472.05","6,725.00","6,707.50","6,616.90",4793,31714786.0,939,3183.0,66.41
2018-06-19,ABBOTINDIA,EQ,"6,707.50","6,730.00","6,974.40","6,666.25","6,941.00","6,943.00","6,897.03",10227,70535877.55,2027,5838.0,57.08
2018-06-20,ABBOTINDIA,EQ,"6,943.00","6,974.95","7,293.00","6,952.05","7,150.00","7,178.05","7,172.63",19960,143165759.4,3555,12292.0,61.58
2018-06-21,ABBOTINDIA,EQ,"7,178.05","7,178.05","7,359.00","7,178.05","7,270.00","7,303.20","7,290.30",9237,67340505.85,1574,6208.0,67.21
2018-06-22,ABBOTINDIA,EQ,"7,303.20","7,300.00","7,448.00","7,275.95","7,400.00","7,423.30","7,394.14",6583,48675644.65,1589,2878.0,43.72
2018-06-25,ABBOTINDIA,EQ,"7,423.30","7,451.00","7,760.00","7,451.00","7,643.50","7,643.25","7,662.07",24283,186058005.95,4040,14150.0,58.27
2018-06-26,ABBOTINDIA,EQ,"7,643.25","7,680.00","7,850.00","7,450.00","7,470.20","7,477.15","7,601.83",12496,94992504.5,2451,6443.0,51.56
2018-06-27,ABBOTINDIA,EQ,"7,477.15","7,490.00","7,537.00","7,106.00","7,199.95","7,174.00","7,263.05",9112,66180951.75,2214,4585.0,50.32
2018-06-28,ABBOTINDIA,EQ,"7,174.00","7,180.00","7,379.00","7,020.50","7,300.00","7,305.90","7,233.43",13024,94208173.65,3185,7584.0,58.23
2018-06-29,ABBOTINDIA,EQ,"7,305.90","7,400.00","7,470.00","7,135.00","7,199.00","7,238.20","7,263.53",7985,57999250.85,2724,3235.0,40.51
2018-07-02,ABBOTINDIA,EQ,"7,238.20","7,239.00","7,296.15","7,140.00","7,143.05","7,156.65","7,180.72",2715,19495659.8,1125,1541.0,56.76
2018-07-03,ABBOTINDIA,EQ,"7,156.65","7,135.00","7,198.95","7,037.05","7,060.00","7,091.60","7,088.55",3270,23179547.05,1050,1796.0,54.92
2018-07-04,ABBOTINDIA,EQ,"7,091.60","7,147.75","7,190.00","7,104.80","7,150.00","7,146.85","7,147.07",8039,57455318.8,1118,5871.0,73.03
2018-07-05,ABBOTINDIA,EQ,"7,146.85","7,169.95","7,189.00","7,136.10","7,159.75","7,169.30","7,167.58",2425,17381385.8,386,1719.0,70.89
2018-07-06,ABBOTINDIA,EQ,"7,169.30","7,223.95","7,223.95","7,135.00","7,180.00","7,172.45","7,158.78",6671,47756235.15,1515,4584.0,68.72
2018-07-09,ABBOTINDIA,EQ,"7,172.45","7,280.00","7,280.00","7,140.05","7,166.65","7,152.00","7,193.28",13036,93771600.4,1181,10594.0,81.27
2018-07-10,ABBOTINDIA,EQ,"7,152.00","7,171.95","7,171.95","7,065.10","7,090.00","7,090.90","7,109.89",10200,72520873.8,1067,8543.0,83.75
2018-07-11,ABBOTINDIA,EQ,"7,090.90","7,090.00","7,150.00","7,030.00","7,040.00","7,046.40","7,068.67",4949,34982871.25,784,3445.0,69.61
2018-07-12,ABBOTINDIA,EQ,"7,046.40","7,050.00","7,225.00","7,005.05","7,100.00","7,131.95","7,133.76",4163,29697856.6,1026,2081.0,49.99
2018-07-13,ABBOTINDIA,EQ,"7,131.95","7,130.00","7,197.65","7,090.05","7,108.00","7,100.30","7,109.27",7461,53042284.2,744,5877.0,78.77
2018-07-16,ABBOTINDIA,EQ,"7,100.30","7,153.80","7,154.20","7,030.05","7,100.00","7,101.05","7,088.81",2572,18232413.9,584,2001.0,77.8
2018-07-17,ABBOTINDIA,EQ,"7,101.05","7,149.00","7,149.00","7,031.05","7,050.00","7,058.25","7,060.69",3466,24472363.3,896,2294.0,66.19
2018-07-18,ABBOTINDIA,EQ,"7,058.25","7,121.45","7,347.95","7,030.05","7,155.00","7,209.30","7,167.64",7607,54524214.85,1942,3407.0,44.79
2018-07-19,ABBOTINDIA,EQ,"7,209.30","7,209.30","7,316.00","7,100.00","7,274.00","7,266.20","7,242.22",4472,32387224.4,2007,2698.0,60.33
2018-07-20,ABBOTINDIA,EQ,"7,266.20","7,286.00","7,348.75","7,193.60","7,325.00","7,311.95","7,287.83",3185,23211751.7,813,2073.0,65.09
2018-07-23,ABBOTINDIA,EQ,"7,311.95","7,350.00","7,757.30","7,350.00","7,427.00","7,487.00","7,638.36",23515,179615952.5,2481,17657.0,75.09
2018-07-24,ABBOTINDIA,EQ,"7,487.00","7,487.00","7,550.00","7,260.00","7,308.00","7,303.05","7,347.51",8918,65525083.0,3757,5681.0,63.7
2018-07-25,ABBOTINDIA,EQ,"7,303.05","7,325.00","7,414.00","7,250.00","7,410.00","7,374.65","7,336.80",4984,36566625.3,1340,3189.0,63.98
2018-07-26,ABBOTINDIA,EQ,"7,374.65","7,374.00","7,698.00","7,305.00","7,600.00","7,638.30","7,558.53",7908,59772837.0,1532,4819.0,60.94
2018-07-27,ABBOTINDIA,EQ,"7,638.30","7,638.00","7,729.90","7,518.00","7,575.85","7,612.55","7,609.66",16184,123154774.9,2417,13174.0,81.4
2018-07-30,ABBOTINDIA,EQ,"7,612.55","7,551.00","7,723.95","7,450.00","7,700.00","7,686.25","7,565.93",5342,40417215.4,1518,3859.0,72.24
2018-07-31,ABBOTINDIA,EQ,"7,686.25","7,601.00","7,830.00","7,601.00","7,655.10","7,666.80","7,715.92",6579,50763019.35,2224,3808.0,57.88
2018-08-01,ABBOTINDIA,EQ,"7,666.80","7,666.80","7,815.00","7,615.05","7,625.50","7,666.55","7,739.22",3826,29610252.2,951,2393.0,62.55
2018-08-02,ABBOTINDIA,EQ,"7,666.55","7,699.90","7,950.10","7,667.00","7,905.00","7,922.90","7,874.10",8746,68866888.3,1697,4829.0,55.21
2018-08-03,ABBOTINDIA,EQ,"7,922.90","7,999.95","8,198.00","7,942.05","8,066.00","8,071.00","8,112.22",20740,168247428.9,3675,10494.0,50.6
2018-08-06,ABBOTINDIA,EQ,"8,071.00","8,100.00","8,200.00","8,019.70","8,135.00","8,116.25","8,095.20",5411,43803142.45,1138,3731.0,68.95
2018-08-07,ABBOTINDIA,EQ,"8,116.25","8,117.00","8,125.25","7,950.00","8,028.90","8,037.75","8,007.02",5126,41043967.75,1962,3284.0,64.07
2018-08-08,ABBOTINDIA,EQ,"8,037.75","8,037.75","8,100.15","8,010.00","8,050.00","8,042.35","8,049.77",4019,32352010.95,869,2638.0,65.64
2018-08-09,ABBOTINDIA,EQ,"8,042.35","8,000.00","8,088.00","7,825.10","7,841.05","7,919.30","7,992.84",8591,68666485.85,1524,6518.0,75.87
2018-08-10,ABBOTINDIA,EQ,"7,919.30","7,920.00","8,014.75","7,810.05","7,960.00","7,996.55","7,959.38",5212,41484309.2,995,3602.0,69.11
2018-08-13,ABBOTINDIA,EQ,"7,996.55","8,149.90","8,149.90","7,850.00","7,850.00","7,891.50","7,976.52",11125,88738806.5,2665,7974.0,71.68
2018-08-14,ABBOTINDIA,EQ,"7,891.50","7,825.50","7,888.00","7,600.00","7,650.00","7,634.90","7,731.60",17110,132287697.45,2913,12354.0,72.2
2018-08-16,ABBOTINDIA,EQ,"7,634.90","7,560.00","7,718.50","7,506.00","7,550.00","7,547.80","7,600.48",19528,148422267.9,2417,14895.0,76.28
2018-08-17,ABBOTINDIA,EQ,"7,547.80","7,550.00","7,798.00","7,549.00","7,788.95","7,764.75","7,710.09",4807,37062383.75,1347,2795.0,58.14
2018-08-20,ABBOTINDIA,EQ,"7,764.75","7,789.00","7,944.00","7,715.05","7,935.00","7,909.50","7,876.18",6255,49265475.0,1381,3842.0,61.42
2018-08-21,ABBOTINDIA,EQ,"7,909.50","7,909.00","8,000.00","7,766.20","7,800.00","7,796.45","7,888.48",7621,60118139.05,1384,5154.0,67.63
2018-08-23,ABBOTINDIA,EQ,"7,796.45","7,850.00","7,858.85","7,600.00","7,665.00","7,656.40","7,672.38",8274,63481242.85,1774,5299.0,64.04
2018-08-24,ABBOTINDIA,EQ,"7,656.40","7,650.00","7,740.00","7,514.00","7,570.00","7,599.05","7,600.46",16270,123659521.8,2696,11422.0,70.2
2018-08-27,ABBOTINDIA,EQ,"7,599.05","7,677.80","7,955.00","7,613.05","7,877.00","7,885.85","7,821.15",19898,155625276.3,3255,13038.0,65.52
2018-08-28,ABBOTINDIA,EQ,"7,885.85","7,963.30","8,058.15","7,900.00","7,910.00","7,962.50","7,981.25",45443,362691797.4,3229,36688.0,80.73
2018-08-29,ABBOTINDIA,EQ,"7,962.50","7,920.00","8,014.95","7,803.00","7,805.05","7,854.20","7,944.51",11094,88136344.95,1575,7628.0,68.76
2018-08-30,ABBOTINDIA,EQ,"7,854.20","7,854.00","8,009.00","7,854.00","7,999.00","7,956.90","7,945.08",19415,154253656.5,3122,13485.0,69.46
2018-08-31,ABBOTINDIA,EQ,"7,956.90","8,012.00","8,699.00","7,981.00","8,270.00","8,330.75","8,291.54",54263,449923926.2,7669,32039.0,59.04
2018-09-03,ABBOTINDIA,EQ,"8,330.75","8,399.00","8,684.00","8,331.05","8,350.00","8,387.75","8,543.35",40370,344895007.35,4857,28184.0,69.81
2018-09-04,ABBOTINDIA,EQ,"8,387.75","8,386.50","8,444.00","8,061.00","8,360.05","8,334.80","8,273.25",11246,93041010.3,2748,5008.0,44.53
2018-09-05,ABBOTINDIA,EQ,"8,334.80","8,331.00","8,398.00","8,161.25","8,269.50","8,299.45","8,284.64",15728,130300888.7,2702,10912.0,69.38
2018-09-06,ABBOTINDIA,EQ,"8,299.45","8,298.00","8,540.10","8,162.30","8,475.05","8,490.85","8,409.08",12700,106795277.95,2670,7617.0,59.98
2018-09-07,ABBOTINDIA,EQ,"8,490.85","8,490.00","8,586.40","8,312.15","8,450.00","8,424.15","8,470.38",12497,105854363.55,1561,8345.0,66.78
2018-09-10,ABBOTINDIA,EQ,"8,424.15","8,424.00","8,820.05","8,418.35","8,643.50","8,593.35","8,663.72",24752,214444429.7,3862,15242.0,61.58
2018-09-11,ABBOTINDIA,EQ,"8,593.35","8,670.00","8,729.10","8,370.00","8,488.85","8,428.30","8,522.90",9988,85126753.35,2112,5773.0,57.8
2018-09-12,ABBOTINDIA,EQ,"8,428.30","8,360.00","8,500.00","8,163.05","8,412.75","8,449.45","8,337.18",12706,105932212.4,3343,6340.0,49.9
2018-09-14,ABBOTINDIA,EQ,"8,449.45","8,502.00","8,509.90","8,352.00","8,389.95","8,388.10","8,441.94",8500,71756504.4,3592,4668.0,54.92
2018-09-17,ABBOTINDIA,EQ,"8,388.10","8,280.15","8,483.95","8,280.15","8,352.00","8,441.75","8,424.26",4526,38128218.85,1086,2594.0,57.31
2018-09-18,ABBOTINDIA,EQ,"8,441.75","8,439.95","8,480.00","8,350.00","8,365.20","8,444.55","8,417.57",4432,37306676.65,1573,2682.0,60.51
2018-09-19,ABBOTINDIA,EQ,"8,444.55","8,459.95","8,487.95","8,300.00","8,319.95","8,379.45","8,419.32",4144,34889680.6,1015,2546.0,61.44
2018-09-21,ABBOTINDIA,EQ,"8,379.45","8,400.00","8,400.00","7,611.00","8,250.00","8,240.50","8,202.63",18632,152831417.6,6926,11408.0,61.23
2018-09-24,ABBOTINDIA,EQ,"8,240.50","8,200.20","8,225.05","7,810.00","8,055.00","8,136.70","8,005.05",13866,110997991.0,4314,7542.0,54.39
2018-09-25,ABBOTINDIA,EQ,"8,136.70","8,100.00","8,150.05","8,055.15","8,100.00","8,102.75","8,105.62",10356,83941750.95,4365,6490.0,62.67
2018-09-26,ABBOTINDIA,EQ,"8,102.75","8,168.00","8,200.00","7,864.45","7,900.00","7,934.95","8,015.98",7160,57394426.05,2212,3198.0,44.66
2018-09-27,ABBOTINDIA,EQ,"7,934.95","7,900.00","7,920.00","7,720.00","7,760.00","7,808.30","7,820.53",9584,74951952.65,4608,5542.0,57.83
2018-09-28,ABBOTINDIA,EQ,"7,808.30","7,808.00","7,836.00","7,626.00","7,751.10","7,773.55","7,760.56",14459,112209954.65,5053,9669.0,66.87
2018-10-01,ABBOTINDIA,EQ,"7,773.55","7,780.10","7,879.90","7,600.05","7,630.00","7,640.85","7,673.24",9645,74008427.7,1953,6892.0,71.46
2018-10-03,ABBOTINDIA,EQ,"7,640.85","7,700.00","7,739.25","7,550.00","7,600.45","7,592.55","7,631.68",3217,24551123.3,1208,2063.0,64.13
2018-10-04,ABBOTINDIA,EQ,"7,592.55","7,535.15","7,535.15","7,200.00","7,278.00","7,330.95","7,366.70",9050,66668639.8,2877,5217.0,57.65
2018-10-05,ABBOTINDIA,EQ,"7,330.95","7,305.00","7,376.00","7,206.15","7,310.00","7,317.45","7,326.80",7647,56028014.6,2131,5575.0,72.9
2018-10-08,ABBOTINDIA,EQ,"7,317.45","7,317.00","7,347.50","7,112.50","7,290.00","7,249.80","7,205.89",8308,59866508.95,1395,5172.0,62.25
2018-10-09,ABBOTINDIA,EQ,"7,249.80","7,254.00","7,290.05","7,125.00","7,185.00","7,162.40","7,199.12",4461,32115293.05,530,3121.0,69.96
2018-10-10,ABBOTINDIA,EQ,"7,162.40","7,182.90","7,340.00","7,182.90","7,340.00","7,325.20","7,297.91",5972,43583103.0,1256,3844.0,64.37
2018-10-11,ABBOTINDIA,EQ,"7,325.20","7,288.00","7,300.00","7,101.20","7,260.00","7,231.70","7,211.41",6483,46751597.6,1567,3972.0,61.27
2018-10-12,ABBOTINDIA,EQ,"7,231.70","7,440.00","7,570.00","7,280.30","7,485.00","7,485.20","7,460.27",7067,52721741.3,2003,3940.0,55.75
2018-10-15,ABBOTINDIA,EQ,"7,485.20","7,598.50","7,598.50","7,399.95","7,410.00","7,429.60","7,473.21",4471,33412700.6,1143,3089.0,69.09
2018-10-16,ABBOTINDIA,EQ,"7,429.60","7,496.95","7,499.80","7,385.60","7,402.05","7,408.75","7,421.44",5933,44031412.7,1226,4633.0,78.09
2018-10-17,ABBOTINDIA,EQ,"7,408.75","7,488.80","7,488.80","7,200.00","7,300.00","7,293.85","7,323.66",3226,23626129.5,847,1697.0,52.6
2018-10-19,ABBOTINDIA,EQ,"7,293.85","7,193.95","7,394.00","7,193.95","7,195.00","7,224.95","7,276.06",3531,25691762.35,697,2371.0,67.15
2018-10-22,ABBOTINDIA,EQ,"7,224.95","7,225.20","7,232.75","7,175.50","7,185.00","7,184.95","7,189.94",1281,9210316.95,472,742.0,57.92
2018-10-23,ABBOTINDIA,EQ,"7,184.95","7,200.25","7,249.05","7,036.55","7,089.00","7,069.20","7,116.38",2469,17570350.1,792,1706.0,69.1
2018-10-24,ABBOTINDIA,EQ,"7,069.20","7,090.00","7,151.45","6,900.00","7,124.00","7,067.40","7,013.99",3700,25951774.4,1197,2487.0,67.22
2018-10-25,ABBOTINDIA,EQ,"7,067.40","7,065.05","7,108.00","6,917.00","7,108.00","7,039.85","6,987.82",1866,13039273.3,500,1074.0,57.56
2018-10-26,ABBOTINDIA,EQ,"7,039.85","7,007.30","7,030.00","6,900.00","6,900.00","6,917.90","6,949.65",4304,29911290.05,839,2803.0,65.13
2018-10-29,ABBOTINDIA,EQ,"6,917.90","6,950.05","7,214.50","6,930.05","7,200.00","7,110.05","7,040.11",2752,19374379.75,698,1785.0,64.86
2018-10-30,ABBOTINDIA,EQ,"7,110.05","7,141.35","7,226.30","7,010.60","7,116.00","7,141.70","7,139.43",1857,13257923.2,687,878.0,47.28
2018-10-31,ABBOTINDIA,EQ,"7,141.70","7,150.05","7,690.00","7,100.00","7,625.00","7,568.70","7,394.35",6043,44684081.75,2070,2961.0,49.0
2018-11-01,ABBOTINDIA,EQ,"7,568.70","7,574.20","7,749.00","7,548.80","7,600.00","7,592.65","7,678.91",4823,37035394.0,1331,2643.0,54.8
2018-11-02,ABBOTINDIA,EQ,"7,592.65","7,592.65","7,988.00","7,496.00","7,500.00","7,609.30","7,679.60",4862,37338210.25,1258,3278.0,67.42
2018-11-05,ABBOTINDIA,EQ,"7,609.30","7,600.00","7,700.00","7,533.15","7,580.00","7,600.80","7,648.56",2663,20368107.65,1122,1653.0,62.07
2018-11-06,ABBOTINDIA,EQ,"7,600.80","7,552.00","7,659.00","7,501.00","7,514.00","7,532.40","7,577.74",856,6486547.0,287,575.0,67.17
2018-11-07,ABBOTINDIA,EQ,"7,532.40","7,624.15","7,639.95","7,499.95","7,515.00","7,537.15","7,547.16",1828,13796208.0,374,1402.0,76.7
2018-11-09,ABBOTINDIA,EQ,"7,537.15","7,600.00","7,600.00","7,470.00","7,515.05","7,524.10","7,548.53",5212,39342943.85,416,4590.0,88.07
2018-11-12,ABBOTINDIA,EQ,"7,524.10","7,524.05","7,577.45","7,450.00","7,487.95","7,469.15","7,496.21",1338,10029935.3,419,998.0,74.59
2018-11-13,ABBOTINDIA,EQ,"7,469.15","7,469.00","7,560.00","7,469.00","7,512.05","7,517.80","7,513.27",1722,12937847.6,460,1037.0,60.22
2018-11-14,ABBOTINDIA,EQ,"7,517.80","7,560.00","7,617.00","7,392.00","7,616.95","7,601.40","7,514.36",9966,74888104.2,1236,4984.0,50.01
2018-11-15,ABBOTINDIA,EQ,"7,601.40","7,574.05","7,650.00","7,516.05","7,613.85","7,606.90","7,598.22",7324,55649371.05,755,4534.0,61.91
2018-11-16,ABBOTINDIA,EQ,"7,606.90","7,600.05","7,650.00","7,521.20","7,605.05","7,631.70","7,583.18",6334,48031854.7,1291,3720.0,58.73
2018-11-19,ABBOTINDIA,EQ,"7,631.70","7,667.95","7,700.00","7,551.25","7,650.00","7,630.55","7,609.62",1610,12251482.35,454,1101.0,68.39
2018-11-20,ABBOTINDIA,EQ,"7,630.55","7,600.00","7,691.00","7,516.05","7,656.00","7,619.70","7,598.24",3118,23691301.85,1457,1953.0,62.64
2018-11-21,ABBOTINDIA,EQ,"7,619.70","7,599.95","7,600.00","7,526.25","7,529.00","7,542.80","7,564.16",2540,19212960.95,505,1405.0,55.31
2018-11-22,ABBOTINDIA,EQ,"7,542.80","7,579.95","7,585.00","7,270.20","7,350.00","7,362.75","7,415.54",4344,32213112.15,833,2137.0,49.19
2018-11-26,ABBOTINDIA,EQ,"7,362.75","7,383.60","7,401.75","7,245.25","7,250.00","7,269.50","7,283.34",4632,33736452.5,690,2720.0,58.72
2018-11-27,ABBOTINDIA,EQ,"7,269.50","7,270.00","7,270.00","7,161.00","7,170.00","7,189.05","7,215.83",2838,20478511.65,537,1986.0,69.98
2018-11-28,ABBOTINDIA,EQ,"7,189.05","7,250.00","7,250.00","7,111.20","7,190.00","7,190.25","7,192.62",5461,39278918.0,557,4866.0,89.1
2018-11-29,ABBOTINDIA,EQ,"7,190.25","7,262.15","7,379.00","7,198.15","7,350.00","7,365.45","7,308.68",3257,23804385.75,608,2122.0,65.15
2018-11-30,ABBOTINDIA,EQ,"7,365.45","7,380.10","7,473.00","7,305.15","7,454.00","7,420.15","7,389.62",2451,18111959.2,529,1990.0,81.19
2018-12-03,ABBOTINDIA,EQ,"7,420.15","7,453.95","7,839.70","7,355.00","7,809.00","7,775.55","7,634.84",8024,61261985.0,1824,4003.0,49.89
2018-12-04,ABBOTINDIA,EQ,"7,775.55","7,800.00","7,899.80","7,634.85","7,750.00","7,752.40","7,818.99",6034,47179805.35,1998,2674.0,44.32
2018-12-05,ABBOTINDIA,EQ,"7,752.40","7,753.00","7,755.05","7,575.75","7,660.00","7,656.95","7,665.42",3007,23049930.85,876,1472.0,48.95
2018-12-06,ABBOTINDIA,EQ,"7,656.95","7,665.45","7,685.00","7,485.00","7,500.00","7,504.05","7,559.30",1530,11565732.1,706,566.0,36.99
2018-12-07,ABBOTINDIA,EQ,"7,504.05","7,594.90","7,594.90","7,417.00","7,488.00","7,495.20","7,495.23",1192,8934319.1,627,602.0,50.50
2018-12-10,ABBOTINDIA,EQ,"7,495.20","7,420.25","7,469.85","7,271.00","7,450.00","7,394.50","7,371.21",2720,20049682.05,1010,1578.0,58.01
2018-12-11,ABBOTINDIA,EQ,"7,394.50","7,325.00","7,693.10","7,312.15","7,323.00","7,331.35","7,446.05",4355,32427536.95,1950,2373.0,54.49
2018-12-12,ABBOTINDIA,EQ,"7,331.35","7,349.40","7,540.00","7,349.40","7,502.00","7,503.80","7,436.76",2957,21990497.85,707,1848.0,62.50
2018-12-13,ABBOTINDIA,EQ,"7,503.80","7,505.00","7,624.95","7,476.05","7,500.00","7,508.00","7,536.26",1727,13015113.5,597,957.0,55.41
2018-12-14,ABBOTINDIA,EQ,"7,508.00","7,508.05","7,588.95","7,476.05","7,555.00","7,556.00","7,526.28",1369,10303483.1,497,433.0,31.63
2018-12-17,ABBOTINDIA,EQ,"7,556.00","7,600.00","7,610.00","7,535.00","7,580.00","7,580.90","7,554.54",12640,95489390.85,1184,10835.0,85.72
2018-12-18,ABBOTINDIA,EQ,"7,580.90","7,648.80","7,650.05","7,490.00","7,500.00","7,504.50","7,514.10",1470,11045719.75,597,818.0,55.65
2018-12-19,ABBOTINDIA,EQ,"7,504.50","7,520.00","7,575.00","7,450.00","7,500.00","7,503.75","7,491.70",2723,20399891.85,1498,1309.0,48.07
2018-12-20,ABBOTINDIA,EQ,"7,503.75","7,500.05","7,521.85","7,425.00","7,450.00","7,450.55","7,456.04",2869,21391375.95,1006,1548.0,53.96
2018-12-21,ABBOTINDIA,EQ,"7,450.55","7,450.15","7,495.00","7,385.45","7,395.00","7,410.00","7,434.25",2398,17827322.0,1058,1308.0,54.55
2018-12-24,ABBOTINDIA,EQ,"7,410.00","7,498.00","7,498.00","7,400.10","7,465.00","7,466.25","7,454.80",3768,28089690.0,1085,2265.0,60.11
2018-12-26,ABBOTINDIA,EQ,"7,466.25","7,509.00","7,509.00","7,386.00","7,500.00","7,498.30","7,465.97",1872,13976300.3,677,880.0,47.01
2018-12-27,ABBOTINDIA,EQ,"7,498.30","7,507.00","7,545.15","7,460.00","7,465.00","7,469.50","7,501.69",1743,13075444.85,465,1108.0,63.57
2018-12-28,ABBOTINDIA,EQ,"7,469.50","7,540.00","7,540.00","7,434.00","7,450.00","7,470.95","7,491.13",1647,12337898.25,428,883.0,53.61
2018-12-31,ABBOTINDIA,EQ,"7,470.95","7,540.00","7,580.15","7,472.55","7,564.95","7,516.65","7,508.29",2140,16067730.45,501,1150.0,53.74
2019-01-01,ABBOTINDIA,EQ,"7,516.65","7,550.00","7,598.00","7,455.15","7,598.00","7,580.05","7,553.17",968,7311468.65,365,624.0,64.46
2019-01-02,ABBOTINDIA,EQ,"7,580.05","7,580.00","7,580.00","7,506.00","7,517.00","7,527.05","7,544.95",1013,7643031.8,359,460.0,45.41
2019-01-03,ABBOTINDIA,EQ,"7,527.05","7,520.30","7,574.00","7,430.00","7,470.00","7,471.95","7,489.04",1739,13023432.55,630,756.0,43.47
2019-01-04,ABBOTINDIA,EQ,"7,471.95","7,510.00","7,546.65","7,485.10","7,500.00","7,504.50","7,507.73",2325,17455463.7,476,1696.0,72.95
2019-01-07,ABBOTINDIA,EQ,"7,504.50","7,520.10","7,575.00","7,520.10","7,575.00","7,574.20","7,565.74",2894,21895258.1,407,2444.0,84.45
2019-01-08,ABBOTINDIA,EQ,"7,574.20","7,575.00","7,798.00","7,524.20","7,711.00","7,752.05","7,644.61",6740,51524701.35,1089,4468.0,66.29
2019-01-09,ABBOTINDIA,EQ,"7,752.05","7,761.00","8,148.00","7,761.00","8,080.00","8,004.80","7,986.98",18663,149061045.1,3087,10443.0,55.96
2019-01-10,ABBOTINDIA,EQ,"8,004.80","8,011.00","8,200.00","8,011.00","8,127.00","8,113.65","8,128.97",6160,50074441.25,1364,2826.0,45.88
2019-01-11,ABBOTINDIA,EQ,"8,113.65","8,113.65","8,175.85","8,040.95","8,060.00","8,083.45","8,114.83",6203,50336289.15,1015,4752.0,76.61
2019-01-14,ABBOTINDIA,EQ,"8,083.45","8,083.45","8,100.65","7,939.20","8,025.00","8,027.10","8,030.01",1596,12815900.25,398,1000.0,62.66
2019-01-15,ABBOTINDIA,EQ,"8,027.10","8,025.00","8,144.70","8,025.00","8,100.00","8,111.65","8,104.48",2973,24094617.8,523,1272.0,42.79
2019-01-16,ABBOTINDIA,EQ,"8,111.65","8,168.00","8,168.00","8,050.00","8,100.00","8,092.05","8,079.68",2028,16385590.3,377,1654.0,81.56
2019-01-17,ABBOTINDIA,EQ,"8,092.05","8,077.00","8,170.00","8,075.00","8,170.00","8,138.40","8,126.49",945,7679528.45,460,450.0,47.62
2019-01-18,ABBOTINDIA,EQ,"8,138.40","8,177.90","8,177.90","8,060.75","8,100.00","8,098.35","8,114.62",965,7830610.4,318,576.0,59.69
2019-01-21,ABBOTINDIA,EQ,"8,098.35","8,122.45","8,250.00","8,086.00","8,200.00","8,212.90","8,202.11",3174,26033495.7,889,1782.0,56.14
2019-01-22,ABBOTINDIA,EQ,"8,212.90","8,203.05","8,241.65","8,160.60","8,200.05","8,212.40","8,205.84",1183,9707503.55,501,751.0,63.48
2019-01-23,ABBOTINDIA,EQ,"8,212.40","8,265.00","8,265.00","8,164.30","8,200.00","8,199.95","8,200.78",1965,16114525.5,674,1511.0,76.90
2019-01-24,ABBOTINDIA,EQ,"8,199.95","8,205.05","8,255.00","8,165.20","8,250.00","8,242.60","8,221.35",1897,15595893.05,607,1365.0,71.96
2019-01-25,ABBOTINDIA,EQ,"8,242.60","8,249.95","8,273.50","8,200.00","8,205.00","8,205.30","8,219.23",2332,19167246.3,505,1978.0,84.82
2019-01-28,ABBOTINDIA,EQ,"8,205.30","8,250.00","8,250.00","7,950.00","8,013.00","8,076.30","8,053.70",3864,31119500.45,2399,,-
2019-01-29,ABBOTINDIA,EQ,"8,076.30","8,059.90","8,169.80","7,999.00","8,057.00","8,048.00","8,088.55",2772,22421462.2,445,1908.0,68.83
2019-01-30,ABBOTINDIA,EQ,"8,048.00","8,079.95","8,080.90","8,010.30","8,074.95","8,042.25","8,042.24",2067,16623311.45,632,1219.0,58.97
2019-01-31,ABBOTINDIA,EQ,"8,042.25","8,042.25","8,094.95","8,012.10","8,050.00","8,070.10","8,064.21",2640,21289519.3,337,2197.0,83.22
2019-02-01,ABBOTINDIA,EQ,"8,070.10","8,120.00","8,193.15","8,035.30","8,080.10","8,098.90","8,109.53",2057,16681303.85,642,1078.0,52.41
2019-02-04,ABBOTINDIA,EQ,"8,098.90","8,070.00","8,174.80","7,971.40","7,980.00","7,993.90","8,042.67",4290,34503036.2,829,2985.0,69.58
2019-02-05,ABBOTINDIA,EQ,"7,993.90","7,980.00","8,130.05","7,963.90","8,110.00","8,098.00","8,069.36",2492,20108834.7,569,1604.0,64.37
2019-02-06,ABBOTINDIA,EQ,"8,098.00","8,098.00","8,139.95","8,053.10","8,117.50","8,119.70","8,101.27",46062,373160819.8,536,44757.0,97.17
2019-02-07,ABBOTINDIA,EQ,"8,119.70","8,129.60","8,325.00","8,099.10","8,231.60","8,238.95","8,239.92",4141,34121499.65,943,2183.0,52.72
2019-02-08,ABBOTINDIA,EQ,"8,238.95","8,250.00","8,298.80","7,952.00","7,965.00","8,042.00","8,122.29",3341,27136580.8,727,2024.0,60.58
2019-02-11,ABBOTINDIA,EQ,"8,042.00","8,050.00","8,050.00","7,600.00","7,750.00","7,666.40","7,717.99",21425,165357906.75,4850,14030.0,65.48
2019-02-12,ABBOTINDIA,EQ,"7,666.40","7,700.10","7,787.00","7,640.00","7,730.15","7,754.55","7,686.40",5889,45265200.55,1939,3707.0,62.95
2019-02-13,ABBOTINDIA,EQ,"7,754.55","7,735.00","7,775.00","7,600.00","7,610.00","7,638.15","7,679.30",3915,30064452.75,1896,3223.0,82.32
2019-02-14,ABBOTINDIA,EQ,"7,638.15","7,684.25","7,693.85","7,465.35","7,615.00","7,644.75","7,591.03",5685,43155020.95,2073,2964.0,52.14
2019-02-15,ABBOTINDIA,EQ,"7,644.75","7,721.20","7,721.20","7,400.00","7,439.95","7,442.45","7,502.39",5351,40145271.4,2226,3218.0,60.14
2019-02-18,ABBOTINDIA,EQ,"7,442.45","7,500.00","7,500.00","7,211.00","7,211.00","7,264.20","7,310.42",2938,21478023.1,721,1963.0,66.81
2019-02-19,ABBOTINDIA,EQ,"7,264.20","7,270.05","7,371.95","7,210.50","7,218.00","7,234.75","7,285.84",2117,15424130.45,585,1344.0,63.49
2019-02-20,ABBOTINDIA,EQ,"7,234.75","7,250.00","7,315.00","7,250.00","7,280.00","7,295.10","7,291.81",1760,12833577.5,458,1349.0,76.65
2019-02-21,ABBOTINDIA,EQ,"7,295.10","7,295.10","7,310.00","7,176.25","7,200.10","7,246.20","7,236.66",3112,22520484.95,895,1917.0,61.60
2019-02-22,ABBOTINDIA,EQ,"7,246.20","7,260.15","7,260.25","7,151.20","7,248.00","7,230.55","7,203.52",3940,28381858.1,628,2363.0,59.97
2019-02-25,ABBOTINDIA,EQ,"7,230.55","7,231.00","7,384.95","7,220.00","7,375.00","7,375.00","7,331.51",2228,16334601.5,514,1557.0,69.88
2019-02-26,ABBOTINDIA,EQ,"7,375.00","7,302.00","7,380.00","7,262.15","7,379.00","7,359.80","7,324.65",1961,14363640.95,589,1189.0,60.63
2019-02-27,ABBOTINDIA,EQ,"7,359.80","7,359.95","7,440.00","7,355.00","7,360.00","7,372.70","7,404.24",4282,31704940.3,686,2582.0,60.30
2019-02-28,ABBOTINDIA,EQ,"7,372.70","7,370.00","7,590.00","7,340.00","7,379.95","7,437.60","7,467.10",9266,69190121.55,2600,6138.0,66.24
2019-03-01,ABBOTINDIA,EQ,"7,437.60","7,429.80","7,435.00","7,313.00","7,313.00","7,333.40","7,369.95",7366,54287088.1,1617,3987.0,54.13
2019-03-05,ABBOTINDIA,EQ,"7,333.40","7,400.00","7,400.00","7,250.00","7,299.95","7,297.35","7,320.46",7477,54735071.3,1194,5552.0,74.25
2019-03-06,ABBOTINDIA,EQ,"7,297.35","7,320.00","7,400.00","7,310.00","7,370.00","7,362.70","7,368.71",4894,36062450.9,783,4176.0,85.33
2019-03-07,ABBOTINDIA,EQ,"7,362.70","7,360.00","7,400.00","7,261.50","7,285.00","7,280.65","7,328.95",2927,21451845.2,879,2140.0,73.11
2019-03-08,ABBOTINDIA,EQ,"7,280.65","7,345.00","7,390.00","7,281.40","7,345.00","7,363.85","7,348.11",3337,24520628.05,501,2478.0,74.26
2019-03-11,ABBOTINDIA,EQ,"7,363.85","7,400.00","7,444.00","7,360.00","7,400.00","7,397.05","7,410.19",2650,19637011.25,705,1693.0,63.89
2019-03-12,ABBOTINDIA,EQ,"7,397.05","7,395.15","7,487.95","7,345.00","7,351.10","7,355.45","7,389.49",7505,55458141.0,842,4671.0,62.24
2019-03-13,ABBOTINDIA,EQ,"7,355.45","7,379.90","7,385.00","7,300.00","7,327.05","7,353.15","7,343.26",7709,56609221.15,1890,5662.0,73.45
2019-03-14,ABBOTINDIA,EQ,"7,353.15","7,379.20","7,394.30","7,261.00","7,352.95","7,331.00","7,304.82",4261,31125850.55,721,2200.0,51.63
2019-03-15,ABBOTINDIA,EQ,"7,331.00","7,330.00","7,374.90","7,275.00","7,280.00","7,291.50","7,317.09",2273,16631754.5,662,1756.0,77.25
2019-03-18,ABBOTINDIA,EQ,"7,291.50","7,300.05","7,404.00","7,200.00","7,388.00","7,362.30","7,262.99",16273,118190649.3,2884,13662.0,83.96
2019-03-19,ABBOTINDIA,EQ,"7,362.30","7,420.00","7,420.00","7,321.40","7,350.00","7,359.15","7,363.75",894,6583194.5,274,630.0,70.47
2019-03-20,ABBOTINDIA,EQ,"7,359.15","7,355.05","7,370.00","7,331.15","7,351.00","7,355.90","7,357.41",784,5768209.8,269,493.0,62.88
2019-03-22,ABBOTINDIA,EQ,"7,355.90","7,301.00","7,420.00","7,301.00","7,395.00","7,383.85","7,354.42",13072,96137032.35,564,12136.0,92.84
2019-03-25,ABBOTINDIA,EQ,"7,383.85","7,389.00","7,419.00","7,317.50","7,406.00","7,399.80","7,393.52",10833,80093958.25,2044,8467.0,78.16
2019-03-26,ABBOTINDIA,EQ,"7,399.80","7,341.20","7,418.95","7,302.00","7,350.00","7,346.45","7,365.21",4225,31118023.85,616,3342.0,79.1
2019-03-27,ABBOTINDIA,EQ,"7,346.45","7,399.00","7,399.00","7,209.95","7,230.00","7,227.35","7,265.87",4519,32834456.75,1657,3032.0,67.09
2019-03-28,ABBOTINDIA,EQ,"7,227.35","7,259.95","7,331.00","7,242.10","7,265.00","7,274.90","7,265.97",26845,195054934.5,1161,25863.0,96.34
2019-03-29,ABBOTINDIA,EQ,"7,274.90","7,349.85","7,349.85","7,272.00","7,310.00","7,304.80","7,296.33",2470,18021946.1,426,1793.0,72.59
2019-04-01,ABBOTINDIA,EQ,"7,304.80","7,350.00","7,396.55","7,275.00","7,300.00","7,296.85","7,344.18",37164,272938963.1,899,35466.0,95.43
2019-04-02,ABBOTINDIA,EQ,"7,296.85","7,293.80","7,340.00","7,280.70","7,300.00","7,309.20","7,308.73",2242,16386171.95,409,1675.0,74.71
2019-04-03,ABBOTINDIA,EQ,"7,309.20","7,310.25","7,370.00","7,310.00","7,330.00","7,329.00","7,330.42",923,6765979.75,326,531.0,57.53
2019-04-04,ABBOTINDIA,EQ,"7,329.00","7,321.25","7,330.00","7,236.05","7,245.00","7,260.40","7,278.67",3341,24318020.25,612,2279.0,68.21
2019-04-05,ABBOTINDIA,EQ,"7,260.40","7,275.00","7,340.00","7,275.00","7,310.00","7,302.20","7,301.33",1201,8768899.25,374,642.0,53.46
2019-04-08,ABBOTINDIA,EQ,"7,302.20","7,302.20","7,330.00","7,280.00","7,330.00","7,315.15","7,302.18",1141,8331789.95,343,651.0,57.06
2019-04-09,ABBOTINDIA,EQ,"7,315.15","7,313.00","7,379.00","7,300.00","7,312.00","7,332.30","7,339.45",1381,10135778.75,388,788.0,57.06
2019-04-10,ABBOTINDIA,EQ,"7,332.30","7,375.00","7,375.00","7,309.95","7,369.00","7,338.25","7,342.85",959,7041793.4,284,580.0,60.48
2019-04-11,ABBOTINDIA,EQ,"7,338.25","7,355.00","7,370.00","7,300.00","7,361.00","7,367.70","7,345.02",2098,15409845.45,442,1039.0,49.52
2019-04-12,ABBOTINDIA,EQ,"7,367.70","7,379.00","7,443.70","7,326.50","7,438.95","7,400.30","7,400.23",29298,216811811.2,558,28573.0,97.53
2019-04-15,ABBOTINDIA,EQ,"7,400.30","7,428.00","7,900.00","7,428.00","7,860.00","7,827.10","7,677.10",12336,94704723.3,2277,7276.0,58.98
2019-04-16,ABBOTINDIA,EQ,"7,827.10","7,898.70","8,080.00","7,840.00","8,044.90","8,030.50","7,992.74",12768,102051285.3,2550,7719.0,60.46
2019-04-18,ABBOTINDIA,EQ,"8,030.50","8,099.00","8,099.00","7,796.00","7,850.00","7,825.10","7,921.07",3456,27375218.3,923,2287.0,66.17
2019-04-22,ABBOTINDIA,EQ,"7,825.10","7,770.00","7,813.75","7,668.65","7,767.00","7,715.05","7,728.77",2227,17211963.25,706,1489.0,66.86
2019-04-23,ABBOTINDIA,EQ,"7,715.05","7,747.80","7,935.00","7,502.00","7,800.00","7,789.85","7,762.54",5083,39456990.1,1240,2576.0,50.68
2019-04-24,ABBOTINDIA,EQ,"7,789.85","7,753.15","7,847.90","7,740.00","7,830.00","7,825.75","7,797.18",1391,10845883.3,399,764.0,54.92
2019-04-25,ABBOTINDIA,EQ,"7,825.75","7,825.00","7,890.00","7,613.00","7,660.00","7,640.25","7,711.57",3733,28787304.5,932,1474.0,39.49
2019-04-26,ABBOTINDIA,EQ,"7,640.25","7,694.00","7,717.00","7,350.00","7,450.05","7,467.50","7,502.75",4937,37041061.2,1158,3165.0,64.11
2019-04-30,ABBOTINDIA,EQ,"7,467.50","7,475.00","7,550.00","7,380.00","7,411.00","7,421.35","7,426.06",3145,23354959.85,1704,2087.0,66.36
2019-05-02,ABBOTINDIA,EQ,"7,421.35","7,425.15","7,486.10","7,400.00","7,425.00","7,420.60","7,440.50",2239,16659270.0,860,1299.0,58.02
2019-05-03,ABBOTINDIA,EQ,"7,420.60","7,429.95","7,466.90","7,361.30","7,394.00","7,387.95","7,408.24",1278,9467725.4,492,770.0,60.25
2019-05-06,ABBOTINDIA,EQ,"7,387.95","7,370.05","7,430.00","7,360.00","7,373.65","7,381.00","7,392.41",1411,10430686.65,460,839.0,59.46
2019-05-07,ABBOTINDIA,EQ,"7,381.00","7,420.00","7,430.00","7,252.30","7,280.00","7,287.30","7,319.74",3922,28708025.35,808,2538.0,64.71
2019-05-08,ABBOTINDIA,EQ,"7,287.30","7,300.00","7,314.00","7,260.00","7,265.00","7,267.90","7,295.42",7624,55620306.35,837,7031.0,92.22
2019-05-09,ABBOTINDIA,EQ,"7,267.90","7,285.00","7,319.90","7,235.15","7,295.00","7,282.20","7,273.20",2015,14655497.3,658,1606.0,79.7
2019-05-10,ABBOTINDIA,EQ,"7,282.20","7,282.10","7,310.00","7,265.05","7,280.00","7,276.00","7,283.29",1088,7924220.55,400,805.0,73.99
2019-05-13,ABBOTINDIA,EQ,"7,276.00","7,251.00","7,325.00","7,241.00","7,275.00","7,283.85","7,287.02",4122,30037114.3,476,3623.0,87.89
2019-05-14,ABBOTINDIA,EQ,"7,283.85","7,270.00","7,285.00","7,198.00","7,279.75","7,261.35","7,239.55",1935,14008522.85,561,1276.0,65.94
2019-05-15,ABBOTINDIA,EQ,"7,261.35","7,277.60","7,300.00","7,221.55","7,251.00","7,274.75","7,270.28",982,7139416.55,389,640.0,65.17
2019-05-16,ABBOTINDIA,EQ,"7,274.75","7,298.95","7,299.00","7,160.00","7,251.00","7,191.05","7,200.39",4140,29809606.1,1056,3317.0,80.12
2019-05-17,ABBOTINDIA,EQ,"7,191.05","7,212.00","7,424.00","7,200.00","7,400.00","7,401.70","7,329.73",2681,19650995.8,764,1680.0,62.66
2019-05-20,ABBOTINDIA,EQ,"7,401.70","7,420.00","7,540.05","7,404.00","7,510.00","7,497.60","7,463.39",3029,22606612.3,716,1554.0,51.3
2019-05-21,ABBOTINDIA,EQ,"7,497.60","7,540.00","7,835.00","7,497.60","7,725.00","7,696.75","7,734.20",9070,70149191.3,1890,5110.0,56.34
2019-05-22,ABBOTINDIA,EQ,"7,696.75","7,773.70","7,829.00","7,640.70","7,800.00","7,783.65","7,746.05",2474,19163722.5,623,1828.0,73.89
2019-05-23,ABBOTINDIA,EQ,"7,783.65","7,785.10","7,849.95","7,645.00","7,660.00","7,665.35","7,706.24",2762,21284648.65,847,1730.0,62.64
2019-05-24,ABBOTINDIA,EQ,"7,665.35","7,770.00","7,941.00","7,709.95","7,910.00","7,909.15","7,882.20",5151,40601227.7,1095,3248.0,63.06
2019-05-27,ABBOTINDIA,EQ,"7,909.15","7,999.85","8,098.00","7,927.40","8,010.00","8,000.95","8,003.52",11783,94305504.6,1596,9465.0,80.33
2019-05-28,ABBOTINDIA,EQ,"8,000.95","8,050.00","8,065.00","7,655.00","7,730.00","7,696.60","7,768.16",16428,127615314.35,5806,9522.0,57.96
2019-05-29,ABBOTINDIA,EQ,"7,696.60","7,749.90","7,839.95","7,737.45","7,800.00","7,806.35","7,782.16",5816,45261028.25,1537,4311.0,74.12
2019-05-30,ABBOTINDIA,EQ,"7,806.35","7,801.00","7,930.00","7,720.05","7,844.30","7,836.80","7,851.58",27759,217952138.7,1650,24796.0,89.33
2019-05-31,ABBOTINDIA,EQ,"7,836.80","7,780.00","7,929.95","7,700.00","7,800.00","7,777.55","7,764.10",2943,22849736.3,1018,1436.0,48.79
2019-06-03,ABBOTINDIA,EQ,"7,777.55","7,791.00","7,910.00","7,711.20","7,850.00","7,884.25","7,826.17",17758,138977107.3,870,16735.0,94.24
2019-06-04,ABBOTINDIA,EQ,"7,884.25","7,861.00","7,902.00","7,800.00","7,855.95","7,879.05","7,826.76",5106,39963445.8,527,4426.0,86.68
2019-06-06,ABBOTINDIA,EQ,"7,879.05","7,800.15","7,928.40","7,782.00","7,919.00","7,905.35","7,881.93",3369,26554214.55,939,2368.0,70.29
2019-06-07,ABBOTINDIA,EQ,"7,905.35","7,807.40","8,010.00","7,801.00","7,980.00","7,965.35","7,921.49",3506,27772747.05,598,2754.0,78.55
2019-06-10,ABBOTINDIA,EQ,"7,965.35","7,965.00","8,340.00","7,920.15","8,330.00","8,282.45","8,171.88",11342,92685465.05,2813,6289.0,55.45
2019-06-11,ABBOTINDIA,EQ,"8,282.45","8,280.00","8,655.05","8,245.60","8,650.00","8,588.45","8,541.17",17844,152408682.4,3824,8479.0,47.52
2019-06-12,ABBOTINDIA,EQ,"8,588.45","8,600.00","8,700.05","8,550.00","8,600.00","8,609.75","8,595.39",5761,49518032.1,960,3404.0,59.09
2019-06-13,ABBOTINDIA,EQ,"8,609.75","8,680.00","8,698.80","8,501.25","8,552.00","8,560.65","8,595.33",3928,33762468.0,840,2373.0,60.41
2019-06-14,ABBOTINDIA,EQ,"8,560.65","8,552.00","8,638.30","8,552.00","8,600.00","8,606.70","8,596.69",2979,25609544.75,639,2125.0,71.33
2019-06-17,ABBOTINDIA,EQ,"8,606.70","8,638.00","8,638.00","8,501.00","8,515.00","8,511.95","8,579.29",2261,19397784.6,601,1468.0,59.17
2019-06-18,ABBOTINDIA,EQ,"8,511.95","8,500.00","8,545.00","8,500.00","8,510.00","8,519.70","8,507.07",2493,21208131.0,665,1879.0,68.8
2019-06-19,ABBOTINDIA,EQ,"8,519.70","8,519.70","8,575.00","8,450.00","8,494.00","8,461.25","8,492.99",3892,33054717.6,1751,3274.0,84.12
2019-06-20,ABBOTINDIA,EQ,"8,461.25","8,472.30","8,472.30","8,272.05","8,470.00","8,419.95","8,360.13",4777,39936333.1,1970,2394.0,50.12
2019-06-21,ABBOTINDIA,EQ,"8,419.95","8,402.00","8,550.00","8,350.00","8,535.00","8,504.15","8,462.44",1964,16620235.8,559,1074.0,54.68
2019-06-24,ABBOTINDIA,EQ,"8,504.15","8,545.00","8,764.90","8,504.15","8,539.95","8,541.85","8,613.08",6256,53883405.25,1386,3569.0,57.05
2019-06-25,ABBOTINDIA,EQ,"8,541.85","8,600.00","8,600.00","8,500.00","8,550.00","8,557.75","8,548.47",2575,22012311.2,474,1535.0,59.61
2019-06-26,ABBOTINDIA,EQ,"8,557.75","8,501.00","8,950.00","8,501.00","8,950.00","8,775.80","8,740.11",8090,70707480.7,1444,4873.0,60.23
2019-06-27,ABBOTINDIA,EQ,"8,775.80","8,839.00","8,995.00","8,804.05","8,914.70","8,914.60","8,905.16",13274,118207124.5,3083,9416.0,70.94
2019-06-28,ABBOTINDIA,EQ,"8,914.60","8,920.30","8,950.00","8,725.15","8,875.00","8,887.95","8,895.29",5041,44841167.2,1101,3255.0,64.57
2019-07-01,ABBOTINDIA,EQ,"8,887.95","8,900.00","9,000.65","8,802.00","8,824.00","8,838.05","8,918.28",3308,29501683.85,973,1686.0,50.97
2019-07-02,ABBOTINDIA,EQ,"8,838.05","8,818.10","8,870.00","8,725.10","8,771.00","8,782.95","8,786.73",1207,10605577.85,499,656.0,54.35
2019-07-03,ABBOTINDIA,EQ,"8,782.95","8,726.25","8,844.85","8,726.25","8,799.90","8,802.70","8,797.88",1366,12017904.05,482,962.0,70.42
2019-07-04,ABBOTINDIA,EQ,"8,802.70","8,800.00","8,984.00","8,790.05","8,920.00","8,921.15","8,887.68",3593,31933419.8,906,1809.0,50.35
2019-07-05,ABBOTINDIA,EQ,"8,921.15","8,949.00","8,959.95","8,740.00","8,900.00","8,892.00","8,841.73",3015,26657817.5,1251,1563.0,51.84
2019-07-08,ABBOTINDIA,EQ,"8,892.00","8,804.00","8,849.95","8,600.00","8,662.00","8,677.00","8,722.35",4193,36572808.35,1387,2349.0,56.02
2019-07-09,ABBOTINDIA,EQ,"8,677.00","8,790.00","8,790.00","8,630.05","8,750.00","8,735.40","8,703.46",1880,16362499.1,518,1272.0,67.66
2019-07-10,ABBOTINDIA,EQ,"8,735.40","8,745.00","8,919.90","8,700.00","8,870.05","8,883.80","8,822.69",1864,16445497.5,484,1234.0,66.2
2019-07-11,ABBOTINDIA,EQ,"8,883.80","8,882.95","8,975.00","8,853.80","8,856.00","8,916.40","8,921.48",7062,63003511.1,622,6160.0,87.23
2019-07-12,ABBOTINDIA,EQ,"8,916.40","8,890.00","8,973.75","8,850.00","8,881.05","8,897.25","8,905.16",9218,82087771.05,705,8292.0,89.95
2019-07-15,ABBOTINDIA,EQ,"8,897.25","8,875.00","8,942.00","8,852.00","8,861.05","8,870.05","8,908.97",1477,13158553.55,356,971.0,65.74
2019-07-16,ABBOTINDIA,EQ,"8,870.05","8,870.05","8,912.30","8,764.90","8,776.10","8,779.25","8,810.50",3763,33153911.15,784,2680.0,71.22
2019-07-17,ABBOTINDIA,EQ,"8,779.25","8,849.50","8,849.50","8,668.10","8,686.20","8,696.15","8,743.83",1089,9522027.9,378,598.0,54.91
2019-07-18,ABBOTINDIA,EQ,"8,696.15","8,670.10","8,798.00","8,522.75","8,550.00","8,552.20","8,606.84",3954,34031456.1,712,3232.0,81.74
2019-07-19,ABBOTINDIA,EQ,"8,552.20","8,556.00","8,645.00","8,500.00","8,625.00","8,572.80","8,551.20",5249,44885245.65,875,4396.0,83.75
2019-07-22,ABBOTINDIA,EQ,"8,572.80","8,680.00","8,697.85","8,501.00","8,550.00","8,545.25","8,636.78",5625,48581904.55,1835,4325.0,76.89
2019-07-23,ABBOTINDIA,EQ,"8,545.25","8,510.00","8,675.00","8,510.00","8,635.00","8,629.35","8,639.97",5875,50759833.7,1004,4941.0,84.1
2019-07-24,ABBOTINDIA,EQ,"8,629.35","8,675.00","8,675.95","8,517.00","8,650.00","8,629.00","8,584.92",7720,66275562.75,543,7024.0,90.98
2019-07-25,ABBOTINDIA,EQ,"8,629.00","8,531.00","8,684.80","8,531.00","8,600.00","8,599.35","8,647.78",4899,42365456.65,493,4387.0,89.55
2019-07-26,ABBOTINDIA,EQ,"8,599.35","8,673.20","8,673.20","8,536.00","8,570.00","8,571.70","8,572.09",3230,27687836.95,324,2795.0,86.53
2019-07-29,ABBOTINDIA,EQ,"8,571.70","8,677.00","8,677.00","8,411.00","8,412.00","8,441.40","8,508.00",1624,13816994.85,553,710.0,43.72
2019-07-30,ABBOTINDIA,EQ,"8,441.40","8,416.00","8,575.00","8,416.00","8,500.00","8,490.80","8,525.37",7001,59686129.0,1232,5886.0,84.07
2019-07-31,ABBOTINDIA,EQ,"8,490.80","8,500.00","8,500.00","8,278.00","8,340.00","8,363.60","8,343.71",3723,31063639.65,1458,2141.0,57.51
2019-08-01,ABBOTINDIA,EQ,"8,363.60","8,326.70","8,491.00","8,300.00","8,435.00","8,447.95","8,337.43",4155,34642040.1,1235,2874.0,69.17
2019-08-02,ABBOTINDIA,EQ,"8,447.95","8,485.00","8,529.00","8,351.25","8,455.00","8,499.30","8,439.10",3332,28119075.2,555,2410.0,72.33
2019-08-05,ABBOTINDIA,EQ,"8,499.30","8,500.00","8,500.00","8,320.00","8,371.95","8,377.10","8,385.84",1599,13408960.4,502,926.0,57.91
2019-08-06,ABBOTINDIA,EQ,"8,377.10","8,325.00","8,476.75","8,325.00","8,440.00","8,438.55","8,467.60",24272,205525504.35,577,22651.0,93.32
2019-08-07,ABBOTINDIA,EQ,"8,438.55","8,439.00","8,688.00","8,439.00","8,578.00","8,573.25","8,599.69",2043,17569166.25,681,1135.0,55.56
2019-08-08,ABBOTINDIA,EQ,"8,573.25","8,684.00","9,324.00","8,521.00","8,890.00","9,001.35","8,926.81",40146,358375605.05,7813,14703.0,36.62
2019-08-09,ABBOTINDIA,EQ,"9,001.35","9,099.00","9,427.10","8,961.60","8,999.90","9,048.85","9,165.58",19832,181771767.05,4603,9635.0,48.58
2019-08-13,ABBOTINDIA,EQ,"9,048.85","9,018.40","9,299.00","8,772.95","9,115.00","9,116.80","9,104.02",17233,156889594.75,2157,10626.0,61.66
2019-08-14,ABBOTINDIA,EQ,"9,116.80","9,184.00","9,248.00","9,051.15","9,150.05","9,147.50","9,164.82",9034,82795015.4,1602,3937.0,43.58
2019-08-16,ABBOTINDIA,EQ,"9,147.50","9,147.50","9,198.80","9,095.00","9,140.00","9,114.25","9,131.09",6541,59726457.85,1956,3152.0,48.19
2019-08-19,ABBOTINDIA,EQ,"9,114.25","9,050.85","9,299.00","9,050.80","9,238.00","9,215.40","9,201.08",7905,72734534.6,2057,4017.0,50.82
2019-08-20,ABBOTINDIA,EQ,"9,215.40","9,196.95","9,269.55","8,905.00","8,941.00","8,986.05","9,150.18",23933,218991240.3,2699,20037.0,83.72
2019-08-21,ABBOTINDIA,EQ,"8,986.05","8,956.60","9,114.00","8,900.10","8,952.40","9,001.10","9,025.41",51632,465999996.85,2864,44203.0,85.61
2019-08-22,ABBOTINDIA,EQ,"9,001.10","9,015.00","9,061.10","8,800.00","8,800.00","8,805.55","8,935.05",8880,79343277.6,1674,3811.0,42.92
2019-08-23,ABBOTINDIA,EQ,"8,805.55","8,899.50","8,899.50","8,700.00","8,869.00","8,790.85","8,768.63",13284,116482499.55,2425,6521.0,49.09
2019-08-26,ABBOTINDIA,EQ,"8,790.85","8,899.00","9,275.00","8,840.00","9,248.00","9,230.65","9,062.33",7374,66825650.15,3445,4362.0,59.15
2019-08-27,ABBOTINDIA,EQ,"9,230.65","9,239.85","9,284.95","9,067.25","9,110.00","9,142.95","9,208.83",6641,61155821.85,1212,3700.0,55.71
2019-08-28,ABBOTINDIA,EQ,"9,142.95","9,240.00","9,247.95","9,015.15","9,021.00","9,081.10","9,125.96",28209,257434164.45,867,26451.0,93.77
2019-08-29,ABBOTINDIA,EQ,"9,081.10","9,021.00","9,110.00","9,015.05","9,100.00","9,090.50","9,059.49",2979,26988228.25,600,2251.0,75.56
2019-08-30,ABBOTINDIA,EQ,"9,090.50","9,125.00","9,174.00","9,055.15","9,160.00","9,148.60","9,140.68",4001,36571858.45,702,3054.0,76.33
2019-09-03,ABBOTINDIA,EQ,"9,148.60","9,150.00","9,534.15","9,150.00","9,435.00","9,445.90","9,432.94",22605,213231711.45,3554,14103.0,62.39
2019-09-04,ABBOTINDIA,EQ,"9,445.90","9,450.00","9,600.00","9,440.00","9,500.00","9,508.10","9,540.49",14708,140321554.15,3158,11209.0,76.21
2019-09-05,ABBOTINDIA,EQ,"9,508.10","9,570.00","9,570.00","9,405.00","9,500.00","9,489.80","9,495.83",5777,54857405.95,1305,4491.0,77.74
2019-09-06,ABBOTINDIA,EQ,"9,489.80","9,479.90","9,779.00","9,470.00","9,770.00","9,726.25","9,628.67",5567,53602792.05,1724,3317.0,59.58
2019-09-09,ABBOTINDIA,EQ,"9,726.25","9,675.00","9,999.00","9,675.00","9,950.00","9,944.40","9,918.45",13588,134771931.75,3465,7585.0,55.82
2019-09-11,ABBOTINDIA,EQ,"9,944.40","9,950.00","9,979.90","9,757.00","9,784.00","9,800.55","9,906.32",17643,174777290.3,1810,14657.0,83.08
2019-09-12,ABBOTINDIA,EQ,"9,800.55","9,810.00","9,890.00","9,720.10","9,770.00","9,761.55","9,797.44",7157,70120312.35,1296,6071.0,84.83
2019-09-13,ABBOTINDIA,EQ,"9,761.55","9,721.05","9,887.80","9,721.05","9,875.00","9,833.25","9,821.24",4298,42211682.2,1393,2395.0,55.72
2019-09-16,ABBOTINDIA,EQ,"9,833.25","9,897.95","10,025.10","9,808.00","9,820.00","9,828.65","9,919.07",14209,140940101.25,2216,10202.0,71.8
2019-09-17,ABBOTINDIA,EQ,"9,828.65","9,830.00","9,940.00","9,718.00","9,749.00","9,746.00","9,834.80",3220,31668059.75,1130,2068.0,64.22
2019-09-18,ABBOTINDIA,EQ,"9,746.00","9,775.00","9,960.00","9,775.00","9,941.80","9,936.15","9,919.52",13899,137871383.3,3096,10376.0,74.65
2019-09-19,ABBOTINDIA,EQ,"9,936.15","9,941.80","9,941.80","9,710.00","9,875.00","9,837.30","9,853.10",32364,318885646.15,1452,29848.0,92.23
2019-09-20,ABBOTINDIA,EQ,"9,837.30","9,837.30","10,250.00","9,822.00","10,221.50","10,219.15","10,164.80",43696,444161167.3,2915,38773.0,88.73
2019-09-23,ABBOTINDIA,EQ,"10,219.15","10,400.00","10,950.00","10,400.00","10,705.00","10,716.30","10,791.80",28089,303130945.65,3246,23053.0,82.07
2019-09-24,ABBOTINDIA,EQ,"10,716.30","10,750.00","10,988.80","10,750.00","10,850.00","10,807.45","10,822.49",6799,73582140.7,1806,3825.0,56.26
2019-09-25,ABBOTINDIA,EQ,"10,807.45","10,807.45","10,807.45","10,395.30","10,718.00","10,629.70","10,609.88",6146,65208324.1,1996,3673.0,59.76
2019-09-26,ABBOTINDIA,EQ,"10,629.70","10,673.15","10,998.00","10,672.50","10,975.20","10,922.70","10,899.18",7417,80839239.25,2185,4494.0,60.59
2019-09-27,ABBOTINDIA,EQ,"10,922.70","10,960.00","10,992.20","10,670.00","10,697.00","10,688.80","10,821.40",12345,133590238.35,2800,9362.0,75.84
2019-09-30,ABBOTINDIA,EQ,"10,688.80","10,747.00","10,750.90","10,512.00","10,600.00","10,596.55","10,628.86",4657,49498614.35,1347,2667.0,57.27
2019-10-01,ABBOTINDIA,EQ,"10,596.55","10,575.00","11,070.00","10,555.90","11,001.00","10,861.00","10,696.99",8170,87394428.35,1779,6272.0,76.77
2019-10-03,ABBOTINDIA,EQ,"10,861.00","10,961.00","11,298.00","10,911.00","10,974.00","10,997.85","11,133.43",13582,151214274.75,3283,8773.0,64.59
2019-10-04,ABBOTINDIA,EQ,"10,997.85","10,997.85","11,181.50","10,760.60","10,800.00","10,826.70","10,988.68",7854,86305081.9,2491,4206.0,53.55
2019-10-07,ABBOTINDIA,EQ,"10,826.70","10,896.60","10,950.00","10,600.00","10,700.00","10,662.00","10,755.01",8334,89632282.2,1682,6147.0,73.76
2019-10-09,ABBOTINDIA,EQ,"10,662.00","10,742.10","11,050.00","10,650.00","10,960.00","10,998.60","10,889.52",8536,92952911.1,1840,5503.0,64.47
2019-10-10,ABBOTINDIA,EQ,"10,998.60","10,990.00","11,056.55","10,781.60","10,990.00","10,999.35","10,914.75",20392,222573525.6,3073,16313.0,80.0
2019-10-11,ABBOTINDIA,EQ,"10,999.35","11,000.05","11,011.00","10,915.20","10,999.00","10,989.25","10,982.59",4587,50377161.95,1421,2644.0,57.64
2019-10-14,ABBOTINDIA,EQ,"10,989.25","11,047.95","11,056.55","10,916.55","10,985.00","10,999.60","10,999.29",17369,191046581.8,5449,15247.0,87.78
2019-10-15,ABBOTINDIA,EQ,"10,999.60","11,000.00","11,025.00","10,765.00","10,920.60","10,917.90","10,864.76",12639,137319646.95,1951,8548.0,67.63
2019-10-16,ABBOTINDIA,EQ,"10,917.90","10,949.90","10,998.80","10,868.35","10,978.80","10,949.35","10,951.67",2736,29963765.6,1152,1344.0,49.12
2019-10-17,ABBOTINDIA,EQ,"10,949.35","10,930.05","11,000.00","10,874.95","10,970.00","10,984.05","10,981.89",9449,103767924.55,997,7381.0,78.11
2019-10-18,ABBOTINDIA,EQ,"10,984.05","10,986.00","10,998.80","10,680.00","10,700.00","10,704.50","10,834.40",7557,81875568.0,2168,4632.0,61.29
2019-10-22,ABBOTINDIA,EQ,"10,704.50","10,699.95","11,000.00","10,350.00","10,675.00","10,699.85","10,740.96",25468,273550711.8,5887,16968.0,66.62
2019-10-23,ABBOTINDIA,EQ,"10,699.85","10,775.00","10,974.00","10,699.85","10,950.00","10,914.25","10,863.08",15502,168399413.5,1918,12098.0,78.04
2019-10-24,ABBOTINDIA,EQ,"10,914.25","10,969.80","11,200.00","10,925.35","11,197.95","11,112.05","11,072.20",15109,167289821.6,2660,9424.0,62.37
2019-10-25,ABBOTINDIA,EQ,"11,112.05","11,200.00","11,494.00","11,126.00","11,349.85","11,407.25","11,386.35",15152,172526048.9,4349,6946.0,45.84
2019-10-27,ABBOTINDIA,EQ,"11,407.25","11,490.00","11,950.00","11,489.85","11,895.00","11,897.35","11,854.50",7035,83396432.55,1914,3916.0,55.66
2019-10-29,ABBOTINDIA,EQ,"11,897.35","11,782.00","12,173.75","11,782.00","11,900.00","11,876.60","11,989.11",10012,120034936.05,2732,6134.0,61.27
2019-10-30,ABBOTINDIA,EQ,"11,876.60","11,900.00","12,051.45","11,900.00","11,910.00","11,922.50","11,957.67",22409,267959527.05,2078,19212.0,85.73
2019-10-31,ABBOTINDIA,EQ,"11,922.50","11,990.00","12,051.45","11,630.00","11,715.00","11,774.40","11,918.80",6918,82454242.15,2285,4615.0,66.71
2019-11-01,ABBOTINDIA,EQ,"11,774.40","11,750.00","11,885.05","11,597.00","11,630.00","11,620.15","11,714.45",8388,98260816.55,3068,5272.0,62.85
2019-11-04,ABBOTINDIA,EQ,"11,620.15","11,770.00","12,400.00","11,770.00","11,950.00","11,987.25","12,042.07",12263,147671894.35,3728,5567.0,45.4
2019-11-05,ABBOTINDIA,EQ,"11,987.25","12,088.00","12,088.00","11,705.00","11,839.95","11,786.55","11,824.74",5344,63191407.15,2194,3231.0,60.46
2019-11-06,ABBOTINDIA,EQ,"11,786.55","11,870.00","12,000.10","11,450.00","11,497.95","11,480.45","11,628.65",11369,132206146.05,3722,6339.0,55.76
2019-11-07,ABBOTINDIA,EQ,"11,480.45","11,515.00","11,760.00","11,510.00","11,635.85","11,695.25","11,613.86",5421,62958737.55,1790,2668.0,49.22
2019-11-08,ABBOTINDIA,EQ,"11,695.25","11,700.00","11,711.00","11,400.00","11,410.00","11,502.95","11,589.27",5622,65154854.55,1821,2976.0,52.93
2019-11-11,ABBOTINDIA,EQ,"11,502.95","11,500.00","11,775.00","11,350.00","11,767.85","11,698.85","11,525.37",11988,138166164.9,3130,6629.0,55.3
2019-11-13,ABBOTINDIA,EQ,"11,698.85","11,868.95","12,043.95","11,702.00","11,750.00","11,794.60","11,820.41",12778,151041252.9,3197,7006.0,54.83
2019-11-14,ABBOTINDIA,EQ,"11,794.60","11,899.00","12,293.10","11,899.00","12,035.00","12,043.25","12,065.05",32851,396348949.35,5711,19705.0,59.98
2019-11-15,ABBOTINDIA,EQ,"12,043.25","12,099.00","12,450.00","12,078.05","12,394.00","12,365.00","12,288.15",13691,168237037.05,4431,5582.0,40.77
2019-11-18,ABBOTINDIA,EQ,"12,365.00","12,450.10","13,050.00","12,401.00","12,800.00","12,815.40","12,758.68",22583,288129218.4,6738,9016.0,39.92
2019-11-19,ABBOTINDIA,EQ,"12,815.40","12,876.00","12,899.95","12,650.00","12,765.00","12,785.15","12,779.19",6314,80687782.9,2279,2606.0,41.27
2019-11-20,ABBOTINDIA,EQ,"12,785.15","12,898.00","12,898.00","12,490.70","12,521.00","12,578.95","12,720.28",8890,113083279.2,2366,4645.0,52.25
2019-11-21,ABBOTINDIA,EQ,"12,578.95","12,635.00","12,749.95","12,351.60","12,400.00","12,392.30","12,534.89",7168,89850122.25,2640,3565.0,49.73
2019-11-22,ABBOTINDIA,EQ,"12,392.30","12,460.00","12,619.00","12,270.05","12,600.00","12,573.40","12,440.85",7693,95707436.25,2705,3859.0,50.16
2019-11-25,ABBOTINDIA,EQ,"12,573.40","12,670.00","12,807.95","12,614.00","12,699.00","12,696.85","12,753.42",7765,99030279.4,2564,4356.0,56.1
2019-11-26,ABBOTINDIA,EQ,"12,696.85","12,740.00","12,843.75","12,500.00","12,580.10","12,592.90","12,709.10",7848,99741021.65,2169,3667.0,46.73
2019-11-27,ABBOTINDIA,EQ,"12,592.90","12,645.00","12,800.00","12,507.00","12,520.00","12,557.15","12,636.24",7412,93659805.35,2169,3553.0,47.94
2019-11-28,ABBOTINDIA,EQ,"12,557.15","12,549.95","12,805.00","12,501.00","12,758.65","12,743.10","12,704.64",7661,97330258.3,2172,3191.0,41.65
2019-11-29,ABBOTINDIA,EQ,"12,743.10","12,750.00","12,792.00","12,510.00","12,650.00","12,578.40","12,630.89",5272,66590038.75,1781,2706.0,51.33
2019-12-02,ABBOTINDIA,EQ,"12,578.40","12,678.40","12,880.00","12,578.40","12,658.00","12,621.25","12,714.32",7348,93424828.6,3090,3667.0,49.9
2019-12-03,ABBOTINDIA,EQ,"12,621.25","12,621.20","12,825.00","12,621.20","12,785.00","12,780.85","12,726.47",4249,54074763.95,1645,1848.0,43.49
2019-12-04,ABBOTINDIA,EQ,"12,780.85","12,820.00","12,820.00","12,655.15","12,792.60","12,798.70","12,779.37",12376,158157441.8,2782,7873.0,63.62
2019-12-05,ABBOTINDIA,EQ,"12,798.70","12,790.00","12,810.00","12,701.00","12,790.90","12,772.45","12,776.74",2834,36209281.6,1032,1548.0,54.62
2019-12-06,ABBOTINDIA,EQ,"12,772.45","12,819.95","12,819.95","12,740.95","12,800.00","12,801.30","12,786.34",6407,81922050.1,1458,4854.0,75.76
2019-12-09,ABBOTINDIA,EQ,"12,801.30","12,801.00","12,850.00","12,701.10","12,798.85","12,763.05","12,777.22",11885,151857210.2,1771,10094.0,84.93
2019-12-10,ABBOTINDIA,EQ,"12,763.05","12,763.05","12,994.00","12,351.05","12,580.00","12,508.05","12,744.14",7819,99646414.95,2971,3131.0,40.04
2019-12-11,ABBOTINDIA,EQ,"12,508.05","12,500.00","12,615.05","12,329.25","12,580.00","12,554.40","12,476.85",10195,127201520.7,2676,6848.0,67.17
2019-12-12,ABBOTINDIA,EQ,"12,554.40","12,561.10","12,910.05","12,561.10","12,865.00","12,804.85","12,684.60",8498,107793753.2,1206,7208.0,84.82
2019-12-13,ABBOTINDIA,EQ,"12,804.85","12,884.95","13,038.85","12,800.75","12,940.00","12,982.15","12,953.01",5293,68560297.9,1820,2641.0,49.9
2019-12-16,ABBOTINDIA,EQ,"12,982.15","12,982.15","13,444.00","12,982.15","13,304.95","13,300.90","13,318.76",17104,227804039.95,4598,10410.0,60.86
2019-12-17,ABBOTINDIA,EQ,"13,300.90","13,300.00","13,470.05","13,210.05","13,300.00","13,381.80","13,365.29",10167,135884897.85,3276,5975.0,58.77
2019-12-18,ABBOTINDIA,EQ,"13,381.80","13,370.00","13,410.00","13,115.25","13,168.00","13,190.90","13,251.49",5450,72220617.6,2279,2771.0,50.84
2019-12-19,ABBOTINDIA,EQ,"13,190.90","13,170.00","13,300.00","13,120.00","13,260.00","13,240.15","13,252.71",3442,45615835.3,1513,1612.0,46.83
2019-12-20,ABBOTINDIA,EQ,"13,240.15","13,238.10","13,300.00","12,800.00","13,020.00","12,984.65","13,105.43",4712,61752780.1,1508,2899.0,61.52
2019-12-23,ABBOTINDIA,EQ,"12,984.65","13,000.00","13,208.05","12,859.95","13,165.00","13,188.75","13,081.38",5564,72784770.9,2328,2634.0,47.34
2019-12-24,ABBOTINDIA,EQ,"13,188.75","13,230.10","13,230.10","12,950.00","13,035.00","13,016.05","13,063.93",4864,63542935.75,1378,2939.0,60.42
2019-12-26,ABBOTINDIA,EQ,"13,016.05","13,070.00","13,210.00","12,950.00","12,982.00","13,080.05","13,141.67",4104,53933395.8,1589,2206.0,53.75
2019-12-27,ABBOTINDIA,EQ,"13,080.05","13,080.00","13,200.15","13,052.55","13,200.00","13,194.25","13,167.85",5626,74082298.65,1851,3294.0,58.55
2019-12-30,ABBOTINDIA,EQ,"13,194.25","13,250.10","13,250.10","13,150.00","13,199.00","13,196.75","13,189.80",3410,44977222.45,1489,1927.0,56.51
2019-12-31,ABBOTINDIA,EQ,"13,196.75","13,199.00","13,202.00","13,049.20","13,050.00","13,075.50","13,141.95",3735,49085192.45,1616,2051.0,54.91
2020-01-01,ABBOTINDIA,EQ,"13,075.50","13,170.60","13,452.15","13,080.00","13,119.95","13,140.00","13,199.96",4037,53288258.35,1399,1754.0,43.45
2020-01-02,ABBOTINDIA,EQ,"13,140.00","13,119.95","13,314.90","13,119.95","13,127.00","13,139.90","13,194.30",3435,45322428.25,1401,1619.0,47.13
2020-01-03,ABBOTINDIA,EQ,"13,139.90","13,170.00","13,274.20","13,150.00","13,190.00","13,248.25","13,211.40",6850,90498106.4,1934,4644.0,67.8
2020-01-06,ABBOTINDIA,EQ,"13,248.25","13,230.40","13,230.40","12,720.00","12,887.90","12,780.30","12,928.33",9715,125598771.85,3342,5473.0,56.34
2020-01-07,ABBOTINDIA,EQ,"12,780.30","12,881.10","13,074.95","12,657.00","12,749.85","12,742.90","12,806.95",17812,228117434.75,4751,12838.0,72.08
2020-01-08,ABBOTINDIA,EQ,"12,742.90","12,700.00","12,850.05","12,575.00","12,715.00","12,727.25","12,756.08",9286,118452981.15,2986,5466.0,58.86
2020-01-09,ABBOTINDIA,EQ,"12,727.25","12,800.00","12,847.95","12,650.00","12,716.95","12,712.05","12,745.22",5614,71551659.65,2086,3602.0,64.16
2020-01-10,ABBOTINDIA,EQ,"12,712.05","12,723.25","12,789.00","12,501.00","12,550.00","12,534.70","12,608.37",14224,179341464.8,3361,9598.0,67.48
2020-01-13,ABBOTINDIA,EQ,"12,534.70","12,632.45","12,632.45","12,509.95","12,598.00","12,586.65","12,575.17",4133,51973162.85,1551,2373.0,57.42
2020-01-14,ABBOTINDIA,EQ,"12,586.65","12,599.00","12,749.00","12,512.60","12,560.00","12,635.60","12,613.87",6074,76616627.8,1491,4624.0,76.13
2020-01-15,ABBOTINDIA,EQ,"12,635.60","12,635.00","12,850.00","12,500.00","12,850.00","12,772.05","12,646.29",4661,58944336.3,2034,2317.0,49.71
2020-01-16,ABBOTINDIA,EQ,"12,772.05","12,872.00","12,919.00","12,563.00","12,581.00","12,614.10","12,664.06",9186,116332080.05,3230,5187.0,56.47
2020-01-17,ABBOTINDIA,EQ,"12,614.10","12,610.10","12,798.90","12,525.00","12,587.95","12,561.45","12,656.17",5254,66495508.15,2007,3079.0,58.6
2020-01-20,ABBOTINDIA,EQ,"12,561.45","12,610.60","12,684.00","12,501.00","12,679.00","12,643.40","12,583.33",7650,96262496.1,2126,5332.0,69.7
2020-01-21,ABBOTINDIA,EQ,"12,643.40","12,660.60","12,750.00","12,580.00","12,715.00","12,713.15","12,698.78",6644,84370670.85,1204,5510.0,82.93
2020-01-22,ABBOTINDIA,EQ,"12,713.15","12,715.25","12,798.55","12,595.00","12,686.00","12,702.20","12,695.00",3491,44318247.7,1241,1832.0,52.48
2020-01-23,ABBOTINDIA,EQ,"12,702.20","12,680.00","12,750.00","12,652.05","12,710.00","12,707.90","12,728.85",10901,138757187.5,1620,9300.0,85.31
2020-01-24,ABBOTINDIA,EQ,"12,707.90","12,640.00","12,747.95","12,550.00","12,588.00","12,597.25","12,644.38",6744,85273715.5,1942,4718.0,69.96
2020-01-27,ABBOTINDIA,EQ,"12,597.25","12,560.00","12,734.30","12,560.00","12,672.00","12,666.30","12,670.08",8959,113511270.15,1403,7431.0,82.94
2020-01-28,ABBOTINDIA,EQ,"12,666.30","12,669.00","12,770.00","12,620.00","12,660.00","12,653.55","12,672.26",6664,84447969.4,1188,5111.0,76.7
2020-01-29,ABBOTINDIA,EQ,"12,653.55","12,698.60","12,729.00","12,620.15","12,630.00","12,655.40","12,660.89",7315,92614401.65,1839,5794.0,79.21
2020-01-30,ABBOTINDIA,EQ,"12,655.40","12,640.20","12,640.20","12,450.00","12,540.00","12,516.55","12,514.53",6268,78441078.45,1749,4846.0,77.31
2020-01-31,ABBOTINDIA,EQ,"12,516.55","12,521.00","12,600.00","12,440.10","12,525.00","12,498.80","12,491.79",6144,76749566.85,1311,5079.0,82.67
2020-02-01,ABBOTINDIA,EQ,"12,498.80","12,535.00","12,609.30","12,200.00","12,255.35","12,319.30","12,433.77",2691,33459276.7,1160,1608.0,59.75
2020-02-03,ABBOTINDIA,EQ,"12,319.30","12,320.00","12,851.75","12,186.55","12,780.00","12,746.25","12,723.94",8753,111372659.15,2764,4981.0,56.91
2020-02-04,ABBOTINDIA,EQ,"12,746.25","12,839.00","13,280.00","12,796.25","13,081.05","13,134.35","13,057.80",13188,172206288.15,3773,7762.0,58.86
2020-02-05,ABBOTINDIA,EQ,"13,134.35","13,140.00","13,225.50","12,986.65","13,100.00","13,076.80","13,110.21",13338,174863981.05,2785,5219.0,39.13
2020-02-06,ABBOTINDIA,EQ,"13,076.80","13,100.00","13,199.00","13,001.20","13,058.10","13,103.40","13,118.76",5686,74593268.05,1914,4299.0,75.61
2020-02-07,ABBOTINDIA,EQ,"13,103.40","13,171.00","14,444.00","13,130.60","14,080.00","14,103.15","13,839.76",106911,1479622505.3,20498,52912.0,49.49
2020-02-10,ABBOTINDIA,EQ,"14,103.15","14,398.00","15,394.00","14,320.00","14,738.95","14,774.15","14,950.51",66287,991024565.25,18535,29766.0,44.9
2020-02-11,ABBOTINDIA,EQ,"14,774.15","14,890.60","15,144.00","14,200.00","14,498.85","14,460.85","14,716.57",24841,365574264.1,5699,14528.0,58.48
2020-02-12,ABBOTINDIA,EQ,"14,460.85","14,601.60","14,979.30","14,486.95","14,680.00","14,743.25","14,764.98",15322,226229077.0,4359,9175.0,59.88
2020-02-13,ABBOTINDIA,EQ,"14,743.25","14,740.00","14,986.00","14,600.00","14,720.00","14,794.10","14,803.21",11680,172901535.35,3152,6902.0,59.09
2020-02-14,ABBOTINDIA,EQ,"14,794.10","14,790.00","14,889.00","14,725.60","14,756.00","14,785.05","14,813.71",9285,137545283.85,3440,6213.0,66.91
2020-02-17,ABBOTINDIA,EQ,"14,785.05","14,780.00","14,860.00","14,541.20","14,685.00","14,650.95","14,733.49",16890,248848666.8,3095,13168.0,77.96
2020-02-18,ABBOTINDIA,EQ,"14,650.95","14,721.60","15,692.00","14,525.00","15,632.00","15,452.60","14,971.24",21074,315503824.65,4883,12319.0,58.46
2020-02-19,ABBOTINDIA,EQ,"15,452.60","15,668.65","16,190.00","15,668.65","15,680.00","15,722.40","15,913.82",15038,239312043.3,4825,7073.0,47.03
2020-02-20,ABBOTINDIA,EQ,"15,722.40","15,800.00","15,984.15","15,400.10","15,500.00","15,527.65","15,731.88",10598,166726462.6,3278,5385.0,50.81
2020-02-24,ABBOTINDIA,EQ,"15,527.65","15,799.00","16,279.90","15,400.00","15,885.00","15,943.90","15,895.07",12236,194492115.7,4602,5886.0,48.1
2020-02-25,ABBOTINDIA,EQ,"15,943.90","16,000.00","16,249.00","15,970.65","16,200.05","16,202.65","16,098.58",12934,208219043.85,3676,7190.0,55.59
2020-02-26,ABBOTINDIA,EQ,"16,202.65","16,201.00","16,499.00","15,950.00","16,336.00","16,237.10","16,199.00",14286,231418845.3,4981,5282.0,36.97
2020-02-27,ABBOTINDIA,EQ,"16,237.10","16,336.00","16,450.00","16,011.25","16,200.00","16,185.10","16,236.42",11115,180467854.1,3713,4868.0,43.8
2020-02-28,ABBOTINDIA,EQ,"16,185.10","15,900.00","16,109.30","15,455.00","15,720.00","15,718.95","15,820.06",21702,343326910.25,5824,11418.0,52.61
2020-03-02,ABBOTINDIA,EQ,"15,718.95","15,875.00","16,099.90","15,210.00","15,400.00","15,393.60","15,655.21",15393,240980627.0,4211,8535.0,55.45
2020-03-03,ABBOTINDIA,EQ,"15,393.60","15,407.00","15,780.00","15,301.00","15,440.00","15,427.65","15,502.15",18862,292401477.45,4187,10337.0,54.8
2020-03-04,ABBOTINDIA,EQ,"15,427.65","15,562.00","15,562.00","14,500.00","15,010.00","14,992.30","14,998.46",15287,229281431.1,5831,7182.0,46.98
2020-03-05,ABBOTINDIA,EQ,"14,992.30","15,050.00","15,293.95","14,721.05","14,997.00","14,853.55","14,883.53",14482,215543270.8,5180,8149.0,56.27
2020-03-06,ABBOTINDIA,EQ,"14,853.55","14,400.00","15,725.00","14,301.00","15,725.00","15,589.15","15,097.47",16165,244050636.25,5256,7885.0,48.78
2020-03-09,ABBOTINDIA,EQ,"15,589.15","15,698.95","15,877.40","14,680.10","14,805.05","14,930.85","15,086.80",23285,351296229.1,6922,13551.0,58.20
2020-03-11,ABBOTINDIA,EQ,"14,930.85","14,870.00","15,298.80","14,620.25","14,621.00","14,662.25","14,753.77",18053,266349875.45,4205,13191.0,73.07
2020-03-12,ABBOTINDIA,EQ,"14,662.25","14,031.00","14,443.00","12,711.05","13,920.00","13,874.85","13,664.84",51579,704818883.15,14444,30756.0,59.63
2020-03-13,ABBOTINDIA,EQ,"13,874.85","12,700.00","15,499.00","12,600.00","15,001.00","14,973.95","14,529.62",45797,665412875.95,14408,26811.0,58.54
2020-03-16,ABBOTINDIA,EQ,"14,973.95","14,900.00","14,900.00","14,200.00","14,475.00","14,421.55","14,444.91",17679,255371485.1,5932,9249.0,52.32
2020-03-17,ABBOTINDIA,EQ,"14,421.55","14,425.00","15,085.10","14,150.00","14,880.00","14,904.65","14,846.13",26904,399420190.35,5468,20073.0,74.61
2020-03-18,ABBOTINDIA,EQ,"14,904.65","14,954.95","15,399.00","13,850.00","14,200.00","14,238.80","14,359.54",39061,560898037.3,8669,28812.0,73.76
2020-03-19,ABBOTINDIA,EQ,"14,238.80","13,500.00","13,820.00","12,501.45","13,220.00","13,249.30","13,282.77",33398,443617914.45,10277,19853.0,59.44
2020-03-20,ABBOTINDIA,EQ,"13,249.30","13,300.15","15,279.75","13,300.00","14,748.60","14,736.80","14,307.02",25981,371710559.15,8477,14469.0,55.69
2020-03-23,ABBOTINDIA,EQ,"14,736.80","13,500.00","14,200.00","13,001.00","13,300.05","13,271.00","13,436.90",16933,227526976.0,6540,10084.0,59.55
2020-03-24,ABBOTINDIA,EQ,"13,271.00","13,898.00","14,200.00","13,250.00","13,820.00","13,841.50","13,794.91",11762,162255770.1,4408,5582.0,47.46
2020-03-25,ABBOTINDIA,EQ,"13,841.50","13,843.00","14,500.00","13,843.00","14,250.00","14,232.65","14,241.87",9917,141236633.9,3371,4893.0,49.34
2020-03-26,ABBOTINDIA,EQ,"14,232.65","14,300.00","14,798.95","14,200.00","14,391.00","14,392.55","14,455.02",9283,134185922.3,3955,4214.0,45.39
2020-03-27,ABBOTINDIA,EQ,"14,392.55","14,599.00","14,792.00","13,895.00","13,990.00","14,146.10","14,245.07",12873,183376732.75,4875,6615.0,51.39
2020-03-30,ABBOTINDIA,EQ,"14,146.10","16,880.00","16,880.00","15,000.00","15,380.00","15,210.45","15,526.35",77057,1196413653.3,29735,24614.0,31.94
2020-03-31,ABBOTINDIA,EQ,"15,210.45","15,575.00","15,694.35","15,101.10","15,489.90","15,451.10","15,353.00",24891,382151583.45,8751,10290.0,41.34
2020-04-01,ABBOTINDIA,EQ,"15,451.10","15,525.35","15,998.00","15,202.00","15,500.00","15,613.60","15,554.08",17590,273596329.5,7346,6368.0,36.20
2020-04-03,ABBOTINDIA,EQ,"15,613.60","15,775.00","16,000.00","15,210.00","15,809.00","15,810.50","15,646.03",28827,451028181.4,8802,9081.0,31.50
2020-04-07,ABBOTINDIA,EQ,"15,810.50","16,200.00","16,899.00","15,901.00","16,689.00","16,699.70","16,492.17",33513,552702184.55,12492,11396.0,34.00
2020-04-08,ABBOTINDIA,EQ,"16,699.70","16,799.45","18,250.00","16,750.00","17,488.00","17,481.10","17,653.52",57991,1023745502.15,21022,21385.0,36.88
2020-04-09,ABBOTINDIA,EQ,"17,481.10","17,929.95","18,500.00","17,500.00","17,840.00","17,884.60","18,066.91",30100,543814125.65,11206,9044.0,30.05
2020-04-13,ABBOTINDIA,EQ,"17,884.60","18,240.00","18,400.00","16,800.00","17,190.00","17,232.30","17,268.99",35123,606538707.25,11680,,-
2020-04-15,ABBOTINDIA,EQ,"17,232.30","17,532.30","17,600.00","16,900.00","17,098.50","17,107.15","17,272.94",35796,618302317.6,11655,16107.0,45.00
2020-04-16,ABBOTINDIA,EQ,"17,107.15","17,398.00","17,908.00","17,180.00","17,300.70","17,271.20","17,411.32",23029,400965201.45,7887,8840.0,38.39
2020-04-17,ABBOTINDIA,EQ,"17,271.20","17,501.00","17,650.00","16,712.00","16,960.00","16,918.50","17,141.88",27215,466516316.75,9052,13419.0,49.31
2020-04-20,ABBOTINDIA,EQ,"16,918.50","17,118.00","17,260.05","16,500.00","16,900.00","16,880.85","16,856.51",14847,250268663.45,6407,6483.0,43.67
2020-04-21,ABBOTINDIA,EQ,"16,880.85","16,800.00","17,250.90","16,506.30","16,589.00","16,545.10","16,834.57",25184,423961782.75,9557,11690.0,46.42
2020-04-22,ABBOTINDIA,EQ,"16,545.10","16,545.10","16,799.00","16,250.00","16,440.00","16,467.00","16,400.74",24410,400342157.15,8038,13565.0,55.57
2020-04-23,ABBOTINDIA,EQ,"16,467.00","16,440.00","16,662.00","16,273.25","16,400.00","16,391.10","16,515.35",13179,217655764.1,5346,7045.0,53.46
2020-04-24,ABBOTINDIA,EQ,"16,391.10","16,358.30","16,598.75","16,220.00","16,474.00","16,439.95","16,435.24",14092,231605399.3,4535,7132.0,50.61
2020-04-27,ABBOTINDIA,EQ,"16,439.95","16,599.00","17,140.00","16,402.00","16,971.00","16,981.05","16,848.60",22738,383103382.4,7854,10925.0,48.05
2020-04-28,ABBOTINDIA,EQ,"16,981.05","17,125.00","17,535.00","16,935.00","17,047.00","16,975.05","17,223.15",28443,489878183.15,8291,13705.0,48.18
2020-04-29,ABBOTINDIA,EQ,"16,975.05","17,000.00","18,149.00","16,801.05","18,090.00","17,992.10","17,650.18",42373,747891276.3,10128,21809.0,51.47
2020-04-30,ABBOTINDIA,EQ,"17,992.10","18,050.00","18,200.00","17,520.05","17,599.00","17,730.75","17,884.14",44054,787867861.3,13795,21850.0,49.60
2020-05-04,ABBOTINDIA,EQ,"17,730.75","17,500.00","18,600.00","17,212.35","18,250.00","18,195.35","17,982.28",40295,724595929.95,12376,11886.0,29.50
2020-05-05,ABBOTINDIA,EQ,"18,195.35","18,399.00","18,580.00","18,050.00","18,310.00","18,301.70","18,313.76",34246,627172880.5,12703,10398.0,30.36
2020-05-06,ABBOTINDIA,EQ,"18,301.70","18,301.70","18,399.00","18,117.00","18,180.00","18,162.15","18,248.38",8889,162209805.7,3716,3017.0,33.94
2020-05-07,ABBOTINDIA,EQ,"18,162.15","18,150.00","18,288.80","17,728.10","17,848.00","17,818.95","17,939.80",10824,194180413.6,4279,4290.0,39.63
2020-05-08,ABBOTINDIA,EQ,"17,818.95","18,000.00","18,044.00","17,610.00","17,800.00","17,704.75","17,773.88",12631,224501914.25,4848,5982.0,47.36
2020-05-11,ABBOTINDIA,EQ,"17,704.75","17,900.00","18,025.00","17,751.00","17,900.00","17,907.80","17,872.08",10374,185404907.4,3595,5086.0,49.03
2020-05-12,ABBOTINDIA,EQ,"17,907.80","18,170.00","18,679.75","17,825.55","18,097.00","18,081.90","18,097.28",23041,416979359.65,8127,8376.0,36.35
2020-05-13,ABBOTINDIA,EQ,"18,081.90","18,199.95","18,298.65","17,800.00","17,871.65","17,876.45","18,014.84",9998,180112382.1,3691,3803.0,38.04
2020-05-14,ABBOTINDIA,EQ,"17,876.45","17,600.00","17,991.00","17,580.00","17,870.00","17,907.05","17,879.08",9337,166936946.4,3009,4154.0,44.49
2020-05-15,ABBOTINDIA,EQ,"17,907.05","17,847.00","17,847.00","17,470.20","17,545.00","17,619.55","17,603.78",14274,251276416.8,6190,5595.0,39.20
2020-05-18,ABBOTINDIA,EQ,"17,619.55","17,699.00","17,700.00","16,926.55","17,000.00","17,036.15","17,171.51",14209,243989978.7,5376,7645.0,53.80
2020-05-19,ABBOTINDIA,EQ,"17,036.15","17,269.75","17,299.50","16,450.00","16,539.95","16,506.15","16,746.43",15296,256153429.15,5696,6956.0,45.48
2020-05-20,ABBOTINDIA,EQ,"16,506.15","16,580.00","16,777.00","16,225.00","16,770.00","16,635.20","16,429.86",14389,236409297.35,4976,6624.0,46.04
2020-05-21,ABBOTINDIA,EQ,"16,635.20","16,750.00","17,100.00","16,706.00","16,795.00","16,798.35","16,891.62",8883,150048264.75,3780,3362.0,37.85
2020-05-22,ABBOTINDIA,EQ,"16,798.35","16,818.00","17,000.00","16,325.00","16,480.00","16,423.90","16,535.67",9692,160263719.4,4169,5044.0,52.04
2020-05-26,ABBOTINDIA,EQ,"16,423.90","16,699.00","16,895.75","16,420.00","16,825.00","16,802.00","16,774.50",17637,295851794.75,3086,13397.0,75.96
2020-05-27,ABBOTINDIA,EQ,"16,802.00","16,825.00","16,900.00","16,550.00","16,680.00","16,631.20","16,698.90",12274,204962289.25,4304,4693.0,38.24
2020-05-28,ABBOTINDIA,EQ,"16,631.20","16,710.00","16,775.00","16,550.00","16,689.95","16,594.20","16,679.83",6476,108018562.85,2618,3026.0,46.73
2020-05-29,ABBOTINDIA,EQ,"16,594.20","16,700.00","16,900.00","16,594.05","16,790.00","16,723.40","16,737.93",14746,246817531.25,5996,5381.0,36.49
2020-06-01,ABBOTINDIA,EQ,"16,723.40","16,950.00","16,960.00","16,723.45","16,877.50","16,825.60","16,823.50",12105,203648480.05,5686,6061.0,50.07
2020-06-02,ABBOTINDIA,EQ,"16,825.60","16,910.00","17,000.00","16,751.15","16,870.00","16,883.70","16,909.32",10071,170293735.15,3408,5114.0,50.78
2020-06-03,ABBOTINDIA,EQ,"16,883.70","16,825.00","16,978.00","16,676.30","16,749.00","16,717.30","16,808.91",16446,276439305.6,5045,9417.0,57.26
2020-06-04,ABBOTINDIA,EQ,"16,717.30","16,650.00","16,808.00","16,551.05","16,680.00","16,683.15","16,681.23",22626,377429458.3,5181,15554.0,68.74
2020-06-05,ABBOTINDIA,EQ,"16,683.15","16,753.00","17,399.00","16,650.65","17,300.00","17,163.55","16,924.31",16190,274004580.6,5431,8652.0,53.44
2020-06-08,ABBOTINDIA,EQ,"17,163.55","17,400.00","17,799.00","16,501.00","16,538.00","16,605.10","17,073.09",70490,1203481811.9,19289,23479.0,33.31
2020-06-09,ABBOTINDIA,EQ,"16,605.10","16,390.00","16,495.00","16,000.00","16,334.30","16,314.55","16,282.15",31499,512871570.9,9906,14391.0,45.69
2020-06-10,ABBOTINDIA,EQ,"16,314.55","16,350.00","16,480.00","16,120.05","16,310.00","16,325.35","16,327.76",10387,169596458.5,3658,4934.0,47.5
2020-06-11,ABBOTINDIA,EQ,"16,325.35","16,300.00","16,500.00","15,911.00","16,050.00","16,035.50","16,196.12",19232,311483836.45,6986,10546.0,54.84
2020-06-12,ABBOTINDIA,EQ,"16,035.50","15,845.00","16,200.00","15,570.00","16,071.05","16,083.60","15,845.58",16194,256603391.4,6286,7202.0,44.47
2020-06-15,ABBOTINDIA,EQ,"16,083.60","16,100.00","16,270.00","15,950.00","16,035.00","16,093.10","16,097.91",13199,212476302.9,6042,5165.0,39.13
2020-06-16,ABBOTINDIA,EQ,"16,093.10","16,275.00","16,275.00","15,900.00","16,030.00","16,010.50","16,050.93",8680,139322066.05,3732,4259.0,49.07
2020-06-17,ABBOTINDIA,EQ,"16,010.50","15,989.30","16,230.00","15,862.20","16,093.00","16,088.70","16,069.56",7858,126274574.2,3175,2534.0,32.25
2020-06-18,ABBOTINDIA,EQ,"16,088.70","16,200.00","16,200.00","15,800.00","15,868.00","15,850.80","15,933.68",16241,258778951.95,5486,8104.0,49.9
2020-06-19,ABBOTINDIA,EQ,"15,850.80","15,868.00","15,995.00","15,611.10","15,645.00","15,658.45","15,716.14",17960,282261794.55,5947,9017.0,50.21
2020-06-22,ABBOTINDIA,EQ,"15,658.45","15,658.45","15,800.00","15,594.00","15,786.05","15,755.25","15,698.90",15786,247822902.15,5723,8766.0,55.53
2020-06-23,ABBOTINDIA,EQ,"15,755.25","16,000.00","16,000.00","15,696.00","15,750.05","15,732.65","15,815.63",12769,201949766.35,4522,6785.0,53.14
2020-06-24,ABBOTINDIA,EQ,"15,732.65","15,740.00","15,898.80","15,650.00","15,697.40","15,687.00","15,721.77",12949,203581245.05,5042,7297.0,56.35
2020-06-25,ABBOTINDIA,EQ,"15,687.00","15,687.00","16,500.00","15,528.75","16,469.85","16,326.50","16,132.15",48808,787378092.15,13102,29897.0,61.25
2020-06-26,ABBOTINDIA,EQ,"16,326.50","16,326.50","16,394.90","15,900.00","15,924.00","15,956.35","16,072.34",23131,371769209.55,12086,12157.0,52.56
2020-06-29,ABBOTINDIA,EQ,"15,956.35","15,835.00","15,973.95","15,651.20","15,810.00","15,727.00","15,771.89",8758,138130218.6,4183,4705.0,53.72
2020-06-30,ABBOTINDIA,EQ,"15,727.00","15,898.00","15,898.00","15,705.00","15,750.00","15,736.50","15,765.99",7398,116636805.5,3010,4151.0,56.11
2020-07-01,ABBOTINDIA,EQ,"15,736.50","15,799.85","15,890.50","15,732.10","15,750.00","15,755.95","15,773.83",4858,76629267.0,2378,3166.0,65.17
2020-07-02,ABBOTINDIA,EQ,"15,755.95","15,750.00","15,928.95","15,749.95","15,800.00","15,798.70","15,827.37",7440,117755618.9,2828,2547.0,34.23
2020-07-03,ABBOTINDIA,EQ,"15,798.70","15,790.00","15,884.00","15,593.00","15,694.00","15,657.45","15,763.71",9165,144474392.85,3191,5063.0,55.24
2020-07-06,ABBOTINDIA,EQ,"15,657.45","15,780.00","15,850.00","15,670.00","15,752.15","15,723.40","15,754.06",11795,185819088.7,3260,5370.0,45.53
2020-07-07,ABBOTINDIA,EQ,"15,723.40","15,723.40","15,900.00","15,672.05","15,765.00","15,811.70","15,774.35",9520,150171830.75,2299,5991.0,62.93
2020-07-08,ABBOTINDIA,EQ,"15,811.70","15,790.00","15,790.00","15,610.00","15,635.00","15,634.50","15,690.53",8802,138108041.5,2842,5987.0,68.02
2020-07-09,ABBOTINDIA,EQ,"15,634.50","15,690.00","15,732.65","15,531.15","15,550.00","15,548.70","15,619.03",10453,163265681.75,3612,5913.0,56.57
2020-07-10,ABBOTINDIA,EQ,"15,548.70","15,561.00","15,650.00","15,500.00","15,501.00","15,512.60","15,544.79",7374,114627295.85,3428,4079.0,55.32
2020-07-13,ABBOTINDIA,EQ,"15,512.60","15,512.00","15,650.00","15,450.00","15,500.00","15,493.00","15,539.89",8464,131529666.4,3341,4285.0,50.63
2020-07-14,ABBOTINDIA,EQ,"15,493.00","15,452.00","15,560.00","15,201.00","15,275.00","15,248.35","15,361.34",12806,196717354.1,4160,8604.0,67.19
2020-07-15,ABBOTINDIA,EQ,"15,248.35","15,339.00","15,420.00","15,175.00","15,200.00","15,212.25","15,267.18",10240,156335943.15,4633,4946.0,48.3
2020-07-16,ABBOTINDIA,EQ,"15,212.25","15,250.00","15,599.00","15,177.55","15,500.00","15,536.55","15,357.98",9717,149233492.8,3509,4750.0,48.88
2020-07-17,ABBOTINDIA,EQ,"15,536.55","15,546.00","15,743.55","15,225.00","15,240.05","15,262.75","15,397.90",14330,220651919.1,5080,8155.0,56.91
2020-07-20,ABBOTINDIA,EQ,"15,262.75","15,398.80","15,398.80","15,201.25","15,235.00","15,231.80","15,298.65",11764,179973281.15,4530,5995.0,50.96
2020-07-21,ABBOTINDIA,EQ,"15,231.80","15,260.00","15,366.70","15,000.00","15,024.00","15,014.80","15,139.18",15045,227768903.0,5496,9982.0,66.35
2020-07-22,ABBOTINDIA,EQ,"15,014.80","15,051.00","15,199.00","14,900.00","15,029.00","14,937.45","15,030.11",13733,206408490.9,4537,8846.0,64.41
2020-07-23,ABBOTINDIA,EQ,"14,937.45","14,975.00","15,622.50","14,975.00","15,499.00","15,528.85","15,425.26",29176,450047524.55,7163,18303.0,62.73
2020-07-24,ABBOTINDIA,EQ,"15,528.85","15,498.00","15,524.30","15,100.00","15,157.60","15,136.65","15,230.94",11824,180090681.15,4560,7415.0,62.71
2020-07-27,ABBOTINDIA,EQ,"15,136.65","15,224.30","15,224.30","14,933.00","14,950.00","14,947.80","14,991.44",11891,178263254.45,5078,7705.0,64.8
2020-07-28,ABBOTINDIA,EQ,"14,947.80","14,975.00","15,172.00","14,871.80","14,899.00","14,895.15","14,971.25",13602,203638882.4,4684,9239.0,67.92
2020-07-29,ABBOTINDIA,EQ,"14,895.15","14,950.00","15,032.70","14,840.00","14,850.00","14,853.60","14,910.85",11869,176976918.3,4474,8305.0,69.97
2020-07-30,ABBOTINDIA,EQ,"14,853.60","14,965.00","15,025.00","14,811.00","15,000.00","14,905.80","14,881.27",17781,264603934.65,6914,11030.0,62.03
2020-07-31,ABBOTINDIA,EQ,"14,905.80","14,905.00","15,661.65","14,905.00","15,550.00","15,536.35","15,255.57",46384,707614255.55,9778,29948.0,64.57
2020-08-03,ABBOTINDIA,EQ,"15,536.35","15,600.00","16,265.00","15,500.00","15,998.00","16,009.10","16,022.07",41738,668729222.65,12531,18579.0,44.51
2020-08-04,ABBOTINDIA,EQ,"16,009.10","16,212.55","16,449.95","16,000.00","16,401.70","16,376.45","16,229.53",21761,353170900.1,6467,11876.0,54.57
2020-08-05,ABBOTINDIA,EQ,"16,376.45","16,414.45","16,786.00","16,100.00","16,215.00","16,247.20","16,474.22",20826,343092071.1,7242,10797.0,51.84
2020-08-06,ABBOTINDIA,EQ,"16,247.20","16,265.00","16,400.00","16,055.55","16,162.00","16,154.50","16,175.96",12023,194483617.3,3879,7202.0,59.9
2020-08-07,ABBOTINDIA,EQ,"16,154.50","16,248.55","16,298.70","16,079.05","16,254.00","16,199.00","16,188.16",15324,248067353.5,3939,9619.0,62.77
2020-08-10,ABBOTINDIA,EQ,"16,199.00","17,198.00","17,350.00","16,900.00","16,995.00","16,973.30","17,077.00",52762,901016631.75,14578,25219.0,47.8
2020-08-11,ABBOTINDIA,EQ,"16,973.30","17,005.00","17,200.00","16,500.00","16,610.00","16,618.65","16,824.24",19111,321527991.25,7117,9852.0,51.55
2020-08-12,ABBOTINDIA,EQ,"16,618.65","16,618.65","16,799.95","16,256.55","16,640.00","16,683.05","16,602.32",13801,229128679.4,5597,5194.0,37.63
2020-08-13,ABBOTINDIA,EQ,"16,683.05","16,800.00","16,872.50","16,600.00","16,700.00","16,672.85","16,713.42",9794,163691259.2,4359,4699.0,47.98
2020-08-14,ABBOTINDIA,EQ,"16,672.85","16,674.00","16,750.00","16,257.45","16,460.05","16,468.90","16,585.99",9765,161962205.5,3758,5666.0,58.02
2020-08-17,ABBOTINDIA,EQ,"16,468.90","16,570.00","16,830.00","16,475.00","16,685.05","16,675.05","16,673.21",10045,167482438.25,3979,4680.0,46.59
2020-08-18,ABBOTINDIA,EQ,"16,675.05","16,800.00","16,825.00","16,560.00","16,570.00","16,590.80","16,688.01",10920,182233077.8,3805,5882.0,53.86
2020-08-19,ABBOTINDIA,EQ,"16,590.80","16,800.00","17,060.00","16,600.00","16,901.20","16,866.50","16,937.78",32228,545870848.5,8676,18088.0,56.13
2020-08-20,ABBOTINDIA,EQ,"16,866.50","16,901.90","17,099.00","16,850.00","16,900.00","16,867.90","16,974.41",13122,222738150.6,4107,6052.0,46.12
2020-08-21,ABBOTINDIA,EQ,"16,867.90","16,930.00","17,064.00","16,774.30","16,819.00","16,840.25","16,940.59",10502,177910119.0,4270,6380.0,60.75
2020-08-24,ABBOTINDIA,EQ,"16,840.25","17,000.00","17,049.00","16,851.00","16,970.05","16,974.45","16,984.67",8949,151995793.2,3898,5162.0,57.68
2020-08-25,ABBOTINDIA,EQ,"16,974.45","17,100.00","17,100.00","16,895.00","16,900.00","16,898.65","16,995.43",10095,171568848.5,4214,6092.0,60.35
2020-08-26,ABBOTINDIA,EQ,"16,898.65","16,902.00","17,200.00","16,800.10","16,980.00","16,944.00","17,033.04",13488,229741686.55,5008,7558.0,56.03
2020-08-27,ABBOTINDIA,EQ,"16,944.00","17,250.00","17,332.00","17,006.00","17,045.00","17,065.10","17,122.94",18991,325181732.0,5319,11257.0,59.28
2020-08-28,ABBOTINDIA,EQ,"17,065.10","17,132.00","17,194.80","16,780.00","16,820.00","16,816.05","16,982.11",11894,201985204.85,4608,6112.0,51.39
2020-08-31,ABBOTINDIA,EQ,"16,816.05","16,820.00","16,934.15","16,000.00","16,385.00","16,377.10","16,447.06",13024,214206490.45,5220,6161.0,47.3
2020-09-01,ABBOTINDIA,EQ,"16,377.10","16,375.00","16,500.00","16,116.05","16,460.00","16,402.75","16,264.41",7899,128472537.7,3848,3411.0,43.18
2020-09-02,ABBOTINDIA,EQ,"16,402.75","16,400.00","16,460.00","16,205.00","16,387.10","16,390.00","16,356.21",6368,104156341.45,2435,3544.0,55.65
2020-09-03,ABBOTINDIA,EQ,"16,390.00","16,499.00","16,650.00","16,280.75","16,440.00","16,444.50","16,475.04",8111,133629029.05,2934,4146.0,51.12
2020-09-04,ABBOTINDIA,EQ,"16,444.50","16,200.00","16,700.00","16,200.00","16,516.00","16,541.95","16,576.84",10275,170326979.8,4308,4727.0,46.0
2020-09-07,ABBOTINDIA,EQ,"16,541.95","16,555.00","16,720.00","16,300.00","16,459.65","16,486.00","16,508.08",5594,92346218.4,2636,2395.0,42.81
2020-09-08,ABBOTINDIA,EQ,"16,486.00","16,500.00","16,799.00","16,355.20","16,720.00","16,723.00","16,673.15",9927,165514378.8,4029,4903.0,49.39
2020-09-09,ABBOTINDIA,EQ,"16,723.00","16,500.00","16,720.00","16,303.00","16,525.00","16,631.45","16,504.91",6526,107711065.35,2613,2602.0,39.87
2020-09-10,ABBOTINDIA,EQ,"16,631.45","16,584.75","16,781.45","16,480.00","16,500.00","16,526.10","16,631.89",5676,94402611.1,2199,2856.0,50.32
2020-09-11,ABBOTINDIA,EQ,"16,526.10","16,734.95","16,898.00","16,450.10","16,829.75","16,819.25","16,677.48",11023,183835900.4,3844,6498.0,58.95
2020-09-14,ABBOTINDIA,EQ,"16,819.25","16,898.00","16,898.00","16,475.00","16,489.00","16,516.15","16,633.93",11509,191439932.05,4051,6839.0,59.42
2020-09-15,ABBOTINDIA,EQ,"16,516.15","16,620.00","17,050.00","16,466.15","16,873.00","16,895.60","16,866.43",18599,313698781.0,6366,6854.0,36.85
2020-09-16,ABBOTINDIA,EQ,"16,895.60","16,999.95","16,999.95","16,485.75","16,535.00","16,525.10","16,765.84",13870,232542244.35,5037,8038.0,57.95
2020-09-17,ABBOTINDIA,EQ,"16,525.10","16,587.10","16,770.00","16,344.05","16,403.00","16,441.30","16,574.25",11463,189990579.9,3422,6141.0,53.57
2020-09-18,ABBOTINDIA,EQ,"16,441.30","16,480.00","16,690.90","16,441.30","16,518.15","16,506.15","16,574.32",9254,153378749.95,4021,3996.0,43.18
2020-09-21,ABBOTINDIA,EQ,"16,506.15","16,511.05","16,800.00","15,660.00","15,898.90","15,890.15","16,193.29",23230,376170077.65,6555,12932.0,55.67
2020-09-22,ABBOTINDIA,EQ,"15,890.15","15,900.00","16,132.00","15,539.95","16,098.00","15,943.10","15,686.08",18111,284090602.8,4842,11198.0,61.83
2020-09-23,ABBOTINDIA,EQ,"15,943.10","16,181.00","16,290.00","15,755.00","16,000.00","15,988.35","16,061.73",4112,66045846.5,2281,1776.0,43.19
2020-09-24,ABBOTINDIA,EQ,"15,988.35","15,899.00","16,194.95","15,720.10","15,994.90","15,982.90","15,962.38",7319,116828644.5,3504,3839.0,52.45
2020-09-25,ABBOTINDIA,EQ,"15,982.90","15,950.00","16,441.00","15,950.00","16,180.00","16,237.75","16,179.05",6765,109451294.5,2717,2945.0,43.53
2020-09-28,ABBOTINDIA,EQ,"16,237.75","16,315.15","16,499.95","16,168.00","16,350.00","16,318.20","16,380.04",6713,109959201.6,2237,3706.0,55.21
2020-09-29,ABBOTINDIA,EQ,"16,318.20","16,443.65","16,510.10","16,111.60","16,315.25","16,402.00","16,353.03",7072,115648626.45,2674,3344.0,47.29
2020-09-30,ABBOTINDIA,EQ,"16,402.00","16,365.00","16,500.00","16,235.35","16,498.00","16,486.95","16,444.31",6371,104766670.0,3660,3000.0,47.09
2020-10-01,ABBOTINDIA,EQ,"16,486.95","16,470.00","16,595.00","16,325.00","16,395.05","16,384.90","16,420.26",6133,100705456.1,3114,3079.0,50.2
2020-10-05,ABBOTINDIA,EQ,"16,384.90","16,406.00","16,575.00","15,970.10","16,007.00","15,991.60","16,168.10",13278,214680016.05,5499,7957.0,59.93
2020-10-06,ABBOTINDIA,EQ,"15,991.60","16,173.45","16,173.45","15,900.00","15,972.05","15,975.35","16,011.82",7377,118119163.1,4102,4516.0,61.22
2020-10-07,ABBOTINDIA,EQ,"15,975.35","15,972.00","16,200.00","15,955.00","15,991.45","16,004.50","16,027.09",6556,105073571.3,2755,4005.0,61.09
2020-10-08,ABBOTINDIA,EQ,"16,004.50","16,022.00","16,100.00","15,900.00","16,034.20","16,058.80","16,001.99",5715,91451398.85,2231,3411.0,59.69
2020-10-09,ABBOTINDIA,EQ,"16,058.80","16,138.00","16,300.00","16,000.00","16,075.00","16,036.05","16,078.87",5092,81873620.1,2309,2905.0,57.05
2020-10-12,ABBOTINDIA,EQ,"16,036.05","16,120.00","16,187.00","16,050.80","16,100.00","16,110.30","16,119.72",4751,76584807.9,1542,2519.0,53.02
2020-10-13,ABBOTINDIA,EQ,"16,110.30","16,171.15","16,300.00","16,080.00","16,282.00","16,253.20","16,197.45",5300,85846462.4,2073,2873.0,54.21
2020-10-14,ABBOTINDIA,EQ,"16,253.20","16,160.00","16,230.10","15,950.00","16,020.70","16,004.20","16,106.14",4072,65584183.65,1978,2453.0,60.24
2020-10-15,ABBOTINDIA,EQ,"16,004.20","16,065.00","16,230.05","15,901.00","15,970.00","15,957.45","16,075.52",7127,114570201.95,2922,4580.0,64.26
2020-10-16,ABBOTINDIA,EQ,"15,957.45","15,970.00","16,180.80","15,902.10","15,965.05","16,031.45","16,071.87",4671,75071700.2,1860,2671.0,57.18
2020-10-19,ABBOTINDIA,EQ,"16,031.45","16,000.00","16,167.75","15,759.95","15,800.00","15,808.35","15,919.03",8056,128243742.4,3401,5342.0,66.31
2020-10-20,ABBOTINDIA,EQ,"15,808.35","15,890.00","15,890.10","15,731.00","15,800.00","15,796.05","15,792.32",18997,300006783.85,3217,16217.0,85.37
2020-10-21,ABBOTINDIA,EQ,"15,796.05","15,843.50","16,020.10","15,715.75","15,940.00","15,885.15","15,833.77",4699,74402896.2,2168,2606.0,55.46
2020-10-22,ABBOTINDIA,EQ,"15,885.15","15,990.00","15,990.00","15,750.00","15,782.00","15,799.35","15,841.42",3081,48807428.5,1757,1789.0,58.07
2020-10-23,ABBOTINDIA,EQ,"15,799.35","15,790.00","15,961.05","15,588.05","15,600.00","15,624.60","15,706.73",6950,109161796.85,3230,4975.0,71.58
2020-10-26,ABBOTINDIA,EQ,"15,624.60","15,650.00","15,750.00","15,490.00","15,585.00","15,562.00","15,613.71",5810,90715663.1,2413,3741.0,64.39
2020-10-27,ABBOTINDIA,EQ,"15,562.00","15,560.00","15,679.30","15,510.00","15,559.80","15,552.40","15,573.04",10467,163003028.75,2726,8432.0,80.56
2020-10-28,ABBOTINDIA,EQ,"15,552.40","15,550.00","15,605.10","15,235.00","15,250.00","15,327.05","15,389.41",13579,208972790.9,4454,10418.0,76.72
2020-10-29,ABBOTINDIA,EQ,"15,327.05","15,320.00","15,320.00","15,125.00","15,200.00","15,159.90","15,203.54",10799,164183019.6,4765,7477.0,69.24
2020-10-30,ABBOTINDIA,EQ,"15,159.90","15,250.00","15,435.00","15,197.60","15,300.00","15,298.15","15,297.22",9232,141223897.15,3708,5993.0,64.92
2020-11-02,ABBOTINDIA,EQ,"15,298.15","15,300.00","15,550.00","15,150.00","15,540.00","15,512.00","15,349.60",6686,102627399.25,3303,4014.0,60.04
2020-11-03,ABBOTINDIA,EQ,"15,512.00","15,499.60","15,900.00","15,400.00","15,800.00","15,811.55","15,606.05",9330,145604437.0,3602,5352.0,57.36
2020-11-04,ABBOTINDIA,EQ,"15,811.55","15,844.00","15,900.00","15,750.20","15,870.00","15,864.75","15,859.24",3640,57727633.85,1809,1878.0,51.59
2020-11-05,ABBOTINDIA,EQ,"15,864.75","15,860.00","15,979.95","15,750.00","15,786.00","15,775.05","15,873.35",5085,80715971.5,2009,3075.0,60.47
2020-11-06,ABBOTINDIA,EQ,"15,775.05","15,800.00","15,998.50","15,780.00","15,860.00","15,897.80","15,915.30",4116,65507367.65,1728,2167.0,52.65
2020-11-09,ABBOTINDIA,EQ,"15,897.80","16,000.00","16,050.00","15,450.00","15,530.00","15,530.25","15,649.95",13401,209724975.65,4203,7721.0,57.62
2020-11-10,ABBOTINDIA,EQ,"15,530.25","15,688.00","15,688.00","15,400.00","15,579.00","15,504.55","15,539.78",7282,113160669.75,2908,3823.0,52.5
2020-11-11,ABBOTINDIA,EQ,"15,504.55","15,555.00","15,648.90","15,365.00","15,409.95","15,420.75","15,476.17",12430,192368761.25,5343,5571.0,44.82
2020-11-12,ABBOTINDIA,EQ,"15,420.75","15,420.00","15,509.75","15,275.10","15,334.00","15,303.70","15,356.01",12910,198246145.6,5141,7461.0,57.79
2020-11-13,ABBOTINDIA,EQ,"15,303.70","15,390.00","15,450.00","15,315.00","15,350.00","15,367.00","15,391.26",7685,118281869.8,2918,4315.0,56.15
2020-11-14,ABBOTINDIA,EQ,"15,367.00","15,400.00","15,625.00","15,400.00","15,607.55","15,595.55","15,550.18",2958,45997423.6,1328,1895.0,64.06
2020-11-17,ABBOTINDIA,EQ,"15,595.55","15,550.00","15,550.00","15,250.00","15,270.00","15,280.15","15,361.85",15913,244453082.15,5603,12169.0,76.47
2020-11-18,ABBOTINDIA,EQ,"15,280.15","15,349.00","15,425.00","15,050.00","15,100.00","15,096.20","15,235.00",15922,242571693.45,5440,11649.0,73.16
2020-11-19,ABBOTINDIA,EQ,"15,096.20","15,100.00","15,299.00","15,100.00","15,284.00","15,238.65","15,225.34",9473,144229632.7,4127,5600.0,59.12
2020-11-20,ABBOTINDIA,EQ,"15,238.65","15,298.65","15,360.00","15,200.00","15,345.00","15,344.55","15,283.80",8136,124349015.5,2756,4850.0,59.61
2020-11-23,ABBOTINDIA,EQ,"15,344.55","15,400.00","15,450.00","15,169.65","15,200.00","15,197.60","15,256.85",19703,300605713.55,5799,14434.0,73.26
2020-11-24,ABBOTINDIA,EQ,"15,197.60","15,205.00","15,475.00","15,205.00","15,311.90","15,297.65","15,365.55",17108,262873858.4,4316,11728.0,68.55
2020-11-25,ABBOTINDIA,EQ,"15,297.65","15,386.25","15,424.00","15,300.00","15,400.05","15,395.00","15,375.39",6300,96864967.25,2462,3473.0,55.13
2020-11-26,ABBOTINDIA,EQ,"15,395.00","15,450.00","15,450.00","15,306.00","15,379.90","15,354.15","15,378.83",15162,233173836.6,2718,11668.0,76.96
2020-11-27,ABBOTINDIA,EQ,"15,354.15","15,419.45","15,439.95","15,320.00","15,399.00","15,399.05","15,403.17",5110,78710181.1,1972,3219.0,62.99
2020-12-01,ABBOTINDIA,EQ,"15,399.05","15,425.00","15,504.95","15,350.00","15,399.95","15,398.60","15,417.52",11889,183298917.45,4233,7963.0,66.98
2020-12-02,ABBOTINDIA,EQ,"15,398.60","15,450.00","15,450.00","15,133.05","15,200.00","15,215.20","15,271.87",14017,214065802.85,5323,9446.0,67.39
2020-12-03,ABBOTINDIA,EQ,"15,215.20","15,215.25","15,380.00","15,215.00","15,290.95","15,291.10","15,304.31",7908,121026477.35,3338,5067.0,64.07
2020-12-04,ABBOTINDIA,EQ,"15,291.10","15,398.50","15,399.00","15,235.00","15,250.00","15,247.05","15,289.02",14739,225344792.9,4308,10220.0,69.34
2020-12-07,ABBOTINDIA,EQ,"15,247.05","15,250.00","15,330.00","15,230.00","15,290.30","15,293.05","15,288.92",16214,247894576.7,4097,12459.0,76.84
2020-12-08,ABBOTINDIA,EQ,"15,293.05","15,300.00","15,500.00","15,280.10","15,300.00","15,389.85","15,414.24",27356,421671920.85,6171,16495.0,60.3
2020-12-09,ABBOTINDIA,EQ,"15,389.85","15,480.00","15,480.00","15,350.00","15,400.00","15,399.35","15,408.92",7754,119480792.1,2859,4000.0,51.59
2020-12-10,ABBOTINDIA,EQ,"15,399.35","15,399.00","15,699.95","15,250.00","15,689.00","15,568.30","15,468.26",18274,282666925.8,5564,10494.0,57.43
2020-12-11,ABBOTINDIA,EQ,"15,568.30","15,739.90","16,255.50","15,700.00","16,080.00","16,087.55","16,075.87",58533,940968752.8,15300,20444.0,34.93
2020-12-14,ABBOTINDIA,EQ,"16,087.55","16,250.00","16,699.90","16,201.00","16,500.00","16,504.90","16,494.34",44723,737676243.2,11209,19088.0,42.68
2020-12-15,ABBOTINDIA,EQ,"16,504.90","16,600.00","16,695.00","16,300.00","16,340.45","16,379.20","16,420.99",18840,309371361.6,6400,7953.0,42.21
2020-12-16,ABBOTINDIA,EQ,"16,379.20","16,451.00","16,599.00","16,202.00","16,290.00","16,276.60","16,357.01",19505,319043466.05,7380,10365.0,53.14
2020-12-17,ABBOTINDIA,EQ,"16,276.60","16,382.00","16,385.55","16,005.00","16,100.00","16,096.25","16,129.30",20331,327924867.0,7251,9742.0,47.92
2020-12-18,ABBOTINDIA,EQ,"16,096.25","16,200.00","16,268.00","15,910.00","16,180.05","16,178.10","16,106.49",18119,291833411.35,7041,8151.0,44.99
2020-12-21,ABBOTINDIA,EQ,"16,178.10","16,170.00","16,270.00","15,700.00","15,800.00","15,848.25","16,054.04",21030,337616556.1,7116,12591.0,59.87
2020-12-22,ABBOTINDIA,EQ,"15,848.25","15,726.00","15,938.10","15,351.00","15,505.00","15,510.10","15,459.79",29551,456852203.85,8805,16428.0,55.59
2020-12-23,ABBOTINDIA,EQ,"15,510.10","15,643.50","15,900.00","15,526.00","15,790.00","15,777.35","15,814.03",17990,284494452.4,4447,11129.0,61.86
2020-12-24,ABBOTINDIA,EQ,"15,777.35","15,940.00","15,940.00","15,600.00","15,750.00","15,727.40","15,798.28",13290,209959165.85,6418,7532.0,56.67
2020-12-28,ABBOTINDIA,EQ,"15,727.40","15,843.65","15,940.00","15,657.95","15,700.00","15,697.70","15,744.46",16355,257500634.4,5182,11004.0,67.28
2020-12-29,ABBOTINDIA,EQ,"15,697.70","15,777.70","15,899.90","15,600.00","15,750.00","15,701.90","15,741.50",9933,156360281.0,3198,6255.0,62.97
2020-12-30,ABBOTINDIA,EQ,"15,701.90","15,800.00","15,840.05","15,600.00","15,644.00","15,628.40","15,667.79",11997,187966507.05,4117,6440.0,53.68
2020-12-31,ABBOTINDIA,EQ,"15,628.40","15,650.00","15,899.00","15,635.05","15,760.00","15,769.10","15,774.89",11865,187169104.55,5165,5411.0,45.6
2021-01-01,ABBOTINDIA,EQ,"15,769.10","15,800.00","15,856.30","15,698.00","15,750.00","15,746.00","15,769.49",22888,360932086.5,4078,18123.0,79.18
2021-01-04,ABBOTINDIA,EQ,"15,746.00","15,793.75","15,862.90","15,630.90","15,698.90","15,668.05","15,721.37",16723,262908495.05,7391,10764.0,64.37
2021-01-05,ABBOTINDIA,EQ,"15,668.05","15,668.00","15,839.90","15,551.90","15,610.00","15,605.70","15,663.00",22730,356020088.3,8379,14574.0,64.12
2021-01-06,ABBOTINDIA,EQ,"15,605.70","15,689.25","15,800.00","15,483.55","15,577.00","15,550.95","15,626.41",15681,245037707.8,5119,9023.0,57.54
2021-01-07,ABBOTINDIA,EQ,"15,550.95","15,664.30","15,700.00","15,400.00","15,460.00","15,435.95","15,525.57",19630,304766940.75,6977,11038.0,56.23
2021-01-08,ABBOTINDIA,EQ,"15,435.95","15,549.90","15,699.95","15,445.05","15,525.00","15,496.05","15,501.21",13199,204600500.6,4374,8525.0,64.59
2021-01-11,ABBOTINDIA,EQ,"15,496.05","15,520.00","15,650.00","15,415.00","15,480.00","15,483.15","15,543.08",32292,501917222.5,7738,23966.0,74.22
2021-01-12,ABBOTINDIA,EQ,"15,483.15","15,566.85","15,566.85","15,383.00","15,400.00","15,405.40","15,441.35",21062,325225673.55,5340,16624.0,78.93
2021-01-13,ABBOTINDIA,EQ,"15,405.40","15,450.70","15,505.00","14,925.00","14,999.50","15,001.55","15,149.85",40084,607266559.2,13552,28661.0,71.5
2021-01-14,ABBOTINDIA,EQ,"15,001.55","15,100.00","15,198.40","14,992.10","15,019.40","15,003.50","15,054.84",26752,402747126.9,10989,18121.0,67.74
2021-01-15,ABBOTINDIA,EQ,"15,003.50","15,076.15","15,140.00","14,922.00","15,030.00","14,996.05","14,987.08",17186,257567899.1,6355,10634.0,61.88
2021-01-18,ABBOTINDIA,EQ,"14,996.05","15,074.00","15,074.00","14,730.00","14,750.00","14,748.65","14,844.66",23904,354846813.35,9564,15559.0,65.09
2021-01-19,ABBOTINDIA,EQ,"14,748.65","14,844.65","14,922.00","14,568.00","14,590.00","14,601.70","14,705.89",27878,409970762.85,9825,18682.0,67.01
2021-01-20,ABBOTINDIA,EQ,"14,601.70","14,645.00","14,720.00","14,325.00","14,400.00","14,397.20","14,494.60",39316,569869765.75,12040,25755.0,65.51
2021-01-21,ABBOTINDIA,EQ,"14,397.20","14,508.85","14,647.95","14,411.20","14,500.00","14,487.80","14,530.53",28348,411911375.5,9001,18737.0,66.1
2021-01-22,ABBOTINDIA,EQ,"14,487.80","14,549.00","14,569.95","14,350.00","14,479.00","14,399.90","14,432.65",17701,255472395.25,7384,9972.0,56.34
2021-01-25,ABBOTINDIA,EQ,"14,399.90","14,539.55","14,588.60","14,399.90","14,550.00","14,546.65","14,497.69",13183,191123003.55,4205,7081.0,53.71
2021-01-27,ABBOTINDIA,EQ,"14,546.65","14,600.00","14,667.00","14,403.10","14,552.00","14,527.00","14,565.94",23458,341687822.55,6618,14459.0,61.64
2021-01-28,ABBOTINDIA,EQ,"14,527.00","14,550.00","14,618.15","14,348.95","14,579.15","14,576.05","14,497.42",9956,144336321.65,3550,4857.0,48.78
2021-01-29,ABBOTINDIA,EQ,"14,576.05","14,600.00","14,640.65","14,100.00","14,210.00","14,222.05","14,358.08",29267,420217892.5,9848,18151.0,62.02
2021-02-01,ABBOTINDIA,EQ,"14,222.05","14,358.85","14,472.35","14,215.05","14,300.00","14,299.50","14,298.36",18605,266021073.2,7698,9940.0,53.43
2021-02-02,ABBOTINDIA,EQ,"14,299.50","14,350.00","14,462.00","13,959.80","14,140.00","14,093.85","14,078.42",56037,788912257.55,13562,36447.0,65.04
2021-02-03,ABBOTINDIA,EQ,"14,093.85","14,199.85","14,600.00","14,094.00","14,449.00","14,432.10","14,407.16",23496,338510550.35,8771,12031.0,51.2
2021-02-04,ABBOTINDIA,EQ,"14,432.10","14,575.00","14,586.90","14,360.00","14,480.00","14,488.20","14,473.40",33793,489099577.75,6120,25133.0,74.37
2021-02-05,ABBOTINDIA,EQ,"14,488.20","14,542.50","14,550.00","14,405.00","14,500.00","14,477.75","14,454.18",22721,328413366.85,4867,16616.0,73.13
2021-02-08,ABBOTINDIA,EQ,"14,477.75","14,560.00","14,589.00","14,260.45","14,500.00","14,500.60","14,470.71",29673,429389449.8,5752,19486.0,65.67
2021-02-09,ABBOTINDIA,EQ,"14,500.60","14,600.00","14,995.00","14,510.00","14,548.00","14,634.80","14,775.45",38323,566239713.75,11627,17306.0,45.16
2021-02-10,ABBOTINDIA,EQ,"14,634.80","14,630.00","14,630.00","14,291.05","14,375.00","14,371.50","14,392.40",39275,565261391.55,8709,20519.0,52.24
2021-02-11,ABBOTINDIA,EQ,"14,371.50","14,400.50","14,456.30","14,311.25","14,431.00","14,434.55","14,423.16",18914,272799700.1,5087,13145.0,69.5
2021-02-12,ABBOTINDIA,EQ,"14,434.55","14,400.00","14,460.00","14,375.00","14,438.70","14,439.10","14,424.75",12309,177554252.2,3229,8094.0,65.76
2021-02-15,ABBOTINDIA,EQ,"14,439.10","14,469.10","14,599.00","14,400.00","14,430.00","14,448.95","14,447.34",13660,197350625.3,3611,9384.0,68.7
2021-02-16,ABBOTINDIA,EQ,"14,448.95","14,484.75","14,739.00","14,465.00","14,685.00","14,700.70","14,635.20",23617,345639524.3,6873,16333.0,69.16
2021-02-17,ABBOTINDIA,EQ,"14,700.70","14,710.70","14,760.45","14,485.20","14,650.00","14,651.55","14,635.95",16801,245898626.25,4026,9799.0,58.32
2021-02-18,ABBOTINDIA,EQ,"14,651.55","14,649.00","14,949.00","14,555.80","14,921.00","14,918.80","14,851.78",14887,221098392.45,4453,9481.0,63.69
2021-02-19,ABBOTINDIA,EQ,"14,918.80","14,950.00","14,950.00","14,650.00","14,739.90","14,716.30","14,795.48",9407,139181039.5,3750,3940.0,41.88
2021-02-22,ABBOTINDIA,EQ,"14,716.30","14,780.00","14,789.65","14,485.05","14,665.05","14,637.20","14,649.24",12942,189590430.7,4174,7843.0,60.6
2021-02-23,ABBOTINDIA,EQ,"14,637.20","14,705.00","14,748.90","14,454.50","14,504.40","14,471.30","14,627.74",11319,165571404.0,3754,6955.0,61.45
2021-02-24,ABBOTINDIA,EQ,"14,471.30","14,548.10","14,717.50","14,477.00","14,555.05","14,591.60","14,636.28",5329,77996726.15,1938,3195.0,59.95
2021-02-25,ABBOTINDIA,EQ,"14,591.60","14,591.60","14,688.45","14,270.05","14,368.90","14,352.55","14,333.63",24900,356907442.95,6505,11993.0,48.16
2021-02-26,ABBOTINDIA,EQ,"14,352.55","14,352.55","14,484.10","14,228.00","14,384.00","14,389.45","14,326.51",11859,169898118.15,4638,5677.0,47.87
2021-03-01,ABBOTINDIA,EQ,"14,389.45","14,450.00","14,520.00","14,250.00","14,500.00","14,497.75","14,419.74",19828,285914697.55,5613,13520.0,68.19
2021-03-02,ABBOTINDIA,EQ,"14,497.75","14,550.00","14,685.75","14,450.00","14,547.00","14,531.60","14,567.46",8953,130422472.3,3068,5128.0,57.28
2021-03-03,ABBOTINDIA,EQ,"14,531.60","14,630.00","14,844.00","14,537.65","14,645.00","14,613.90","14,696.02",12011,176513875.55,4431,6461.0,53.79
2021-03-04,ABBOTINDIA,EQ,"14,613.90","14,613.90","14,855.00","14,590.00","14,636.00","14,689.35","14,758.94",11316,167012158.7,3391,6379.0,56.37
2021-03-05,ABBOTINDIA,EQ,"14,689.35","14,700.00","14,865.55","14,700.00","14,770.05","14,754.80","14,786.02",9970,147416625.65,3404,5267.0,52.83
2021-03-08,ABBOTINDIA,EQ,"14,754.80","14,770.05","14,850.05","14,625.15","14,760.10","14,759.70","14,741.88",5777,85163818.2,2127,3273.0,56.66
2021-03-09,ABBOTINDIA,EQ,"14,759.70","14,760.00","14,800.00","14,644.00","14,700.00","14,687.55","14,696.91",6839,100512168.5,2275,4097.0,59.91
2021-03-10,ABBOTINDIA,EQ,"14,687.55","14,687.55","14,750.00","14,600.00","14,648.00","14,668.15","14,688.02",13903,204207515.05,2371,11034.0,79.36
2021-03-12,ABBOTINDIA,EQ,"14,668.15","14,689.40","14,718.90","14,503.30","14,615.00","14,616.25","14,620.77",17952,262472146.5,3045,14667.0,81.7
2021-03-15,ABBOTINDIA,EQ,"14,616.25","14,625.00","14,650.00","14,435.00","14,580.00","14,535.80","14,535.73",10603,154122307.65,2646,7046.0,66.45
2021-03-16,ABBOTINDIA,EQ,"14,535.80","14,530.00","14,800.00","14,300.00","14,800.00","14,771.80","14,684.25",11455,168208082.75,3458,5391.0,47.06
2021-03-17,ABBOTINDIA,EQ,"14,771.80","14,825.00","14,825.00","14,540.00","14,720.00","14,731.40","14,692.90",9390,137966363.4,2950,4902.0,52.2
2021-03-18,ABBOTINDIA,EQ,"14,731.40","14,725.00","14,783.20","14,400.00","14,500.00","14,484.80","14,571.33",8180,119193488.25,2909,4752.0,58.09
2021-03-19,ABBOTINDIA,EQ,"14,484.80","14,470.00","14,860.00","14,314.15","14,770.00","14,794.95","14,719.68",17230,253620149.3,5592,9871.0,57.29
2021-03-22,ABBOTINDIA,EQ,"14,794.95","14,855.00","14,855.00","14,500.00","14,649.95","14,646.50","14,673.70",12736,186884199.9,4288,5332.0,41.87
2021-03-23,ABBOTINDIA,EQ,"14,646.50","14,699.00","14,848.00","14,600.05","14,810.00","14,811.55","14,741.95",10124,149247461.1,2868,6545.0,64.65
2021-03-24,ABBOTINDIA,EQ,"14,811.55","14,820.00","14,930.00","14,683.90","14,850.00","14,852.80","14,823.32",12291,182193464.85,2724,7566.0,61.56
2021-03-25,ABBOTINDIA,EQ,"14,852.80","14,852.00","14,993.00","14,666.05","14,899.00","14,893.35","14,904.88",23134,344809496.95,5453,12325.0,53.28
2021-03-26,ABBOTINDIA,EQ,"14,893.35","14,988.80","15,099.00","14,761.05","15,050.00","15,029.50","14,948.71",13174,196934316.25,4063,7321.0,55.57
2021-03-30,ABBOTINDIA,EQ,"15,029.50","15,030.00","15,267.80","14,899.80","14,910.00","15,086.55","15,103.00",21091,318537429.75,6721,12433.0,58.95
2021-03-31,ABBOTINDIA,EQ,"15,086.55","14,990.00","15,085.50","14,925.55","14,970.00","14,983.30","14,996.03",9339,140047936.9,2748,5001.0,53.55
2021-04-01,ABBOTINDIA,EQ,"14,983.30","15,000.00","15,160.05","14,901.00","14,936.00","14,980.05","15,023.75",21203,318548634.35,5678,12353.0,58.26
2021-04-05,ABBOTINDIA,EQ,"14,980.05","15,021.40","15,190.00","14,912.50","15,175.00","15,160.15","15,051.10",10230,153972790.45,3188,5883.0,57.51
2021-04-06,ABBOTINDIA,EQ,"15,160.15","15,190.00","15,294.05","15,120.45","15,250.00","15,216.00","15,219.58",15326,233255223.05,3070,8785.0,57.32
2021-04-07,ABBOTINDIA,EQ,"15,216.00","15,216.05","15,325.00","15,180.00","15,320.00","15,314.55","15,260.64",10456,159565298.05,3039,6207.0,59.36
2021-04-08,ABBOTINDIA,EQ,"15,314.55","15,339.00","15,400.00","14,712.50","14,930.00","14,963.35","15,242.94",18239,278015996.65,3640,11086.0,60.78
2021-04-09,ABBOTINDIA,EQ,"14,963.35","14,963.05","15,253.00","14,960.30","15,249.00","15,233.55","15,198.29",17352,263720681.1,4134,11254.0,64.86
2021-04-12,ABBOTINDIA,EQ,"15,233.55","15,233.00","15,233.00","14,920.00","15,125.00","15,049.70","15,029.49",17883,268772292.45,4048,12236.0,68.42
2021-04-13,ABBOTINDIA,EQ,"15,049.70","15,050.00","15,148.90","14,920.80","14,999.00","14,959.90","14,990.73",6242,93572147.25,2303,2777.0,44.49
2021-04-15,ABBOTINDIA,EQ,"14,959.90","15,000.00","15,082.15","14,855.00","14,988.85","14,919.75","14,961.47",6685,100017397.2,2361,3913.0,58.53
2021-04-16,ABBOTINDIA,EQ,"14,919.75","15,004.00","15,029.75","14,821.25","14,956.30","14,964.85","14,958.31",21109,315754885.15,3556,15682.0,74.29
2021-04-19,ABBOTINDIA,EQ,"14,964.85","14,900.00","14,900.05","14,586.05","14,875.05","14,724.80","14,779.51",17043,251887198.8,4244,12152.0,71.3
2021-04-20,ABBOTINDIA,EQ,"14,724.80","14,901.00","14,990.00","14,750.10","14,837.00","14,839.90","14,836.48",11046,163883806.95,2677,6942.0,62.85
2021-04-22,ABBOTINDIA,EQ,"14,839.90","14,903.10","15,243.80","14,752.20","15,093.00","15,108.70","15,099.83",16391,247501329.6,5042,8264.0,50.42
2021-04-23,ABBOTINDIA,EQ,"15,108.70","14,902.50","15,245.00","14,902.50","14,999.95","15,076.35","15,098.04",7694,116164338.4,2428,4014.0,52.17
2021-04-26,ABBOTINDIA,EQ,"15,076.35","14,999.95","15,094.10","14,950.00","15,051.00","15,052.85","15,031.17",6842,102843267.9,2071,4085.0,59.7
2021-04-27,ABBOTINDIA,EQ,"15,052.85","15,090.85","15,222.75","15,016.25","15,200.00","15,202.60","15,149.12",6733,101998991.75,2164,4309.0,64.0
2021-04-28,ABBOTINDIA,EQ,"15,202.60","15,200.00","15,280.00","15,104.60","15,180.00","15,172.90","15,180.60",7306,110909458.8,2246,4653.0,63.69
2021-04-29,ABBOTINDIA,EQ,"15,172.90","15,173.05","15,230.00","14,985.05","15,000.00","14,997.25","15,121.76",7789,117783400.8,2099,5514.0,70.79
2021-04-30,ABBOTINDIA,EQ,"14,997.25","15,000.00","15,294.95","14,850.00","15,150.00","15,151.75","15,049.65",11975,180219503.1,3334,6017.0,50.25
2021-05-03,ABBOTINDIA,EQ,"15,151.75","15,150.00","15,272.55","15,003.00","15,179.50","15,169.20","15,144.95",6780,102682789.35,2586,3290.0,48.53
2021-05-04,ABBOTINDIA,EQ,"15,169.20","15,169.20","15,450.00","15,070.05","15,300.00","15,314.80","15,273.93",12152,185608820.6,3709,7118.0,58.57
2021-05-05,ABBOTINDIA,EQ,"15,314.80","15,309.00","15,425.00","15,233.60","15,420.00","15,403.45","15,324.65",11092,169981064.1,2727,8434.0,76.04
2021-05-06,ABBOTINDIA,EQ,"15,403.45","15,390.00","15,525.00","15,347.85","15,410.10","15,422.75","15,436.00",8847,136562313.6,2625,4889.0,55.26
2021-05-07,ABBOTINDIA,EQ,"15,422.75","15,458.95","15,900.00","15,329.50","15,850.00","15,850.40","15,655.01",17276,270455976.5,5678,9701.0,56.15
2021-05-10,ABBOTINDIA,EQ,"15,850.40","15,845.00","16,145.00","15,839.85","16,100.00","16,108.95","16,047.15",24126,387153650.7,6488,13778.0,57.11
2021-05-11,ABBOTINDIA,EQ,"16,108.95","16,108.95","16,250.00","15,910.60","16,200.05","16,205.00","16,158.62",14867,240230207.6,4431,8735.0,58.75
2021-05-12,ABBOTINDIA,EQ,"16,205.00","16,202.00","16,299.00","16,051.05","16,200.00","16,158.40","16,153.28",15023,242670673.85,3980,9738.0,64.82
2021-05-14,ABBOTINDIA,EQ,"16,158.40","16,248.00","16,248.00","15,980.35","16,100.00","16,110.00","16,066.52",11188,179752208.6,4237,6552.0,58.56
2021-05-17,ABBOTINDIA,EQ,"16,110.00","16,110.00","16,284.95","16,100.00","16,177.00","16,217.05","16,200.24",10914,176809439.6,3484,6332.0,58.02
2021-05-18,ABBOTINDIA,EQ,"16,217.05","16,200.00","16,300.00","15,933.90","16,026.00","16,053.85","16,141.64",31255,504506938.15,7159,8523.0,27.27
2021-05-19,ABBOTINDIA,EQ,"16,053.85","16,099.00","16,126.80","15,895.00","16,025.00","16,024.10","16,003.44",17224,275643190.45,4746,9471.0,54.99
2021-05-20,ABBOTINDIA,EQ,"16,024.10","16,001.00","16,135.00","15,967.00","16,030.00","16,019.90","16,044.12",9370,150333382.55,2970,5851.0,62.44
2021-05-21,ABBOTINDIA,EQ,"16,019.90","16,019.90","16,190.00","15,900.10","16,000.10","16,036.70","16,072.06",9375,150675519.95,2819,5798.0,61.85
2021-05-24,ABBOTINDIA,EQ,"16,036.70","16,080.00","16,198.55","16,027.80","16,142.00","16,165.65","16,146.25",8300,134013871.35,2851,4916.0,59.23
2021-05-25,ABBOTINDIA,EQ,"16,165.65","16,189.15","16,400.00","16,055.55","16,099.95","16,131.40","16,218.49",11933,193535271.5,3111,5827.0,48.83
2021-05-26,ABBOTINDIA,EQ,"16,131.40","16,194.85","16,194.85","15,975.00","16,045.00","16,049.45","16,035.01",10557,169281569.7,2674,6479.0,61.37
2021-05-27,ABBOTINDIA,EQ,"16,049.45","16,000.00","16,105.55","15,950.00","15,977.00","15,993.85","16,003.51",16229,259720933.15,2481,13158.0,81.08
2021-05-28,ABBOTINDIA,EQ,"15,993.85","15,993.00","16,171.85","15,874.95","16,100.00","16,102.30","16,053.10",29672,476327693.4,5148,21101.0,71.11
2021-05-31,ABBOTINDIA,EQ,"16,102.30","16,172.00","16,202.75","15,993.00","16,000.00","16,029.05","16,104.80",11121,179101526.25,3751,4802.0,43.18
2021-06-01,ABBOTINDIA,EQ,"16,029.05","16,057.85","16,100.00","15,903.00","15,950.00","15,958.15","15,985.87",18590,297177298.2,2933,14692.0,79.03
2021-06-02,ABBOTINDIA,EQ,"15,958.15","15,950.00","16,000.00","15,890.00","15,999.00","15,988.30","15,944.39",27349,436063243.1,3336,23487.0,85.88
2021-06-03,ABBOTINDIA,EQ,"15,988.30","15,988.30","16,160.00","15,905.00","15,975.00","15,964.70","15,962.07",41595,663942482.6,3446,32096.0,77.16
2021-06-04,ABBOTINDIA,EQ,"15,964.70","15,999.00","16,040.00","15,910.00","15,910.00","15,940.40","15,986.17",13351,213431419.3,2570,9209.0,68.98
2021-06-07,ABBOTINDIA,EQ,"15,940.40","15,945.80","15,972.75","15,860.10","15,896.15","15,897.95","15,902.17",9265,147333585.2,2788,5430.0,58.61
2021-06-08,ABBOTINDIA,EQ,"15,897.95","15,927.25","16,000.00","15,832.00","15,895.00","15,954.35","15,884.51",63089,1002138066.45,2975,58172.0,92.21
2021-06-09,ABBOTINDIA,EQ,"15,954.35","15,955.00","16,280.00","15,870.00","16,135.00","16,076.95","16,034.56",32791,525789340.75,5045,21385.0,65.22
2021-06-10,ABBOTINDIA,EQ,"16,076.95","16,200.00","16,247.90","16,076.95","16,076.95","16,106.15","16,156.08",14674,237074283.45,2915,9639.0,65.69
2021-06-11,ABBOTINDIA,EQ,"16,106.15","16,124.25","16,390.00","16,005.00","16,355.00","16,327.30","16,217.89",17102,277358359.2,4317,10599.0,61.98
2021-06-14,ABBOTINDIA,EQ,"16,327.30","16,400.00","16,554.75","16,137.05","16,260.25","16,290.70","16,360.80",30110,492623708.35,5294,20363.0,67.63
2021-06-15,ABBOTINDIA,EQ,"16,290.70","16,275.00","16,500.00","16,229.40","16,490.00","16,461.20","16,433.92",16824,276484218.6,3944,9052.0,53.8
2021-06-16,ABBOTINDIA,EQ,"16,461.20","16,500.00","16,500.00","16,326.65","16,465.00","16,446.20","16,402.27",7235,118670430.3,2312,3733.0,51.6
2021-06-17,ABBOTINDIA,EQ,"16,446.20","16,446.20","16,600.00","16,331.50","16,510.00","16,526.45","16,506.59",9974,164636714.7,3126,5064.0,50.77
2021-06-18,ABBOTINDIA,EQ,"16,526.45","16,490.00","16,630.00","16,020.00","16,550.25","16,536.70","16,372.29",18388,301053643.65,5660,8127.0,44.2
2021-06-21,ABBOTINDIA,EQ,"16,536.70","16,235.00","16,749.85","16,235.00","16,450.00","16,573.65","16,529.08",11063,182861212.25,4091,5780.0,52.25
2021-06-22,ABBOTINDIA,EQ,"16,573.65","16,591.60","16,749.00","16,414.30","16,650.10","16,670.85","16,530.26",16137,266748750.45,4185,10367.0,64.24
2021-06-23,ABBOTINDIA,EQ,"16,670.85","16,669.00","16,744.00","16,400.00","16,475.00","16,427.60","16,481.63",10592,174573456.85,3614,6488.0,61.25
2021-06-24,ABBOTINDIA,EQ,"16,427.60","16,410.00","16,500.00","16,340.00","16,365.05","16,397.45","16,405.93",9503,155905555.55,2190,5888.0,61.96
2021-06-25,ABBOTINDIA,EQ,"16,397.45","16,487.85","16,572.35","16,355.05","16,450.30","16,471.40","16,468.40",6029,99287995.55,2146,3789.0,62.85
2021-06-28,ABBOTINDIA,EQ,"16,471.40","16,560.00","16,900.00","16,400.20","16,781.00","16,828.30","16,715.06",21242,355061381.2,5751,11115.0,52.33
2021-06-29,ABBOTINDIA,EQ,"16,828.30","16,782.00","16,910.00","16,430.00","16,530.50","16,537.35","16,687.67",8739,145833541.75,4018,3912.0,44.76
2021-06-30,ABBOTINDIA,EQ,"16,537.35","16,662.45","16,900.50","16,498.40","16,700.00","16,808.90","16,704.45",10954,182980491.15,4165,4428.0,40.42
2021-07-01,ABBOTINDIA,EQ,"16,808.90","16,825.35","16,875.00","16,650.00","16,740.00","16,736.35","16,764.44",8099,135775172.05,4218,3824.0,47.22
2021-07-02,ABBOTINDIA,EQ,"16,736.35","16,740.00","16,799.90","16,661.00","16,760.00","16,764.65","16,740.04",5269,88203270.3,2291,2584.0,49.04
2021-07-05,ABBOTINDIA,EQ,"16,764.65","16,870.00","16,870.00","16,705.25","16,805.00","16,809.75","16,803.09",5649,94920650.4,2134,2900.0,51.34
2021-07-06,ABBOTINDIA,EQ,"16,809.75","16,800.00","17,289.70","16,776.50","17,214.00","17,227.25","17,057.47",20820,355136531.0,5049,11895.0,57.13
2021-07-07,ABBOTINDIA,EQ,"17,227.25","17,355.00","17,355.00","17,057.70","17,155.00","17,260.60","17,226.90",11796,203208460.1,4022,6554.0,55.56
2021-07-08,ABBOTINDIA,EQ,"17,260.60","17,260.70","17,283.35","17,101.95","17,250.00","17,257.10","17,220.15",6314,108728014.3,2225,3492.0,55.31
2021-07-09,ABBOTINDIA,EQ,"17,257.10","17,205.05","17,400.00","17,200.00","17,210.00","17,250.20","17,273.57",32915,568559460.9,3112,27839.0,84.58
2021-07-12,ABBOTINDIA,EQ,"17,250.20","17,339.15","17,540.00","17,211.00","17,283.00","17,318.55","17,342.05",26123,453026352.05,9237,13349.0,51.1
2021-07-13,ABBOTINDIA,EQ,"17,318.55","17,355.00","17,441.00","17,220.05","17,405.00","17,400.45","17,369.82",15861,275502722.3,5214,12089.0,76.22
2021-07-14,ABBOTINDIA,EQ,"17,400.45","17,400.00","17,498.80","17,320.05","17,335.00","17,388.65","17,401.55",5283,91932384.35,2126,2951.0,55.86
2021-07-15,ABBOTINDIA,EQ,"17,388.65","17,388.65","17,400.00","17,211.15","17,330.05","17,336.45","17,339.00",6140,106461459.1,2113,3446.0,56.12
2021-07-16,ABBOTINDIA,EQ,"17,336.45","17,399.00","17,649.00","17,250.50","17,450.00","17,484.45","17,439.97",24326,424244734.35,5163,15625.0,64.23
2021-07-19,ABBOTINDIA,EQ,"17,484.45","17,250.00","17,430.00","17,222.75","17,290.85","17,344.25","17,325.18",8646,149793475.7,2300,5097.0,58.95
2021-07-20,ABBOTINDIA,EQ,"17,344.25","17,301.10","17,507.50","17,100.00","17,500.00","17,469.40","17,289.31",9865,170559067.15,3647,5398.0,54.72
2021-07-22,ABBOTINDIA,EQ,"17,469.40","17,470.00","17,600.00","17,355.30","17,524.00","17,529.65","17,546.42",11590,203363035.25,2539,8910.0,76.88
2021-07-23,ABBOTINDIA,EQ,"17,529.65","17,480.00","17,850.00","17,418.55","17,820.00","17,815.85","17,647.43",8469,149456120.85,3303,5032.0,59.42
2021-07-26,ABBOTINDIA,EQ,"17,815.85","17,900.00","17,985.00","17,619.95","17,720.00","17,859.85","17,810.78",7380,131443558.05,3041,3571.0,48.39
2021-07-27,ABBOTINDIA,EQ,"17,859.85","17,825.05","18,006.00","17,820.00","17,975.00","17,992.40","17,944.72",24249,435141476.9,4294,20158.0,83.13
2021-07-28,ABBOTINDIA,EQ,"17,992.40","17,985.00","17,985.00","17,807.50","17,868.95","17,935.15","17,918.84",15320,274516681.2,2327,10805.0,70.53
2021-07-29,ABBOTINDIA,EQ,"17,935.15","17,918.80","18,230.00","17,800.05","18,190.00","18,193.95","18,077.21",7232,130734404.65,2976,3768.0,52.1
2021-07-30,ABBOTINDIA,EQ,"18,193.95","18,190.00","19,244.70","18,049.95","18,870.05","19,012.75","18,781.96",24423,458711929.15,7845,12335.0,50.51
2021-08-02,ABBOTINDIA,EQ,"19,012.75","19,000.00","19,994.70","18,999.00","19,550.00","19,750.70","19,706.29",46979,925782020.5,14881,14123.0,30.06
2021-08-03,ABBOTINDIA,EQ,"19,750.70","19,750.70","19,750.70","19,200.00","19,300.00","19,266.75","19,347.62",17240,333553027.9,6193,7952.0,46.13
2021-08-04,ABBOTINDIA,EQ,"19,266.75","19,300.00","19,335.00","17,825.00","18,048.00","18,029.65","18,345.11",43772,803002013.95,13831,16130.0,36.85
2021-08-05,ABBOTINDIA,EQ,"18,029.65","18,080.00","18,281.55","17,583.80","17,960.00","17,925.15","17,938.45",19336,346857863.3,7892,6805.0,35.19
2021-08-06,ABBOTINDIA,EQ,"17,925.15","18,034.00","18,343.40","17,420.10","17,490.00","17,506.05","17,960.50",37697,677056980.6,11408,9284.0,24.63
2021-08-09,ABBOTINDIA,EQ,"17,506.05","17,676.70","17,743.85","17,355.05","17,500.00","17,507.35","17,534.80",15511,271982329.0,5612,6151.0,39.66
2021-08-10,ABBOTINDIA,EQ,"17,507.35","17,599.00","18,517.95","17,540.05","18,300.30","18,328.70","18,054.66",33225,599866176.95,10851,13125.0,39.5
2021-08-11,ABBOTINDIA,EQ,"18,328.70","18,025.00","18,480.00","17,993.10","18,213.55","18,290.80","18,169.42",18189,330483630.7,5736,6827.0,37.53
2021-08-12,ABBOTINDIA,EQ,"18,290.80","18,350.40","18,656.90","18,201.10","18,431.00","18,596.80","18,482.67",15607,288459063.25,3673,9191.0,58.89
2021-08-13,ABBOTINDIA,EQ,"18,596.80","18,569.40","19,165.00","18,360.30","19,000.00","19,010.55","18,904.08",20722,391730385.8,6958,7194.0,34.72
2021-08-16,ABBOTINDIA,EQ,"19,010.55","19,099.90","19,221.30","18,747.35","18,900.25","18,955.80","18,991.33",11238,213424517.0,5514,2972.0,26.45
2021-08-17,ABBOTINDIA,EQ,"18,955.80","19,000.00","19,140.00","18,730.05","18,758.20","19,045.30","19,029.95",12161,231423184.0,4477,4377.0,35.99
2021-08-18,ABBOTINDIA,EQ,"19,045.30","18,900.00","19,125.40","18,820.00","18,825.00","18,886.70","18,972.36",5775,109565406.55,2574,2201.0,38.11
2021-08-20,ABBOTINDIA,EQ,"18,886.70","18,820.00","19,210.00","18,645.25","18,850.00","19,074.40","18,966.59",12055,228642226.75,5812,4371.0,36.26
2021-08-23,ABBOTINDIA,EQ,"19,074.40","19,050.00","19,101.00","18,804.00","19,000.00","18,945.45","19,008.35",7464,141878352.9,3566,2894.0,38.77
2021-08-24,ABBOTINDIA,EQ,"18,945.45","18,900.00","19,097.75","18,868.00","18,900.00","18,925.30","18,969.87",6666,126453139.35,3051,2914.0,43.71
2021-08-25,ABBOTINDIA,EQ,"18,925.30","18,925.30","19,000.00","18,712.05","18,968.00","18,898.90","18,977.18",8637,163905933.3,2493,6022.0,69.72
2021-08-26,ABBOTINDIA,EQ,"18,898.90","18,999.90","19,351.50","18,760.05","18,840.00","18,906.65","19,160.17",11606,222372957.3,4798,3766.0,32.45
2021-08-27,ABBOTINDIA,EQ,"18,906.65","19,000.00","19,099.95","18,915.40","18,950.15","19,028.80","18,997.99",3959,75213050.05,1986,1273.0,32.15
2021-08-30,ABBOTINDIA,EQ,"19,028.80","19,092.40","19,199.90","18,911.00","19,080.00","19,137.80","19,109.91",5847,111735671.7,2751,2770.0,47.37
2021-08-31,ABBOTINDIA,EQ,"19,137.80","19,109.90","19,398.00","19,071.60","19,221.00","19,272.10","19,262.21",7133,137397320.1,3212,3285.0,46.05
2021-09-01,ABBOTINDIA,EQ,"19,272.10","19,400.00","20,198.00","19,345.65","20,000.00","20,028.80","19,896.43",39643,788754315.3,13540,13022.0,32.85
2021-09-02,ABBOTINDIA,EQ,"20,028.80","20,150.00","20,168.85","19,750.00","19,890.00","19,832.80","19,973.78",19500,389488794.9,5242,11801.0,60.52
2021-09-03,ABBOTINDIA,EQ,"19,832.80","20,000.00","20,122.00","19,780.00","19,837.10","19,850.80","19,958.16",10014,199861032.3,4327,4155.0,41.49
2021-09-06,ABBOTINDIA,EQ,"19,850.80","19,985.90","19,986.00","19,509.00","19,695.00","19,617.90","19,782.12",7432,147020702.95,3399,3501.0,47.11
2021-09-07,ABBOTINDIA,EQ,"19,617.90","19,771.40","19,896.75","19,520.10","19,697.00","19,711.55","19,701.52",6915,136236000.9,3000,2749.0,39.75
2021-09-08,ABBOTINDIA,EQ,"19,711.55","19,700.00","20,100.00","19,657.35","20,000.00","19,994.95","19,889.93",10007,199038493.45,4179,4781.0,47.78
2021-09-09,ABBOTINDIA,EQ,"19,994.95","19,994.95","20,942.00","19,852.45","20,845.00","20,706.90","20,496.98",29888,612613618.7,10290,11050.0,36.97
2021-09-13,ABBOTINDIA,EQ,"20,706.90","20,600.00","21,498.00","20,600.00","21,489.00","21,378.55","21,262.38",50871,1081638501.15,18604,18059.0,35.5
2021-09-14,ABBOTINDIA,EQ,"21,378.55","21,400.00","21,870.00","21,311.00","21,399.00","21,454.05","21,623.95",22983,496983186.9,8554,5152.0,22.42
2021-09-15,ABBOTINDIA,EQ,"21,454.05","21,455.00","21,465.95","21,050.50","21,122.00","21,124.30","21,170.29",13548,286815105.1,5695,4299.0,31.73
2021-09-16,ABBOTINDIA,EQ,"21,124.30","21,264.00","21,420.70","20,900.00","20,995.00","21,004.10","21,193.82",10406,220542847.45,4000,4321.0,41.52
2021-09-17,ABBOTINDIA,EQ,"21,004.10","20,901.00","21,083.00","20,250.00","20,549.40","20,480.60","20,628.02",15232,314206062.15,5954,5688.0,37.34
2021-09-20,ABBOTINDIA,EQ,"20,480.60","20,480.50","20,887.95","20,161.40","20,560.00","20,559.30","20,576.93",12344,254001563.5,5794,4369.0,35.39
2021-09-21,ABBOTINDIA,EQ,"20,559.30","20,486.50","20,850.00","20,300.00","20,766.00","20,786.45","20,671.74",6756,139658278.3,3337,2378.0,35.2
2021-09-22,ABBOTINDIA,EQ,"20,786.45","20,800.00","21,500.05","20,800.00","21,473.00","21,464.95","21,286.08",17468,371825209.9,6657,7231.0,41.4
2021-09-23,ABBOTINDIA,EQ,"21,464.95","21,474.00","21,698.00","21,474.00","21,610.00","21,604.40","21,609.02",8679,187544711.2,4130,4515.0,52.02
2021-09-24,ABBOTINDIA,EQ,"21,604.40","21,699.00","21,728.00","21,075.00","21,237.00","21,204.95","21,417.86",10727,229749436.0,4846,4593.0,42.82
2021-09-27,ABBOTINDIA,EQ,"21,204.95","21,394.00","21,394.00","21,137.80","21,221.10","21,183.40","21,236.99",6091,129354501.65,2620,2151.0,35.31
2021-09-28,ABBOTINDIA,EQ,"21,183.40","21,237.00","21,378.35","20,821.10","20,940.00","21,010.80","21,272.86",21415,455558378.6,3005,17503.0,81.73
2021-09-29,ABBOTINDIA,EQ,"21,010.80","21,010.80","21,010.80","19,201.00","19,668.00","19,555.80","19,745.71",65120,1285840530.5,18664,30452.0,46.76
2021-09-30,ABBOTINDIA,EQ,"19,555.80","19,800.00","20,642.00","19,703.20","20,580.00","20,517.80","20,331.69",50607,1028925893.25,18471,10359.0,20.47
2021-10-01,ABBOTINDIA,EQ,"20,517.80","20,499.50","22,569.55","20,462.00","22,569.55","22,031.25","21,482.87",93068,1999368179.35,32996,21870.0,23.5
2021-10-04,ABBOTINDIA,EQ,"22,031.25","22,810.00","23,371.95","22,300.00","23,149.95","23,108.85","22,930.46",112685,2583918368.2,44450,13226.0,11.74
2021-10-05,ABBOTINDIA,EQ,"23,108.85","23,200.00","23,934.45","23,100.00","23,188.00","23,184.50","23,401.98",82214,1923970333.6,30655,17069.0,20.76
2021-10-06,ABBOTINDIA,EQ,"23,184.50","23,200.00","23,720.85","21,854.80","22,198.00","22,100.10","22,532.07",56156,1265310642.85,21367,10802.0,19.24
2021-10-07,ABBOTINDIA,EQ,"22,100.10","22,475.85","22,868.80","21,610.00","21,771.00","21,741.20","21,989.26",45763,1006294676.15,19026,10565.0,23.09
2021-10-08,ABBOTINDIA,EQ,"21,741.20","22,100.00","22,250.00","21,555.00","21,840.10","21,796.90","21,797.52",26368,574756945.85,11236,6486.0,24.6
2021-10-11,ABBOTINDIA,EQ,"21,796.90","21,969.50","22,171.30","21,700.00","21,948.70","22,024.60","21,987.34",17443,383525200.1,7419,4258.0,24.41
2021-10-12,ABBOTINDIA,EQ,"22,024.60","22,150.00","22,279.95","21,617.15","21,725.00","21,705.85","21,858.60",18841,411837812.0,7332,6669.0,35.4
2021-10-13,ABBOTINDIA,EQ,"21,705.85","21,902.00","21,902.00","21,500.00","21,598.00","21,589.05","21,705.94",13179,286062640.9,6108,3470.0,26.33
2021-10-14,ABBOTINDIA,EQ,"21,589.05","21,699.90","21,850.00","21,446.85","21,520.00","21,551.55","21,562.98",11247,242518806.05,4775,4726.0,42.02
2021-10-18,ABBOTINDIA,EQ,"21,551.55","21,700.00","22,036.95","21,363.70","21,415.00","21,432.20","21,618.04",15207,328745516.15,6888,4799.0,31.56
2021-10-19,ABBOTINDIA,EQ,"21,432.20","21,451.00","21,574.90","20,454.60","20,634.00","20,573.75","20,964.37",19251,403585089.75,8707,8269.0,42.95
2021-10-20,ABBOTINDIA,EQ,"20,573.75","20,639.00","21,366.00","20,328.90","20,739.00","20,686.10","20,942.51",43185,904402237.25,17586,6517.0,15.09
2021-10-21,ABBOTINDIA,EQ,"20,686.10","20,866.00","21,096.70","20,553.80","20,941.00","20,992.00","20,840.02",11775,245391285.2,4625,3933.0,33.4
2021-10-22,ABBOTINDIA,EQ,"20,992.00","20,992.00","21,199.95","20,125.00","20,300.00","20,239.55","20,559.56",16585,340980223.05,8481,4475.0,26.98
2021-10-25,ABBOTINDIA,EQ,"20,239.55","20,280.00","20,444.80","19,700.00","20,110.00","20,049.80","20,037.38",15978,320157264.15,6628,4157.0,26.02
2021-10-26,ABBOTINDIA,EQ,"20,049.80","20,100.00","20,286.15","20,000.00","20,141.25","20,205.20","20,177.02",29284,590863841.1,11498,13232.0,45.19
2021-10-27,ABBOTINDIA,EQ,"20,205.20","20,205.20","20,699.95","20,010.10","20,634.00","20,607.70","20,454.56",15321,313384333.4,6223,5434.0,35.47
2021-10-28,ABBOTINDIA,EQ,"20,607.70","20,688.00","20,688.00","20,000.00","20,084.95","20,017.15","20,217.72",9606,194211454.9,4200,3859.0,40.17
2021-10-29,ABBOTINDIA,EQ,"20,017.15","20,084.95","20,271.25","19,725.10","19,990.00","20,049.40","20,056.03",11312,226873860.65,3952,4690.0,41.46
2021-11-01,ABBOTINDIA,EQ,"20,049.40","20,025.00","20,244.80","19,866.60","20,049.00","19,956.95","19,998.68",14285,285681124.0,7293,6246.0,43.72
2021-11-02,ABBOTINDIA,EQ,"19,956.95","20,100.00","20,400.00","20,075.00","20,298.15","20,308.35","20,190.84",9394,189672752.05,3904,2763.0,29.41
2021-11-03,ABBOTINDIA,EQ,"20,308.35","20,200.00","20,483.60","20,111.05","20,317.00","20,296.00","20,303.27",8666,175948161.5,2852,4149.0,47.88
2021-11-04,ABBOTINDIA,EQ,"20,296.00","20,390.00","20,469.45","20,207.35","20,320.00","20,295.05","20,338.99",1687,34311874.4,896,922.0,54.65
2021-11-08,ABBOTINDIA,EQ,"20,295.05","20,210.10","20,384.20","19,995.05","20,020.00","20,025.65","20,133.89",7471,150420292.7,2899,3643.0,48.76
2021-11-09,ABBOTINDIA,EQ,"20,025.65","19,994.00","20,250.00","19,960.05","20,046.00","20,071.70","20,077.89",7363,147833503.4,2948,3119.0,42.36
2021-11-10,ABBOTINDIA,EQ,"20,071.70","20,046.00","20,150.00","19,960.00","20,150.00","20,057.65","20,027.55",5187,103882880.0,2055,2232.0,43.03
2021-11-11,ABBOTINDIA,EQ,"20,057.65","20,059.00","20,100.00","19,905.05","19,998.00","19,990.45","19,998.19",18105,362067232.1,2820,14093.0,77.84
2021-11-12,ABBOTINDIA,EQ,"19,990.45","20,001.00","20,056.50","19,705.55","19,747.90","19,754.65","19,816.37",11666,231177777.15,4322,4078.0,34.96
2021-11-15,ABBOTINDIA,EQ,"19,754.65","19,788.00","20,076.80","19,701.05","19,867.00","19,950.50","19,923.46",16684,332402981.0,4719,9734.0,58.34
2021-11-16,ABBOTINDIA,EQ,"19,950.50","19,951.15","20,100.20","19,725.00","19,746.00","19,784.95","19,898.55",12440,247538014.65,5464,6410.0,51.53
2021-11-17,ABBOTINDIA,EQ,"19,784.95","19,769.90","19,830.00","19,575.00","19,575.00","19,664.90","19,743.49",5484,108273295.4,2169,2403.0,43.82
2021-11-18,ABBOTINDIA,EQ,"19,664.90","19,775.00","19,775.00","19,251.25","19,630.00","19,602.50","19,471.64",11976,233192345.7,4464,5116.0,42.72
2021-11-22,ABBOTINDIA,EQ,"19,602.50","19,739.90","19,739.90","19,450.15","19,501.00","19,512.10","19,541.51",10912,213236997.2,4079,5757.0,52.76
2021-11-23,ABBOTINDIA,EQ,"19,512.10","19,500.00","19,847.50","19,251.45","19,655.40","19,736.85","19,531.65",7955,155374284.25,3350,2547.0,32.02
2021-11-24,ABBOTINDIA,EQ,"19,736.85","19,879.85","19,879.85","19,000.00","19,180.00","19,167.40","19,427.15",12697,246666527.45,4532,5038.0,39.68
2021-11-25,ABBOTINDIA,EQ,"19,167.40","19,237.00","19,404.00","19,120.25","19,249.00","19,317.95","19,266.16",11434,220289237.75,4627,4053.0,35.45
2021-11-26,ABBOTINDIA,EQ,"19,317.95","19,200.00","20,196.70","19,100.00","19,512.00","19,581.20","19,775.61",31782,628508343.75,10917,9445.0,29.72
2021-11-29,ABBOTINDIA,EQ,"19,581.20","19,581.20","19,660.80","19,100.00","19,170.00","19,157.95","19,288.73",13807,266319535.55,7467,4793.0,34.71
2021-11-30,ABBOTINDIA,EQ,"19,157.95","19,299.00","19,374.90","19,010.10","19,068.95","19,087.25","19,165.24",10597,203094066.15,5882,3846.0,36.29
2021-12-01,ABBOTINDIA,EQ,"19,087.25","19,100.20","19,319.90","18,849.15","18,880.00","18,947.60","19,072.61",10646,203047002.6,5729,4378.0,41.12
2021-12-02,ABBOTINDIA,EQ,"18,947.60","19,089.95","19,192.20","18,820.15","19,058.00","19,004.90","18,995.86",12442,236346540.95,5571,4572.0,36.75
2021-12-03,ABBOTINDIA,EQ,"19,004.90","19,074.00","19,275.00","18,909.05","18,910.00","18,997.70","19,110.49",7242,138398142.1,3971,2543.0,35.11
2021-12-06,ABBOTINDIA,EQ,"18,997.70","18,996.75","18,998.95","18,626.65","18,667.90","18,711.70","18,796.31",8065,151592242.9,4082,3486.0,43.22
2021-12-07,ABBOTINDIA,EQ,"18,711.70","18,750.05","18,899.00","18,690.00","18,740.00","18,760.05","18,778.40",6698,125777724.25,3557,2375.0,35.46
2021-12-08,ABBOTINDIA,EQ,"18,760.05","18,895.00","19,113.70","18,760.25","18,910.00","18,932.45","18,973.06",8365,158709629.25,4144,3686.0,44.06
2021-12-09,ABBOTINDIA,EQ,"18,932.45","19,049.30","19,150.00","18,820.00","18,899.00","18,859.50","18,939.27",8208,155453546.4,4486,3166.0,38.57
2021-12-10,ABBOTINDIA,EQ,"18,859.50","18,900.00","18,981.45","18,640.00","18,708.50","18,660.20","18,760.96",6950,130388690.85,3706,3430.0,49.35
2021-12-13,ABBOTINDIA,EQ,"18,660.20","18,848.85","18,848.90","18,271.10","18,325.05","18,343.95","18,497.59",17514,323966705.3,5664,8692.0,49.63
2021-12-14,ABBOTINDIA,EQ,"18,343.95","18,325.05","18,470.50","18,065.00","18,322.55","18,273.75","18,208.19",18730,341039368.85,5632,8890.0,47.46
2021-12-15,ABBOTINDIA,EQ,"18,273.75","18,344.00","18,572.65","18,063.35","18,540.00","18,527.10","18,311.64",11708,214392632.4,4311,5657.0,48.32
2021-12-16,ABBOTINDIA,EQ,"18,527.10","18,620.00","18,678.55","18,311.00","18,407.00","18,439.95","18,492.29",9024,166874440.8,3466,3940.0,43.66
2021-12-17,ABBOTINDIA,EQ,"18,439.95","18,251.00","18,367.00","17,900.00","18,144.00","18,104.90","18,165.74",11504,208978630.6,4596,4556.0,39.6
2021-12-20,ABBOTINDIA,EQ,"18,104.90","17,950.00","18,000.00","17,681.65","17,997.00","17,917.25","17,852.22",13512,241219178.35,6281,6227.0,46.08
2021-12-21,ABBOTINDIA,EQ,"17,917.25","17,999.50","18,094.90","17,870.20","17,925.05","17,907.00","17,954.62",10556,189528982.35,4568,5873.0,55.64
2021-12-22,ABBOTINDIA,EQ,"17,907.00","18,059.50","18,254.15","17,907.35","18,214.00","18,219.75","18,032.22",8414,151723107.75,2628,5066.0,60.21
2021-12-23,ABBOTINDIA,EQ,"18,219.75","18,349.00","18,798.00","18,260.00","18,533.00","18,714.80","18,622.36",22104,411628707.9,5141,13406.0,60.65
2021-12-24,ABBOTINDIA,EQ,"18,714.80","18,750.00","18,750.00","18,352.05","18,430.00","18,423.45","18,476.70",5807,107294200.55,2542,2213.0,38.11
2021-12-27,ABBOTINDIA,EQ,"18,423.45","18,399.00","19,099.00","18,184.55","18,746.10","18,794.25","18,724.98",20383,381671171.6,6849,5789.0,28.4
2021-12-28,ABBOTINDIA,EQ,"18,794.25","18,756.20","19,105.00","18,756.20","19,060.00","19,050.65","18,947.66",14103,267218841.15,5130,5984.0,42.43
2021-12-29,ABBOTINDIA,EQ,"19,050.65","19,000.00","19,397.95","18,955.65","19,160.05","19,316.65","19,190.41",11006,211209625.5,3685,4536.0,41.21
2021-12-30,ABBOTINDIA,EQ,"19,316.65","19,298.80","19,500.00","19,161.00","19,470.00","19,381.95","19,353.92",10120,195861644.6,4228,3506.0,34.64
2021-12-31,ABBOTINDIA,EQ,"19,381.95","19,381.95","19,604.50","19,381.95","19,498.00","19,485.65","19,497.81",6185,120593962.0,2308,2400.0,38.8
2022-01-03,ABBOTINDIA,EQ,"19,485.65","19,550.00","19,620.00","19,233.10","19,286.00","19,285.10","19,439.45",9259,179989822.05,3150,3999.0,43.19
2022-01-04,ABBOTINDIA,EQ,"19,285.10","19,397.95","19,397.95","18,909.05","19,040.00","18,986.20","19,113.87",12711,242956380.75,3475,6067.0,47.73
2022-01-05,ABBOTINDIA,EQ,"18,986.20","19,048.70","19,221.60","18,781.55","18,840.00","18,866.35","18,996.08",10135,192525283.35,3958,3204.0,31.61
2022-01-06,ABBOTINDIA,EQ,"18,866.35","18,866.00","19,112.40","18,661.25","18,720.75","18,725.70","18,872.11",14037,264907838.65,5480,4352.0,31.0
2022-01-07,ABBOTINDIA,EQ,"18,725.70","18,750.00","18,850.70","18,299.95","18,351.00","18,372.90","18,543.31",13554,251335962.1,5021,5282.0,38.97
2022-01-10,ABBOTINDIA,EQ,"18,372.90","18,426.00","18,549.00","18,300.00","18,325.45","18,314.05","18,400.37",11833,217731595.7,4987,5708.0,48.24
2022-01-11,ABBOTINDIA,EQ,"18,314.05","18,399.80","18,449.95","18,065.05","18,200.00","18,169.40","18,180.46",19994,363500216.05,5684,11144.0,55.74
2022-01-12,ABBOTINDIA,EQ,"18,169.40","18,200.00","18,306.65","17,839.00","17,880.30","17,888.20","17,949.11",29172,523611457.35,8414,17807.0,61.04
2022-01-13,ABBOTINDIA,EQ,"17,888.20","17,908.00","18,097.25","17,790.00","17,840.00","17,809.90","17,910.17",19661,352131793.1,5677,10780.0,54.83
2022-01-14,ABBOTINDIA,EQ,"17,809.90","17,850.00","17,950.00","17,670.00","17,682.00","17,690.45","17,770.85",17547,311825115.3,5911,10942.0,62.36
2022-01-17,ABBOTINDIA,EQ,"17,690.45","17,839.85","17,889.95","17,466.00","17,564.90","17,515.40","17,652.61",24521,432859764.1,8824,12475.0,50.87
2022-01-18,ABBOTINDIA,EQ,"17,515.40","17,670.00","17,670.00","17,150.00","17,199.00","17,181.10","17,318.71",28817,499073314.45,9450,16473.0,57.16
2022-01-19,ABBOTINDIA,EQ,"17,181.10","17,239.00","17,342.40","16,993.00","17,050.00","17,018.30","17,090.33",24104,411945300.25,7114,11376.0,47.2
2022-01-20,ABBOTINDIA,EQ,"17,018.30","17,049.00","17,123.75","16,581.35","16,711.00","16,819.85","16,854.42",31644,533341180.45,8104,17279.0,54.6
2022-01-21,ABBOTINDIA,EQ,"16,819.85","16,800.00","17,356.70","16,662.05","16,865.40","16,980.85","17,032.12",46825,797529047.55,11959,20555.0,43.9
2022-01-24,ABBOTINDIA,EQ,"16,980.85","16,970.00","16,996.00","16,111.10","16,379.40","16,335.65","16,421.46",30513,501068088.65,10886,14338.0,46.99
2022-01-25,ABBOTINDIA,EQ,"16,335.65","16,349.85","16,939.50","15,965.00","16,780.05","16,718.90","16,336.14",35045,572500119.0,11281,15225.0,43.44
2022-01-27,ABBOTINDIA,EQ,"16,718.90","16,485.00","16,594.75","15,951.05","16,245.00","16,219.20","16,226.22",35683,579000118.7,14017,14251.0,39.94
2022-01-28,ABBOTINDIA,EQ,"16,219.20","16,444.00","16,495.30","15,960.00","16,056.05","16,083.20","16,199.20",26606,430995825.5,8118,12662.0,47.59
2022-01-31,ABBOTINDIA,EQ,"16,083.20","16,199.00","16,229.90","15,983.00","16,078.00","16,079.75","16,039.08",34117,547205239.0,6176,24078.0,70.57
2022-02-01,ABBOTINDIA,EQ,"16,079.75","16,200.00","16,200.00","15,986.00","16,196.00","16,140.15","16,062.62",20818,334391669.2,5215,13578.0,65.22
2022-02-02,ABBOTINDIA,EQ,"16,140.15","16,234.00","16,471.05","16,066.10","16,220.00","16,201.30","16,247.15",22394,363838693.3,6757,12433.0,55.52
2022-02-03,ABBOTINDIA,EQ,"16,201.30","16,179.00","16,398.95","16,018.80","16,080.00","16,083.35","16,197.74",22333,361744138.9,6437,12786.0,57.25
2022-02-04,ABBOTINDIA,EQ,"16,083.35","16,214.90","16,214.90","15,794.70","15,850.10","15,864.05","15,920.95",19876,316444844.2,7364,10045.0,50.54
2022-02-07,ABBOTINDIA,EQ,"15,864.05","15,864.00","15,964.10","15,516.10","15,790.00","15,775.35","15,638.54",27259,426290868.3,6783,17262.0,63.33
2022-02-08,ABBOTINDIA,EQ,"15,775.35","15,885.00","15,898.45","15,514.00","15,550.00","15,562.60","15,614.11",20754,324055212.1,4786,13441.0,64.76
2022-02-09,ABBOTINDIA,EQ,"15,562.60","15,660.00","16,811.00","15,545.05","16,750.00","16,672.40","16,365.05",110598,1809942231.6,31505,23923.0,21.63
2022-02-10,ABBOTINDIA,EQ,"16,672.40","16,830.00","16,900.00","16,215.05","16,614.00","16,615.00","16,588.60",72856,1208579024.65,22945,15684.0,21.53
2022-02-11,ABBOTINDIA,EQ,"16,615.00","16,600.00","16,783.00","16,300.05","16,450.05","16,537.05","16,532.84",22038,364350732.4,7853,4093.0,18.57
2022-02-14,ABBOTINDIA,EQ,"16,537.05","16,218.00","16,399.60","16,058.45","16,100.00","16,137.50","16,202.45",33856,548550277.3,7679,19449.0,57.45
2022-02-15,ABBOTINDIA,EQ,"16,137.50","16,200.00","16,535.90","16,047.20","16,532.90","16,464.80","16,322.46",15150,247285258.3,5776,3909.0,25.8
2022-02-16,ABBOTINDIA,EQ,"16,464.80","16,534.00","17,287.95","16,534.00","16,980.00","16,992.20","16,982.88",60602,1029196392.15,19964,16850.0,27.8
2022-02-17,ABBOTINDIA,EQ,"16,992.20","16,992.20","17,250.00","16,666.75","16,743.00","16,762.30","16,866.89",22194,374343867.55,7642,6455.0,29.08
2022-02-18,ABBOTINDIA,EQ,"16,762.30","16,762.30","16,762.30","16,300.00","16,300.05","16,379.15","16,526.28",14857,245530937.0,5207,3341.0,22.49
2022-02-21,ABBOTINDIA,EQ,"16,379.15","16,379.15","16,763.00","16,180.00","16,295.00","16,292.30","16,451.09",29533,485849993.85,10301,7965.0,26.97
2022-02-22,ABBOTINDIA,EQ,"16,292.30","16,000.00","16,757.00","15,981.00","16,707.00","16,714.75","16,445.56",32935,541634537.95,11762,12160.0,36.92
2022-02-23,ABBOTINDIA,EQ,"16,714.75","16,751.10","17,069.90","16,625.05","17,000.15","17,021.25","16,941.23",27205,460886195.6,7932,9908.0,36.42
2022-02-24,ABBOTINDIA,EQ,"17,021.25","16,300.00","16,950.00","16,300.00","16,750.00","16,777.60","16,794.79",43783,735326316.25,16102,16945.0,38.7
2022-02-25,ABBOTINDIA,EQ,"16,777.60","16,800.00","17,504.80","16,800.00","17,371.80","17,379.80","17,302.23",26214,453560615.35,8314,8927.0,34.05
2022-02-28,ABBOTINDIA,EQ,"17,379.80","17,379.80","17,774.95","17,180.00","17,444.45","17,556.50","17,549.56",24091,422786379.4,8760,7119.0,29.55
2022-03-02,ABBOTINDIA,EQ,"17,556.50","17,500.00","17,500.00","16,900.10","17,176.20","17,200.25","17,154.86",29193,500801706.15,10804,10015.0,34.31
2022-03-03,ABBOTINDIA,EQ,"17,200.25","17,175.00","17,485.10","17,120.45","17,400.00","17,432.30","17,365.84",22904,397747301.5,6974,10012.0,43.71
2022-03-04,ABBOTINDIA,EQ,"17,432.30","17,301.10","17,648.00","16,908.00","17,476.75","17,459.40","17,407.88",23670,412044426.35,7345,8220.0,34.73
2022-03-07,ABBOTINDIA,EQ,"17,459.40","17,000.25","17,549.95","17,000.25","17,450.00","17,415.30","17,313.53",23513,407092974.45,6481,9377.0,39.88
2022-03-08,ABBOTINDIA,EQ,"17,415.30","17,416.00","17,758.80","17,285.45","17,700.00","17,705.85","17,544.88",20115,352915223.7,7193,7432.0,36.95
2022-03-09,ABBOTINDIA,EQ,"17,705.85","17,824.95","17,948.00","17,701.00","17,760.00","17,833.70","17,832.87",13991,249499753.1,5037,4722.0,33.75
2022-03-10,ABBOTINDIA,EQ,"17,833.70","17,900.00","17,999.00","17,440.00","17,505.00","17,496.70","17,658.61",15943,281531288.4,5200,6513.0,40.85
2022-03-11,ABBOTINDIA,EQ,"17,496.70","17,505.00","17,649.70","17,124.00","17,249.65","17,268.65","17,308.91",25377,439248215.65,5690,12920.0,50.91
2022-03-14,ABBOTINDIA,EQ,"17,268.65","17,349.00","17,700.00","17,000.00","17,085.05","17,041.45","17,192.86",16615,285659398.85,5788,6138.0,36.94
2022-03-15,ABBOTINDIA,EQ,"17,041.45","17,198.60","17,294.60","17,070.00","17,200.00","17,203.95","17,146.65",15049,258039948.2,4206,7895.0,52.46
2022-03-16,ABBOTINDIA,EQ,"17,203.95","17,307.90","17,491.90","17,250.00","17,299.00","17,322.40","17,326.74",17657,305938183.15,4172,12170.0,68.92
2022-03-17,ABBOTINDIA,EQ,"17,322.40","17,360.00","17,498.35","17,115.00","17,314.00","17,257.90","17,312.97",14542,251765176.35,3479,8246.0,56.7
2022-03-21,ABBOTINDIA,EQ,"17,257.90","17,398.85","17,449.00","17,144.95","17,180.00","17,251.90","17,321.77",9665,167414865.15,2856,5510.0,57.01
2022-03-22,ABBOTINDIA,EQ,"17,251.90","17,285.95","17,285.95","16,650.50","16,700.00","16,685.60","16,784.04",19462,326651034.9,6191,9512.0,48.87
2022-03-23,ABBOTINDIA,EQ,"16,685.60","16,670.00","16,879.90","16,500.00","16,586.30","16,642.05","16,753.83",10867,182063842.1,4204,3652.0,33.61
2022-03-24,ABBOTINDIA,EQ,"16,642.05","16,642.05","16,698.90","16,400.00","16,460.00","16,469.25","16,539.32",9497,157073937.3,3542,3667.0,38.61
2022-03-25,ABBOTINDIA,EQ,"16,469.25","16,501.05","16,593.75","16,000.00","16,048.95","16,021.85","16,234.65",42490,689810422.9,6222,32876.0,77.37
2022-03-28,ABBOTINDIA,EQ,"16,021.85","16,000.00","16,340.00","15,870.00","16,299.00","16,238.75","16,049.48",31916,512235158.15,9202,16530.0,51.79
2022-03-29,ABBOTINDIA,EQ,"16,238.75","16,298.90","17,000.00","16,230.00","16,949.90","16,909.95","16,598.52",27342,453836653.35,8892,10897.0,39.85
2022-03-30,ABBOTINDIA,EQ,"16,909.95","17,100.00","17,350.00","16,746.60","17,220.00","17,276.30","17,134.89",20432,350100005.6,5776,9705.0,47.5
2022-03-31,ABBOTINDIA,EQ,"17,276.30","17,220.00","17,750.10","17,149.95","17,600.00","17,702.85","17,577.76",37987,667726417.05,12158,17124.0,45.08
2022-04-01,ABBOTINDIA,EQ,"17,702.85","17,740.00","17,740.00","17,400.00","17,500.00","17,512.40","17,537.75",13903,243827381.7,4734,3236.0,23.28
2022-04-04,ABBOTINDIA,EQ,"17,512.40","17,512.40","17,649.95","17,408.80","17,465.05","17,549.60","17,535.35",17143,300608443.85,5139,7836.0,45.71
2022-04-05,ABBOTINDIA,EQ,"17,549.60","17,500.00","17,690.00","17,500.00","17,591.55","17,628.25","17,647.41",8770,154767763.4,3832,3046.0,34.73
2022-04-06,ABBOTINDIA,EQ,"17,628.25","17,600.05","17,849.95","17,562.00","17,671.75","17,676.15","17,697.96",12869,227755063.65,4665,5898.0,45.83
2022-04-07,ABBOTINDIA,EQ,"17,676.15","17,676.15","18,369.90","17,650.20","18,150.10","18,164.25","18,061.57",30763,555628144.65,12672,10138.0,32.96
2022-04-08,ABBOTINDIA,EQ,"18,164.25","18,398.20","18,398.20","17,936.25","18,019.00","17,999.00","18,119.55",15052,272735494.0,5915,4615.0,30.66
2022-04-11,ABBOTINDIA,EQ,"17,999.00","18,000.00","18,183.40","17,950.45","18,111.05","18,067.80","18,076.02",8949,161762324.35,3868,3814.0,42.62
2022-04-12,ABBOTINDIA,EQ,"18,067.80","18,049.80","18,097.75","17,750.30","17,904.50","17,819.15","17,877.58",8708,155677957.1,3275,3790.0,43.52
2022-04-13,ABBOTINDIA,EQ,"17,819.15","18,000.00","18,000.00","17,710.00","17,740.00","17,805.05","17,839.24",5758,102718356.4,2668,1865.0,32.39
2022-04-18,ABBOTINDIA,EQ,"17,805.05","17,800.00","17,800.00","17,300.15","17,340.00","17,341.15","17,481.15",9766,170720918.3,3903,4197.0,42.98
2022-04-19,ABBOTINDIA,EQ,"17,341.15","17,350.00","17,477.00","16,800.00","16,839.95","16,944.80","17,181.79",10946,188071862.05,4276,4032.0,36.84
2022-04-20,ABBOTINDIA,EQ,"16,944.80","17,049.95","17,094.60","16,792.00","16,820.00","16,843.20","16,919.76",12091,204576786.25,3813,6413.0,53.04
2022-04-21,ABBOTINDIA,EQ,"16,843.20","16,945.00","17,539.95","16,911.65","17,451.50","17,428.85","17,263.93",17973,310284660.15,6085,4871.0,27.1
2022-04-22,ABBOTINDIA,EQ,"17,428.85","17,450.00","17,698.00","17,250.00","17,530.00","17,573.70","17,500.23",12426,217457838.35,4347,5033.0,40.5
2022-04-25,ABBOTINDIA,EQ,"17,573.70","17,397.00","17,749.00","17,257.35","17,530.00","17,603.55","17,549.60",10408,182656266.95,4674,3940.0,37.86
2022-04-26,ABBOTINDIA,EQ,"17,603.55","17,727.55","17,800.00","17,381.10","17,600.00","17,542.30","17,549.52",7493,131498560.25,2554,3037.0,40.53
2022-04-27,ABBOTINDIA,EQ,"17,542.30","17,430.05","17,597.45","17,336.05","17,352.00","17,413.65","17,425.66",5848,101905278.5,1663,2356.0,40.29
2022-04-28,ABBOTINDIA,EQ,"17,413.65","17,518.30","17,518.90","17,128.10","17,247.05","17,257.90","17,247.90",8023,138379921.65,2513,2336.0,29.12
2022-04-29,ABBOTINDIA,EQ,"17,257.90","17,300.00","17,393.70","17,011.00","17,099.95","17,079.75","17,228.89",5799,99910354.3,1915,1744.0,30.07
2022-05-02,ABBOTINDIA,EQ,"17,079.75","17,079.75","17,199.95","16,846.40","17,000.20","17,081.55","17,059.69",8825,150551729.3,3179,3233.0,36.63
2022-05-04,ABBOTINDIA,EQ,"17,081.55","17,081.55","17,081.55","16,550.00","16,646.50","16,665.50","16,798.66",8932,150045638.35,3028,4105.0,45.96
2022-05-05,ABBOTINDIA,EQ,"16,665.50","16,703.70","16,855.40","16,560.25","16,624.40","16,615.10","16,731.84",8450,141384063.2,3025,3901.0,46.17
2022-05-06,ABBOTINDIA,EQ,"16,615.10","16,320.15","17,048.75","16,300.00","17,000.00","16,984.30","16,794.03",19270,323621044.65,6066,9197.0,47.73
2022-05-09,ABBOTINDIA,EQ,"16,984.30","16,948.00","16,951.00","16,600.05","16,678.00","16,701.55","16,757.74",7536,126286306.7,2609,2823.0,37.46
2022-05-10,ABBOTINDIA,EQ,"16,701.55","16,798.95","16,998.00","16,451.50","16,561.00","16,656.05","16,732.39",8385,140301093.7,2881,2956.0,35.25
2022-05-11,ABBOTINDIA,EQ,"16,656.05","16,660.00","16,793.05","16,251.75","16,582.45","16,572.15","16,472.62",7553,124417732.2,2733,2734.0,36.2
2022-05-12,ABBOTINDIA,EQ,"16,572.15","16,500.00","16,923.30","16,200.00","16,830.00","16,780.65","16,591.41",10476,173811598.15,4073,3518.0,33.58
2022-05-13,ABBOTINDIA,EQ,"16,780.65","16,820.00","16,943.00","16,411.00","16,411.00","16,544.65","16,634.76",10015,166597097.6,3534,3663.0,36.58
2022-05-16,ABBOTINDIA,EQ,"16,544.65","16,800.00","16,800.00","16,316.00","16,401.00","16,500.25","16,494.48",8640,142512284.35,2648,4486.0,51.92
2022-05-17,ABBOTINDIA,EQ,"16,500.25","16,499.60","17,838.00","16,439.20","17,544.00","17,636.10","17,345.04",57647,999889348.4,15415,7701.0,13.36
2022-05-18,ABBOTINDIA,EQ,"17,636.10","17,499.00","17,986.15","17,438.65","17,820.00","17,875.55","17,729.11",27037,479341929.6,10512,5887.0,21.77
2022-05-19,ABBOTINDIA,EQ,"17,875.55","17,400.00","18,195.00","17,337.60","18,150.00","18,129.30","18,049.43",43427,783832586.4,13840,14667.0,33.77
2022-05-20,ABBOTINDIA,EQ,"18,129.30","18,200.00","18,298.45","17,880.60","17,895.95","17,950.45","18,097.88",14477,262003023.0,5135,3849.0,26.59
2022-05-23,ABBOTINDIA,EQ,"17,950.45","18,059.25","18,294.75","17,574.30","17,651.40","17,737.70","17,953.01",15705,281952098.1,5250,5673.0,36.12
2022-05-24,ABBOTINDIA,EQ,"17,737.70","17,737.70","18,285.00","17,427.40","18,227.65","18,197.45","17,948.86",19810,355566994.9,7188,5240.0,26.45
2022-05-25,ABBOTINDIA,EQ,"18,197.45","18,260.00","18,290.00","17,990.50","18,050.00","18,056.25","18,096.49",10875,196799299.4,3321,4006.0,36.84
2022-05-26,ABBOTINDIA,EQ,"18,056.25","18,056.00","18,162.65","17,648.00","17,725.00","17,710.55","17,835.90",9604,171295963.1,4255,2913.0,30.33
2022-05-27,ABBOTINDIA,EQ,"17,710.55","17,810.00","17,985.00","17,516.55","17,950.00","17,938.55","17,695.39",12810,226677950.85,4613,4677.0,36.51
2022-05-30,ABBOTINDIA,EQ,"17,938.55","17,949.00","18,193.95","17,859.00","17,960.00","17,899.45","18,045.33",9441,170365965.1,2945,4425.0,46.87
2022-05-31,ABBOTINDIA,EQ,"17,899.45","17,940.00","18,077.40","17,600.00","17,653.40","17,725.30","17,888.95",13243,236903334.45,3116,7748.0,58.51
2022-06-01,ABBOTINDIA,EQ,"17,725.30","17,800.00","18,000.00","17,699.05","17,790.05","17,775.40","17,805.31",5702,101525868.6,2219,1872.0,32.83
2022-06-02,ABBOTINDIA,EQ,"17,775.40","17,775.50","18,595.00","17,611.90","18,400.00","18,376.15","18,238.26",55095,1004836885.4,14280,21801.0,39.57
2022-06-03,ABBOTINDIA,EQ,"18,376.15","18,450.00","18,599.00","17,764.00","17,900.00","17,828.60","18,189.51",16530,300672656.0,6915,3801.0,22.99
2022-06-06,ABBOTINDIA,EQ,"17,828.60","17,828.60","17,999.35","17,550.00","17,691.90","17,691.05","17,718.06",9985,176914796.0,3767,3131.0,31.36
2022-06-07,ABBOTINDIA,EQ,"17,691.05","17,691.05","18,000.00","17,691.05","17,712.00","17,748.15","17,771.05",12134,215633919.7,4276,5491.0,45.25
2022-06-08,ABBOTINDIA,EQ,"17,748.15","17,800.00","18,350.00","17,760.00","17,921.55","17,971.65","18,066.88",23988,433388280.55,9457,3532.0,14.72
2022-06-09,ABBOTINDIA,EQ,"17,971.65","17,706.05","18,195.00","17,600.00","18,011.00","18,057.35","17,895.12",15711,281150225.55,5950,5567.0,35.43
2022-06-10,ABBOTINDIA,EQ,"18,057.35","17,989.95","18,280.00","17,800.00","18,187.20","18,191.45","18,037.64",12116,218544015.85,6462,3940.0,32.52
2022-06-13,ABBOTINDIA,EQ,"18,191.45","18,055.00","18,098.65","17,809.05","17,914.00","17,904.85","17,929.79",11584,207698732.6,4332,6044.0,52.18
2022-06-14,ABBOTINDIA,EQ,"17,904.85","17,825.00","17,985.40","17,673.80","17,725.00","17,737.05","17,779.70",9754,173423186.8,4005,3673.0,37.66
2022-06-15,ABBOTINDIA,EQ,"17,737.05","17,950.00","17,999.00","17,741.00","17,877.00","17,909.90","17,868.28",8592,153524240.45,4255,3173.0,36.93
2022-06-16,ABBOTINDIA,EQ,"17,909.90","18,000.00","18,400.00","17,805.70","17,831.00","17,955.15","18,023.60",12617,227403705.5,5170,3706.0,29.37
2022-06-17,ABBOTINDIA,EQ,"17,955.15","17,955.15","18,200.65","17,800.00","17,915.00","17,910.15","18,016.95",19491,351168392.15,8188,5748.0,29.49
2022-06-20,ABBOTINDIA,EQ,"17,910.15","17,850.00","18,024.55","17,701.00","17,900.00","17,828.40","17,846.09",13443,239904955.8,5805,4362.0,32.45
2022-06-21,ABBOTINDIA,EQ,"17,828.40","17,828.40","18,195.00","17,828.40","18,146.00","18,123.20","18,079.24",11288,204078449.3,4328,2957.0,26.2
2022-06-22,ABBOTINDIA,EQ,"18,123.20","18,100.00","18,200.00","17,864.05","17,930.00","17,958.80","18,023.71",12304,221763689.6,4969,3692.0,30.01
2022-06-23,ABBOTINDIA,EQ,"17,958.80","17,925.00","18,105.00","17,810.00","17,947.80","18,039.60","17,947.01",14917,267715479.85,5129,3325.0,22.29
2022-06-24,ABBOTINDIA,EQ,"18,039.60","18,100.00","18,200.00","17,954.95","18,100.00","18,058.45","18,069.55",10505,189820654.0,3859,1695.0,16.14
2022-06-27,ABBOTINDIA,EQ,"18,058.45","18,101.55","18,298.00","17,937.10","18,023.85","18,000.35","18,092.21",12115,219187104.6,4547,1829.0,15.1
2022-06-28,ABBOTINDIA,EQ,"18,000.35","18,036.50","18,200.00","17,862.00","18,105.75","18,137.05","18,032.38",11481,207029747.65,4466,2562.0,22.32
2022-06-29,ABBOTINDIA,EQ,"18,137.05","18,075.95","19,150.00","17,971.15","18,970.00","18,992.80","18,741.00",42662,799528382.0,14557,13587.0,31.85
2022-06-30,ABBOTINDIA,EQ,"18,992.80","18,900.00","19,089.90","18,605.00","18,638.00","18,760.40","18,821.01",16419,309022139.0,6860,3359.0,20.46
2022-07-01,ABBOTINDIA,EQ,"18,760.40","18,700.40","19,200.00","18,605.00","19,199.80","19,100.40","18,931.68",12396,234677052.95,5063,5001.0,40.34
2022-07-04,ABBOTINDIA,EQ,"19,100.40","19,100.40","19,300.00","18,901.00","18,950.05","18,945.25","19,057.93",16058,306032291.3,4836,8740.0,54.43
2022-07-05,ABBOTINDIA,EQ,"18,945.25","18,950.00","19,059.80","18,606.30","18,640.55","18,635.35","18,795.35",7490,140777161.8,2663,2572.0,34.34
2022-07-06,ABBOTINDIA,EQ,"18,635.35","18,748.75","19,293.95","18,672.40","19,225.00","19,191.55","18,994.90",17195,326617223.15,4927,6476.0,37.66
2022-07-07,ABBOTINDIA,EQ,"19,191.55","19,250.00","19,352.70","19,155.05","19,229.20","19,287.70","19,264.40",10721,206533594.65,3244,4645.0,43.33
2022-07-08,ABBOTINDIA,EQ,"19,287.70","19,312.15","19,599.95","19,193.15","19,450.00","19,474.70","19,436.90",14700,285722420.7,5183,6321.0,43.0
2022-07-11,ABBOTINDIA,EQ,"19,474.70","19,450.00","19,666.00","19,306.40","19,310.00","19,344.40","19,434.59",6205,120591657.6,2821,1954.0,31.49
2022-07-12,ABBOTINDIA,EQ,"19,344.40","19,300.00","19,574.10","19,180.20","19,510.00","19,463.20","19,432.53",8572,166575674.3,3150,3067.0,35.78
2022-07-13,ABBOTINDIA,EQ,"19,463.20","19,687.00","19,687.00","19,324.95","19,557.00","19,557.50","19,469.35",8425,164029289.8,2561,3384.0,40.17
2022-07-14,ABBOTINDIA,EQ,"19,557.50","19,557.50","19,860.00","19,255.00","19,511.45","19,478.20","19,561.72",10608,207510674.5,4119,2786.0,26.26
2022-07-15,ABBOTINDIA,EQ,"19,478.20","19,585.65","19,779.95","19,510.05","19,763.00","19,746.95","19,663.25",6942,136502273.4,2958,2575.0,37.09
2022-07-18,ABBOTINDIA,EQ,"19,746.95","19,750.00","19,939.40","19,630.00","19,881.00","19,867.35","19,799.16",9665,191358858.3,4042,2654.0,27.46
2022-07-19,ABBOTINDIA,EQ,"19,867.35","19,864.00","19,979.95","19,700.00","19,760.00","19,825.55","19,823.39",8099,160549661.75,2872,3600.0,44.45
2022-07-20,ABBOTINDIA,EQ,"19,825.55","19,920.00","20,087.00","19,800.00","19,908.45","20,014.25","19,973.58",9137,182498564.0,3746,2995.0,32.78
2022-07-21,ABBOTINDIA,EQ,"20,014.25","20,027.00","20,149.00","19,935.00","20,130.00","20,117.65","20,014.14",31421,628864286.15,4597,25223.0,80.27
2022-07-22,ABBOTINDIA,EQ,"20,117.65","20,149.00","20,200.00","19,715.00","19,824.75","19,949.90","19,968.34",15823,315959009.55,6971,5697.0,36.0
2022-07-25,ABBOTINDIA,EQ,"19,949.90","19,900.00","19,999.00","19,630.05","19,630.05","19,737.45","19,871.73",11470,227928722.45,5926,5080.0,44.29
2022-07-26,ABBOTINDIA,EQ,"19,737.45","19,700.05","19,823.00","19,351.75","19,377.00","19,426.35","19,585.86",11628,227744417.15,4377,5223.0,44.92
2022-07-27,ABBOTINDIA,EQ,"19,426.35","19,426.35","19,955.00","19,300.00","19,779.10","19,861.00","19,659.84",13939,274038518.35,5612,3656.0,26.23
2022-07-28,ABBOTINDIA,EQ,"19,861.00","19,870.00","19,999.00","19,583.95","19,750.00","19,762.30","19,780.30",8753,173136970.45,3427,2494.0,28.49
2022-07-29,ABBOTINDIA,EQ,"19,762.30","20,025.60","20,093.95","19,800.00","20,020.00","20,015.10","19,994.24",13390,267722888.75,5126,6570.0,49.07
2022-08-01,ABBOTINDIA,EQ,"20,015.10","20,051.00","20,720.95","20,015.60","20,471.00","20,543.35","20,410.89",22175,452611384.85,8278,8019.0,36.16
2022-08-02,ABBOTINDIA,EQ,"20,543.35","20,440.00","20,900.80","20,100.00","20,530.00","20,508.85","20,545.08",26850,551635381.35,8721,10900.0,40.6
2022-08-03,ABBOTINDIA,EQ,"20,508.85","20,508.85","20,730.00","20,010.00","20,690.00","20,621.45","20,396.72",20656,421314693.5,7259,7821.0,37.86
2022-08-04,ABBOTINDIA,EQ,"20,621.45","20,690.00","20,800.00","20,200.35","20,446.80","20,413.40","20,452.07",13532,276757401.7,5006,4527.0,33.45
2022-08-05,ABBOTINDIA,EQ,"20,413.40","20,448.85","20,600.00","20,252.00","20,460.00","20,426.25","20,404.36",11848,241750815.9,4185,3962.0,33.44
2022-08-08,ABBOTINDIA,EQ,"20,426.25","20,400.00","20,611.35","20,197.30","20,307.00","20,300.00","20,368.71",12436,253305248.4,3301,6571.0,52.84
2022-08-10,ABBOTINDIA,EQ,"20,300.00","20,310.00","20,547.75","19,533.00","19,589.00","19,604.20","19,950.56",25672,512170733.45,8667,8867.0,34.54
2022-08-11,ABBOTINDIA,EQ,"19,604.20","19,800.00","19,937.40","18,852.05","18,899.00","18,917.55","19,232.56",29603,569341464.0,11307,10567.0,35.7
2022-08-12,ABBOTINDIA,EQ,"18,917.55","18,990.00","19,245.70","18,750.00","18,870.00","18,793.35","18,938.03",22476,425651158.55,8438,5517.0,24.55
2022-08-16,ABBOTINDIA,EQ,"18,793.35","18,951.00","19,352.55","18,800.00","19,160.00","19,069.75","19,114.02",19314,369168199.3,6434,5294.0,27.41
2022-08-17,ABBOTINDIA,EQ,"19,069.75","19,246.20","19,304.95","19,021.65","19,220.00","19,216.10","19,177.15",11323,217142912.35,4384,3040.0,26.85
2022-08-18,ABBOTINDIA,EQ,"19,216.10","19,300.00","19,300.00","18,915.00","19,054.00","19,008.15","19,087.05",10684,203926064.6,4149,4078.0,38.17
2022-08-19,ABBOTINDIA,EQ,"19,008.15","19,055.00","19,110.65","18,790.00","18,810.00","18,820.80","18,900.51",13805,260921540.4,4738,4374.0,31.68
2022-08-22,ABBOTINDIA,EQ,"18,820.80","18,835.00","18,865.00","18,529.55","18,644.95","18,589.60","18,653.45",10960,204441803.4,3633,2921.0,26.65
2022-08-23,ABBOTINDIA,EQ,"18,589.60","18,584.00","18,876.95","18,504.00","18,640.00","18,650.55","18,673.34",8457,157920413.45,2838,3199.0,37.83
2022-08-24,ABBOTINDIA,EQ,"18,650.55","18,720.00","19,121.55","18,672.65","19,070.95","19,080.10","18,913.20",18321,346508709.05,4583,6116.0,33.38
2022-08-25,ABBOTINDIA,EQ,"19,080.10","19,035.00","19,120.00","18,781.75","18,845.00","18,824.50","18,895.90",10570,199729682.7,3373,4077.0,38.57
2022-08-26,ABBOTINDIA,EQ,"18,824.50","18,820.50","18,950.00","18,544.00","18,550.00","18,577.05","18,695.83",10868,203186266.5,3635,4083.0,37.57
2022-08-29,ABBOTINDIA,EQ,"18,577.05","18,450.00","18,800.00","18,204.00","18,750.05","18,766.00","18,611.06",9563,177977588.3,3398,4064.0,42.5
2022-08-30,ABBOTINDIA,EQ,"18,766.00","18,775.00","18,799.65","18,611.00","18,750.00","18,739.75","18,713.30",7994,149594151.25,2737,3597.0,45.0
2022-09-01,ABBOTINDIA,EQ,"18,739.75","18,749.50","18,800.00","18,411.00","18,450.00","18,447.85","18,525.15",13912,257721834.45,4221,8455.0,60.77
2022-09-02,ABBOTINDIA,EQ,"18,447.85","18,505.00","18,690.00","18,360.25","18,380.00","18,442.25","18,568.26",12792,237525145.9,3715,6743.0,52.71
2022-09-05,ABBOTINDIA,EQ,"18,442.25","18,380.00","18,650.00","18,160.00","18,229.00","18,209.00","18,294.79",20184,369262018.95,4496,11977.0,59.34
2022-09-06,ABBOTINDIA,EQ,"18,209.00","18,250.00","18,496.45","18,209.20","18,220.10","18,256.50","18,342.49",19958,366079462.65,3678,13456.0,67.42
2022-09-07,ABBOTINDIA,EQ,"18,256.50","18,185.30","18,497.00","18,185.00","18,250.10","18,272.30","18,333.22",15466,283541621.5,5171,8501.0,54.97
2022-09-08,ABBOTINDIA,EQ,"18,272.30","18,382.30","18,382.30","18,101.00","18,121.00","18,138.00","18,205.91",9264,168659519.05,2812,4447.0,48.0
2022-09-09,ABBOTINDIA,EQ,"18,138.00","18,200.00","18,384.00","18,105.00","18,213.45","18,276.40","18,294.68",26150,478405947.5,3197,20114.0,76.92
2022-09-12,ABBOTINDIA,EQ,"18,276.40","18,276.40","18,350.00","18,090.00","18,149.00","18,139.95","18,190.57",15525,282408604.05,4264,8729.0,56.23
2022-09-13,ABBOTINDIA,EQ,"18,139.95","18,186.00","18,269.95","17,880.00","17,898.00","17,920.55","18,047.94",15253,275285220.4,4732,10211.0,66.94
2022-09-14,ABBOTINDIA,EQ,"17,920.55","17,848.90","18,250.00","17,830.00","17,980.00","17,981.25","18,085.66",20974,379328634.85,5490,10654.0,50.8
2022-09-15,ABBOTINDIA,EQ,"17,981.25","17,911.00","18,100.00","17,830.00","17,909.00","17,887.65","17,928.91",16734,300022463.6,4215,9911.0,59.23
2022-09-16,ABBOTINDIA,EQ,"17,887.65","17,966.85","17,966.85","17,507.50","17,550.00","17,547.95","17,680.30",12841,227032771.7,5167,5824.0,45.35
2022-09-19,ABBOTINDIA,EQ,"17,547.95","17,550.00","17,555.05","17,325.00","17,399.95","17,378.45","17,413.74",8410,146449514.2,3097,3258.0,38.74
2022-09-20,ABBOTINDIA,EQ,"17,378.45","17,405.00","18,177.40","17,405.00","18,105.35","18,113.10","17,936.91",24095,432189854.7,7858,8952.0,37.15
2022-09-21,ABBOTINDIA,EQ,"18,113.10","18,150.00","18,248.90","17,878.95","17,913.00","17,912.10","18,028.79",13138,236862195.1,4618,4637.0,35.29
2022-09-22,ABBOTINDIA,EQ,"17,912.10","17,899.00","18,165.55","17,800.00","17,960.00","17,908.00","17,971.37",53340,958592649.1,4361,45879.0,86.01
2022-09-23,ABBOTINDIA,EQ,"17,908.00","18,000.00","18,158.60","17,800.00","17,802.40","17,853.75","17,951.68",24724,443837243.65,3857,17450.0,70.58
2022-09-26,ABBOTINDIA,EQ,"17,853.75","17,800.00","17,942.65","17,481.80","17,628.35","17,586.20","17,629.96",35903,632968440.15,5772,27571.0,76.79
2022-09-27,ABBOTINDIA,EQ,"17,586.20","17,605.00","18,150.00","17,605.00","18,109.00","18,080.85","17,841.70",41986,749101536.75,5474,30058.0,71.59
2022-09-28,ABBOTINDIA,EQ,"18,080.85","17,999.00","18,419.15","17,943.85","18,076.60","18,140.20","18,233.56",28547,520513482.55,5360,16583.0,58.09
2022-09-29,ABBOTINDIA,EQ,"18,140.20","18,260.00","19,299.00","18,222.60","19,199.00","19,181.10","18,854.16",85444,1610975230.05,20116,45198.0,52.9
2022-09-30,ABBOTINDIA,EQ,"19,181.10","19,020.00","19,299.00","18,818.00","19,050.00","19,139.15","19,190.75",46497,892312138.45,7025,25548.0,54.95
2022-10-03,ABBOTINDIA,EQ,"19,139.15","19,139.15","19,382.95","18,725.05","18,820.00","18,833.30","18,901.13",29007,548265045.65,6346,18266.0,62.97
2022-10-04,ABBOTINDIA,EQ,"18,833.30","19,025.00","19,100.00","18,838.95","19,050.00","18,978.50","18,982.67",17311,328608952.1,3111,12256.0,70.8
2022-10-06,ABBOTINDIA,EQ,"18,978.50","19,092.70","19,380.90","19,050.00","19,168.70","19,134.95","19,228.16",18011,346318306.8,4754,9645.0,53.55
2022-10-07,ABBOTINDIA,EQ,"19,134.95","19,199.95","19,466.40","18,951.05","19,050.00","19,056.00","19,160.70",20177,386605363.25,4120,11830.0,58.63
2022-10-10,ABBOTINDIA,EQ,"19,056.00","19,060.00","19,172.40","18,730.00","18,830.00","18,821.00","18,952.00",11938,226248954.1,3697,5261.0,44.07
2022-10-11,ABBOTINDIA,EQ,"18,821.00","18,821.00","18,911.80","18,404.00","18,548.95","18,563.65","18,643.23",11468,213800612.15,3093,6118.0,53.35
2022-10-12,ABBOTINDIA,EQ,"18,563.65","18,563.65","18,700.00","18,285.90","18,325.90","18,391.90","18,419.35",12299,226539530.45,3655,6163.0,50.11
2022-10-13,ABBOTINDIA,EQ,"18,391.90","18,401.90","18,448.95","18,130.05","18,170.00","18,175.20","18,231.08",9774,178190530.25,2894,4420.0,45.22
2022-10-14,ABBOTINDIA,EQ,"18,175.20","18,275.20","18,364.60","18,016.10","18,071.85","18,081.90","18,145.78",6059,109945259.55,2423,1631.0,26.92
2022-10-17,ABBOTINDIA,EQ,"18,081.90","18,063.80","18,360.00","18,000.00","18,105.00","18,085.40","18,170.11",8136,147832041.1,2579,3634.0,44.67
2022-10-18,ABBOTINDIA,EQ,"18,085.40","18,130.00","18,380.85","18,086.55","18,250.00","18,131.30","18,195.05",16424,298835509.65,4847,9423.0,57.37
2022-10-19,ABBOTINDIA,EQ,"18,131.30","18,220.00","18,308.85","18,117.45","18,239.95","18,220.70","18,215.00",4177,76084050.55,1534,1571.0,37.61
2022-10-20,ABBOTINDIA,EQ,"18,220.70","18,220.70","18,283.20","18,078.60","18,230.00","18,167.95","18,189.71",4470,81308006.25,1573,1367.0,30.58
2022-10-21,ABBOTINDIA,EQ,"18,167.95","18,254.00","18,745.45","18,012.15","18,519.95","18,527.80","18,370.51",15569,286010471.15,4634,7159.0,45.98
2022-10-24,ABBOTINDIA,EQ,"18,527.80","18,650.00","18,700.25","18,267.00","18,320.00","18,355.75","18,447.50",2072,38223229.0,1011,865.0,41.75
2022-10-25,ABBOTINDIA,EQ,"18,355.75","18,355.75","18,782.35","18,261.65","18,452.05","18,478.60","18,479.23",12937,239065824.85,4596,4671.0,36.11
2022-10-27,ABBOTINDIA,EQ,"18,478.60","18,575.90","18,950.00","18,492.30","18,855.70","18,878.05","18,765.10",15080,282977667.85,5332,6627.0,43.95
2022-10-28,ABBOTINDIA,EQ,"18,878.05","18,954.00","19,178.00","18,772.50","18,900.00","18,910.80","18,964.02",10557,200203150.3,3747,4392.0,41.6
2022-10-31,ABBOTINDIA,EQ,"18,910.80","19,000.00","19,333.00","18,970.05","19,150.50","19,246.95","19,208.51",18533,355991298.75,4340,10774.0,58.13
2022-11-01,ABBOTINDIA,EQ,"19,246.95","19,320.00","19,800.00","19,101.10","19,655.45","19,685.95","19,563.15",27506,538103972.55,6915,14863.0,54.04
2022-11-02,ABBOTINDIA,EQ,"19,685.95","19,709.90","19,709.90","19,422.15","19,520.00","19,609.30","19,541.78",10944,213865201.05,3064,5731.0,52.37
2022-11-03,ABBOTINDIA,EQ,"19,609.30","19,501.05","19,990.00","19,492.50","19,900.00","19,950.65","19,768.59",26922,532209866.45,4782,13792.0,51.23
2022-11-04,ABBOTINDIA,EQ,"19,950.65","19,939.00","19,939.00","19,405.00","19,474.95","19,481.80","19,590.03",15202,297807567.2,3218,9090.0,59.79
2022-11-07,ABBOTINDIA,EQ,"19,481.80","19,500.00","19,510.00","19,175.00","19,330.00","19,330.20","19,339.22",9495,183625872.1,4195,2972.0,31.3
2022-11-09,ABBOTINDIA,EQ,"19,330.20","19,440.00","19,440.00","19,125.00","19,289.95","19,222.25","19,286.17",9689,186863653.15,4956,4520.0,46.65
2022-11-10,ABBOTINDIA,EQ,"19,222.25","19,219.95","19,570.00","19,143.75","19,175.15","19,238.85","19,350.05",9766,188972584.75,4258,2343.0,23.99
2022-11-11,ABBOTINDIA,EQ,"19,238.85","19,449.00","19,550.00","19,150.00","19,201.00","19,315.80","19,390.07",7385,143195686.9,3464,2590.0,35.07
2022-11-14,ABBOTINDIA,EQ,"19,315.80","19,431.65","20,108.50","19,215.05","19,848.00","19,939.30","19,784.04",52058,1029917740.2,15262,12672.0,24.34
2022-11-15,ABBOTINDIA,EQ,"19,939.30","20,001.05","20,138.85","19,501.25","19,631.00","19,651.45","19,742.61",16611,327944552.85,5753,3810.0,22.94
2022-11-16,ABBOTINDIA,EQ,"19,651.45","19,774.00","19,864.90","19,450.00","19,477.50","19,532.25","19,575.45",9671,189314160.05,3859,2832.0,29.28
2022-11-17,ABBOTINDIA,EQ,"19,532.25","19,519.00","19,572.60","19,425.00","19,522.80","19,493.95","19,492.45",5155,100483579.1,2070,1583.0,30.71
2022-11-18,ABBOTINDIA,EQ,"19,493.95","19,530.00","19,799.45","19,226.45","19,779.00","19,741.25","19,597.93",15794,309529659.1,4649,7543.0,47.76
2022-11-21,ABBOTINDIA,EQ,"19,741.25","19,840.00","19,950.00","19,362.15","19,544.60","19,592.50","19,609.45",13838,271355608.75,4396,3063.0,22.13
2022-11-22,ABBOTINDIA,EQ,"19,592.50","19,600.00","19,770.05","19,502.55","19,750.00","19,730.80","19,672.39",8493,167077592.35,3450,2886.0,33.98
2022-11-23,ABBOTINDIA,EQ,"19,730.80","19,720.00","20,195.00","19,638.10","20,000.00","20,037.15","20,021.94",19234,385102046.25,6043,7960.0,41.39
2022-11-24,ABBOTINDIA,EQ,"20,037.15","20,050.00","20,350.00","20,014.60","20,209.95","20,194.25","20,172.27",15366,309967155.15,3318,9820.0,63.91
2022-11-25,ABBOTINDIA,EQ,"20,194.25","20,194.25","20,325.00","19,937.95","20,291.00","20,267.50","20,198.78",11978,241940927.05,3790,5168.0,43.15
2022-11-28,ABBOTINDIA,EQ,"20,267.50","20,170.95","20,303.00","20,016.10","20,143.25","20,130.75","20,158.58",11324,228275790.55,4608,5925.0,52.32
2022-11-29,ABBOTINDIA,EQ,"20,130.75","20,089.25","20,224.90","20,089.25","20,200.00","20,169.55","20,164.30",5962,120219530.8,2772,2271.0,38.09
2022-11-30,ABBOTINDIA,EQ,"20,169.55","20,140.00","20,346.50","20,110.30","20,239.75","20,237.80","20,234.41",8745,176949949.25,2903,3686.0,42.15
2022-12-01,ABBOTINDIA,EQ,"20,237.80","20,235.70","20,635.00","20,200.00","20,430.90","20,555.65","20,487.38",14353,294055380.85,5356,5259.0,36.64
2022-12-02,ABBOTINDIA,EQ,"20,555.65","20,550.00","20,550.00","20,100.00","20,250.00","20,182.90","20,265.02",9399,190470936.05,3666,2707.0,28.8
2022-12-05,ABBOTINDIA,EQ,"20,182.90","20,183.00","20,279.80","19,951.10","20,100.00","20,059.40","20,101.07",7824,157270785.9,3289,1697.0,21.69
2022-12-06,ABBOTINDIA,EQ,"20,059.40","20,054.00","20,325.00","20,003.00","20,200.00","20,196.20","20,173.49",9908,199878935.9,3113,4004.0,40.41
2022-12-07,ABBOTINDIA,EQ,"20,196.20","20,245.00","20,317.35","20,172.10","20,200.05","20,208.95","20,216.59",5492,111029485.7,1464,2497.0,45.47
2022-12-08,ABBOTINDIA,EQ,"20,208.95","20,220.00","20,580.10","20,155.65","20,310.00","20,387.10","20,439.62",14082,287830746.35,4908,5146.0,36.54
2022-12-09,ABBOTINDIA,EQ,"20,387.10","20,402.00","20,749.00","20,300.00","20,500.00","20,436.15","20,542.21",14234,292397753.1,5345,3605.0,25.33
2022-12-12,ABBOTINDIA,EQ,"20,436.15","20,430.00","20,650.00","20,252.30","20,510.55","20,516.85","20,519.54",7976,163663877.9,3501,1974.0,24.75
2022-12-13,ABBOTINDIA,EQ,"20,516.85","20,625.00","20,900.00","20,336.95","20,801.00","20,838.00","20,688.84",16992,351544775.55,5347,4438.0,26.12
2022-12-14,ABBOTINDIA,EQ,"20,838.00","20,989.95","20,993.95","20,444.05","20,503.70","20,563.35","20,693.08",14099,291751696.65,5881,2658.0,18.85
2022-12-15,ABBOTINDIA,EQ,"20,563.35","20,600.00","20,749.95","20,400.05","20,574.40","20,571.70","20,564.56",7862,161678543.55,3025,2273.0,28.91
2022-12-16,ABBOTINDIA,EQ,"20,571.70","20,649.85","20,814.00","20,357.80","20,520.25","20,672.80","20,663.55",13946,288173900.6,5795,3563.0,25.55
2022-12-19,ABBOTINDIA,EQ,"20,672.80","20,776.20","20,930.00","20,425.00","20,900.00","20,885.65","20,798.32",14109,293443441.6,5888,5505.0,39.02
2022-12-20,ABBOTINDIA,EQ,"20,885.65","20,800.00","21,001.25","20,727.45","20,949.95","20,898.70","20,898.54",9476,198034539.6,3615,2371.0,25.02
2022-12-21,ABBOTINDIA,EQ,"20,898.70","20,890.00","21,675.00","20,830.50","21,525.00","21,548.50","21,356.08",41904,894905234.1,11972,17288.0,41.26
2022-12-22,ABBOTINDIA,EQ,"21,548.50","21,550.00","21,975.00","21,352.60","21,777.00","21,842.45","21,755.15",45140,982027490.4,14650,17539.0,38.85
2022-12-23,ABBOTINDIA,EQ,"21,842.45","21,776.05","22,187.90","21,678.00","21,850.00","21,797.25","21,896.80",36252,793802716.8,11208,12105.0,33.39
2022-12-26,ABBOTINDIA,EQ,"21,797.25","21,988.80","21,988.80","21,602.00","21,780.00","21,772.55","21,748.46",31853,692753595.0,7106,17170.0,53.9
2022-12-27,ABBOTINDIA,EQ,"21,772.55","21,770.00","21,825.00","21,440.00","21,708.00","21,625.40","21,568.78",21294,459285663.55,4875,9871.0,46.36
2022-12-28,ABBOTINDIA,EQ,"21,625.40","21,576.00","21,750.00","21,451.95","21,561.00","21,643.15","21,655.54",19443,421048585.75,3441,12186.0,62.68
2022-12-29,ABBOTINDIA,EQ,"21,643.15","21,626.00","21,799.95","21,522.00","21,780.00","21,726.20","21,654.41",16010,346687029.15,3817,9705.0,60.62
2022-12-30,ABBOTINDIA,EQ,"21,726.20","21,675.00","21,850.00","21,232.75","21,400.00","21,367.20","21,501.53",14422,310095076.4,4509,6200.0,42.99
2023-01-02,ABBOTINDIA,EQ,"21,367.20","21,367.20","21,620.65","21,287.65","21,339.55","21,436.90","21,475.74",10873,233505679.05,2680,6581.0,60.53
2023-01-03,ABBOTINDIA,EQ,"21,436.90","21,440.00","21,749.00","21,365.10","21,739.95","21,680.85","21,478.64",37179,798554413.4,3142,32405.0,87.16
2023-01-04,ABBOTINDIA,EQ,"21,680.85","21,719.95","22,075.00","21,620.60","21,967.20","21,937.30","21,943.13",19674,431709088.9,7300,7091.0,36.04
2023-01-05,ABBOTINDIA,EQ,"21,937.30","21,997.70","22,200.00","21,870.10","22,100.00","22,105.15","22,044.65",16249,358203459.65,4539,8324.0,51.23
2023-01-06,ABBOTINDIA,EQ,"22,105.15","22,099.90","22,360.00","22,020.25","22,250.00","22,328.05","22,298.66",17576,391921236.4,4605,7923.0,45.08
2023-01-09,ABBOTINDIA,EQ,"22,328.05","22,360.00","22,499.00","22,060.95","22,317.05","22,263.10","22,265.12",35850,798204372.75,5334,28221.0,78.72
2023-01-10,ABBOTINDIA,EQ,"22,263.10","22,319.00","22,320.00","21,916.05","22,100.00","22,056.30","22,180.06",22882,507524110.9,3426,17565.0,76.76
2023-01-11,ABBOTINDIA,EQ,"22,056.30","22,101.95","22,389.90","22,056.00","22,150.00","22,211.00","22,227.85",19674,437310751.7,3758,12790.0,65.01
2023-01-12,ABBOTINDIA,EQ,"22,211.00","22,250.00","22,379.90","22,050.00","22,072.40","22,162.55","22,289.57",21184,472182268.05,2452,17241.0,81.39
2023-01-13,ABBOTINDIA,EQ,"22,162.55","22,130.05","22,337.95","22,031.00","22,241.00","22,282.20","22,217.33",7274,161608890.95,2368,3109.0,42.74
2023-01-16,ABBOTINDIA,EQ,"22,282.20","22,300.20","22,344.35","21,970.10","22,035.00","22,041.45","22,150.21",6699,148384277.9,2178,2217.0,33.09
2023-01-17,ABBOTINDIA,EQ,"22,041.45","22,050.00","22,149.90","21,612.20","21,626.00","21,681.35","21,770.50",21736,473203601.85,3714,16174.0,74.41
2023-01-18,ABBOTINDIA,EQ,"21,681.35","21,700.10","22,047.00","21,613.10","22,000.00","21,962.25","21,892.50",7590,166164093.05,2803,3434.0,45.24
2023-01-19,ABBOTINDIA,EQ,"21,962.25","21,960.00","22,100.00","21,915.05","21,970.95","21,999.60","22,021.61",4364,96102318.8,1557,1838.0,42.12
2023-01-20,ABBOTINDIA,EQ,"21,999.60","21,997.00","21,997.00","21,632.75","21,787.90","21,797.35","21,768.11",8506,185159531.8,2438,4240.0,49.85
2023-01-23,ABBOTINDIA,EQ,"21,797.35","21,780.00","21,925.00","21,678.05","21,850.00","21,884.55","21,810.92",6436,140375063.1,2338,2081.0,32.33
2023-01-24,ABBOTINDIA,EQ,"21,884.55","21,771.75","21,912.55","21,500.00","21,533.45","21,642.65","21,759.09",8055,175269490.4,3032,3161.0,39.24
2023-01-25,ABBOTINDIA,EQ,"21,642.65","21,623.90","21,689.85","21,217.45","21,319.00","21,286.80","21,368.77",8811,188280202.05,3785,3251.0,36.9
2023-01-27,ABBOTINDIA,EQ,"21,286.80","21,250.00","21,395.85","21,092.00","21,160.50","21,212.15","21,211.90",6306,133762250.4,2612,2138.0,33.9
2023-01-30,ABBOTINDIA,EQ,"21,212.15","21,100.00","21,370.00","20,882.55","21,100.00","20,985.70","21,075.93",10890,229516861.65,3603,4968.0,45.62
2023-01-31,ABBOTINDIA,EQ,"20,985.70","20,985.75","21,223.40","20,754.55","20,899.00","20,817.05","20,954.26",9022,189049360.65,3528,3409.0,37.79
2023-02-01,ABBOTINDIA,EQ,"20,817.05","20,926.60","21,245.85","20,585.80","20,700.00","20,700.45","20,919.53",10839,226746797.15,3839,5315.0,49.04
2023-02-02,ABBOTINDIA,EQ,"20,700.45","20,771.65","20,867.95","20,411.00","20,418.15","20,480.30","20,675.92",14828,306582505.4,6216,9455.0,63.76
2023-02-03,ABBOTINDIA,EQ,"20,480.30","20,500.00","20,925.30","20,436.65","20,800.00","20,872.25","20,738.61",7409,153652342.1,2921,3095.0,41.77
2023-02-06,ABBOTINDIA,EQ,"20,872.25","20,872.05","20,999.90","20,650.00","20,825.05","20,869.75","20,829.66",4263,88796848.05,2160,1168.0,27.4
2023-02-07,ABBOTINDIA,EQ,"20,869.75","20,800.00","21,059.90","20,708.05","20,920.00","20,991.45","20,867.40",5981,124807914.0,2858,1246.0,20.83
2023-02-08,ABBOTINDIA,EQ,"20,991.45","20,980.00","21,347.00","20,831.10","21,323.95","21,278.25","21,112.77",6149,129822392.4,2841,2333.0,37.94
2023-02-09,ABBOTINDIA,EQ,"21,278.25","21,084.80","21,593.85","20,800.00","20,845.00","20,846.20","21,160.54",12723,269225496.55,5159,3124.0,24.55
2023-02-10,ABBOTINDIA,EQ,"20,846.20","20,929.05","21,451.95","20,650.00","20,700.10","20,741.10","20,974.98",31782,666626725.65,12676,4040.0,12.71
2023-02-13,ABBOTINDIA,EQ,"20,741.10","20,680.00","20,685.00","19,902.05","20,248.85","20,272.15","20,282.85",33651,682538109.05,11684,13836.0,41.12
2023-02-14,ABBOTINDIA,EQ,"20,272.15","20,270.00","20,548.00","20,040.30","20,380.00","20,308.35","20,324.75",9753,198227269.45,3748,1708.0,17.51
2023-02-15,ABBOTINDIA,EQ,"20,308.35","20,307.00","20,485.80","20,187.60","20,400.05","20,399.30","20,343.07",6398,130154939.25,2945,2071.0,32.37
2023-02-16,ABBOTINDIA,EQ,"20,399.30","20,450.00","20,540.00","20,280.00","20,448.00","20,425.15","20,415.73",8952,182761593.85,3631,4061.0,45.36
2023-02-17,ABBOTINDIA,EQ,"20,425.15","20,451.10","20,475.35","20,040.40","20,190.00","20,216.20","20,225.56",8516,172240885.05,3055,2443.0,28.69
2023-02-20,ABBOTINDIA,EQ,"20,216.20","20,266.15","20,266.15","19,964.20","20,049.00","20,062.95","20,074.06",7672,154008192.2,2312,3511.0,45.76
2023-02-21,ABBOTINDIA,EQ,"20,062.95","20,080.00","20,225.95","19,900.00","20,060.80","20,029.15","20,046.08",7853,157421893.9,2541,2669.0,33.99
2023-02-22,ABBOTINDIA,EQ,"20,029.15","20,005.10","20,298.95","19,968.10","20,297.05","20,216.20","20,214.55",9198,185933450.2,3866,3495.0,38.0
2023-02-23,ABBOTINDIA,EQ,"20,216.20","20,327.55","20,650.00","20,022.55","20,616.00","20,489.50","20,291.21",13048,264759680.75,3300,6155.0,47.17
2023-02-24,ABBOTINDIA,EQ,"20,489.50","20,591.95","20,723.85","20,072.15","20,250.00","20,154.60","20,321.73",12180,247518664.5,3758,5441.0,44.67
2023-02-27,ABBOTINDIA,EQ,"20,154.60","20,232.55","20,660.00","20,052.00","20,501.00","20,582.35","20,424.41",17630,360082283.65,4612,7630.0,43.28
2023-02-28,ABBOTINDIA,EQ,"20,582.35","20,520.50","20,651.20","20,127.15","20,180.00","20,210.55","20,347.71",11412,232208123.0,2829,5930.0,51.96
2023-03-01,ABBOTINDIA,EQ,"20,210.55","20,216.00","20,666.00","20,160.00","20,450.00","20,460.60","20,422.48",8852,180779814.2,3847,2747.0,31.03
2023-03-02,ABBOTINDIA,EQ,"20,460.60","20,460.00","20,460.00","20,051.05","20,065.10","20,094.85","20,204.30",6727,135914353.2,2778,2344.0,34.84
2023-03-03,ABBOTINDIA,EQ,"20,094.85","20,130.00","20,279.85","19,906.00","20,133.00","20,161.95","20,149.49",7287,146829363.85,3029,1999.0,27.43
2023-03-06,ABBOTINDIA,EQ,"20,161.95","20,163.00","20,676.00","20,163.00","20,513.10","20,575.55","20,529.94",15704,322402149.2,5599,6188.0,39.4
2023-03-08,ABBOTINDIA,EQ,"20,575.55","20,415.00","20,683.80","20,344.50","20,630.00","20,615.40","20,520.42",4885,100242275.3,2257,1800.0,36.85
2023-03-09,ABBOTINDIA,EQ,"20,615.40","20,650.00","20,915.65","20,560.20","20,606.00","20,680.15","20,758.58",10144,210575071.15,4044,3013.0,29.7
2023-03-10,ABBOTINDIA,EQ,"20,680.15","20,500.00","20,626.05","20,304.15","20,560.00","20,554.65","20,464.60",7513,153750530.15,3252,2296.0,30.56
2023-03-13,ABBOTINDIA,EQ,"20,554.65","20,649.10","20,649.10","20,056.00","20,242.00","20,263.60","20,258.80",12019,243490546.15,3428,6587.0,54.8
2023-03-14,ABBOTINDIA,EQ,"20,263.60","20,300.00","20,388.60","19,966.70","20,370.00","20,329.00","20,142.16",9872,198843439.0,3380,4314.0,43.7
2023-03-15,ABBOTINDIA,EQ,"20,329.00","20,389.00","20,578.00","20,250.00","20,420.00","20,367.50","20,387.02",5464,111394660.25,2498,1495.0,27.36
2023-03-16,ABBOTINDIA,EQ,"20,367.50","20,449.85","20,780.00","20,255.20","20,740.00","20,704.00","20,588.57",6621,136316941.05,3009,2061.0,31.13
2023-03-17,ABBOTINDIA,EQ,"20,704.00","20,726.95","20,993.95","20,600.00","20,945.00","20,928.30","20,828.60",7184,149632680.05,3261,3247.0,45.2
2023-03-20,ABBOTINDIA,EQ,"20,928.30","20,715.00","21,415.70","20,715.00","21,239.00","21,327.30","21,110.64",12395,261666358.85,4181,5419.0,43.72
2023-03-21,ABBOTINDIA,EQ,"21,327.30","21,420.00","21,420.00","21,120.10","21,180.05","21,287.85","21,248.54",5813,123517750.25,2509,2594.0,44.62
2023-03-22,ABBOTINDIA,EQ,"21,287.85","21,250.00","21,747.05","21,182.25","21,481.95","21,491.65","21,512.33",13584,292223433.85,4154,6758.0,49.75
2023-03-23,ABBOTINDIA,EQ,"21,491.65","21,500.00","21,653.95","21,352.50","21,525.00","21,540.20","21,569.65",9237,199238854.0,3635,3308.0,35.81
2023-03-24,ABBOTINDIA,EQ,"21,540.20","21,540.20","21,678.00","21,056.35","21,120.00","21,128.90","21,346.98",5596,119457694.5,2288,1369.0,24.46
2023-03-27,ABBOTINDIA,EQ,"21,128.90","21,160.00","21,617.95","21,138.30","21,400.00","21,426.75","21,444.63",16299,349526075.8,4189,9279.0,56.93
2023-03-28,ABBOTINDIA,EQ,"21,426.75","21,426.00","21,678.70","21,306.55","21,640.00","21,595.05","21,560.64",11054,238331263.2,2805,7194.0,65.08
2023-03-29,ABBOTINDIA,EQ,"21,595.05","21,600.00","21,881.85","21,592.85","21,766.75","21,770.05","21,761.00",9818,213649534.45,3269,4678.0,47.65
2023-03-31,ABBOTINDIA,EQ,"21,770.05","21,766.00","22,160.60","21,703.15","22,000.00","22,064.85","22,007.81",9427,207467642.35,4212,4986.0,52.89
2023-04-03,ABBOTINDIA,EQ,"22,064.85","22,248.00","22,379.90","21,809.90","22,200.05","22,256.05","22,091.93",9262,204615462.05,3755,3715.0,40.11
2023-04-05,ABBOTINDIA,EQ,"22,256.05","22,350.00","22,898.00","22,224.15","22,839.00","22,846.00","22,692.20",20433,463669696.8,7292,7300.0,35.73
2023-04-06,ABBOTINDIA,EQ,"22,846.00","22,800.25","22,940.00","22,720.00","22,920.00","22,880.95","22,851.17",9064,207122995.05,2886,4913.0,54.2
2023-04-10,ABBOTINDIA,EQ,"22,880.95","22,815.00","23,140.00","22,746.05","22,880.00","22,831.65","22,915.00",18990,435155823.95,3999,12790.0,67.35
2023-04-11,ABBOTINDIA,EQ,"22,831.65","22,832.05","22,958.00","22,626.60","22,817.00","22,778.85","22,799.53",15509,353597864.95,4898,9826.0,63.36
2023-04-12,ABBOTINDIA,EQ,"22,778.85","22,850.00","22,958.00","22,530.00","22,600.05","22,643.30","22,698.72",15983,362793622.05,4605,10499.0,65.69
2023-04-13,ABBOTINDIA,EQ,"22,643.30","22,700.00","22,745.85","22,430.00","22,500.00","22,493.70","22,537.79",9727,219225072.15,2688,6100.0,62.71
2023-04-17,ABBOTINDIA,EQ,"22,493.70","22,617.40","22,880.00","22,458.10","22,510.00","22,538.15","22,598.13",13701,309616927.95,4516,6892.0,50.3
2023-04-18,ABBOTINDIA,EQ,"22,538.15","22,538.15","22,702.95","22,415.00","22,679.00","22,530.40","22,533.56",13222,297938784.75,3828,7639.0,57.77
2023-04-19,ABBOTINDIA,EQ,"22,530.40","22,679.95","22,919.95","22,550.00","22,730.00","22,733.75","22,676.91",22685,514425691.3,3857,13932.0,61.42
2023-04-20,ABBOTINDIA,EQ,"22,733.75","22,733.95","22,823.95","22,548.55","22,551.25","22,577.75","22,673.99",6245,141599098.6,2561,2909.0,46.58
2023-04-21,ABBOTINDIA,EQ,"22,577.75","22,600.00","22,643.95","22,232.05","22,430.00","22,434.70","22,458.02",8120,182359120.2,2875,3519.0,43.34
2023-04-24,ABBOTINDIA,EQ,"22,434.70","22,440.00","22,589.95","22,274.00","22,473.70","22,546.30","22,443.60",4653,104430065.2,2000,1598.0,34.34
2023-04-25,ABBOTINDIA,EQ,"22,546.30","22,590.00","22,660.00","22,260.05","22,294.00","22,301.85","22,456.83",10076,226275000.3,3783,5672.0,56.29
2023-04-26,ABBOTINDIA,EQ,"22,301.85","22,309.95","22,412.45","22,195.20","22,300.00","22,310.70","22,222.59",34799,773323892.95,3974,30377.0,87.29
2023-04-27,ABBOTINDIA,EQ,"22,310.70","22,310.00","22,349.60","22,109.00","22,149.95","22,147.35","22,202.41",9489,210678648.45,3119,6274.0,66.12
2023-04-28,ABBOTINDIA,EQ,"22,147.35","22,224.00","22,385.95","21,996.05","22,300.00","22,297.25","22,217.66",13254,294472903.6,3975,7033.0,53.06
2023-05-02,ABBOTINDIA,EQ,"22,297.25","22,319.95","22,588.00","22,298.85","22,399.00","22,379.85","22,445.09",7540,169235957.8,2619,2942.0,39.02
2023-05-03,ABBOTINDIA,EQ,"22,379.85","22,380.00","22,649.90","22,303.20","22,492.05","22,567.25","22,499.25",10969,246794234.65,3336,6912.0,63.01
2023-05-04,ABBOTINDIA,EQ,"22,567.25","22,600.00","22,790.00","22,479.05","22,550.25","22,585.45","22,643.02",8892,201341777.8,3770,4238.0,47.66
2023-05-05,ABBOTINDIA,EQ,"22,585.45","22,624.95","22,700.00","22,422.05","22,564.00","22,650.80","22,583.97",3879,87603204.6,1619,1222.0,31.5
2023-05-08,ABBOTINDIA,EQ,"22,650.80","22,650.80","22,750.00","22,386.25","22,422.10","22,471.20","22,533.82",10519,237033207.55,3625,5127.0,48.74
2023-05-09,ABBOTINDIA,EQ,"22,471.20","22,630.00","22,700.00","21,636.00","21,871.40","21,929.30","22,110.97",26497,585874491.95,11134,6699.0,25.28
2023-05-10,ABBOTINDIA,EQ,"21,929.30","22,034.00","22,034.00","21,280.00","21,425.05","21,391.00","21,515.61",27318,587763470.65,7724,14400.0,52.71
2023-05-11,ABBOTINDIA,EQ,"21,391.00","21,400.00","21,593.95","21,156.10","21,280.00","21,236.40","21,365.27",18688,399274154.7,6110,8311.0,44.47
2023-05-12,ABBOTINDIA,EQ,"21,236.40","21,266.00","21,532.00","21,135.00","21,202.00","21,229.40","21,336.36",15506,330841563.8,6499,7506.0,48.41
2023-05-15,ABBOTINDIA,EQ,"21,229.40","21,299.00","21,510.00","21,180.00","21,219.95","21,228.00","21,320.78",10716,228473498.05,3448,6039.0,56.35
2023-05-16,ABBOTINDIA,EQ,"21,228.00","21,299.95","21,346.75","21,072.10","21,185.00","21,194.20","21,217.36",8737,185376050.8,3533,2290.0,26.21
2023-05-17,ABBOTINDIA,EQ,"21,194.20","21,202.00","21,339.95","21,075.00","21,140.00","21,215.50","21,193.97",10602,224698519.65,4113,4987.0,47.04
2023-05-18,ABBOTINDIA,EQ,"21,215.50","21,330.00","21,353.95","20,932.00","20,938.80","20,970.55","21,088.60",7346,154916864.35,2949,2674.0,36.4
2023-05-19,ABBOTINDIA,EQ,"20,970.55","21,087.50","21,091.60","20,605.05","20,950.00","20,898.45","20,863.03",17558,366313107.5,5758,9148.0,52.1
2023-05-22,ABBOTINDIA,EQ,"20,898.45","20,751.00","21,538.55","20,751.00","21,413.00","21,373.10","21,317.79",25214,537506646.35,7862,9468.0,37.55
2023-05-23,ABBOTINDIA,EQ,"21,373.10","21,438.95","21,588.80","21,415.20","21,500.00","21,508.10","21,506.07",8569,184285532.35,2937,4190.0,48.9
2023-05-24,ABBOTINDIA,EQ,"21,508.10","21,508.10","21,621.10","21,430.00","21,505.00","21,470.00","21,487.96",16138,346772777.85,2364,11919.0,73.86
2023-05-25,ABBOTINDIA,EQ,"21,470.00","21,580.00","21,933.75","21,416.45","21,865.00","21,840.90","21,670.68",7369,159691207.7,2500,3873.0,52.56
2023-05-26,ABBOTINDIA,EQ,"21,840.90","21,940.00","21,941.65","21,680.00","21,899.00","21,901.45","21,829.51",6057,132221338.85,2347,1910.0,31.53
2023-05-29,ABBOTINDIA,EQ,"21,901.45","21,970.00","21,988.00","21,747.00","21,851.55","21,893.80","21,867.75",6045,132190546.9,1970,2903.0,48.02
2023-05-30,ABBOTINDIA,EQ,"21,893.80","21,950.00","22,084.80","21,879.35","22,050.95","22,054.60","22,002.64",6888,151554200.3,2547,3584.0,52.03
2023-05-31,ABBOTINDIA,EQ,"22,054.60","22,025.00","22,119.95","21,696.20","21,729.00","21,737.90","21,832.65",6644,145056140.2,2317,3101.0,46.67
2023-06-01,ABBOTINDIA,EQ,"21,737.90","21,857.70","21,889.70","21,550.00","21,550.00","21,602.65","21,752.63",10678,232274579.55,3646,6841.0,64.07
2023-06-02,ABBOTINDIA,EQ,"21,602.65","21,602.00","21,995.95","21,503.00","21,888.00","21,927.25","21,748.44",10784,234535148.7,4785,4111.0,38.12
2023-06-05,ABBOTINDIA,EQ,"21,927.25","21,950.00","21,999.95","21,720.45","21,841.00","21,832.15","21,863.99",3841,83979568.7,1674,1686.0,43.89
2023-06-06,ABBOTINDIA,EQ,"21,832.15","21,800.00","21,900.00","21,591.05","21,844.00","21,823.05","21,746.34",6250,135914638.65,2412,2956.0,47.3
2023-06-07,ABBOTINDIA,EQ,"21,823.05","21,900.00","21,989.95","21,800.25","21,910.50","21,865.80","21,875.20",7574,165682782.65,3034,3213.0,42.42
2023-06-08,ABBOTINDIA,EQ,"21,865.80","21,940.00","21,940.00","21,600.00","21,618.15","21,645.25","21,742.14",4828,104971036.25,2218,1903.0,39.42
2023-06-09,ABBOTINDIA,EQ,"21,645.25","21,700.00","21,870.00","21,450.10","21,746.75","21,791.15","21,687.51",11353,246218319.55,3463,5762.0,50.75
2023-06-12,ABBOTINDIA,EQ,"21,791.15","21,791.15","22,000.00","21,680.10","21,999.00","21,960.40","21,895.57",7816,171135802.45,3102,4325.0,55.34
2023-06-13,ABBOTINDIA,EQ,"21,960.40","22,000.00","22,247.95","21,940.05","22,178.20","22,155.70","22,150.29",10928,242058345.7,5720,5782.0,52.91
2023-06-14,ABBOTINDIA,EQ,"22,155.70","22,333.00","22,340.65","21,919.55","22,109.30","22,038.70","22,117.58",7374,163095010.5,2507,2753.0,37.33
2023-06-15,ABBOTINDIA,EQ,"22,038.70","22,160.00","22,495.00","22,071.40","22,466.00","22,432.55","22,350.92",12198,272636545.75,4195,4683.0,38.39
2023-06-16,ABBOTINDIA,EQ,"22,432.55","22,432.55","22,750.00","22,420.00","22,730.00","22,711.50","22,638.86",16868,381872318.75,6693,8807.0,52.21
2023-06-19,ABBOTINDIA,EQ,"22,711.50","22,712.00","23,300.00","22,706.30","23,133.00","23,093.50","23,127.93",20737,479603922.8,9347,7991.0,38.53
2023-06-20,ABBOTINDIA,EQ,"23,093.50","23,093.50","23,189.85","22,713.10","23,020.00","22,996.90","22,981.21",12863,295607252.0,4378,6603.0,51.33
2023-06-21,ABBOTINDIA,EQ,"22,996.90","23,090.00","23,090.00","22,601.00","22,653.40","22,678.90","22,752.47",8024,182565802.95,3111,3452.0,43.02
2023-06-22,ABBOTINDIA,EQ,"22,678.90","22,612.00","22,762.95","22,444.00","22,549.95","22,554.85","22,518.30",10211,229934320.4,2616,7024.0,68.79
2023-06-23,ABBOTINDIA,EQ,"22,554.85","22,670.00","22,719.95","22,470.05","22,550.10","22,659.30","22,572.06",8049,181682474.05,3982,3929.0,48.81
2023-06-26,ABBOTINDIA,EQ,"22,659.30","22,600.00","22,933.95","22,598.80","22,920.90","22,841.15","22,742.61",9642,219284220.75,4926,4299.0,44.59
2023-06-27,ABBOTINDIA,EQ,"22,841.15","22,806.00","23,017.20","22,632.05","22,700.00","22,707.80","22,721.13",18854,428384111.85,4268,12082.0,64.08
2023-06-28,ABBOTINDIA,EQ,"22,707.80","22,710.00","23,498.00","22,710.00","23,277.55","23,202.30","23,074.23",17998,415289919.65,5498,9679.0,53.78
2023-06-30,ABBOTINDIA,EQ,"23,202.30","23,150.00","23,455.00","23,150.00","23,384.25","23,419.15","23,284.62",9015,209910806.35,3033,4171.0,46.27
2023-07-03,ABBOTINDIA,EQ,"23,419.15","23,500.00","23,548.85","23,167.55","23,239.00","23,249.70","23,274.94",5169,120308157.6,2539,2118.0,40.98
2023-07-04,ABBOTINDIA,EQ,"23,249.70","23,229.95","23,360.00","23,150.00","23,250.00","23,209.20","23,234.63",3896,90522136.75,1779,1601.0,41.09
2023-07-05,ABBOTINDIA,EQ,"23,209.20","23,151.00","23,400.00","23,151.00","23,300.00","23,306.00","23,278.91",6095,141884976.3,2239,2399.0,39.36
2023-07-06,ABBOTINDIA,EQ,"23,306.00","23,306.95","23,869.95","23,200.00","23,800.00","23,825.75","23,689.97",14956,354307131.3,5522,8641.0,57.78
2023-07-07,ABBOTINDIA,EQ,"23,825.75","23,815.00","23,815.00","23,451.05","23,452.75","23,499.40","23,600.41",6240,147266533.55,2674,2442.0,39.13
2023-07-10,ABBOTINDIA,EQ,"23,499.40","23,500.00","23,614.70","23,283.75","23,600.00","23,470.45","23,481.38",4870,114354322.25,1908,2176.0,44.68
2023-07-11,ABBOTINDIA,EQ,"23,470.45","23,550.00","23,806.95","23,307.45","23,661.00","23,693.20","23,603.84",11542,272435554.85,3634,5916.0,51.26
2023-07-12,ABBOTINDIA,EQ,"23,693.20","23,661.00","23,850.00","23,501.60","23,598.95","23,564.50","23,614.43",7679,181335224.85,3152,2777.0,36.16
2023-07-13,ABBOTINDIA,EQ,"23,564.50","23,600.00","23,678.05","23,300.00","23,400.00","23,392.55","23,484.16",7927,186158914.3,3250,3119.0,39.35
2023-07-14,ABBOTINDIA,EQ,"23,392.55","23,394.95","23,450.05","23,163.05","23,300.00","23,293.90","23,301.49",4693,109353880.75,2427,1685.0,35.9
2023-07-17,ABBOTINDIA,EQ,"23,293.90","23,350.00","23,519.95","23,079.05","23,199.95","23,151.95","23,266.33",16350,380404513.25,5343,9276.0,56.73
2023-07-18,ABBOTINDIA,EQ,"23,151.95","23,250.00","23,399.00","22,990.60","23,341.20","23,345.65","23,212.78",8260,191737582.35,2847,3523.0,42.65
2023-07-19,ABBOTINDIA,EQ,"23,345.65","23,341.20","23,568.85","23,200.00","23,515.00","23,468.65","23,333.64",15305,357121355.0,3496,7018.0,45.85
2023-07-20,ABBOTINDIA,EQ,"23,468.65","23,588.30","23,725.00","23,450.20","23,600.00","23,665.10","23,617.95",7312,172694468.85,3021,3261.0,44.6
2023-07-21,ABBOTINDIA,EQ,"23,665.10","23,400.00","23,522.95","23,150.00","23,219.95","23,183.85","23,300.64",7258,169116077.6,2761,2762.0,38.05
2023-07-24,ABBOTINDIA,EQ,"23,183.85","23,219.95","23,347.95","23,008.45","23,225.10","23,171.25","23,146.54",10909,252505582.35,4093,4226.0,38.74
2023-07-25,ABBOTINDIA,EQ,"23,171.25","23,250.00","23,251.05","22,884.70","22,924.65","22,986.40","22,974.57",8996,206679261.05,3277,4021.0,44.7
2023-07-26,ABBOTINDIA,EQ,"22,986.40","22,986.40","23,039.75","22,870.00","22,930.00","22,945.45","22,926.86",9666,221610983.85,2078,5658.0,58.54
2023-07-27,ABBOTINDIA,EQ,"22,945.45","22,945.45","23,813.85","22,909.95","23,640.00","23,705.85","23,593.15",24755,584048440.15,7214,11307.0,45.68
2023-07-28,ABBOTINDIA,EQ,"23,705.85","23,800.00","24,142.95","23,622.00","24,040.00","24,059.95","23,897.13",16562,395784267.4,6035,5690.0,34.36
2023-07-31,ABBOTINDIA,EQ,"24,059.95","24,150.00","24,240.00","23,954.05","23,999.35","24,068.60","24,100.97",7074,170490229.65,2853,2434.0,34.41
2023-08-01,ABBOTINDIA,EQ,"24,068.60","24,094.45","24,094.45","23,770.00","23,980.00","23,943.20","23,921.87",6810,162907962.3,3283,3114.0,45.73
2023-08-02,ABBOTINDIA,EQ,"23,943.20","23,999.00","24,235.00","23,743.20","24,134.00","24,084.70","23,968.36",17029,408157194.8,5917,6646.0,39.03
2023-08-03,ABBOTINDIA,EQ,"24,084.70","24,204.70","24,657.70","24,034.60","24,560.00","24,555.80","24,465.69",34082,833839593.3,8842,17666.0,51.83
2023-08-04,ABBOTINDIA,EQ,"24,555.80","24,649.95","24,657.45","23,800.00","23,896.00","23,864.00","24,049.40",12946,311343589.15,5424,4961.0,38.32
2023-08-07,ABBOTINDIA,EQ,"23,864.00","24,000.00","24,223.35","23,618.10","23,801.00","23,964.75","23,937.49",9545,228483301.65,3657,3489.0,36.55
2023-08-08,ABBOTINDIA,EQ,"23,964.75","23,900.00","24,244.00","23,700.90","23,700.90","23,774.35","23,860.31",7620,181815538.1,2434,4581.0,60.12
2023-08-09,ABBOTINDIA,EQ,"23,774.35","23,890.00","24,100.00","23,660.00","24,100.00","23,749.10","23,772.83",23572,560373043.45,5131,14731.0,62.49
2023-08-10,ABBOTINDIA,EQ,"23,749.10","24,349.95","24,744.25","23,801.00","24,000.00","23,887.75","24,176.77",57565,1391735873.65,16253,10748.0,18.67
2023-08-11,ABBOTINDIA,EQ,"23,887.75","24,248.00","24,248.00","23,701.00","23,711.00","23,732.80","23,919.67",12075,288830002.95,4177,4270.0,35.36
2023-08-14,ABBOTINDIA,EQ,"23,732.80","23,700.00","23,756.50","23,168.60","23,504.85","23,637.80","23,490.82",18629,437610554.9,6024,8559.0,45.94
2023-08-16,ABBOTINDIA,EQ,"23,637.80","23,650.05","23,980.20","23,400.00","23,894.95","23,904.20","23,708.69",7441,176416368.4,3271,2874.0,38.62
2023-08-17,ABBOTINDIA,EQ,"23,904.20","23,893.95","23,893.95","23,630.00","23,650.00","23,658.75","23,694.99",5845,138497238.75,2258,2819.0,48.23
2023-08-18,ABBOTINDIA,EQ,"23,658.75","23,670.00","23,726.15","23,352.10","23,425.00","23,399.60","23,513.59",4753,111760090.35,2297,1846.0,38.84
2023-08-21,ABBOTINDIA,EQ,"23,399.60","23,481.90","23,585.00","23,310.00","23,458.35","23,436.05","23,460.36",5014,117630236.7,2721,1781.0,35.52
2023-08-22,ABBOTINDIA,EQ,"23,436.05","23,436.05","23,583.85","23,328.70","23,401.50","23,478.35","23,485.52",6529,153336950.95,2848,3006.0,46.04
2023-08-23,ABBOTINDIA,EQ,"23,478.35","23,600.00","23,600.00","23,071.90","23,239.95","23,231.10","23,353.55",7668,179075026.65,2944,4199.0,54.76
2023-08-24,ABBOTINDIA,EQ,"23,231.10","23,239.95","23,444.00","23,150.00","23,199.00","23,164.65","23,312.36",8568,199740287.9,3592,4322.0,50.44
2023-08-25,ABBOTINDIA,EQ,"23,164.65","23,096.00","23,267.95","23,028.10","23,158.00","23,221.00","23,152.22",8733,202188372.0,3570,4080.0,46.72
2023-08-28,ABBOTINDIA,EQ,"23,221.00","23,299.90","23,457.95","23,115.00","23,421.00","23,388.45","23,303.61",6122,142664691.15,2271,2643.0,43.17
2023-08-29,ABBOTINDIA,EQ,"23,388.45","23,474.90","23,474.90","23,215.85","23,434.10","23,414.95","23,377.20",11307,264326014.1,4002,5899.0,52.17
2023-08-30,ABBOTINDIA,EQ,"23,414.95","23,485.00","23,485.00","23,251.00","23,283.70","23,363.65","23,403.13",8440,197522410.3,3057,4826.0,57.18
2023-08-31,ABBOTINDIA,EQ,"23,363.65","23,363.65","23,420.65","23,070.85","23,118.00","23,109.55","23,258.00",6976,162247801.1,3501,4142.0,59.38
2023-09-01,ABBOTINDIA,EQ,"23,109.55","23,120.00","23,237.55","22,535.05","22,700.00","22,704.65","22,742.08",18058,410676465.55,6327,8834.0,48.92
2023-09-04,ABBOTINDIA,EQ,"22,704.65","22,898.60","22,999.95","22,320.05","22,350.55","22,345.25","22,497.52",15081,339285143.8,4567,10176.0,67.48
2023-09-05,ABBOTINDIA,EQ,"22,345.25","22,533.05","22,899.00","22,358.30","22,810.00","22,793.25","22,601.55",25555,577582528.8,8241,13882.0,54.32
2023-09-06,ABBOTINDIA,EQ,"22,793.25","22,900.30","23,160.00","22,754.20","23,081.75","23,106.60","23,047.80",26456,609752692.8,8399,14805.0,55.96
2023-09-07,ABBOTINDIA,EQ,"23,106.60","23,055.00","23,189.90","22,940.05","23,000.00","23,029.05","23,076.75",12869,296974650.0,4756,7957.0,61.83
2023-09-08,ABBOTINDIA,EQ,"23,029.05","23,029.95","23,154.00","22,800.05","23,056.20","23,002.30","22,977.88",8725,200481975.4,3590,4053.0,46.45
2023-09-11,ABBOTINDIA,EQ,"23,002.30","23,050.00","23,135.55","22,851.10","23,029.05","22,985.10","22,936.15",8108,185966270.7,3457,4191.0,51.69
2023-09-12,ABBOTINDIA,EQ,"22,985.10","23,029.00","23,250.00","22,746.30","22,842.60","22,897.25","22,974.86",18817,432317891.7,4203,11338.0,60.25
2023-09-13,ABBOTINDIA,EQ,"22,897.25","22,997.00","23,050.00","22,555.00","23,017.00","23,004.15","22,803.18",15208,346790707.45,4971,8357.0,54.95
2023-09-14,ABBOTINDIA,EQ,"23,004.15","23,141.35","23,186.30","22,860.05","23,000.00","22,910.60","22,969.21",16366,375914052.55,10988,9781.0,59.76
2023-09-15,ABBOTINDIA,EQ,"22,910.60","22,910.60","23,645.95","22,901.00","23,290.00","23,351.15","23,286.50",22279,518799825.6,6765,9710.0,43.58
2023-09-18,ABBOTINDIA,EQ,"23,351.15","23,351.15","23,504.00","23,116.05","23,299.70","23,308.35","23,311.57",18594,433455406.4,5583,8480.0,45.61
2023-09-20,ABBOTINDIA,EQ,"23,308.35","23,299.95","23,365.05","23,137.40","23,150.05","23,191.50","23,225.00",4759,110527759.1,1727,2252.0,47.32
2023-09-21,ABBOTINDIA,EQ,"23,191.50","23,101.00","23,188.65","22,800.00","22,849.00","22,838.35","22,967.09",4203,96530665.6,1729,1666.0,39.64
2023-09-22,ABBOTINDIA,EQ,"22,838.35","22,838.35","22,938.00","22,359.00","22,500.05","22,543.25","22,534.67",9333,210316096.3,3930,3688.0,39.52
2023-09-25,ABBOTINDIA,EQ,"22,543.25","22,594.95","22,735.95","22,338.05","22,605.20","22,650.65","22,577.78",4373,98732647.3,2047,1809.0,41.37
2023-09-26,ABBOTINDIA,EQ,"22,650.65","22,740.00","23,015.45","22,522.00","22,622.65","22,710.80","22,775.81",11513,262217877.85,4686,6663.0,57.87
2023-09-27,ABBOTINDIA,EQ,"22,710.80","22,710.80","22,803.35","22,379.70","22,603.15","22,743.30","22,591.46",9786,221080041.9,3631,3536.0,36.13
2023-09-28,ABBOTINDIA,EQ,"22,743.30","22,843.00","22,843.00","22,000.00","22,227.00","22,370.65","22,359.71",17582,393128339.25,5981,7189.0,40.89
2023-09-29,ABBOTINDIA,EQ,"22,370.65","22,470.00","23,245.00","22,201.75","23,090.00","23,179.45","22,946.67",18207,417790090.0,7660,6865.0,37.71
2023-10-03,ABBOTINDIA,EQ,"23,179.45","23,244.95","23,300.00","22,732.00","23,027.50","23,121.80","23,099.12",13820,319229829.55,4402,7425.0,53.73
2023-10-04,ABBOTINDIA,EQ,"23,121.80","23,100.00","23,200.00","22,716.00","22,830.00","22,815.95","22,908.03",4764,109133840.4,2260,1692.0,35.52
2023-10-05,ABBOTINDIA,EQ,"22,815.95","22,948.00","22,999.90","22,750.05","22,909.00","22,861.95","22,874.28",3094,70773013.05,1711,1049.0,33.9
2023-10-06,ABBOTINDIA,EQ,"22,861.95","22,899.00","23,118.00","22,829.95","23,040.00","23,036.40","22,982.99",5532,127141923.15,2321,2619.0,47.34
2023-10-09,ABBOTINDIA,EQ,"23,036.40","22,970.00","23,111.70","22,800.00","22,859.15","22,962.55","22,942.65",9485,217610991.2,5133,2860.0,30.15
2023-10-10,ABBOTINDIA,EQ,"22,962.55","22,989.95","22,989.95","22,700.00","22,780.50","22,748.05","22,810.31",6996,159580950.1,2793,3698.0,52.86
2023-10-11,ABBOTINDIA,EQ,"22,748.05","22,800.00","22,979.65","22,380.00","22,400.00","22,430.25","22,585.89",20037,452553555.45,5388,14398.0,71.86
2023-10-12,ABBOTINDIA,EQ,"22,430.25","22,577.95","22,577.95","22,270.00","22,345.00","22,306.80","22,356.76",7647,170962130.75,3640,3135.0,41.0
2023-10-13,ABBOTINDIA,EQ,"22,306.80","22,200.00","22,486.85","22,134.90","22,307.35","22,389.25","22,363.72",5334,119288072.9,2711,1964.0,36.82
2023-10-16,ABBOTINDIA,EQ,"22,389.25","22,307.35","22,750.00","22,100.00","22,400.40","22,476.90","22,504.16",16710,376044537.2,6531,7317.0,43.79
2023-10-17,ABBOTINDIA,EQ,"22,476.90","22,497.05","22,576.45","22,368.05","22,379.00","22,422.65","22,470.13",4443,99834803.75,1929,1753.0,39.46
2023-10-18,ABBOTINDIA,EQ,"22,422.65","22,422.00","22,600.00","22,314.55","22,351.00","22,427.95","22,447.44",5601,125728134.95,2038,3352.0,59.85
2023-10-19,ABBOTINDIA,EQ,"22,427.95","22,444.00","22,682.90","22,251.00","22,650.00","22,656.10","22,532.32",6679,150493376.6,2653,3901.0,58.41
2023-10-20,ABBOTINDIA,EQ,"22,656.10","22,650.10","22,727.00","22,332.05","22,555.00","22,640.25","22,558.14",9241,208459740.65,3235,5738.0,62.09
2023-10-23,ABBOTINDIA,EQ,"22,640.25","22,601.00","22,755.00","22,404.05","22,755.00","22,716.05","22,613.26",14792,334495293.95,7471,5495.0,37.15
2023-10-25,ABBOTINDIA,EQ,"22,716.05","22,719.95","22,899.00","22,405.70","22,499.00","22,511.35","22,574.41",15093,340715616.45,4917,6709.0,44.45
2023-10-26,ABBOTINDIA,EQ,"22,511.35","22,480.00","22,481.00","22,051.00","22,274.00","22,232.40","22,260.00",12651,281611212.75,4942,6596.0,52.14
2023-10-27,ABBOTINDIA,EQ,"22,232.40","22,800.00","22,800.00","22,330.10","22,699.00","22,670.70","22,611.01",6072,137294039.15,2935,2077.0,34.21
2023-10-30,ABBOTINDIA,EQ,"22,670.70","22,550.05","22,890.90","22,400.00","22,500.10","22,481.75","22,598.40",10699,241780239.45,5538,3077.0,28.76
2023-10-31,ABBOTINDIA,EQ,"22,481.75","22,481.80","22,616.85","22,358.05","22,460.00","22,413.65","22,473.75",5232,117582683.85,1989,2673.0,51.09
2023-11-01,ABBOTINDIA,EQ,"22,413.65","22,420.95","22,517.95","22,152.05","22,246.00","22,234.95","22,250.16",5098,113431310.6,2371,2512.0,49.27
2023-11-02,ABBOTINDIA,EQ,"22,234.95","22,348.90","22,636.25","22,160.00","22,368.50","22,382.10","22,371.52",7027,157204637.75,3978,2475.0,35.22
2023-11-03,ABBOTINDIA,EQ,"22,382.10","22,900.00","22,900.00","22,316.05","22,802.00","22,796.15","22,612.98",10127,229001684.75,3998,5446.0,53.78
2023-11-06,ABBOTINDIA,EQ,"22,796.15","22,798.00","23,394.90","22,710.00","23,140.00","23,314.00","23,132.63",13291,307455757.25,5686,5318.0,40.01
2023-11-07,ABBOTINDIA,EQ,"23,314.00","23,160.05","23,850.00","23,156.05","23,800.00","23,786.45","23,603.48",22283,525956245.75,4224,15202.0,68.22
2023-11-08,ABBOTINDIA,EQ,"23,786.45","23,700.00","24,297.15","23,650.30","24,250.00","24,265.70","24,086.49",18187,438061059.95,5090,10914.0,60.01
2023-11-09,ABBOTINDIA,EQ,"24,265.70","24,263.00","24,455.05","23,800.15","23,899.95","23,879.45","24,149.03",24641,595056304.55,8063,9551.0,38.76
2023-11-10,ABBOTINDIA,EQ,"23,879.45","23,879.45","24,142.90","23,505.05","23,680.00","23,705.65","23,793.24",13934,331535019.25,5691,5107.0,36.65
2023-11-12,ABBOTINDIA,EQ,"23,705.65","23,725.00","23,881.35","23,725.00","23,850.00","23,815.85","23,807.47",926,22045719.85,501,431.0,46.54
2023-11-13,ABBOTINDIA,EQ,"23,815.85","23,881.65","23,946.95","23,100.00","23,149.00","23,152.65","23,269.16",18257,424825021.05,7548,4120.0,22.57
2023-11-15,ABBOTINDIA,EQ,"23,152.65","23,299.65","23,386.60","22,865.05","22,988.65","22,926.25","23,012.98",17952,413129023.75,4844,10082.0,56.16
2023-11-16,ABBOTINDIA,EQ,"22,926.25","22,930.00","23,345.45","22,896.10","23,320.25","23,293.55","23,052.76",23823,549185818.25,3774,18505.0,77.68
2023-11-17,ABBOTINDIA,EQ,"23,293.55","23,300.00","23,699.00","23,250.00","23,599.00","23,625.50","23,447.84",25702,602656452.45,7080,17150.0,66.73
2023-11-20,ABBOTINDIA,EQ,"23,625.50","23,599.80","24,050.05","23,333.00","24,049.85","23,975.80","23,755.50",17365,412514321.65,5577,8586.0,49.44
2023-11-21,ABBOTINDIA,EQ,"23,975.80","24,005.00","24,173.20","23,811.20","23,901.00","23,950.60","23,968.53",7418,177798573.85,3717,3133.0,42.24
2023-11-22,ABBOTINDIA,EQ,"23,950.60","23,921.10","24,167.45","23,777.50","23,891.00","23,904.25","23,956.56",5685,136193030.0,2449,2591.0,45.58
2023-11-23,ABBOTINDIA,EQ,"23,904.25","23,996.05","24,000.00","23,775.35","23,900.00","23,886.50","23,859.05",2820,67282531.2,1431,1229.0,43.58
2023-11-24,ABBOTINDIA,EQ,"23,886.50","23,886.50","24,095.00","23,826.65","24,000.00","24,045.85","23,986.99",6351,152341390.2,2483,2299.0,36.2
2023-11-28,ABBOTINDIA,EQ,"24,045.85","24,001.25","24,066.70","23,670.00","23,678.95","23,697.75","23,803.35",4778,113732403.5,2172,1942.0,40.64
2023-11-29,ABBOTINDIA,EQ,"23,697.75","23,698.00","23,779.75","23,500.00","23,539.50","23,537.80","23,636.26",5327,125910368.6,2136,2601.0,48.83
2023-11-30,ABBOTINDIA,EQ,"23,537.80","23,590.00","23,850.00","23,431.30","23,840.00","23,805.15","23,700.52",7069,167538974.25,3259,2661.0,37.64
2023-12-01,ABBOTINDIA,EQ,"23,805.15","23,751.10","23,925.90","23,614.20","23,654.90","23,679.50","23,727.99",6396,151764219.6,2673,2814.0,44.0
2023-12-04,ABBOTINDIA,EQ,"23,679.50","23,920.00","23,920.00","23,350.00","23,500.00","23,398.75","23,502.68",18405,432566740.6,5247,9821.0,53.36
2023-12-05,ABBOTINDIA,EQ,"23,398.75","23,500.00","23,686.95","23,000.05","23,159.70","23,110.45","23,341.79",32166,750811922.75,7742,20098.0,62.48
2023-12-06,ABBOTINDIA,EQ,"23,110.45","23,287.20","23,319.00","22,880.00","23,085.00","23,078.05","23,060.01",18107,417547599.65,6028,8455.0,46.69
2023-12-07,ABBOTINDIA,EQ,"23,078.05","23,020.00","23,271.75","22,960.10","23,100.00","23,073.40","23,071.57",22327,515118906.35,5630,13947.0,62.47
2023-12-08,ABBOTINDIA,EQ,"23,073.40","23,139.95","23,150.00","22,728.65","22,899.90","22,858.00","22,896.56",8428,192972192.8,3700,3526.0,41.84
2023-12-11,ABBOTINDIA,EQ,"22,858.00","22,984.05","23,095.00","22,690.05","23,060.00","23,046.55","22,954.11",13002,298449370.65,5519,6406.0,49.27
2023-12-12,ABBOTINDIA,EQ,"23,046.55","23,046.55","23,165.90","22,760.50","22,887.75","22,825.00","22,920.21",12943,296656250.65,5168,4323.0,33.4
2023-12-13,ABBOTINDIA,EQ,"22,825.00","22,825.00","22,948.00","22,722.10","22,924.00","22,780.85","22,802.22",8835,201457644.3,2122,6175.0,69.89
2023-12-14,ABBOTINDIA,EQ,"22,780.85","22,870.00","22,906.15","22,502.05","22,800.00","22,742.00","22,680.57",12923,293101026.75,4790,6545.0,50.65
2023-12-15,ABBOTINDIA,EQ,"22,742.00","22,742.00","22,841.05","22,610.00","22,689.00","22,694.80","22,698.27",11975,271811755.6,3520,7584.0,63.33
2023-12-18,ABBOTINDIA,EQ,"22,694.80","22,750.05","22,934.90","22,620.00","22,771.00","22,780.30","22,793.97",20584,469191139.55,7190,7457.0,36.23
2023-12-19,ABBOTINDIA,EQ,"22,780.30","22,781.00","23,052.50","22,752.25","22,930.00","22,902.25","22,903.08",11982,274424720.7,3003,7288.0,60.82
2023-12-20,ABBOTINDIA,EQ,"22,902.25","22,902.25","22,959.60","22,041.50","22,134.35","22,135.15","22,466.08",24567,551924154.25,10248,11675.0,47.52
2023-12-21,ABBOTINDIA,EQ,"22,135.15","22,143.90","22,435.00","22,000.00","22,380.00","22,354.75","22,218.30",13841,307523489.05,5378,4384.0,31.67
2023-12-22,ABBOTINDIA,EQ,"22,354.75","22,367.30","22,661.00","22,324.60","22,600.00","22,604.00","22,525.51",12474,280983177.05,6153,4611.0,36.96
2023-12-26,ABBOTINDIA,EQ,"22,604.00","22,599.95","22,670.00","22,239.05","22,500.00","22,452.55","22,398.22",24132,540513770.3,7027,15027.0,62.27
2023-12-27,ABBOTINDIA,EQ,"22,452.55","22,483.00","22,692.95","22,450.00","22,620.00","22,570.10","22,574.88",11512,259882046.75,4827,3812.0,33.11
2023-12-28,ABBOTINDIA,EQ,"22,570.10","22,620.00","22,716.35","22,500.00","22,640.00","22,623.70","22,601.26",11577,261654741.2,4872,4098.0,35.4
2023-12-29,ABBOTINDIA,EQ,"22,623.70","22,650.00","22,900.00","22,520.00","22,805.00","22,851.25","22,642.18",19648,444873509.05,4489,12676.0,64.52
2024-01-01,ABBOTINDIA,EQ,"22,851.25","22,852.00","22,903.90","22,720.00","22,775.00","22,761.10","22,792.43",24341,554790532.1,5632,18280.0,75.1
2024-01-02,ABBOTINDIA,EQ,"22,761.10","22,780.00","23,456.00","22,761.10","23,380.00","23,327.25","23,207.41",55844,1295994397.45,14171,34382.0,61.57
2024-01-03,ABBOTINDIA,EQ,"23,327.25","23,450.00","23,650.00","23,220.20","23,599.00","23,606.60","23,487.97",19924,467974242.2,6480,6151.0,30.87
2024-01-04,ABBOTINDIA,EQ,"23,606.60","23,675.00","23,675.00","23,143.55","23,610.00","23,569.80","23,375.95",34327,802426355.0,8507,19037.0,55.46
2024-01-05,ABBOTINDIA,EQ,"23,569.80","23,569.80","24,000.00","23,485.20","23,732.00","23,884.60","23,836.14",22754,542367495.8,7313,9543.0,41.94
2024-01-08,ABBOTINDIA,EQ,"23,884.60","23,800.00","24,086.00","23,585.00","23,585.00","23,658.10","23,873.02",20750,495365096.55,6887,9249.0,44.57
2024-01-09,ABBOTINDIA,EQ,"23,658.10","23,738.70","24,289.85","23,709.05","24,220.00","24,231.90","24,074.10",16783,404035700.2,5779,7713.0,45.96
2024-01-10,ABBOTINDIA,EQ,"24,231.90","24,300.00","24,672.00","24,067.50","24,619.00","24,609.25","24,339.73",33691,820029831.35,9111,12863.0,38.18
2024-01-11,ABBOTINDIA,EQ,"24,609.25","24,609.00","25,388.50","24,465.10","25,330.00","25,339.65","24,966.09",42601,1063580519.15,17892,12634.0,29.66
2024-01-12,ABBOTINDIA,EQ,"25,339.65","25,338.10","25,869.95","25,200.00","25,682.10","25,748.90","25,579.55",37367,955831193.85,14325,9773.0,26.15
2024-01-15,ABBOTINDIA,EQ,"25,748.90","25,700.00","26,381.65","25,700.00","26,230.00","26,210.45","26,139.86",33616,878717592.6,13608,5815.0,17.3
2024-01-16,ABBOTINDIA,EQ,"26,210.45","26,220.00","26,305.90","25,601.00","25,804.90","25,806.50","25,796.29",51548,1329747007.8,9194,36394.0,70.6
2024-01-17,ABBOTINDIA,EQ,"25,806.50","25,600.00","26,139.95","25,546.15","25,750.00","25,730.70","25,896.51",15925,412401992.5,6845,5967.0,37.47
2024-01-18,ABBOTINDIA,EQ,"25,730.70","25,749.95","25,875.00","25,301.00","25,798.95","25,737.50","25,656.83",14103,361838278.65,7016,3980.0,28.22
2024-01-19,ABBOTINDIA,EQ,"25,737.50","25,736.95","25,989.90","25,690.05","25,876.80","25,867.00","25,799.73",9675,249612377.05,4575,4341.0,44.87
2024-01-20,ABBOTINDIA,EQ,"25,867.00","25,899.95","25,949.90","24,832.05","25,200.00","25,204.55","25,143.38",22332,561502062.65,8862,8296.0,37.15
2024-01-23,ABBOTINDIA,EQ,"25,204.55","25,205.05","25,780.00","25,205.05","25,530.00","25,481.40","25,583.85",15952,408113544.35,7295,5523.0,34.62
2024-01-24,ABBOTINDIA,EQ,"25,481.40","25,500.00","25,717.90","25,240.00","25,653.00","25,598.60","25,503.83",12433,317089129.6,5678,4353.0,35.01
2024-01-25,ABBOTINDIA,EQ,"25,598.60","25,598.60","25,746.40","24,868.70","25,148.65","25,060.75","25,205.47",27325,688739510.7,8890,11267.0,41.23
2024-01-29,ABBOTINDIA,EQ,"25,060.75","25,060.75","25,809.25","25,020.35","25,580.00","25,568.05","25,378.50",32932,835764684.95,15695,8909.0,27.05
2024-01-30,ABBOTINDIA,EQ,"25,568.05","25,602.00","25,773.70","25,351.05","25,370.00","25,508.65","25,614.25",13033,333830519.9,3787,6743.0,51.74
2024-01-31,ABBOTINDIA,EQ,"25,508.65","25,544.85","26,249.95","25,522.50","25,800.00","25,906.95","26,024.10",23752,618124401.85,8663,12686.0,53.41
2024-02-01,ABBOTINDIA,EQ,"25,906.95","26,175.00","26,332.35","25,701.10","25,801.10","25,887.00","25,947.12",9535,247405814.2,5008,2134.0,22.38
2024-02-02,ABBOTINDIA,EQ,"25,887.00","26,410.00","28,280.20","26,410.00","28,100.00","28,064.30","27,871.23",103081,2872994462.1,34665,17464.0,16.94
2024-02-05,ABBOTINDIA,EQ,"28,064.30","28,174.00","28,325.00","27,701.40","27,984.90","28,069.50","28,005.65",30098,842913919.55,15045,7103.0,23.6
2024-02-06,ABBOTINDIA,EQ,"28,069.50","28,069.55","28,454.60","27,881.80","28,345.00","28,319.00","28,199.81",13959,393641105.15,5817,5057.0,36.23
2024-02-07,ABBOTINDIA,EQ,"28,319.00","28,319.00","28,801.00","28,203.10","28,740.00","28,727.40","28,479.72",15152,431524700.35,6584,5070.0,33.46
2024-02-08,ABBOTINDIA,EQ,"28,727.40","28,727.40","28,847.85","28,125.05","28,278.00","28,258.30","28,327.34",16917,479213641.65,6137,7407.0,43.78
2024-02-09,ABBOTINDIA,EQ,"28,258.30","28,400.00","28,448.85","28,020.65","28,060.00","28,083.70","28,194.99",13645,384720696.75,5314,4445.0,32.58
2024-02-12,ABBOTINDIA,EQ,"28,083.70","28,083.75","28,696.65","27,831.05","28,598.75","28,477.80","28,418.73",31271,888682220.8,18013,7061.0,22.58
2024-02-13,ABBOTINDIA,EQ,"28,477.80","28,530.45","28,994.00","28,437.45","28,900.00","28,884.90","28,704.38",12964,372123546.4,5173,4721.0,36.42
2024-02-14,ABBOTINDIA,EQ,"28,884.90","28,887.95","29,465.10","28,551.60","29,290.00","29,367.55","29,067.60",12941,376163760.9,5578,3355.0,25.93
2024-02-15,ABBOTINDIA,EQ,"29,367.55","29,367.55","29,400.00","29,009.85","29,315.95","29,183.95","29,163.88",9518,277581838.9,3258,4024.0,42.28
2024-02-16,ABBOTINDIA,EQ,"29,183.95","29,184.00","29,638.95","29,183.95","29,461.70","29,538.60","29,462.27",7903,232840290.65,3120,3166.0,40.06
2024-02-19,ABBOTINDIA,EQ,"29,538.60","29,538.60","29,629.80","29,271.10","29,505.95","29,526.70","29,475.09",12349,363987825.9,7030,2681.0,21.71
2024-02-20,ABBOTINDIA,EQ,"29,526.70","29,487.80","29,519.00","29,070.00","29,249.00","29,191.05","29,274.93",7538,220674415.1,3287,2889.0,38.33
2024-02-21,ABBOTINDIA,EQ,"29,191.05","29,245.00","29,348.10","28,999.95","29,042.50","29,131.35","29,175.04",7813,227944615.75,3325,2600.0,33.28
2024-02-22,ABBOTINDIA,EQ,"29,131.35","29,131.35","29,334.60","28,712.20","28,929.00","28,855.80","28,899.72",13290,384077329.95,4934,6031.0,45.38
2024-02-23,ABBOTINDIA,EQ,"28,855.80","28,855.80","28,989.15","28,557.00","28,563.05","28,707.80","28,768.67",8697,250201083.7,3084,3948.0,45.39
2024-02-26,ABBOTINDIA,EQ,"28,707.80","28,600.00","28,815.25","27,618.10","28,480.00","28,458.60","28,303.31",48847,1382531847.0,26886,6409.0,13.12
2024-02-27,ABBOTINDIA,EQ,"28,458.60","28,480.00","28,792.00","28,480.00","28,650.75","28,670.35","28,650.87",6347,181847088.65,2804,2456.0,38.7
2024-02-28,ABBOTINDIA,EQ,"28,670.35","28,650.75","29,041.00","28,464.90","28,500.05","28,610.00","28,742.12",15458,444295616.5,5658,3798.0,24.57
2024-02-29,ABBOTINDIA,EQ,"28,610.00","28,610.00","28,699.15","28,100.00","28,650.00","28,434.20","28,375.84",15096,428361675.9,4360,6326.0,41.91
2024-03-01,ABBOTINDIA,EQ,"28,434.20","28,569.00","28,648.85","28,166.00","28,282.00","28,216.65","28,375.31",9277,263237755.65,3869,3972.0,42.82
2024-03-02,ABBOTINDIA,EQ,"28,216.65","28,280.00","28,493.15","27,830.25","28,072.00","28,181.95","28,101.04",2483,69774892.65,1339,286.0,11.52
2024-03-04,ABBOTINDIA,EQ,"28,181.95","28,172.05","28,317.65","27,507.00","27,540.00","27,606.00","27,812.73",14704,408958401.05,8311,4824.0,32.81
2024-03-05,ABBOTINDIA,EQ,"27,606.00","27,749.95","27,749.95","27,270.05","27,309.00","27,370.45","27,425.77",6108,167516619.8,3233,1910.0,31.27
2024-03-06,ABBOTINDIA,EQ,"27,370.45","27,255.00","27,519.95","27,010.00","27,321.00","27,321.50","27,267.52",9022,246007546.9,4188,3447.0,38.21
2024-03-07,ABBOTINDIA,EQ,"27,321.50","27,321.50","27,768.20","27,313.65","27,487.05","27,434.95","27,528.14",4563,125610898.1,2222,1168.0,25.6
2024-03-11,ABBOTINDIA,EQ,"27,434.95","27,699.95","27,699.95","26,861.45","27,349.95","27,229.55","27,140.88",18245,495185443.6,8194,6062.0,33.23
2024-03-12,ABBOTINDIA,EQ,"27,229.55","27,000.00","27,400.00","26,929.30","26,953.10","26,993.70","27,081.91",7102,192335691.7,3177,3307.0,46.56
2024-03-13,ABBOTINDIA,EQ,"26,993.70","27,000.00","27,527.40","26,829.00","27,400.00","27,401.95","27,246.83",12992,353990818.55,5618,3565.0,27.44
2024-03-14,ABBOTINDIA,EQ,"27,401.95","27,666.00","28,599.70","27,250.00","28,330.00","28,308.10","28,043.79",31673,888231027.85,10650,11451.0,36.15
2024-03-15,ABBOTINDIA,EQ,"28,308.10","28,308.10","28,583.50","28,071.85","28,400.00","28,404.35","28,331.29",14070,398621211.55,5403,5854.0,41.61
2024-03-18,ABBOTINDIA,EQ,"28,404.35","28,750.00","28,750.00","27,832.05","28,627.85","28,604.15","28,421.44",19878,564961326.45,11097,4096.0,20.61
2024-03-19,ABBOTINDIA,EQ,"28,604.15","28,800.00","28,800.00","28,203.40","28,203.55","28,291.50","28,352.69",9557,270966614.9,4118,4446.0,46.52
2024-03-20,ABBOTINDIA,EQ,"28,291.50","28,200.05","28,278.75","27,603.00","27,700.00","27,688.80","27,778.56",11001,305591922.95,4599,5408.0,49.16
2024-03-21,ABBOTINDIA,EQ,"27,688.80","27,900.00","27,997.45","27,501.00","27,755.00","27,673.25","27,661.56",9629,266353207.35,4261,4568.0,47.44
2024-03-22,ABBOTINDIA,EQ,"27,673.25","27,810.25","27,983.65","26,820.05","27,049.00","27,067.10","27,204.90",21967,597609974.9,8871,8196.0,37.31
2024-03-26,ABBOTINDIA,EQ,"27,067.10","27,199.00","27,199.00","26,550.65","26,900.00","26,701.05","26,784.41",14019,375490668.65,5644,6211.0,44.3
2024-03-27,ABBOTINDIA,EQ,"26,701.05","26,900.00","26,916.40","26,426.30","26,850.00","26,711.05","26,705.08",17617,470463336.4,5233,11246.0,63.84
2024-03-28,ABBOTINDIA,EQ,"26,711.05","26,858.40","27,229.90","26,715.00","27,100.00","27,120.80","27,003.11",33995,917970603.9,7976,23820.0,70.07
2024-04-01,ABBOTINDIA,EQ,"27,120.80","27,275.00","27,578.85","27,100.00","27,510.00","27,521.30","27,435.12",12958,355504306.75,6264,6019.0,46.45
2024-04-02,ABBOTINDIA,EQ,"27,521.30","27,639.00","27,700.00","27,250.00","27,290.00","27,282.90","27,429.66",8694,238473428.25,3874,4031.0,46.37
2024-04-03,ABBOTINDIA,EQ,"27,282.90","27,312.55","27,379.25","26,685.45","26,700.00","26,714.45","26,889.60",17085,459408737.55,5129,9618.0,56.29
2024-04-04,ABBOTINDIA,EQ,"26,714.45","26,799.90","26,877.80","26,428.25","26,650.00","26,606.40","26,611.03",12556,334128054.95,3859,7042.0,56.08
2024-04-05,ABBOTINDIA,EQ,"26,606.40","26,699.95","26,893.10","26,570.00","26,630.00","26,636.90","26,697.84",8001,213609418.85,3206,3407.0,42.58
2024-04-08,ABBOTINDIA,EQ,"26,636.90","26,783.80","26,832.25","26,356.60","26,362.55","26,400.40","26,506.94",15077,399645163.65,6013,8275.0,54.88
2024-04-09,ABBOTINDIA,EQ,"26,400.40","26,405.00","26,694.85","26,262.00","26,388.00","26,420.50","26,441.67",29893,790420984.1,3292,25071.0,83.87
2024-04-10,ABBOTINDIA,EQ,"26,420.50","26,421.00","27,238.90","26,421.00","26,940.05","27,021.80","26,959.24",16752,451621156.75,7690,6580.0,39.28
2024-04-12,ABBOTINDIA,EQ,"27,021.80","26,950.00","27,275.00","26,401.00","26,499.95","26,444.65","26,832.27",12842,344580065.4,6310,5187.0,40.39
2024-04-15,ABBOTINDIA,EQ,"26,444.65","26,444.65","26,499.95","26,107.55","26,260.70","26,219.75","26,277.56",22533,592112202.85,8903,12590.0,55.87
2024-04-16,ABBOTINDIA,EQ,"26,219.75","26,240.00","26,484.50","26,057.15","26,209.00","26,144.75","26,229.82",12154,318797231.9,4907,5961.0,49.05
2024-04-18,ABBOTINDIA,EQ,"26,144.75","26,224.00","26,416.70","25,986.00","26,100.00","26,065.20","26,211.28",9484,248587773.3,4758,4067.0,42.88
2024-04-19,ABBOTINDIA,EQ,"26,065.20","25,990.00","26,290.30","25,705.25","26,199.00","26,128.00","26,048.09",19821,516299205.15,9823,9065.0,45.73
2024-04-22,ABBOTINDIA,EQ,"26,128.00","26,249.90","26,578.80","26,082.80","26,299.50","26,316.00","26,301.59",12690,333767118.0,6237,5102.0,40.2
2024-04-23,ABBOTINDIA,EQ,"26,316.00","26,250.00","26,250.00","25,664.05","25,745.00","25,725.10","25,809.21",34185,882287707.8,12452,19030.0,55.67
2024-04-24,ABBOTINDIA,EQ,"25,725.10","25,849.95","25,867.85","25,355.55","25,488.00","25,452.55","25,521.19",16823,429342959.2,7332,6184.0,36.76
2024-04-25,ABBOTINDIA,EQ,"25,452.55","25,549.95","25,745.25","25,200.00","25,707.00","25,674.45","25,425.71",23811,605411467.65,7177,13619.0,57.2
2024-04-26,ABBOTINDIA,EQ,"25,674.45","25,825.40","25,991.95","25,675.05","25,925.00","25,895.00","25,854.68",7664,198150266.45,3859,2938.0,38.34
2024-04-29,ABBOTINDIA,EQ,"25,895.00","26,039.95","26,506.95","25,808.40","26,250.00","26,289.60","26,151.44",15391,402496864.5,6632,9396.0,61.05
2024-04-30,ABBOTINDIA,EQ,"26,289.60","26,369.25","26,645.25","26,148.75","26,508.75","26,446.05","26,406.41",14089,372039942.05,4974,7875.0,55.89
2024-05-02,ABBOTINDIA,EQ,"26,446.05","26,499.95","26,766.00","26,255.00","26,650.00","26,643.35","26,565.77",8210,218104956.05,4131,4181.0,50.93
2024-05-03,ABBOTINDIA,EQ,"26,643.35","26,790.30","26,849.95","26,056.15","26,140.00","26,146.60","26,395.67",15129,399340089.55,5089,8869.0,58.62
2024-05-06,ABBOTINDIA,EQ,"26,146.60","26,120.05","26,300.00","25,620.15","25,774.95","25,773.05","25,831.10",10562,272828050.75,4533,4490.0,42.51
2024-05-07,ABBOTINDIA,EQ,"25,773.05","25,937.95","25,937.95","25,408.65","25,600.00","25,734.95","25,635.79",8782,225133534.9,3581,3953.0,45.01
2024-05-08,ABBOTINDIA,EQ,"25,734.95","25,800.00","25,969.00","25,514.50","25,930.00","25,936.90","25,817.81",6455,166653976.7,2641,3354.0,51.96
2024-05-09,ABBOTINDIA,EQ,"25,936.90","26,065.00","26,099.75","25,451.15","25,647.00","25,562.40","25,670.68",10283,263971590.45,4270,4305.0,41.87
2024-05-10,ABBOTINDIA,EQ,"25,562.40","25,800.00","26,800.00","25,796.80","26,375.00","26,370.50","26,364.05",50453,1330145509.75,20025,4978.0,9.87
2024-05-13,ABBOTINDIA,EQ,"26,370.50","26,570.00","27,118.95","26,051.75","27,090.00","27,079.70","26,733.38",17401,465187604.7,8183,5482.0,31.5
2024-05-14,ABBOTINDIA,EQ,"27,079.70","27,100.00","27,216.50","26,750.00","26,770.00","26,778.40","26,959.55",8340,224842672.05,4488,2919.0,35.0
2024-05-15,ABBOTINDIA,EQ,"26,778.40","26,862.55","26,862.55","26,337.50","26,407.55","26,410.95","26,533.86",6434,170718826.45,3482,2607.0,40.52
2024-05-16,ABBOTINDIA,EQ,"26,410.95","26,600.00","26,663.90","26,180.05","26,598.75","26,542.55","26,400.70",10430,275359295.15,4468,5176.0,49.63
2024-05-17,ABBOTINDIA,EQ,"26,542.55","26,600.00","26,642.70","26,288.05","26,515.00","26,491.45","26,472.02",5257,139163395.75,2395,1986.0,37.78
2024-05-18,ABBOTINDIA,EQ,"26,491.45","26,700.00","26,748.00","26,500.00","26,748.00","26,656.90","26,639.70",1123,29916381.35,452,555.0,49.42
2024-05-21,ABBOTINDIA,EQ,"26,656.90","26,650.00","26,755.00","26,341.25","26,480.30","26,438.75","26,437.16",7268,192145297.35,2990,2966.0,40.81
2024-05-22,ABBOTINDIA,EQ,"26,438.75","26,438.75","26,465.15","26,132.00","26,200.00","26,196.20","26,283.89",8311,218445392.25,2627,4283.0,51.53
2024-05-23,ABBOTINDIA,EQ,"26,196.20","26,254.80","26,278.55","25,718.00","26,125.00","26,109.60","25,971.85",11152,289638032.15,4443,3038.0,27.24
2024-05-24,ABBOTINDIA,EQ,"26,109.60","26,161.50","26,347.20","26,000.00","26,169.55","26,192.05","26,200.26",8677,227339623.95,3725,3219.0,37.1
2024-05-27,ABBOTINDIA,EQ,"26,192.05","26,480.00","26,555.00","26,055.00","26,200.00","26,244.15","26,230.89",10065,264013869.6,4896,4951.0,49.19
2024-05-28,ABBOTINDIA,EQ,"26,244.15","26,246.70","26,323.65","25,840.10","25,902.10","25,932.50","25,993.59",6200,161160244.8,2855,2334.0,37.65
2024-05-29,ABBOTINDIA,EQ,"25,932.50","25,932.50","26,373.00","25,717.90","26,135.00","26,169.05","26,163.71",14961,391435232.2,6859,6688.0,44.7
2024-05-30,ABBOTINDIA,EQ,"26,169.05","26,200.05","26,251.00","25,802.25","25,939.90","25,991.00","25,987.16",13396,348123954.85,6666,4212.0,31.44
2024-05-31,ABBOTINDIA,EQ,"25,991.00","26,000.05","26,038.20","25,751.00","25,899.90","25,887.75","25,919.45",14492,375624598.85,7102,7525.0,51.93
2024-06-03,ABBOTINDIA,EQ,"25,887.75","26,000.00","26,300.00","25,801.35","25,875.60","25,941.65","26,028.98",16412,427187661.7,7753,6761.0,41.2
2024-06-04,ABBOTINDIA,EQ,"25,941.65","25,950.00","26,360.00","25,588.55","26,360.00","26,292.25","26,049.49",31555,821991766.8,14805,13745.0,43.56
2024-06-05,ABBOTINDIA,EQ,"26,292.25","26,360.00","27,999.90","26,297.35","27,549.95","27,473.15","27,412.52",31202,855325474.65,13831,10303.0,33.02
2024-06-06,ABBOTINDIA,EQ,"27,473.15","27,500.00","27,686.60","26,882.00","26,990.00","26,998.80","27,066.04",15980,432515339.6,7117,6745.0,42.21
2024-06-07,ABBOTINDIA,EQ,"26,998.80","27,083.65","27,615.45","27,050.00","27,402.00","27,494.80","27,413.32",21939,601420775.7,8726,11132.0,50.74
2024-06-10,ABBOTINDIA,EQ,"27,494.80","27,554.80","28,029.90","27,500.05","27,848.20","27,936.05","27,815.01",23001,639772954.25,8401,10494.0,45.62
2024-06-11,ABBOTINDIA,EQ,"27,936.05","27,936.10","28,341.00","27,797.00","27,999.80","27,979.60","28,158.93",21694,610879874.4,12995,6713.0,30.94
2024-06-12,ABBOTINDIA,EQ,"27,979.60","28,102.05","28,450.00","27,475.00","27,525.00","27,559.80","27,685.13",18728,518487165.2,7027,7002.0,37.39
2024-06-13,ABBOTINDIA,EQ,"27,559.80","27,682.90","27,712.50","27,503.55","27,643.90","27,616.70","27,610.55",5056,139598963.35,2915,1582.0,31.29
2024-06-14,ABBOTINDIA,EQ,"27,616.70","27,700.00","27,777.95","27,320.45","27,449.00","27,464.90","27,539.63",10397,286329544.35,3493,6195.0,59.58
2024-06-18,ABBOTINDIA,EQ,"27,464.90","27,350.00","27,454.75","27,115.65","27,200.00","27,198.05","27,215.46",8759,238380204.5,3514,4410.0,50.35
2024-06-19,ABBOTINDIA,EQ,"27,198.05","27,274.95","27,274.95","26,850.00","26,980.00","26,909.80","27,075.68",10863,294123061.85,5733,4475.0,41.19
2024-06-20,ABBOTINDIA,EQ,"26,909.80","26,909.75","26,950.00","26,774.50","26,948.00","26,905.35","26,852.58",6370,171050918.4,3115,3426.0,53.78
2024-06-21,ABBOTINDIA,EQ,"26,905.35","26,999.00","27,437.50","26,780.00","26,792.80","26,850.80","27,093.74",17463,473137944.45,6245,9472.0,54.24
2024-06-24,ABBOTINDIA,EQ,"26,850.80","26,750.00","26,879.95","26,601.00","26,849.90","26,834.45","26,800.57",8029,215181793.85,4145,3512.0,43.74
2024-06-25,ABBOTINDIA,EQ,"26,834.45","26,950.00","27,011.65","26,626.45","26,998.00","26,855.60","26,730.89",26356,704519328.15,7119,19285.0,73.17
2024-06-26,ABBOTINDIA,EQ,"26,855.60","26,855.65","27,775.50","26,855.65","27,639.00","27,639.55","27,466.64",27461,754261287.0,12633,10646.0,38.77
2024-06-27,ABBOTINDIA,EQ,"27,639.55","27,720.95","27,866.00","27,220.10","27,280.00","27,377.45","27,479.87",39732,1091830329.75,17975,22773.0,57.32
2024-06-28,ABBOTINDIA,EQ,"27,377.45","27,378.05","27,948.95","27,378.05","27,660.00","27,624.10","27,720.27",11850,328485188.3,6499,4973.0,41.97
2024-07-01,ABBOTINDIA,EQ,"27,624.10","27,782.10","27,782.15","27,529.55","27,619.95","27,624.85","27,638.95",6103,168680493.45,3609,2763.0,45.27
2024-07-02,ABBOTINDIA,EQ,"27,624.85","27,817.25","28,099.00","27,561.95","27,680.00","27,614.90","27,815.30",19615,545597150.25,10076,4640.0,23.66
2024-07-03,ABBOTINDIA,EQ,"27,614.90","27,700.00","27,839.35","27,479.40","27,678.00","27,598.15","27,664.02",5417,149855986.55,2814,2146.0,39.62
2024-07-04,ABBOTINDIA,EQ,"27,598.15","27,800.00","28,127.95","27,549.30","27,901.00","27,902.35","27,835.81",10482,291774980.4,5424,3488.0,33.28
2024-07-05,ABBOTINDIA,EQ,"27,902.35","27,986.90","27,997.15","27,706.05","27,897.95","27,823.45","27,834.77",8337,232058493.6,4473,4488.0,53.83
2024-07-08,ABBOTINDIA,EQ,"27,823.45","28,099.50","28,099.50","27,579.10","27,929.70","27,921.70","27,818.58",6982,194229300.8,3193,2908.0,41.65
2024-07-09,ABBOTINDIA,EQ,"27,921.70","27,860.60","28,449.90","27,860.60","28,326.55","28,336.85","28,287.75",13849,391757005.8,6595,5022.0,36.26
2024-07-10,ABBOTINDIA,EQ,"28,336.85","28,449.00","28,545.90","27,860.20","28,101.80","28,082.05","28,175.20",6942,195592210.05,4084,2355.0,33.92
2024-07-11,ABBOTINDIA,EQ,"28,082.05","28,170.20","28,199.95","27,784.95","27,801.00","27,832.20","27,922.74",5166,144248868.7,2556,2423.0,46.9
2024-07-12,ABBOTINDIA,EQ,"27,832.20","27,800.05","27,899.80","27,342.50","27,471.95","27,472.70","27,495.77",40052,1101260758.05,7761,28927.0,72.22
2024-07-15,ABBOTINDIA,EQ,"27,472.70","27,900.00","28,750.00","27,616.00","28,640.00","28,596.80","28,263.97",30368,858320258.7,12107,13350.0,43.96
2024-07-16,ABBOTINDIA,EQ,"28,596.80","28,596.80","28,775.80","28,374.70","28,552.15","28,589.10","28,594.41",12443,355800296.5,6172,4619.0,37.12
2024-07-18,ABBOTINDIA,EQ,"28,589.10","28,739.95","28,924.00","28,600.00","28,801.95","28,795.65","28,750.50",11877,341469659.65,5770,5445.0,45.84
2024-07-19,ABBOTINDIA,EQ,"28,795.65","28,356.60","28,400.00","27,221.00","27,370.00","27,404.15","27,896.72",16887,471091913.05,6682,7432.0,44.01
2024-07-22,ABBOTINDIA,EQ,"27,404.15","27,399.95","28,050.00","27,119.60","27,800.10","27,945.05","27,830.47",20873,580905338.25,11002,10773.0,51.61
2024-07-23,ABBOTINDIA,EQ,"27,945.05","27,304.50","28,050.00","27,126.35","27,666.05","27,728.80","27,728.27",8840,245117892.25,4883,2496.0,28.24
2024-07-24,ABBOTINDIA,EQ,"27,728.80","27,800.00","27,890.90","27,554.00","27,724.00","27,701.10","27,659.24",6345,175497898.15,3032,2605.0,41.06
2024-07-25,ABBOTINDIA,EQ,"27,701.10","27,701.10","28,199.90","27,428.40","28,198.00","28,012.50","27,806.48",7455,207297283.9,3608,2402.0,32.22
2024-07-26,ABBOTINDIA,EQ,"28,012.50","28,352.30","28,949.65","28,110.10","28,550.05","28,584.60","28,656.54",16474,472087807.3,7341,5213.0,31.64
2024-07-29,ABBOTINDIA,EQ,"28,584.60","28,649.95","28,698.80","27,830.00","28,100.00","28,073.05","28,111.46",11317,318137357.0,5758,3987.0,35.23
2024-07-30,ABBOTINDIA,EQ,"28,073.05","28,148.95","28,300.00","27,936.20","28,149.65","28,169.55","28,223.42",17382,490579554.95,3451,12847.0,73.91
2024-07-31,ABBOTINDIA,EQ,"28,169.55","28,253.80","28,781.90","28,212.00","28,400.00","28,385.10","28,545.58",14155,404062684.95,3969,7943.0,56.11
2024-08-01,ABBOTINDIA,EQ,"28,385.10","28,400.00","28,618.80","28,283.70","28,339.85","28,387.40","28,455.59",4779,135989274.1,2702,1219.0,25.51
2024-08-02,ABBOTINDIA,EQ,"28,387.40","28,387.00","28,702.95","27,940.00","28,244.30","28,227.70","28,430.86",7719,219457779.5,4210,1912.0,24.77
2024-08-05,ABBOTINDIA,EQ,"28,227.70","27,950.05","28,534.05","27,800.00","27,975.00","27,993.80","28,054.44",12017,337130147.9,6139,3848.0,32.02
2024-08-06,ABBOTINDIA,EQ,"27,993.80","28,000.00","28,551.00","27,699.00","27,817.00","27,809.75","28,214.24",9090,256467475.35,5577,2450.0,26.95
2024-08-07,ABBOTINDIA,EQ,"27,809.75","28,044.40","28,449.00","27,939.80","28,000.00","28,136.85","28,213.39",16507,465718469.6,5484,8891.0,53.86
2024-08-08,ABBOTINDIA,EQ,"28,136.85","28,300.00","29,501.00","27,104.10","27,300.00","27,219.70","28,305.77",84434,2389969361.1,28167,19179.0,22.71
2024-08-09,ABBOTINDIA,EQ,"27,219.70","27,300.00","27,738.15","27,132.05","27,214.15","27,228.90","27,419.17",26269,720274246.45,9821,6065.0,23.09
2024-08-12,ABBOTINDIA,EQ,"27,228.90","27,150.00","27,327.95","26,770.00","27,050.00","26,980.65","26,962.19",21053,567635043.05,7226,9630.0,45.74
2024-08-13,ABBOTINDIA,EQ,"26,980.65","27,050.00","27,444.20","26,918.85","27,309.05","27,309.85","27,266.16",17460,476067093.75,9213,7630.0,43.7
2024-08-14,ABBOTINDIA,EQ,"27,309.85","27,385.95","27,444.00","26,970.00","27,000.00","27,053.95","27,166.09",8129,220833153.05,4345,2779.0,34.19
2024-08-16,ABBOTINDIA,EQ,"27,053.95","27,203.75","28,014.80","27,110.50","27,866.25","27,929.90","27,688.26",22838,632344527.25,7520,9629.0,42.16
2024-08-19,ABBOTINDIA,EQ,"27,929.90","27,949.95","28,269.95","27,644.00","28,027.00","28,098.60","28,017.37",12331,345482241.6,5804,4956.0,40.19
2024-08-20,ABBOTINDIA,EQ,"28,098.60","28,250.00","28,250.00","27,659.15","27,800.00","27,818.40","27,834.18",7954,221393031.8,3927,2552.0,32.08
2024-08-21,ABBOTINDIA,EQ,"27,818.40","27,981.60","28,666.15","27,706.95","28,649.00","28,525.40","28,297.74",16987,480693635.8,5473,6499.0,38.26
2024-08-22,ABBOTINDIA,EQ,"28,525.40","28,525.40","29,947.25","28,501.90","29,171.00","29,156.60","29,308.09",60209,1764611056.6,21325,11009.0,18.28
2024-08-23,ABBOTINDIA,EQ,"29,156.60","29,156.60","29,287.30","28,650.00","28,850.40","29,065.85","28,957.01",26875,778219656.3,10038,12267.0,45.64
2024-08-26,ABBOTINDIA,EQ,"29,065.85","29,000.00","29,075.00","28,632.55","28,968.00","29,013.15","28,839.10",11584,334072106.05,5821,3606.0,31.13
2024-08-27,ABBOTINDIA,EQ,"29,013.15","28,900.00","29,801.10","28,900.00","29,682.55","29,737.50","29,346.89",27846,817193377.05,10492,11430.0,41.05
2024-08-28,ABBOTINDIA,EQ,"29,737.50","29,735.00","30,145.50","29,630.00","30,099.00","29,955.25","29,939.77",33538,1004119840.2,14071,9839.0,29.34
2024-08-29,ABBOTINDIA,EQ,"29,955.25","29,955.00","30,151.10","29,817.95","29,900.00","29,983.70","30,008.47",16866,506122903.0,7911,4980.0,29.53
2024-08-30,ABBOTINDIA,EQ,"29,983.70","30,000.00","30,521.00","29,902.00","30,152.00","30,195.85","30,285.81",18487,559893711.1,7319,7919.0,42.84
2024-09-02,ABBOTINDIA,EQ,"30,195.85","30,300.00","30,325.00","29,700.60","29,990.00","29,979.00","29,942.86",12025,360062855.7,5139,4718.0,39.23
2024-09-03,ABBOTINDIA,EQ,"29,979.00","30,151.15","30,380.90","29,651.00","29,700.00","29,690.45","29,974.87",10509,315005915.8,4249,3068.0,29.19
2024-09-04,ABBOTINDIA,EQ,"29,690.45","29,690.45","29,833.95","29,536.65","29,833.00","29,735.45","29,716.19",5342,158743882.95,2397,2109.0,39.48
2024-09-05,ABBOTINDIA,EQ,"29,735.45","29,939.00","30,000.00","29,616.65","29,625.20","29,664.10","29,826.88",4071,121425238.0,2202,1257.0,30.88
2024-09-06,ABBOTINDIA,EQ,"29,664.10","29,725.00","30,000.00","29,594.75","29,692.85","29,895.75","29,890.34",8864,264947945.5,3725,3338.0,37.66
2024-09-09,ABBOTINDIA,EQ,"29,895.75","29,895.75","30,000.00","29,600.10","29,927.60","29,899.20","29,845.23",6438,192143610.3,3430,1791.0,27.82
2024-09-10,ABBOTINDIA,EQ,"29,899.20","30,267.20","30,267.20","29,702.15","29,780.00","29,798.10","29,889.24",19074,570107342.8,6160,10162.0,53.28
2024-09-11,ABBOTINDIA,EQ,"29,798.10","29,798.10","30,071.90","29,453.40","29,530.00","29,532.80","29,815.23",9495,283095599.95,4496,2094.0,22.05
2024-09-12,ABBOTINDIA,EQ,"29,532.80","29,703.25","29,877.85","29,389.55","29,727.65","29,690.65","29,622.40",13721,406448978.65,7386,3234.0,23.57
2024-09-13,ABBOTINDIA,EQ,"29,690.65","29,690.65","29,811.20","29,507.00","29,559.00","29,559.00","29,620.05",4204,124522685.95,2510,1038.0,24.69
2024-09-16,ABBOTINDIA,EQ,"29,559.00","29,721.00","29,770.10","29,096.05","29,112.10","29,141.85","29,301.37",6235,182694027.25,2998,1794.0,28.77
2024-09-17,ABBOTINDIA,EQ,"29,141.85","29,141.85","29,390.00","28,814.80","28,919.00","28,860.75","29,053.65",6373,185158897.55,3642,1797.0,28.2
2024-09-18,ABBOTINDIA,EQ,"28,860.75","28,999.95","28,999.95","27,502.75","27,858.95","27,783.05","27,912.61",34796,971247011.75,13586,9814.0,28.2
2024-09-19,ABBOTINDIA,EQ,"27,783.05","28,050.00","28,174.00","27,582.55","27,996.00","27,971.60","27,760.42",34887,968477921.5,6354,24722.0,70.86
2024-09-20,ABBOTINDIA,EQ,"27,971.60","28,200.00","28,247.55","27,760.00","28,210.00","28,207.90","28,050.38",10431,292593479.4,4818,4356.0,41.76
2024-09-23,ABBOTINDIA,EQ,"28,207.90","28,364.05","28,479.00","28,225.40","28,359.95","28,332.65","28,362.48",8269,234529360.8,4639,3228.0,39.04
2024-09-24,ABBOTINDIA,EQ,"28,332.65","28,400.00","28,519.95","28,125.10","28,274.00","28,255.70","28,293.39",7831,221565569.5,4077,2857.0,36.48
2024-09-25,ABBOTINDIA,EQ,"28,255.70","28,274.00","28,686.35","28,157.80","28,610.00","28,616.55","28,500.23",14877,423997899.35,6010,8779.0,59.01
2024-09-26,ABBOTINDIA,EQ,"28,616.55","28,800.00","29,299.00","28,616.55","29,101.55","29,184.70","29,009.51",20455,593389548.0,8714,7844.0,38.35
2024-09-27,ABBOTINDIA,EQ,"29,184.70","29,184.70","29,499.95","29,092.70","29,265.40","29,271.65","29,302.51",8957,262462537.4,4165,3739.0,41.74
2024-09-30,ABBOTINDIA,EQ,"29,271.65","29,450.00","29,486.40","29,081.65","29,097.40","29,165.50","29,251.06",5980,174921348.25,2859,2070.0,34.62
2024-10-01,ABBOTINDIA,EQ,"29,165.50","29,050.00","29,256.65","28,884.25","29,060.00","29,016.15","29,070.87",5340,155238432.2,3356,1739.0,32.57
2024-10-03,ABBOTINDIA,EQ,"29,016.15","28,950.00","29,060.00","28,230.00","28,230.00","28,267.05","28,521.80",9326,265994300.15,5740,3899.0,41.81
2024-10-04,ABBOTINDIA,EQ,"28,267.05","28,260.00","28,586.90","27,970.10","28,150.00","28,104.55","28,213.97",10751,303328377.25,5388,5042.0,46.9
2024-10-07,ABBOTINDIA,EQ,"28,104.55","28,105.00","28,266.40","27,800.00","28,086.00","28,034.75","27,972.25",8513,238127743.2,5198,3866.0,45.41
2024-10-08,ABBOTINDIA,EQ,"28,034.75","28,034.75","28,639.75","27,958.75","28,600.10","28,551.25","28,444.13",13879,394776055.75,7839,5730.0,41.29
2024-10-09,ABBOTINDIA,EQ,"28,551.25","28,944.00","28,944.00","28,545.05","28,740.00","28,640.85","28,698.49",7937,227779948.05,4508,3424.0,43.14
2024-10-10,ABBOTINDIA,EQ,"28,640.85","28,691.00","28,800.00","28,340.00","28,346.35","28,392.40","28,522.82",6927,197577565.15,3863,2455.0,35.44
2024-10-11,ABBOTINDIA,EQ,"28,392.40","28,392.40","28,943.95","28,340.60","28,889.00","28,808.25","28,752.59",7136,205178481.8,3082,1897.0,26.58
2024-10-14,ABBOTINDIA,EQ,"28,808.25","28,810.30","29,149.90","28,645.10","28,761.10","28,832.10","28,907.88",12958,374588353.95,4191,6801.0,52.48
2024-10-15,ABBOTINDIA,EQ,"28,832.10","28,991.35","29,300.00","28,876.35","29,098.25","29,020.40","29,034.70",9594,278558893.75,3515,4847.0,50.52
2024-10-16,ABBOTINDIA,EQ,"29,020.40","29,180.80","29,356.85","28,773.80","29,000.00","28,946.60","29,001.92",14556,422151953.6,7168,7087.0,48.69
2024-10-17,ABBOTINDIA,EQ,"28,946.60","28,903.60","28,928.00","28,261.10","28,448.00","28,371.70","28,490.39",12015,342312091.1,5175,5550.0,46.19
2024-10-18,ABBOTINDIA,EQ,"28,371.70","28,347.95","29,300.00","28,290.00","29,049.90","29,209.55","28,976.47",17456,505813250.2,7616,6188.0,35.45
2024-10-21,ABBOTINDIA,EQ,"29,209.55","29,250.00","29,525.00","29,014.10","29,220.00","29,174.60","29,297.90",7010,205378291.35,3889,2063.0,29.43
2024-10-22,ABBOTINDIA,EQ,"29,174.60","29,220.00","29,378.10","28,945.05","29,006.20","29,028.10","29,210.51",8645,252524881.15,3216,4261.0,49.29
2024-10-23,ABBOTINDIA,EQ,"29,028.10","29,000.00","29,230.00","28,411.70","28,517.95","28,455.15","28,981.97",9208,266866008.55,3731,4397.0,47.75
2024-10-24,ABBOTINDIA,EQ,"28,455.15","28,647.90","28,839.35","28,350.00","28,724.95","28,625.85","28,596.80",11040,315708707.9,6195,4850.0,43.93
2024-10-25,ABBOTINDIA,EQ,"28,625.85","28,724.00","28,848.00","28,405.30","28,433.55","28,509.10","28,552.80",6710,191589309.6,3414,2761.0,41.15
2024-10-28,ABBOTINDIA,EQ,"28,509.10","28,000.00","28,747.95","28,000.00","28,380.05","28,433.45","28,418.39",8829,250905988.55,4676,1931.0,21.87
2024-10-29,ABBOTINDIA,EQ,"28,433.45","28,400.00","28,533.90","27,423.40","28,342.00","28,473.05","27,986.35",9711,271775415.6,5546,2144.0,22.08
2024-10-30,ABBOTINDIA,EQ,"28,473.05","28,400.00","28,679.95","28,224.05","28,439.95","28,406.90","28,484.94",3118,88816054.15,2047,809.0,25.95
2024-10-31,ABBOTINDIA,EQ,"28,406.90","28,406.95","29,215.40","28,259.65","29,190.95","28,978.70","28,716.42",7230,207619706.4,3429,2066.0,28.58
2024-11-01,ABBOTINDIA,EQ,"28,978.70","29,119.95","29,500.00","29,119.00","29,245.00","29,295.50","29,318.91",1260,36941824.3,633,517.0,41.03
2024-11-04,ABBOTINDIA,EQ,"29,295.50","29,150.00","29,680.00","29,123.25","29,620.00","29,460.45","29,387.11",23566,692536739.55,8074,11970.0,50.79
2024-11-05,ABBOTINDIA,EQ,"29,460.45","29,460.45","29,809.20","29,040.75","29,296.85","29,329.20","29,318.51",9203,269818243.6,4516,2730.0,29.66
2024-11-06,ABBOTINDIA,EQ,"29,329.20","29,329.20","29,445.65","28,625.05","29,091.00","29,145.05","29,126.30",10798,314505769.8,5908,2466.0,22.84
2024-11-07,ABBOTINDIA,EQ,"29,145.05","29,185.20","29,500.00","28,020.00","28,180.00","28,314.00","28,591.28",31203,892133804.25,14560,8258.0,26.47
2024-11-08,ABBOTINDIA,EQ,"28,314.00","28,314.00","28,909.00","28,044.50","28,500.05","28,553.05","28,623.93",15470,442812183.35,8583,4844.0,31.31
2024-11-11,ABBOTINDIA,EQ,"28,553.05","28,600.00","28,807.95","28,356.05","28,731.00","28,724.30","28,676.68",7021,201339002.75,2792,3984.0,56.74
2024-11-12,ABBOTINDIA,EQ,"28,724.30","28,799.00","29,119.00","28,501.00","28,511.55","28,597.85","28,883.27",5663,163565977.65,2690,1548.0,27.34
2024-11-13,ABBOTINDIA,EQ,"28,597.85","28,505.00","28,593.50","27,550.00","27,751.25","27,629.80","27,897.75",7236,201868154.4,3613,2617.0,36.17
2024-11-14,ABBOTINDIA,EQ,"27,629.80","27,750.00","27,903.95","27,200.05","27,454.50","27,351.20","27,531.90",7905,217639679.1,3524,3511.0,44.41
2024-11-18,ABBOTINDIA,EQ,"27,351.20","27,445.10","27,475.00","27,051.00","27,250.00","27,187.40","27,274.46",4672,127426295.0,2745,1544.0,33.05
2024-11-19,ABBOTINDIA,EQ,"27,187.40","27,337.70","27,506.85","27,111.00","27,150.00","27,224.35","27,330.49",10942,299050261.3,4200,5242.0,47.91
2024-11-21,ABBOTINDIA,EQ,"27,224.35","27,266.00","27,297.00","26,912.10","27,120.00","27,114.70","27,066.01",7808,211331400.5,3542,2671.0,34.21
2024-11-22,ABBOTINDIA,EQ,"27,114.70","27,150.00","27,765.90","27,114.70","27,765.00","27,718.50","27,516.30",6113,168207127.9,3288,1843.0,30.15
2024-11-25,ABBOTINDIA,EQ,"27,718.50","27,899.00","27,978.70","27,640.00","27,800.00","27,758.20","27,782.88",4573,127051114.6,2337,1391.0,30.42
2024-11-26,ABBOTINDIA,EQ,"27,758.20","27,792.00","27,861.65","27,356.05","27,564.00","27,503.75","27,547.80",5644,155479755.3,3164,1829.0,32.41
2024-11-27,ABBOTINDIA,EQ,"27,503.75","27,503.75","27,653.15","27,170.00","27,561.35","27,496.20","27,424.49",8046,220657481.35,3677,3874.0,48.15
2024-11-28,ABBOTINDIA,EQ,"27,496.20","27,604.05","27,663.05","27,248.05","27,360.00","27,378.30","27,459.26",13006,357135194.7,4460,6674.0,51.31
2024-11-29,ABBOTINDIA,EQ,"27,378.30","27,378.30","27,926.30","27,378.30","27,803.00","27,723.40","27,664.82",11597,320828919.2,5404,4993.0,43.05
2024-12-02,ABBOTINDIA,EQ,"27,723.40","27,800.00","28,193.85","27,800.00","28,083.60","28,053.10","28,011.68",7460,208967149.4,3438,3678.0,49.3
2024-12-03,ABBOTINDIA,EQ,"28,053.10","28,098.80","28,495.10","27,970.00","28,455.90","28,441.05","28,332.57",13979,396061056.75,4607,8892.0,63.61
2024-12-04,ABBOTINDIA,EQ,"28,441.05","28,572.00","28,950.00","28,357.00","28,810.00","28,850.00","28,721.16",5870,168593238.3,3355,1972.0,33.59
2024-12-05,ABBOTINDIA,EQ,"28,850.00","28,709.00","29,150.10","28,505.05","29,049.00","29,040.00","28,902.44",12269,354604061.15,5599,4397.0,35.84
2024-12-06,ABBOTINDIA,EQ,"29,040.00","29,135.00","29,299.40","29,000.00","29,097.00","29,035.25","29,145.16",5016,146192139.4,2505,1920.0,38.28
2024-12-09,ABBOTINDIA,EQ,"29,035.25","29,035.25","29,300.00","28,888.05","29,148.00","29,111.30","29,102.56",3243,94379603.7,1855,1127.0,34.75
2024-12-10,ABBOTINDIA,EQ,"29,111.30","29,111.30","29,251.00","28,944.05","29,000.00","28,994.25","29,102.45",4616,134336904.0,2287,2158.0,46.75
2024-12-11,ABBOTINDIA,EQ,"28,994.25","29,199.95","29,296.65","28,804.25","28,910.00","28,872.30","29,008.89",3263,94656010.3,2049,951.0,29.14
2024-12-12,ABBOTINDIA,EQ,"28,872.30","28,865.00","28,951.25","28,573.75","28,760.00","28,748.30","28,734.98",3076,88388808.7,1446,1107.0,35.99
2024-12-13,ABBOTINDIA,EQ,"28,748.30","28,505.00","28,911.95","28,341.25","28,635.05","28,648.75","28,568.61",7850,224263616.35,3589,3804.0,48.46
2024-12-16,ABBOTINDIA,EQ,"28,648.75","28,790.00","28,790.00","28,190.10","28,287.00","28,251.25","28,376.85",5693,161549424.1,2283,2236.0,39.28
2024-12-17,ABBOTINDIA,EQ,"28,251.25","28,250.00","28,368.50","27,950.00","27,998.00","27,995.45","28,170.59",11470,323116683.75,2956,7085.0,61.77
2024-12-18,ABBOTINDIA,EQ,"27,995.45","27,900.00","28,490.00","27,893.75","28,107.40","28,109.60","28,240.80",5681,160435984.8,3023,1145.0,20.15
2024-12-19,ABBOTINDIA,EQ,"28,109.60","28,088.00","29,243.95","27,940.05","29,049.95","29,053.85","28,858.14",20491,591332231.35,8744,6318.0,30.83
2024-12-20,ABBOTINDIA,EQ,"29,053.85","28,927.00","29,218.60","28,501.00","28,611.05","28,655.35","28,856.52",14576,420612587.55,7785,6485.0,44.49
2024-12-23,ABBOTINDIA,EQ,"28,655.35","28,603.00","28,864.30","28,362.10","28,581.00","28,559.15","28,642.01",7166,205248635.85,5020,2702.0,37.71
2024-12-24,ABBOTINDIA,EQ,"28,559.15","28,581.00","28,647.90","28,096.00","28,516.15","28,513.30","28,467.28",5768,164199279.65,2680,2193.0,38.02
2024-12-26,ABBOTINDIA,EQ,"28,513.30","28,516.00","28,855.85","28,201.25","28,750.00","28,597.00","28,575.52",13901,397228250.3,5764,7358.0,52.93
2024-12-27,ABBOTINDIA,EQ,"28,597.00","28,690.00","29,658.85","28,590.00","29,350.00","29,263.50","29,324.98",31508,923971466.1,12197,13970.0,44.34
2024-12-30,ABBOTINDIA,EQ,"29,263.50","29,150.00","30,035.15","29,148.00","29,625.00","29,803.25","29,821.71",25920,772978637.35,12513,8842.0,34.11
2024-12-31,ABBOTINDIA,EQ,"29,803.25","29,803.25","30,089.85","29,656.85","29,720.00","29,741.00","29,851.94",10979,327744396.55,5969,3879.0,35.33
2025-01-01,ABBOTINDIA,EQ,"29,741.00","29,830.20","30,080.00","29,610.05","30,000.00","30,020.05","29,872.42",5346,159697955.0,2799,1639.0,30.66
2025-01-02,ABBOTINDIA,EQ,"30,020.05","30,020.00","30,186.05","29,770.00","29,883.45","29,957.25","29,968.39",6136,183886050.35,3543,1994.0,32.5
2025-01-03,ABBOTINDIA,EQ,"29,957.25","30,049.00","30,122.35","29,352.10","29,462.00","29,490.20","29,602.38",6842,202539455.95,4181,2450.0,35.81
2025-01-06,ABBOTINDIA,EQ,"29,490.20","29,390.20","29,989.95","29,311.80","29,970.60","29,950.60","29,747.45",12181,362353646.7,5946,4609.0,37.84
2025-01-07,ABBOTINDIA,EQ,"29,950.60","30,000.00","30,668.00","29,905.05","30,000.00","29,959.65","30,218.59",19691,595034332.45,9563,8101.0,41.14
2025-01-08,ABBOTINDIA,EQ,"29,959.65","30,001.05","30,200.00","29,461.50","29,500.00","29,608.25","29,805.45",9626,286907263.4,5247,3729.0,38.74
2025-01-09,ABBOTINDIA,EQ,"29,608.25","29,500.00","29,930.00","29,449.95","29,700.00","29,753.85","29,743.09",7682,228486450.1,4016,2641.0,34.38
2025-01-10,ABBOTINDIA,EQ,"29,753.85","29,748.00","29,821.95","28,720.20","28,849.10","28,772.80","29,139.32",7476,217845578.2,3456,3029.0,40.52
2025-01-13,ABBOTINDIA,EQ,"28,772.80","28,613.00","28,656.25","28,242.10","28,450.20","28,555.80","28,468.19",8154,232129657.55,3736,3290.0,40.35
2025-01-14,ABBOTINDIA,EQ,"28,555.80","28,555.80","28,700.10","28,170.75","28,370.00","28,235.55","28,347.53",10667,302383107.85,4017,4160.0,39.0
2025-01-15,ABBOTINDIA,EQ,"28,235.55","28,370.00","28,464.05","27,700.00","27,745.00","27,745.70","27,923.15",11977,334435615.65,3901,5415.0,45.21
2025-01-16,ABBOTINDIA,EQ,"27,745.70","27,745.70","27,950.00","27,102.45","27,288.65","27,298.10","27,385.82",12359,338461288.9,5103,5327.0,43.1
2025-01-17,ABBOTINDIA,EQ,"27,298.10","27,440.00","28,103.90","27,298.10","27,965.75","27,929.70","27,824.29",15194,422762196.9,5466,5572.0,36.67
2025-01-20,ABBOTINDIA,EQ,"27,929.70","27,929.70","28,113.00","27,421.10","27,648.60","27,682.10","27,621.56",8618,238042632.0,3316,3327.0,38.61
2025-01-21,ABBOTINDIA,EQ,"27,682.10","27,750.00","28,140.10","27,593.15","27,630.00","27,631.40","27,852.51",9128,254237697.85,3426,3902.0,42.75
2025-01-22,ABBOTINDIA,EQ,"27,631.40","27,670.00","27,850.00","27,424.05","27,804.95","27,774.45","27,688.26",6685,185096027.65,3880,2862.0,42.81
2025-01-23,ABBOTINDIA,EQ,"27,774.45","27,800.00","27,913.95","27,526.60","27,845.30","27,849.80","27,773.57",4584,127314036.75,2625,1241.0,27.07
2025-01-24,ABBOTINDIA,EQ,"27,849.80","27,911.00","27,959.85","27,222.00","27,330.15","27,282.35","27,471.39",5536,152081589.2,2886,1851.0,33.44
2025-01-27,ABBOTINDIA,EQ,"27,282.35","27,051.10","27,357.50","26,473.00","26,500.00","26,518.15","26,745.08",9110,243647715.8,4266,3936.0,43.21
2025-01-28,ABBOTINDIA,EQ,"26,518.15","26,518.10","26,629.10","25,470.20","25,699.30","25,698.05","25,820.25",20087,518651408.3,8750,7782.0,38.74
2025-01-29,ABBOTINDIA,EQ,"25,698.05","25,355.00","25,878.00","25,325.00","25,564.00","25,501.85","25,583.86",27004,690866451.3,9908,15026.0,55.64
2025-01-30,ABBOTINDIA,EQ,"25,501.85","25,654.65","26,200.00","25,554.65","26,150.00","26,129.40","25,985.41",7557,196371739.9,3654,2238.0,29.61
2025-01-31,ABBOTINDIA,EQ,"26,129.40","25,937.50","26,342.95","25,937.50","26,199.65","26,173.30","26,138.69",6906,180513772.75,3633,2510.0,36.35
2025-02-01,ABBOTINDIA,EQ,"26,173.30","26,249.95","26,324.95","25,743.00","25,887.95","25,892.10","25,968.30",19350,502486530.95,2783,14387.0,74.35
2025-02-03,ABBOTINDIA,EQ,"25,892.10","25,892.10","26,051.95","25,760.05","25,958.00","25,977.60","25,927.37",8122,210582108.3,4012,2953.0,36.36
2025-02-04,ABBOTINDIA,EQ,"25,977.60","25,999.90","26,298.90","25,952.05","26,111.45","26,123.30","26,137.29",9729,254289654.3,6041,3446.0,35.42
2025-02-05,ABBOTINDIA,EQ,"26,123.30","26,300.00","27,915.00","26,026.05","27,800.00","27,802.10","27,182.47",48840,1327592026.4,19508,11274.0,23.08
2025-02-06,ABBOTINDIA,EQ,"27,802.10","27,998.80","29,439.95","27,926.95","29,117.00","29,081.10","29,115.57",93624,2725915711.35,28374,9272.0,9.9
2025-02-07,ABBOTINDIA,EQ,"29,081.10","28,980.00","29,861.90","28,979.95","29,810.00","29,799.60","29,558.06",32928,973287888.7,12082,6735.0,20.45
2025-02-10,ABBOTINDIA,EQ,"29,799.60","29,106.00","29,850.00","29,106.00","29,585.00","29,683.40","29,574.53",11735,347057147.7,5235,3227.0,27.5
2025-02-11,ABBOTINDIA,EQ,"29,683.40","29,683.40","29,700.00","29,019.05","29,117.20","29,128.90","29,267.61",8385,245408934.1,4195,2450.0,29.22
2025-02-12,ABBOTINDIA,EQ,"29,128.90","28,990.00","29,300.95","28,251.00","28,755.65","28,780.00","28,725.03",12096,347457992.3,5982,2327.0,19.24
2025-02-13,ABBOTINDIA,EQ,"28,780.00","28,500.05","29,338.70","28,272.35","28,373.70","28,359.05","28,725.75",8028,230610359.2,4355,1477.0,18.4
2025-02-14,ABBOTINDIA,EQ,"28,359.05","28,500.80","28,652.70","27,580.85","27,825.95","27,839.75","27,847.61",15905,442916255.95,6470,5285.0,33.23
2025-02-17,ABBOTINDIA,EQ,"27,839.75","27,921.85","28,649.95","27,549.90","28,623.85","28,569.50","28,187.87",13719,386709395.85,6443,3446.0,25.12
2025-02-18,ABBOTINDIA,EQ,"28,569.50","28,300.00","29,484.10","28,300.00","29,121.00","29,325.50","29,046.80",24856,721987353.7,10816,11760.0,47.31
2025-02-19,ABBOTINDIA,EQ,"29,325.50","28,660.00","29,823.95","28,649.20","29,700.00","29,721.15","29,484.75",21240,626255985.55,7705,10312.0,48.55
2025-02-20,ABBOTINDIA,EQ,"29,721.15","29,500.00","29,806.65","29,333.95","29,450.00","29,429.65","29,546.01",5736,169475906.45,2927,1150.0,20.05
2025-02-21,ABBOTINDIA,EQ,"29,429.65","29,429.65","29,576.75","28,725.00","29,000.00","28,941.95","28,929.60",18419,532854211.9,7105,9678.0,52.54
2025-02-24,ABBOTINDIA,EQ,"28,941.95","28,750.00","29,850.00","28,538.50","29,800.00","29,813.50","29,383.80",35520,1043712713.3,14026,15824.0,44.55
2025-02-25,ABBOTINDIA,EQ,"29,813.50","29,500.05","30,571.15","29,500.05","29,942.05","30,195.50","30,343.82",43438,1318074767.35,16969,17027.0,39.2
2025-02-27,ABBOTINDIA,EQ,"30,195.50","30,000.00","30,444.00","29,400.00","30,095.00","29,963.75","29,896.11",33985,1016019226.7,14082,15024.0,44.21
2025-02-28,ABBOTINDIA,EQ,"29,963.75","29,600.00","30,650.00","29,115.00","30,588.00","30,395.65","29,944.50",17580,526424328.6,7480,7928.0,45.1
2025-03-03,ABBOTINDIA,EQ,"30,395.65","30,610.20","31,567.00","29,726.25","31,325.00","31,183.55","30,764.56",30976,952962948.55,10806,13367.0,43.15
2025-03-04,ABBOTINDIA,EQ,"31,183.55","31,351.00","31,750.00","30,572.60","31,076.85","31,539.90","31,405.48",25847,811737535.0,10083,10218.0,39.53
2025-03-05,ABBOTINDIA,EQ,"31,539.90","31,539.90","31,898.95","30,854.45","31,311.00","31,448.10","31,507.69",20717,652744769.45,8044,7606.0,36.71
2025-03-06,ABBOTINDIA,EQ,"31,448.10","31,500.00","31,573.25","30,659.30","31,200.00","30,983.15","31,191.72",15991,498786835.65,6553,7013.0,43.86
2025-03-07,ABBOTINDIA,EQ,"30,983.15","30,990.00","31,597.80","30,630.65","30,651.95","30,768.30","31,229.83",12123,378599176.6,6264,4439.0,36.62
2025-03-10,ABBOTINDIA,EQ,"30,768.30","30,768.30","31,099.95","30,125.00","30,556.00","30,629.60","30,635.61",11926,365360293.75,7836,3415.0,28.63
2025-03-11,ABBOTINDIA,EQ,"30,629.60","30,620.10","31,103.80","30,394.30","30,500.00","30,496.50","30,674.32",9378,287663757.8,5463,2422.0,25.83
2025-03-12,ABBOTINDIA,EQ,"30,496.50","30,520.00","30,679.95","29,555.55","29,778.95","29,795.85","29,986.99",11266,337833376.05,5286,4100.0,36.39
2025-03-13,ABBOTINDIA,EQ,"29,795.85","29,800.00","30,112.80","29,556.55","29,570.00","29,597.00","29,831.21",5268,157150804.0,3022,1191.0,22.61
2025-03-17,ABBOTINDIA,EQ,"29,597.00","29,699.90","30,295.00","29,566.55","30,220.00","30,176.25","29,932.68",5725,171364565.1,2919,1990.0,34.76
2025-03-18,ABBOTINDIA,EQ,"30,176.25","30,350.00","30,377.00","29,264.10","29,800.00","29,731.70","29,767.68",14248,424129836.4,7349,4186.0,29.38
2025-03-19,ABBOTINDIA,EQ,"29,731.70","30,000.00","30,541.35","29,712.10","30,290.00","30,348.90","30,258.63",12242,370426183.95,5639,4015.0,32.8
2025-03-20,ABBOTINDIA,EQ,"30,348.90","30,348.90","30,739.85","30,050.00","30,189.20","30,179.35","30,366.77",7787,236466059.5,4051,1960.0,25.17
2025-03-21,ABBOTINDIA,EQ,"30,179.35","30,290.00","30,499.00","30,046.55","30,100.00","30,292.10","30,305.38",7752,234927270.85,4329,3403.0,43.9
2025-03-24,ABBOTINDIA,EQ,"30,292.10","30,300.05","31,183.75","30,250.00","31,163.00","31,072.30","30,831.67",9503,292993382.4,4554,3090.0,32.52
2025-03-25,ABBOTINDIA,EQ,"31,072.30","31,075.00","31,370.00","30,720.00","31,150.00","31,101.85","31,119.99",7172,223192564.5,4260,2534.0,35.33
2025-03-26,ABBOTINDIA,EQ,"31,101.85","31,100.00","31,250.00","30,500.00","30,600.00","30,591.50","30,811.38",8589,264638920.1,4451,3694.0,43.01
2025-03-27,ABBOTINDIA,EQ,"30,591.50","30,300.15","30,810.00","30,200.40","30,498.25","30,569.15","30,585.19",10564,323101979.8,6408,4811.0,45.54
2025-03-28,ABBOTINDIA,EQ,"30,569.15","30,570.00","30,800.00","30,420.10","30,650.00","30,720.55","30,695.09",5774,177233459.9,2945,2440.0,42.26
2025-04-01,ABBOTINDIA,EQ,"30,720.55","30,720.55","31,107.55","30,240.95","30,241.05","30,318.00","30,660.46",6596,202236386.4,3443,1987.0,30.12
2025-04-02,ABBOTINDIA,EQ,"30,318.00","30,305.20","30,318.00","29,401.00","29,500.00","29,540.90","29,766.77",8629,256857425.1,3542,3784.0,43.85
2025-04-03,ABBOTINDIA,EQ,"29,540.90","29,800.00","30,398.00","29,740.00","29,856.00","29,909.30","30,041.69",10987,330068038.2,4873,3769.0,34.3
2025-04-04,ABBOTINDIA,EQ,"29,909.30","29,909.30","30,090.55","28,829.15","29,000.00","29,077.40","29,318.41",9166,268732503.4,3988,3509.0,38.28
2025-04-07,ABBOTINDIA,EQ,"29,077.40","27,501.00","29,400.05","27,500.05","29,021.05","28,965.70","28,732.90",14086,404731629.3,7443,4443.0,31.54
2025-04-08,ABBOTINDIA,EQ,"28,965.70","29,498.90","29,554.85","28,900.10","29,440.00","29,398.95","29,318.76",6460,189399165.2,2831,2757.0,42.68
2025-04-09,ABBOTINDIA,EQ,"29,398.95","29,009.60","29,600.05","28,975.55","29,080.00","29,108.05","29,218.12",5194,151758897.1,2657,1463.0,28.17
2025-04-11,ABBOTINDIA,EQ,"29,108.05","29,499.00","29,750.00","29,311.90","29,550.00","29,641.10","29,550.84",5580,164893706.85,1976,2768.0,49.61
2025-04-15,ABBOTINDIA,EQ,"29,641.10","29,645.00","31,195.00","29,580.00","31,110.00","30,950.00","30,287.83",11843,358698815.0,5814,4579.0,38.66
2025-04-16,ABBOTINDIA,EQ,"30,950.00","30,950.00","31,390.00","30,435.00","30,760.00","30,710.00","31,036.06",9589,297604780.0,4510,4027.0,42.0
2025-04-17,ABBOTINDIA,EQ,"30,710.00","30,755.00","30,975.00","30,580.00","30,635.00","30,690.00","30,765.99",4806,147861335.0,2538,1538.0,32.0
2025-04-21,ABBOTINDIA,EQ,"30,690.00","31,000.00","31,220.00","30,600.00","30,915.00","30,915.00","31,048.03",7917,245807270.0,3996,3901.0,49.27
2025-04-22,ABBOTINDIA,EQ,"30,915.00","30,915.00","31,140.00","30,640.00","30,850.00","31,015.00","30,984.97",4188,129765070.0,2249,1334.0,31.85
2025-04-23,ABBOTINDIA,EQ,"31,015.00","31,150.00","31,400.00","30,370.00","30,470.00","30,470.00","30,812.67",7426,228814865.0,3610,3357.0,45.21
2025-04-24,ABBOTINDIA,EQ,"30,470.00","30,680.00","30,680.00","30,010.00","30,020.00","30,060.00","30,201.49",6809,205641940.0,3084,3602.0,52.9
2025-04-25,ABBOTINDIA,EQ,"30,060.00","30,060.00","30,295.00","29,430.00","29,740.00","29,705.00","29,714.91",5704,169493870.0,2927,1499.0,26.28
2025-04-28,ABBOTINDIA,EQ,"29,705.00","29,450.00","29,945.00","29,450.00","29,800.00","29,780.00","29,783.86",4970,148025770.0,2172,2615.0,52.62
2025-04-29,ABBOTINDIA,EQ,"29,780.00","29,810.00","30,145.00","29,565.00","30,100.00","30,100.00","29,896.87",5450,162937965.0,2768,2568.0,47.12
2025-04-30,ABBOTINDIA,EQ,"30,100.00","30,000.00","30,100.00","29,700.00","29,995.00","29,985.00","29,893.11",3754,112218735.0,2158,1298.0,34.58
2025-05-02,ABBOTINDIA,EQ,"29,985.00","29,990.00","30,845.00","29,755.00","30,700.00","30,725.00","30,270.72",6682,202268930.0,3563,2840.0,42.5
2025-05-05,ABBOTINDIA,EQ,"30,725.00","30,725.00","30,985.00","30,455.00","30,700.00","30,725.00","30,672.92",8416,258143290.0,3491,4593.0,54.57
2025-05-06,ABBOTINDIA,EQ,"30,725.00","30,695.00","30,695.00","30,015.00","30,025.00","30,160.00","30,327.71",10889,330238415.0,3778,7503.0,68.9
2025-05-07,ABBOTINDIA,EQ,"30,160.00","30,105.00","30,585.00","29,630.00","30,170.00","30,345.00","30,002.80",10766,323010180.0,4628,5414.0,50.29
2025-05-08,ABBOTINDIA,EQ,"30,345.00","30,050.00","30,525.00","29,855.00","29,990.00","30,005.00","30,300.69",12370,374819595.0,3468,8280.0,66.94
2025-05-09,ABBOTINDIA,EQ,"30,005.00","29,800.00","30,300.00","29,555.00","30,060.00","30,165.00","29,898.07",3367,100666785.0,1991,995.0,29.55
2025-05-12,ABBOTINDIA,EQ,"30,165.00","30,300.00","30,595.00","30,010.00","30,085.00","30,065.00","30,216.74",5054,152715380.0,2644,2503.0,49.53
2025-05-13,ABBOTINDIA,EQ,"30,065.00","30,000.00","30,500.00","30,000.00","30,350.00","30,390.00","30,270.57",6003,181714235.0,3154,2553.0,42.53
2025-05-14,ABBOTINDIA,EQ,"30,390.00","30,390.00","30,645.00","30,250.00","30,380.00","30,325.00","30,376.39",4970,150970655.0,2210,2290.0,46.08
2025-05-15,ABBOTINDIA,EQ,"30,325.00","30,495.00","30,555.00","30,225.00","30,230.00","30,330.00","30,394.27",6204,188566080.0,2227,3580.0,57.7
2025-05-16,ABBOTINDIA,EQ,"30,330.00","31,000.00","31,500.00","30,465.00","30,525.00","30,560.00","30,829.87",32062,988467380.0,11212,14234.0,44.4
2025-05-19,ABBOTINDIA,EQ,"30,560.00","30,800.00","30,860.00","30,555.00","30,700.00","30,685.00","30,655.72",6073,186172205.0,3029,3393.0,55.87
2025-05-20,ABBOTINDIA,EQ,"30,685.00","30,805.00","30,960.00","30,610.00","30,880.00","30,845.00","30,823.67",26271,809768590.0,4042,20971.0,79.83
2025-05-21,ABBOTINDIA,EQ,"30,845.00","30,845.00","31,590.00","30,745.00","31,400.00","31,435.00","31,247.62",22684,708820975.0,5313,13385.0,59.01
2025-05-22,ABBOTINDIA,EQ,"31,435.00","31,400.00","31,420.00","30,750.00","31,075.00","31,145.00","31,119.96",7710,239934855.0,2065,4420.0,57.33
2025-05-23,ABBOTINDIA,EQ,"31,145.00","31,200.00","31,245.00","30,750.00","30,775.00","30,795.00","30,896.00",4657,143882680.0,1833,2617.0,56.19
2025-05-26,ABBOTINDIA,EQ,"30,795.00","30,990.00","31,100.00","29,940.00","30,200.00","30,220.00","30,448.80",8605,262011905.0,2799,5319.0,61.81
2025-05-27,ABBOTINDIA,EQ,"30,220.00","30,450.00","30,500.00","30,205.00","30,425.00","30,415.00","30,366.62",3586,108894695.0,1856,1240.0,34.58
2025-05-28,ABBOTINDIA,EQ,"30,415.00","30,490.00","30,500.00","30,000.00","30,055.00","30,120.00","30,235.16",4788,144765945.0,2050,2792.0,58.31
2025-05-29,ABBOTINDIA,EQ,"30,120.00","30,120.00","30,450.00","30,050.00","30,400.00","30,350.00","30,279.79",3531,106917945.0,2310,1758.0,49.79
2025-05-30,ABBOTINDIA,EQ,"30,350.00","30,350.00","30,620.00","30,130.00","30,620.00","30,455.00","30,381.79",3530,107247705.0,1401,2102.0,59.55
2025-06-02,ABBOTINDIA,EQ,"30,455.00","30,455.00","30,840.00","30,110.00","30,600.00","30,605.00","30,660.33",9476,290537315.0,3565,5022.0,53.0
2025-06-03,ABBOTINDIA,EQ,"30,605.00","30,750.00","31,390.00","30,500.00","31,375.00","31,135.00","31,031.23",11464,355742065.0,4967,5873.0,51.23
2025-06-04,ABBOTINDIA,EQ,"31,135.00","31,395.00","31,620.00","31,045.00","31,300.00","31,295.00","31,299.09",13335,417373415.0,3597,9306.0,69.79
2025-06-05,ABBOTINDIA,EQ,"31,295.00","31,400.00","31,900.00","31,290.00","31,650.00","31,695.00","31,546.03",25789,813540520.0,5178,19819.0,76.85
2025-06-06,ABBOTINDIA,EQ,"31,695.00","31,850.00","32,200.00","30,950.00","31,300.00","31,630.00","31,845.67",16700,531822640.0,3707,10837.0,64.89
2025-06-09,ABBOTINDIA,EQ,"31,630.00","31,750.00","31,985.00","31,490.00","31,650.00","31,810.00","31,787.17",4819,153182370.0,2214,2118.0,43.95
2025-06-10,ABBOTINDIA,EQ,"31,810.00","32,000.00","32,100.00","31,550.00","31,630.00","31,645.00","31,710.56",3041,96431800.0,1694,1554.0,51.1
2025-06-11,ABBOTINDIA,EQ,"31,645.00","31,645.00","31,795.00","31,540.00","31,560.00","31,635.00","31,661.20",2838,89854490.0,1014,1701.0,59.94
2025-06-12,ABBOTINDIA,EQ,"31,635.00","31,640.00","31,850.00","31,400.00","31,500.00","31,575.00","31,602.21",9056,286189625.0,2897,6689.0,73.86
2025-06-13,ABBOTINDIA,EQ,"31,575.00","31,400.00","31,625.00","31,100.00","31,405.00","31,515.00","31,352.22",5791,181560725.0,2188,3265.0,56.38
2025-06-16,ABBOTINDIA,EQ,"31,515.00","31,510.00","31,875.00","31,415.00","31,685.00","31,675.00","31,673.48",3428,108576705.0,1686,1261.0,36.79
2025-06-17,ABBOTINDIA,EQ,"31,675.00","31,675.00","31,845.00","31,325.00","31,825.00","31,800.00","31,606.04",14707,464830055.0,2030,12583.0,85.56
2025-06-18,ABBOTINDIA,EQ,"31,800.00","31,800.00","32,000.00","31,500.00","31,555.00","31,565.00","31,690.49",3647,115575230.0,1666,1868.0,51.22
2025-06-19,ABBOTINDIA,EQ,"31,565.00","31,895.00","32,085.00","30,800.00","30,810.00","31,030.00","31,436.35",8828,277520130.0,5031,3897.0,44.14
2025-06-20,ABBOTINDIA,EQ,"31,030.00","31,100.00","31,745.00","30,610.00","31,550.00","31,620.00","31,324.80",9994,313060035.0,4668,4405.0,44.08
2025-06-23,ABBOTINDIA,EQ,"31,620.00","31,265.00","31,455.00","30,880.00","31,005.00","31,050.00","31,088.89",6678,207611620.0,3327,3187.0,47.72
2025-06-24,ABBOTINDIA,EQ,"31,050.00","31,370.00","31,800.00","31,100.00","31,615.00","31,535.00","31,518.66",9207,290192260.0,2691,5890.0,63.97
2025-06-25,ABBOTINDIA,EQ,"31,535.00","31,560.00","31,795.00","31,365.00","31,630.00","31,680.00","31,631.77",5191,164200530.0,1986,2962.0,57.06
2025-06-26,ABBOTINDIA,EQ,"31,680.00","31,680.00","33,255.00","31,605.00","33,210.00","33,055.00","32,790.92",30735,1007828915.0,13253,12626.0,41.08
2025-06-27,ABBOTINDIA,EQ,"33,055.00","33,060.00","37,000.00","32,955.00","34,800.00","34,940.00","34,376.64",53061,1824058765.0,19416,27356.0,51.56
2025-06-30,ABBOTINDIA,EQ,"34,940.00","34,945.00","35,790.00","34,140.00","35,300.00","35,670.00","35,128.91",25043,879733345.0,9542,9131.0,36.46
2025-07-01,ABBOTINDIA,EQ,"35,670.00","35,675.00","35,800.00","34,455.00","34,670.00","34,665.00","35,021.99",15146,530442995.0,7065,5909.0,39.01
2025-07-02,ABBOTINDIA,EQ,"34,665.00","34,845.00","35,590.00","34,310.00","35,300.00","35,460.00","35,089.27",13570,476161365.0,7137,3440.0,25.35
2025-07-03,ABBOTINDIA,EQ,"35,460.00","35,465.00","35,955.00","35,100.00","35,325.00","35,420.00","35,500.14",13655,484754425.0,6020,4679.0,34.27
2025-07-04,ABBOTINDIA,EQ,"35,420.00","35,420.00","35,675.00","34,660.00","34,760.00","34,735.00","35,048.18",9978,349710780.0,3953,4451.0,44.61
2025-07-07,ABBOTINDIA,EQ,"34,735.00","34,895.00","35,010.00","34,300.00","34,500.00","34,485.00","34,678.50",6130,212579175.0,3298,2621.0,42.76
2025-07-08,ABBOTINDIA,EQ,"34,485.00","34,695.00","34,985.00","33,780.00","34,200.00","34,160.00","34,232.58",7819,267664570.0,4117,2934.0,37.52
2025-07-09,ABBOTINDIA,EQ,"34,160.00","34,250.00","34,600.00","34,000.00","34,385.00","34,390.00","34,266.32",10341,354348065.0,4895,3244.0,31.37
2025-07-10,ABBOTINDIA,EQ,"34,390.00","34,500.00","34,845.00","34,125.00","34,530.00","34,555.00","34,400.43",4398,151293110.0,2598,1582.0,35.97
2025-07-11,ABBOTINDIA,EQ,"34,555.00","34,545.00","34,735.00","34,310.00","34,400.00","34,420.00","34,521.78",3025,104428395.0,1483,1268.0,41.92
2025-07-14,ABBOTINDIA,EQ,"34,420.00","34,330.00","34,500.00","34,190.00","34,340.00","34,295.00","34,343.29",2513,86304695.0,1426,1123.0,44.69
2025-07-15,ABBOTINDIA,EQ,"34,295.00","34,340.00","34,595.00","34,100.00","34,290.00","34,275.00","34,292.26",4705,161345100.0,2803,2028.0,43.1
2025-07-16,ABBOTINDIA,EQ,"34,275.00","34,290.00","34,535.00","34,005.00","34,125.00","34,280.00","34,225.38",3902,133547415.0,2003,1723.0,44.16
2025-07-17,ABBOTINDIA,EQ,"34,280.00","34,300.00","34,440.00","34,085.00","34,185.00","34,165.00","34,229.04",4667,159746935.0,1523,2413.0,51.7
2025-07-18,ABBOTINDIA,EQ,"34,165.00","34,250.00","34,390.00","33,910.00","34,060.00","34,125.00","34,104.71",4287,146206910.0,2258,2063.0,48.12
2025-07-21,ABBOTINDIA,EQ,"34,125.00","34,250.00","34,350.00","33,940.00","34,120.00","34,085.00","34,102.53",2808,95759895.0,1257,1039.0,37.0
2025-07-22,ABBOTINDIA,EQ,"34,085.00","34,250.00","34,320.00","34,060.00","34,150.00","34,130.00","34,150.59",4044,138104975.0,1553,2495.0,61.7
2025-07-23,ABBOTINDIA,EQ,"34,130.00","34,150.00","34,950.00","34,035.00","34,850.00","34,735.00","34,376.24",7134,245240095.0,2656,4033.0,56.53
2025-07-24,ABBOTINDIA,EQ,"34,735.00","34,900.00","35,290.00","34,420.00","34,640.00","34,580.00","34,894.00",6926,241675815.0,3366,2827.0,40.82
2025-07-25,ABBOTINDIA,EQ,"34,580.00","34,175.00","34,290.00","33,545.00","33,740.00","33,780.00","34,001.33",5504,187143310.0,2742,2350.0,42.7
2025-07-28,ABBOTINDIA,EQ,"33,780.00","33,785.00","33,870.00","32,565.00","32,795.00","32,895.00","33,232.75",6363,211460005.0,3167,3051.0,47.95
2025-07-29,ABBOTINDIA,EQ,"32,895.00","32,960.00","34,750.00","32,865.00","34,705.00","34,710.00","34,117.97",14011,478026845.0,6659,5486.0,39.15
2025-07-30,ABBOTINDIA,EQ,"34,710.00","34,600.00","35,310.00","34,215.00","35,295.00","35,195.00","34,819.22",8866,308707180.0,4109,3277.0,36.96
2025-07-31,ABBOTINDIA,EQ,"35,195.00","34,600.00","35,100.00","34,315.00","34,485.00","34,405.00","34,694.14",6195,214930210.0,3352,2601.0,41.99
2025-08-01,ABBOTINDIA,EQ,"34,405.00","34,550.00","34,815.00","33,205.00","33,275.00","33,595.00","33,943.33",7114,241472860.0,4170,3208.0,45.09
2025-08-04,ABBOTINDIA,EQ,"33,595.00","33,595.00","34,220.00","33,235.00","34,000.00","33,995.00","33,822.57",5526,186903515.0,2729,2475.0,44.79
2025-08-05,ABBOTINDIA,EQ,"33,995.00","33,855.00","34,100.00","33,200.00","33,300.00","33,255.00","33,607.80",7996,268728000.0,3794,4892.0,61.18
2025-08-06,ABBOTINDIA,EQ,"33,255.00","33,320.00","33,500.00","32,415.00","32,500.00","32,605.00","32,680.49",8725,285137310.0,4060,4109.0,47.09
2025-08-07,ABBOTINDIA,EQ,"32,605.00","32,250.00","32,900.00","32,250.00","32,895.00","32,720.00","32,624.11",4237,138228345.0,2251,1125.0,26.55
2025-08-08,ABBOTINDIA,EQ,"32,720.00","32,720.00","32,990.00","32,600.00","32,700.00","32,845.00","32,775.67",3019,98949740.0,1773,1230.0,40.74
2025-08-11,ABBOTINDIA,EQ,"32,845.00","32,870.00","33,070.00","32,645.00","33,020.00","32,980.00","32,887.78",3041,100011730.0,1889,1255.0,41.27
2025-08-12,ABBOTINDIA,EQ,"32,980.00","33,270.00","33,800.00","31,910.00","32,290.00","32,560.00","33,137.58",12077,400202580.0,4793,4763.0,39.44
2025-08-13,ABBOTINDIA,EQ,"32,560.00","32,745.00","34,060.00","32,320.00","32,850.00","32,940.00","33,227.43",18236,605935460.0,7649,7993.0,43.83
2025-08-14,ABBOTINDIA,EQ,"32,940.00","33,215.00","33,480.00","32,615.00","33,210.00","33,265.00","33,152.17",6346,210383700.0,3399,1845.0,29.07
2025-08-18,ABBOTINDIA,EQ,"33,265.00","33,495.00","33,495.00","32,530.00","32,595.00","32,590.00","32,761.06",7265,238009115.0,3411,4636.0,63.81
2025-08-19,ABBOTINDIA,EQ,"32,590.00","32,840.00","33,145.00","32,605.00","33,080.00","33,065.00","32,839.62",4813,158057075.0,2513,1909.0,39.66
2025-08-20,ABBOTINDIA,EQ,"33,065.00","33,185.00","33,185.00","32,405.00","32,600.00","32,595.00","32,699.73",9480,309993485.0,4074,7089.0,74.78
2025-08-21,ABBOTINDIA,EQ,"32,595.00","32,895.00","32,900.00","32,525.00","32,665.00","32,635.00","32,695.09",3647,119239005.0,1670,1616.0,44.31
2025-08-22,ABBOTINDIA,EQ,"32,635.00","32,745.00","32,775.00","31,750.00","31,850.00","31,875.00","32,090.81",6997,224539430.0,2927,4822.0,68.92
2025-08-25,ABBOTINDIA,EQ,"31,875.00","32,145.00","32,145.00","31,470.00","31,530.00","31,520.00","31,734.10",6091,193292385.0,3044,3616.0,59.37
2025-08-26,ABBOTINDIA,EQ,"31,520.00","31,615.00","32,050.00","31,175.00","31,690.00","31,885.00","31,790.57",10802,343401750.0,4951,4946.0,45.79
2025-08-28,ABBOTINDIA,EQ,"31,885.00","32,000.00","32,025.00","31,355.00","31,545.00","31,475.00","31,600.44",8264,261145995.0,3723,4850.0,58.69
2025-08-29,ABBOTINDIA,EQ,"31,475.00","31,660.00","31,945.00","31,315.00","31,500.00","31,480.00","31,697.85",4571,144890895.0,2432,2186.0,47.82
2025-09-01,ABBOTINDIA,EQ,"31,480.00","31,650.00","32,315.00","31,500.00","32,275.00","32,130.00","31,824.11",6106,194318040.0,3046,3203.0,52.46
2025-09-02,ABBOTINDIA,EQ,"32,130.00","32,300.00","32,700.00","32,025.00","32,595.00","32,495.00","32,330.40",6945,224534625.0,3182,2843.0,40.94
2025-09-03,ABBOTINDIA,EQ,"32,495.00","32,495.00","32,775.00","32,155.00","32,490.00","32,575.00","32,542.49",5036,163883970.0,2437,3185.0,63.24
2025-09-04,ABBOTINDIA,EQ,"32,575.00","32,565.00","32,755.00","32,000.00","32,000.00","32,175.00","32,324.71",4023,130042290.0,2157,1910.0,47.48
2025-09-05,ABBOTINDIA,EQ,"32,175.00","32,385.00","32,385.00","31,030.00","31,220.00","31,150.00","31,276.22",19273,602786590.0,7854,10148.0,52.65
2025-09-08,ABBOTINDIA,EQ,"31,150.00","31,415.00","31,645.00","30,900.00","30,950.00","30,965.00","31,274.11",10998,343952645.0,3682,8046.0,73.16
2025-09-09,ABBOTINDIA,EQ,"30,965.00","31,000.00","31,170.00","30,540.00","30,640.00","30,630.00","30,812.58",6471,199388190.0,2939,3781.0,58.43
2025-09-10,ABBOTINDIA,EQ,"30,630.00","30,825.00","31,400.00","30,555.00","30,890.00","31,255.00","31,041.59",20209,627319410.0,6708,13068.0,64.66
2025-09-11,ABBOTINDIA,EQ,"31,255.00","31,385.00","31,495.00","30,875.00","30,900.00","30,975.00","31,078.36",13521,420210515.0,6522,9319.0,68.92
2025-09-12,ABBOTINDIA,EQ,"30,975.00","31,100.00","31,230.00","30,815.00","30,950.00","30,980.00","31,020.95",6485,201170850.0,2440,4215.0,65.0
2025-09-15,ABBOTINDIA,EQ,"30,980.00","30,900.00","31,400.00","30,810.00","30,885.00","30,910.00","31,093.04",5878,182764870.0,3398,3366.0,57.26
2025-09-16,ABBOTINDIA,EQ,"30,910.00","31,280.00","31,280.00","30,710.00","30,900.00","30,930.00","31,042.74",9676,300369580.0,3213,6879.0,71.09
2025-09-17,ABBOTINDIA,EQ,"30,930.00","31,160.00","31,220.00","30,815.00","30,880.00","30,970.00","30,996.50",12984,402458510.0,4678,9978.0,76.85
2025-09-18,ABBOTINDIA,EQ,"30,970.00","31,095.00","31,355.00","30,840.00","30,910.00","30,890.00","31,060.93",8509,264297415.0,4012,4195.0,49.3
2025-09-19,ABBOTINDIA,EQ,"30,890.00","31,000.00","31,055.00","30,130.00","30,300.00","30,365.00","30,530.76",12743,389053515.0,5746,8891.0,69.77
2025-09-22,ABBOTINDIA,EQ,"30,365.00","30,410.00","30,670.00","30,150.00","30,155.00","30,195.00","30,441.56",14233,433274745.0,5306,7990.0,56.14
2025-09-23,ABBOTINDIA,EQ,"30,195.00","30,340.00","30,440.00","30,100.00","30,250.00","30,225.00","30,253.31",5182,156772650.0,2273,2918.0,56.31
2025-09-24,ABBOTINDIA,EQ,"30,225.00","30,380.00","30,465.00","30,090.00","30,170.00","30,195.00","30,247.55",5501,166391780.0,2420,3578.0,65.04
2025-09-25,ABBOTINDIA,EQ,"30,195.00","30,195.00","30,505.00","30,025.00","30,200.00","30,195.00","30,250.17",10296,311455755.0,3498,6384.0,62.0
2025-09-26,ABBOTINDIA,EQ,"30,195.00","30,195.00","30,280.00","29,150.00","29,750.00","29,740.00","29,732.22",19046,566279800.0,8196,9363.0,49.16
2025-09-29,ABBOTINDIA,EQ,"29,740.00","29,740.00","30,000.00","29,520.00","29,655.00","29,665.00","29,699.74",7034,208907945.0,4798,3488.0,49.59
2025-09-30,ABBOTINDIA,EQ,"29,665.00","29,700.00","29,825.00","29,060.00","29,500.00","29,290.00","29,253.91",9712,284114015.0,5223,5675.0,58.43
2025-10-01,ABBOTINDIA,EQ,"29,290.00","29,500.00","30,080.00","29,400.00","29,875.00","29,890.00","29,864.91",6603,197197995.0,3398,3244.0,49.13
2025-10-03,ABBOTINDIA,EQ,"29,890.00","30,080.00","30,400.00","29,830.00","29,900.00","29,965.00","30,106.02",11200,337187455.0,4905,6697.0,59.79
2025-10-06,ABBOTINDIA,EQ,"29,965.00","30,125.00","30,560.00","29,900.00","30,000.00","30,020.00","30,227.84",5596,169154975.0,2742,2792.0,49.89
2025-10-07,ABBOTINDIA,EQ,"30,020.00","30,045.00","30,190.00","29,740.00","29,875.00","29,825.00","29,951.16",3935,117857820.0,2142,2092.0,53.16
2025-10-08,ABBOTINDIA,EQ,"29,825.00","29,875.00","30,255.00","29,735.00","29,865.00","29,925.00","30,022.46",4745,142456590.0,2363,2364.0,49.82
2025-10-09,ABBOTINDIA,EQ,"29,925.00","29,925.00","30,090.00","29,610.00","29,700.00","29,690.00","29,771.72",4723,140611855.0,2110,3194.0,67.63
2025-10-10,ABBOTINDIA,EQ,"29,690.00","29,735.00","30,285.00","29,575.00","30,255.00","30,130.00","29,890.20",5450,162901585.0,2904,2849.0,52.28
2025-10-13,ABBOTINDIA,EQ,"30,130.00","30,130.00","30,130.00","29,890.00","29,995.00","29,995.00","30,008.23",4735,142088990.0,1977,3043.0,64.27
2025-10-14,ABBOTINDIA,EQ,"29,995.00","30,145.00","30,250.00","29,805.00","30,045.00","30,095.00","30,042.87",5863,176141325.0,2879,3735.0,63.7
2025-10-15,ABBOTINDIA,EQ,"30,095.00","30,095.00","30,195.00","29,700.00","29,800.00","29,830.00","29,885.32",5191,155134690.0,2586,3487.0,67.17
2025-10-16,ABBOTINDIA,EQ,"29,830.00","29,850.00","29,950.00","29,670.00","29,850.00","29,835.00","29,839.08",7864,234654510.0,2492,6015.0,76.49
2025-10-17,ABBOTINDIA,EQ,"29,835.00","29,995.00","29,995.00","29,665.00","29,800.00","29,805.00","29,815.47",2856,85152975.0,1904,1655.0,57.95
2025-10-20,ABBOTINDIA,EQ,"29,805.00","29,970.00","30,250.00","29,600.00","29,935.00","29,930.00","29,886.85",4662,139332495.0,2934,2241.0,48.07
2025-10-21,ABBOTINDIA,EQ,"29,930.00","29,990.00","30,330.00","29,875.00","30,300.00","30,255.00","30,191.80",1347,40668355.0,700,873.0,64.81
2025-10-23,ABBOTINDIA,EQ,"30,255.00","30,300.00","30,320.00","29,870.00","30,100.00","30,115.00","30,084.80",5189,156110015.0,2900,2909.0,56.06
2025-10-24,ABBOTINDIA,EQ,"30,115.00","30,230.00","30,230.00","29,805.00","29,940.00","29,930.00","29,910.58",3338,99841510.0,2057,1912.0,57.28
2025-10-27,ABBOTINDIA,EQ,"29,930.00","29,935.00","29,935.00","29,655.00","29,775.00","29,770.00","29,802.67",8027,239226070.0,2019,6400.0,79.73
2025-10-28,ABBOTINDIA,EQ,"29,770.00","29,775.00","30,000.00","29,700.00","29,790.00","29,770.00","29,879.90",4208,125734640.0,1326,2808.0,66.73
2025-10-29,ABBOTINDIA,EQ,"29,770.00","29,790.00","29,905.00","29,610.00","29,705.00","29,705.00","29,727.00",3975,118164840.0,1920,2447.0,61.56
2025-10-30,ABBOTINDIA,EQ,"29,705.00","29,870.00","29,870.00","29,525.00","29,575.00","29,600.00","29,645.53",5536,164117660.0,2898,3573.0,64.54
2025-10-31,ABBOTINDIA,EQ,"29,600.00","29,620.00","29,725.00","28,900.00","29,000.00","28,995.00","29,206.45",11671,340868470.0,6560,8485.0,72.7
2025-11-03,ABBOTINDIA,EQ,"28,995.00","29,000.00","29,190.00","28,785.00","29,080.00","29,035.00","29,004.44",9064,262896205.0,4155,5922.0,65.34
2025-11-04,ABBOTINDIA,EQ,"29,035.00","29,145.00","29,610.00","29,080.00","29,365.00","29,360.00","29,414.14",7561,222400290.0,3964,4014.0,53.09
2025-11-06,ABBOTINDIA,EQ,"29,360.00","29,400.00","30,490.00","29,260.00","29,500.00","29,455.00","29,874.32",55284,1651572000.0,20431,20474.0,37.03
2025-11-07,ABBOTINDIA,EQ,"29,455.00","29,525.00","29,665.00","28,720.00","28,790.00","28,785.00","29,062.36",9721,282515230.0,4978,5370.0,55.24
2025-11-10,ABBOTINDIA,EQ,"28,785.00","28,990.00","29,555.00","28,725.00","29,500.00","29,505.00","29,219.38",7726,225748965.0,4123,4267.0,55.23
2025-11-11,ABBOTINDIA,EQ,"29,505.00","29,450.00","29,725.00","29,310.00","29,450.00","29,550.00","29,565.75",4816,142388645.0,2483,2880.0,59.8
2025-11-12,ABBOTINDIA,EQ,"29,550.00","29,685.00","29,685.00","29,210.00","29,600.00","29,570.00","29,416.50",4843,142464130.0,2661,2547.0,52.59
2025-11-13,ABBOTINDIA,EQ,"29,570.00","29,595.00","29,655.00","29,285.00","29,600.00","29,570.00","29,526.69",4429,130773695.0,2237,2704.0,61.05
2025-11-14,ABBOTINDIA,EQ,"29,570.00","29,600.00","29,640.00","28,600.00","29,325.00","29,340.00","29,367.73",9495,278846565.0,2609,6343.0,66.8
2025-11-17,ABBOTINDIA,EQ,"29,340.00","29,340.00","29,650.00","29,180.00","29,645.00","29,560.00","29,442.37",8689,255824780.0,4701,5160.0,59.39
2025-11-18,ABBOTINDIA,EQ,"29,560.00","29,700.00","29,760.00","29,470.00","29,720.00","29,665.00","29,657.36",5517,163619635.0,2410,3050.0,55.28
2025-11-19,ABBOTINDIA,EQ,"29,665.00","29,900.00","29,900.00","29,445.00","29,620.00","29,530.00","29,548.55",10018,296017375.0,3391,7330.0,73.17
2025-11-20,ABBOTINDIA,EQ,"29,530.00","29,795.00","29,795.00","29,340.00","29,600.00","29,585.00","29,522.20",5192,153279255.0,2374,2691.0,51.83
2025-11-21,ABBOTINDIA,EQ,"29,585.00","29,585.00","29,740.00","29,215.00","29,530.00","29,575.00","29,484.59",4817,142027265.0,2442,2529.0,52.5
2025-11-24,ABBOTINDIA,EQ,"29,575.00","29,595.00","29,795.00","29,380.00","29,780.00","29,675.00","29,567.95",5493,162416725.0,3001,3517.0,64.03
2025-11-25,ABBOTINDIA,EQ,"29,675.00","29,650.00","30,655.00","29,370.00","30,055.00","30,205.00","29,890.90",7914,236556545.0,3979,4567.0,57.71
2025-11-26,ABBOTINDIA,EQ,"30,205.00","30,250.00","30,250.00","29,950.00","30,000.00","30,025.00","30,030.16",3918,117658165.0,2185,2688.0,68.61
2025-11-27,ABBOTINDIA,EQ,"30,025.00","30,300.00","30,300.00","29,390.00","29,435.00","29,440.00","29,574.08",8428,249250310.0,5347,5249.0,62.28
2025-11-28,ABBOTINDIA,EQ,"29,440.00","29,440.00","30,305.00","29,250.00","30,200.00","30,075.00","29,694.58",7939,235745235.0,3922,4801.0,60.47
2025-12-01,ABBOTINDIA,EQ,"30,075.00","30,200.00","30,200.00","29,620.00","29,815.00","29,810.00","29,758.32",8983,267319015.0,6234,6246.0,69.53
2025-12-02,ABBOTINDIA,EQ,"29,810.00","29,820.00","30,000.00","29,130.00","29,200.00","29,240.00","29,297.38",8701,254916510.0,4643,4921.0,56.56
2025-12-03,ABBOTINDIA,EQ,"29,240.00","29,300.00","29,720.00","28,820.00","28,915.00","28,890.00","29,077.43",11743,341456235.0,5476,5561.0,47.36
2025-12-04,ABBOTINDIA,EQ,"28,890.00","28,890.00","29,190.00","28,770.00","28,800.00","28,850.00","28,968.94",6556,189920345.0,4333,3712.0,56.62
2025-12-05,ABBOTINDIA,EQ,"28,850.00","28,850.00","29,140.00","28,660.00","28,925.00","28,945.00","28,940.36",8644,250160455.0,4939,4941.0,57.16
2025-12-08,ABBOTINDIA,EQ,"28,945.00","28,850.00","28,880.00","28,410.00","28,705.00","28,725.00","28,559.69",12314,351684075.0,6665,8688.0,70.55
2025-12-09,ABBOTINDIA,EQ,"28,725.00","28,700.00","28,700.00","28,020.00","28,045.00","28,075.00","28,194.45",12732,358971755.0,7951,7226.0,56.75
2025-12-10,ABBOTINDIA,EQ,"28,075.00","28,080.00","28,245.00","27,770.00","27,905.00","27,985.00","27,970.05",11892,332619830.0,6105,6788.0,57.08
2025-12-11,ABBOTINDIA,EQ,"27,985.00","27,810.00","28,250.00","27,810.00","28,210.00","28,205.00","28,080.72",3130,87892655.0,1890,1415.0,45.21
2025-12-12,ABBOTINDIA,EQ,"28,205.00","28,210.00","28,210.00","27,950.00","28,000.00","28,010.00","28,044.28",5059,141876000.0,2859,2636.0,52.11
2025-12-15,ABBOTINDIA,EQ,"28,010.00","28,100.00","28,100.00","27,815.00","27,860.00","27,885.00","27,890.55",4142,115522665.0,2524,2365.0,57.1
2025-12-16,ABBOTINDIA,EQ,"27,885.00","28,010.00","28,010.00","27,770.00","27,830.00","27,805.00","27,823.87",2415,67194635.0,1397,1387.0,57.43
2025-12-17,ABBOTINDIA,EQ,"27,805.00","27,950.00","27,960.00","27,540.00","27,640.00","27,630.00","27,737.99",2848,78997805.0,1742,1303.0,45.75
2025-12-18,ABBOTINDIA,EQ,"27,630.00","27,640.00","28,040.00","27,430.00","27,910.00","27,980.00","27,834.23",3873,107801960.0,2084,1829.0,47.22
2025-12-19,ABBOTINDIA,EQ,"27,980.00","27,995.00","28,200.00","27,870.00","28,025.00","28,035.00","28,062.49",3745,105094025.0,1956,2231.0,59.57
2025-12-22,ABBOTINDIA,EQ,"28,035.00","28,055.00","28,195.00","27,775.00","27,950.00","28,010.00","28,019.08",4844,135724435.0,2504,2373.0,48.99
2025-12-23,ABBOTINDIA,EQ,"28,010.00","28,200.00","28,600.00","27,885.00","28,260.00","28,295.00","28,268.50",6431,181794725.0,3633,3223.0,50.12
2025-12-24,ABBOTINDIA,EQ,"28,295.00","28,200.00","28,805.00","27,950.00","28,750.00","28,515.00","28,453.11",22010,626252935.0,2776,20023.0,90.97
2025-12-26,ABBOTINDIA,EQ,"28,515.00","28,515.00","28,990.00","28,425.00","28,910.00","28,905.00","28,788.93",3858,111067675.0,2001,1812.0,46.97
2025-12-29,ABBOTINDIA,EQ,"28,905.00","28,950.00","28,975.00","28,290.00","28,915.00","28,905.00","28,836.30",20873,601900015.0,5891,16422.0,78.68
2025-12-30,ABBOTINDIA,EQ,"28,905.00","29,045.00","29,045.00","28,225.00","28,585.00","28,680.00","28,791.54",21561,620774465.0,9889,13720.0,63.63
2025-12-31,ABBOTINDIA,EQ,"28,680.00","28,820.00","29,250.00","28,600.00","28,955.00","29,025.00","28,860.53",5558,160406800.0,3087,2938.0,52.86
2026-01-01,ABBOTINDIA,EQ,"29,025.00","28,860.00","28,990.00","28,405.00","28,480.00","28,485.00","28,585.65",3948,112856135.0,1977,2429.0,61.52
2026-01-02,ABBOTINDIA,EQ,"28,485.00","28,485.00","28,490.00","27,955.00","28,125.00","28,125.00","28,097.39",10295,289262590.0,5149,6802.0,66.07
2026-01-05,ABBOTINDIA,EQ,"28,125.00","28,250.00","28,250.00","28,030.00","28,155.00","28,155.00","28,126.93",3129,88009150.0,1989,1964.0,62.77
2026-01-06,ABBOTINDIA,EQ,"28,155.00","28,155.00","28,515.00","28,100.00","28,420.00","28,440.00","28,385.51",8996,255356005.0,4673,6455.0,71.75
2026-01-07,ABBOTINDIA,EQ,"28,440.00","28,600.00","28,600.00","28,140.00","28,550.00","28,485.00","28,363.43",5385,152737085.0,2747,2989.0,55.51
2026-01-08,ABBOTINDIA,EQ,"28,485.00","28,445.00","28,525.00","28,155.00","28,400.00","28,340.00","28,379.48",2884,81846415.0,1810,1637.0,56.76
2026-01-09,ABBOTINDIA,EQ,"28,340.00","28,200.00","28,395.00","27,785.00","28,140.00","28,095.00","27,945.01",11568,323267880.0,4264,8519.0,73.64
2026-01-12,ABBOTINDIA,EQ,"28,095.00","28,010.00","28,515.00","27,770.00","28,365.00","28,380.00","28,175.61",5889,165926155.0,2756,3899.0,66.21
2026-01-13,ABBOTINDIA,EQ,"28,380.00","28,420.00","28,525.00","28,000.00","28,100.00","28,090.00","28,245.65",3869,109282410.0,2467,2340.0,60.48
2026-01-14,ABBOTINDIA,EQ,"28,090.00","28,105.00","28,350.00","27,850.00","27,860.00","27,880.00","28,074.22",4218,118417050.0,2106,2510.0,59.51
2026-01-16,ABBOTINDIA,EQ,"27,880.00","27,880.00","28,130.00","27,650.00","27,740.00","27,755.00","27,852.08",3983,110934820.0,2262,2405.0,60.38
2026-01-19,ABBOTINDIA,EQ,"27,755.00","27,725.00","28,020.00","27,600.00","27,750.00","27,750.00","27,733.09",3254,90243460.0,2109,1949.0,59.9
2026-01-20,ABBOTINDIA,EQ,"27,750.00","27,750.00","27,750.00","27,140.00","27,185.00","27,210.00","27,429.74",4656,127712865.0,2275,2824.0,60.65
2026-01-21,ABBOTINDIA,EQ,"27,210.00","27,260.00","27,695.00","26,930.00","27,695.00","27,575.00","27,304.87",3881,105970215.0,2612,2210.0,56.94
2026-01-22,ABBOTINDIA,EQ,"27,575.00","27,800.00","27,880.00","27,540.00","27,785.00","27,725.00","27,736.06",2237,62045570.0,1439,1175.0,52.53
2026-01-23,ABBOTINDIA,EQ,"27,725.00","27,850.00","28,100.00","27,555.00","27,915.00","27,780.00","27,802.82",3524,97977140.0,2314,1894.0,53.75
2026-01-27,ABBOTINDIA,EQ,"27,780.00","27,915.00","27,915.00","27,230.00","27,715.00","27,685.00","27,516.52",4631,127429020.0,3373,2032.0,43.88
2026-01-28,ABBOTINDIA,EQ,"27,685.00","27,895.00","27,895.00","27,515.00","27,655.00","27,610.00","27,655.42",3515,97208815.0,2200,1777.0,50.55
2026-01-29,ABBOTINDIA,EQ,"27,610.00","27,575.00","27,575.00","26,580.00","26,610.00","26,635.00","26,752.69",14774,395244195.0,7103,10784.0,72.99
2026-01-30,ABBOTINDIA,EQ,"26,635.00","26,610.00","27,995.00","26,430.00","27,300.00","27,565.00","27,298.26",17026,464780250.0,7365,9555.0,56.12
2026-02-01,ABBOTINDIA,EQ,"27,565.00","27,690.00","27,690.00","27,060.00","27,195.00","27,245.00","27,341.17",1799,49186770.0,1226,784.0,43.58
2026-02-02,ABBOTINDIA,EQ,"27,245.00","27,470.00","27,495.00","26,940.00","27,290.00","27,325.00","27,274.71",6255,170603305.0,2574,4377.0,69.98
2026-02-03,ABBOTINDIA,EQ,"27,325.00","27,885.00","27,910.00","26,800.00","26,930.00","26,880.00","27,134.19",10469,284067790.0,6634,5562.0,53.13
2026-02-04,ABBOTINDIA,EQ,"26,880.00","27,000.00","27,280.00","26,815.00","27,205.00","27,100.00","27,065.03",7911,214111450.0,5305,3694.0,46.69
2026-02-05,ABBOTINDIA,EQ,"27,100.00","27,200.00","27,300.00","26,865.00","27,110.00","27,215.00","27,108.73",3371,91383520.0,2381,1517.0,45.0
2026-02-06,ABBOTINDIA,EQ,"27,215.00","27,200.00","27,415.00","26,915.00","27,285.00","27,365.00","27,165.59",4095,111243085.0,2762,2491.0,60.83
2026-02-09,ABBOTINDIA,EQ,"27,365.00","27,450.00","27,700.00","27,305.00","27,475.00","27,480.00","27,469.58",10042,275849480.0,3482,7304.0,72.73
2026-02-10,ABBOTINDIA,EQ,"27,480.00","27,700.00","27,700.00","27,235.00","27,315.00","27,295.00","27,419.30",10501,287930055.0,3353,7754.0,73.84
2026-02-11,ABBOTINDIA,EQ,"27,295.00","27,495.00","27,495.00","26,820.00","26,985.00","26,915.00","27,003.26",9404,253938650.0,4632,5568.0,59.21
2026-02-12,ABBOTINDIA,EQ,"26,915.00","27,135.00","27,135.00","26,550.00","26,640.00","26,660.00","26,720.41",14882,397653215.0,6866,5861.0,39.38
2026-02-13,ABBOTINDIA,EQ,"26,660.00","26,680.00","26,685.00","26,300.00","26,500.00","26,460.00","26,459.79",6553,173391035.0,3263,3995.0,60.96
2026-02-16,ABBOTINDIA,EQ,"26,460.00","26,495.00","26,665.00","26,240.00","26,315.00","26,290.00","26,415.34",4779,126238900.0,2396,3007.0,62.92
2026-02-17,ABBOTINDIA,EQ,"26,290.00","26,470.00","26,700.00","26,210.00","26,680.00","26,620.00","26,487.92",8453,223902425.0,3053,5226.0,61.82
2026-02-18,ABBOTINDIA,EQ,"26,620.00","26,740.00","26,850.00","26,435.00","26,505.00","26,460.00","26,603.56",7659,203756685.0,2806,5501.0,71.82
2026-02-19,ABBOTINDIA,EQ,"26,460.00","26,530.00","26,545.00","26,335.00","26,410.00","26,395.00","26,416.34",4981,131579785.0,2058,3932.0,78.94
2026-02-20,ABBOTINDIA,EQ,"26,395.00","26,495.00","26,780.00","26,250.00","26,310.00","26,295.00","26,566.47",7695,204428975.0,2174,5619.0,73.02
2026-02-23,ABBOTINDIA,EQ,"26,295.00","26,415.00","26,515.00","26,240.00","26,425.00","26,470.00","26,462.76",4509,119320600.0,2808,3049.0,67.62
2026-02-24,ABBOTINDIA,EQ,"26,470.00","26,400.00","26,520.00","26,215.00","26,365.00","26,365.00","26,322.08",1960,51591275.0,1125,1143.0,58.32
2026-02-25,ABBOTINDIA,EQ,"26,365.00","26,485.00","26,500.00","26,100.00","26,415.00","26,410.00","26,307.44",5546,145901060.0,3381,3027.0,54.58
2026-02-26,ABBOTINDIA,EQ,"26,410.00","26,540.00","26,540.00","26,265.00","26,410.00","26,355.00","26,369.50",1908,50313010.0,1108,987.0,51.73
2026-02-27,ABBOTINDIA,EQ,"26,355.00","26,410.00","26,595.00","26,075.00","26,540.00","26,530.00","26,407.06",7169,189312185.0,2759,5042.0,70.33
2026-03-02,ABBOTINDIA,EQ,"26,530.00","26,025.00","26,900.00","26,000.00","26,880.00","26,805.00","26,666.02",12530,334125255.0,5303,5606.0,44.74
2026-03-04,ABBOTINDIA,EQ,"26,805.00","26,805.00","27,930.00","26,505.00","27,900.00","27,825.00","27,301.38",25338,691762455.0,9745,12251.0,48.35
2026-03-05,ABBOTINDIA,EQ,"27,825.00","27,905.00","28,490.00","27,520.00","27,580.00","27,615.00","28,119.64",18832,529549075.0,9455,6660.0,35.37
2026-03-06,ABBOTINDIA,EQ,"27,615.00","27,615.00","27,630.00","27,160.00","27,300.00","27,325.00","27,397.10",6061,166053800.0,3447,2771.0,45.72
2026-03-09,ABBOTINDIA,EQ,"27,325.00","27,000.00","27,300.00","26,735.00","27,155.00","27,185.00","27,108.70",6395,173360115.0,3389,3526.0,55.14
2026-03-10,ABBOTINDIA,EQ,"27,185.00","27,300.00","27,365.00","26,705.00","26,995.00","26,810.00","27,053.28",9965,269585960.0,4536,5004.0,50.22
2026-03-11,ABBOTINDIA,EQ,"26,810.00","27,000.00","27,325.00","26,650.00","27,150.00","27,200.00","26,958.62",9145,246536540.0,3978,5226.0,57.15
2026-03-12,ABBOTINDIA,EQ,"27,200.00","27,000.00","27,000.00","26,530.00","26,645.00","26,685.00","26,745.07",6590,176250020.0,3578,3247.0,49.27
2026-03-13,ABBOTINDIA,EQ,"26,685.00","26,430.00","27,260.00","26,290.00","26,950.00","26,960.00","26,702.18",7310,195192965.0,3578,3252.0,44.49
2026-03-16,ABBOTINDIA,EQ,"26,960.00","27,045.00","27,090.00","26,605.00","26,695.00","26,670.00","26,807.44",9442,253115810.0,2573,5985.0,63.39
2026-03-17,ABBOTINDIA,EQ,"26,670.00","26,890.00","26,890.00","26,290.00","26,330.00","26,450.00","26,563.18",5175,137464450.0,1736,3657.0,70.67
2026-03-18,ABBOTINDIA,EQ,"26,450.00","26,500.00","26,700.00","26,275.00","26,390.00","26,375.00","26,515.50",8384,222305955.0,3049,4560.0,54.39
2026-03-19,ABBOTINDIA,EQ,"26,375.00","26,310.00","27,095.00","26,000.00","26,600.00","26,515.00","26,342.22",9265,244060700.0,4449,4550.0,49.11
2026-03-20,ABBOTINDIA,EQ,"26,515.00","26,515.00","26,790.00","26,400.00","26,750.00","26,715.00","26,625.67",5188,138133970.0,2643,2258.0,43.52
2026-03-23,ABBOTINDIA,EQ,"26,715.00","26,570.00","26,570.00","25,420.00","25,450.00","25,485.00","25,623.03",15029,385088590.0,6608,9076.0,60.39
2026-03-24,ABBOTINDIA,EQ,"25,485.00","25,690.00","27,000.00","25,350.00","26,860.00","26,800.00","26,268.63",14823,389379955.0,8314,6497.0,43.83
2026-03-25,ABBOTINDIA,EQ,"26,800.00","26,860.00","27,100.00","26,290.00","26,505.00","26,405.00","26,719.59",9078,242560415.0,4864,3587.0,39.51
2026-03-27,ABBOTINDIA,EQ,"26,405.00","26,455.00","26,555.00","25,865.00","26,480.00","26,135.00","26,226.06",9729,255153335.0,5570,4521.0,46.47
2026-03-30,ABBOTINDIA,EQ,"26,135.00","26,055.00","26,200.00","25,720.00","25,900.00","25,915.00","25,940.21",23537,610554680.0,5892,18028.0,76.59
2026-04-01,ABBOTINDIA,EQ,"25,915.00","26,415.00","26,550.00","25,990.00","26,490.00","26,490.00","26,365.63",6360,167685400.0,3484,3262.0,51.29
2026-04-02,ABBOTINDIA,EQ,"26,490.00","26,480.00","26,550.00","25,990.00","26,270.00","26,285.00","26,278.63",4065,106822615.0,2403,1888.0,46.45
2026-04-06,ABBOTINDIA,EQ,"26,285.00","26,285.00","26,440.00","25,865.00","25,895.00","25,895.00","25,963.10",8267,214636910.0,3856,4652.0,56.27
2026-04-07,ABBOTINDIA,EQ,"25,895.00","26,000.00","26,060.00","25,600.00","25,690.00","25,665.00","25,754.13",5275,135853010.0,2606,2530.0,47.96
2026-04-08,ABBOTINDIA,EQ,"25,665.00","26,095.00","26,235.00","25,795.00","25,860.00","25,850.00","25,918.98",9402,243690220.0,4618,5581.0,59.36
2026-04-09,ABBOTINDIA,EQ,"25,850.00","26,100.00","26,100.00","25,720.00","25,765.00","25,780.00","25,819.33",10072,260052245.0,4993,6320.0,62.75
2026-04-10,ABBOTINDIA,EQ,"25,780.00","25,965.00","25,970.00","25,620.00","25,825.00","25,780.00","25,788.85",9771,251982825.0,5496,4281.0,43.81
2026-04-13,ABBOTINDIA,EQ,"25,780.00","25,560.00","25,895.00","25,310.00","25,700.00","25,725.00","25,688.97",6904,177356670.0,4122,2895.0,41.93
2026-04-15,ABBOTINDIA,EQ,"25,725.00","25,895.00","26,095.00","25,755.00","25,900.00","25,975.00","25,915.06",15735,407773525.0,8235,8418.0,53.5
2026-04-16,ABBOTINDIA,EQ,"25,975.00","26,100.00","26,150.00","25,750.00","25,875.00","25,860.00","25,915.12",6973,180706165.0,3793,3865.0,55.43
2026-04-17,ABBOTINDIA,EQ,"25,860.00","25,990.00","25,990.00","25,550.00","25,755.00","25,785.00","25,753.49",15053,387667315.0,7224,8227.0,54.65
2026-04-20,ABBOTINDIA,EQ,"25,785.00","25,890.00","25,890.00","25,500.00","25,550.00","25,550.00","25,605.81",14619,374331305.0,7024,8223.0,56.25
2026-04-21,ABBOTINDIA,EQ,"25,550.00","25,610.00","25,690.00","25,340.00","25,400.00","25,385.00","25,440.55",12807,325817115.0,5309,8117.0,63.38
2026-04-22,ABBOTINDIA,EQ,"25,385.00","25,400.00","25,760.00","25,380.00","25,450.00","25,420.00","25,472.13",42549,1083813730.0,5645,37132.0,87.27
2026-04-23,ABBOTINDIA,EQ,"25,420.00","25,440.00","25,675.00","25,350.00","25,450.00","25,410.00","25,456.11",10085,256724890.0,5007,6358.0,63.04
2026-04-24,ABBOTINDIA,EQ,"25,410.00","25,390.00","25,510.00","25,150.00","25,195.00","25,180.00","25,295.57",7767,196470675.0,3844,5130.0,66.05
2026-04-27,ABBOTINDIA,EQ,"25,180.00","25,320.00","25,560.00","25,180.00","25,400.00","25,425.00","25,421.37",50411,1281516665.0,10383,39576.0,78.51
2026-04-28,ABBOTINDIA,EQ,"25,425.00","25,425.00","25,600.00","25,200.00","25,550.00","25,345.00","25,324.64",8029,203331495.0,4638,5200.0,64.77
2026-04-29,ABBOTINDIA,EQ,"25,345.00","25,570.00","25,770.00","25,405.00","25,510.00","25,475.00","25,585.81",7212,184524840.0,3197,3780.0,52.41
2026-04-30,ABBOTINDIA,EQ,"25,475.00","25,395.00","25,485.00","25,250.00","25,410.00","25,435.00","25,345.89",4669,118339960.0,2025,2857.0,61.19
2026-05-04,ABBOTINDIA,EQ,"25,435.00","25,480.00","25,835.00","25,365.00","25,410.00","25,415.00","25,591.86",13700,350608540.0,5303,8248.0,60.2
2026-05-05,ABBOTINDIA,EQ,"25,415.00","25,420.00","25,575.00","25,175.00","25,385.00","25,305.00","25,334.95",9490,240428705.0,3787,6592.0,69.46
2026-05-06,ABBOTINDIA,EQ,"25,305.00","25,440.00","26,450.00","25,430.00","26,365.00","26,300.00","25,876.90",17912,463507055.0,7533,10475.0,58.48
2026-05-07,ABBOTINDIA,EQ,"26,300.00","26,550.00","27,100.00","26,430.00","26,625.00","26,700.00","26,762.58",27578,738058420.0,10576,13969.0,50.65
2026-05-08,ABBOTINDIA,EQ,"26,700.00","26,840.00","26,880.00","26,550.00","26,850.00","26,700.00","26,708.38",11131,297290985.0,3958,6881.0,61.82
2026-05-11,ABBOTINDIA,EQ,"26,700.00","26,700.00","27,910.00","26,335.00","27,845.00","27,795.00","27,434.11",39207,1075609195.0,16304,18734.0,47.78
2026-05-12,ABBOTINDIA,EQ,"27,795.00","28,000.00","28,000.00","26,685.00","26,950.00","26,900.00","27,122.54",18760,508818820.0,9320,8136.0,43.37
2026-05-13,ABBOTINDIA,EQ,"26,900.00","27,100.00","27,595.00","26,920.00","27,200.00","27,280.00","27,209.12",15814,430284975.0,5881,8575.0,54.22
2026-05-14,ABBOTINDIA,EQ,"27,280.00","27,590.00","27,610.00","27,270.00","27,480.00","27,520.00","27,442.95",9543,261888075.0,4546,4582.0,48.01
2026-05-15,ABBOTINDIA,EQ,"27,520.00","27,700.00","28,100.00","27,505.00","27,945.00","27,940.00","27,847.58",11584,322586360.0,5642,6012.0,51.9
2026-05-18,ABBOTINDIA,EQ,"27,940.00","27,985.00","28,280.00","27,530.00","27,855.00","27,925.00","27,851.09",12613,351285740.0,5995,4902.0,38.86
