Date,"ï»¿""Symbol""",Series,PrevClose,OpenPrice,HighPrice,LowPrice,LastPrice,ClosePrice,AveragePrice,TotalTradedQuantity,TurnoverInRs,No.ofTrades,DeliverableQty,%DlyQttoTradedQty
2018-03-28,HAL,EQ,"1,215.00","1,152.00","1,184.95","1,121.00","1,125.00","1,132.85","1,157.72",1692143,1959025833.85,68216,412571.0,24.38
2018-04-02,HAL,EQ,"1,132.85","1,127.70","1,155.00","1,118.00","1,150.00","1,149.25","1,145.25",176365,201981191.65,12274,77328.0,43.85
2018-04-03,HAL,EQ,"1,149.25","1,141.00","1,147.00","1,126.35","1,129.00","1,128.60","1,133.45",57565,65247076.7,5754,31673.0,55.02
2018-04-04,HAL,EQ,"1,128.60","1,130.00","1,140.00","1,115.00","1,115.05","1,115.90","1,125.44",81682,91927934.0,7640,39983.0,48.95
2018-04-05,HAL,EQ,"1,115.90","1,122.00","1,131.25","1,109.50","1,111.00","1,113.95","1,115.98",74994,83691653.7,5954,35317.0,47.09
2018-04-06,HAL,EQ,"1,113.95","1,103.50","1,118.85","1,100.05","1,102.00","1,102.85","1,107.06",73013,80829750.2,5346,38840.0,53.2
2018-04-09,HAL,EQ,"1,102.85","1,100.50","1,112.00","1,100.50","1,103.70","1,104.45","1,105.17",59514,65772838.35,4177,28838.0,48.46
2018-04-10,HAL,EQ,"1,104.45","1,109.80","1,110.00","1,092.05","1,103.90","1,102.30","1,101.37",53653,59091873.65,3808,30558.0,56.95
2018-04-11,HAL,EQ,"1,102.30","1,102.00","1,106.00","1,095.00","1,095.00","1,097.30","1,098.21",39956,43880201.8,3344,21499.0,53.81
2018-04-12,HAL,EQ,"1,097.30","1,096.00","1,098.05","1,080.10","1,083.20","1,086.15","1,088.40",54719,59556401.6,4495,31580.0,57.71
2018-04-13,HAL,EQ,"1,086.15","1,115.00","1,150.00","1,105.10","1,123.00","1,123.05","1,127.88",144882,163408797.45,11323,45628.0,31.49
2018-04-16,HAL,EQ,"1,123.05","1,125.00","1,159.90","1,124.00","1,147.00","1,147.90","1,148.51",135266,155354070.6,8461,62564.0,46.25
2018-04-17,HAL,EQ,"1,147.90","1,157.00","1,164.00","1,142.00","1,142.00","1,146.40","1,155.07",61793,71374956.3,5249,33007.0,53.42
2018-04-18,HAL,EQ,"1,146.40","1,154.00","1,155.00","1,125.00","1,127.00","1,130.00","1,141.56",41959,47898780.8,4082,18931.0,45.12
2018-04-19,HAL,EQ,"1,130.00","1,138.00","1,153.40","1,129.10","1,141.20","1,141.05","1,140.81",50624,57752466.1,3048,21617.0,42.7
2018-04-20,HAL,EQ,"1,141.05","1,141.20","1,145.90","1,118.00","1,121.10","1,125.55","1,133.24",34939,39594112.75,3355,20261.0,57.99
2018-04-23,HAL,EQ,"1,125.55","1,132.00","1,149.00","1,122.35","1,133.00","1,131.30","1,134.10",39907,45258660.2,3278,20978.0,52.57
2018-04-24,HAL,EQ,"1,131.30","1,137.95","1,144.50","1,130.00","1,131.30","1,130.80","1,135.15",30039,34098712.7,2771,14836.0,49.39
2018-04-25,HAL,EQ,"1,130.80","1,131.00","1,145.90","1,122.85","1,124.50","1,125.45","1,132.43",34914,39537691.15,2266,18131.0,51.93
2018-04-26,HAL,EQ,"1,125.45","1,127.00","1,138.00","1,125.00","1,128.60","1,130.45","1,130.28",16390,18525330.5,1538,8283.0,50.54
2018-04-27,HAL,EQ,"1,130.45","1,132.65","1,134.95","1,122.00","1,127.00","1,125.80","1,127.61",16572,18686755.85,1741,8397.0,50.67
2018-04-30,HAL,EQ,"1,125.80","1,134.40","1,134.40","1,119.00","1,119.10","1,124.35","1,125.16",18615,20944840.4,1847,9309.0,50.01
2018-05-02,HAL,EQ,"1,124.35","1,119.00","1,131.95","1,111.25","1,116.90","1,114.25","1,121.00",18861,21143216.95,1696,10155.0,53.84
2018-05-03,HAL,EQ,"1,114.25","1,114.05","1,115.00","1,089.20","1,094.50","1,095.00","1,099.92",19044,20946786.35,1944,13425.0,70.49
2018-05-04,HAL,EQ,"1,095.00","1,105.00","1,105.00","1,090.00","1,091.00","1,093.55","1,097.04",12282,13473830.55,1437,7786.0,63.39
2018-05-07,HAL,EQ,"1,093.55","1,090.50","1,122.05","1,082.05","1,106.00","1,108.15","1,097.02",21116,23164689.5,1866,11477.0,54.35
2018-05-08,HAL,EQ,"1,108.15","1,105.20","1,118.90","1,099.00","1,101.00","1,104.35","1,107.38",12620,13975129.4,1296,7326.0,58.05
2018-05-09,HAL,EQ,"1,104.35","1,100.00","1,103.95","1,090.00","1,091.20","1,093.45","1,096.23",9761,10700278.4,1098,6367.0,65.23
2018-05-10,HAL,EQ,"1,093.45","1,090.00","1,091.85","1,084.00","1,086.50","1,085.55","1,086.43",12712,13810761.45,1358,8145.0,64.07
2018-05-11,HAL,EQ,"1,085.55","1,087.50","1,091.00","1,071.15","1,091.00","1,083.20","1,082.95",16119,17456017.7,1493,11604.0,71.99
2018-05-14,HAL,EQ,"1,083.20","1,082.00","1,087.95","1,064.00","1,065.50","1,066.45","1,069.51",17672,18900422.7,1654,11507.0,65.11
2018-05-15,HAL,EQ,"1,066.45","1,075.00","1,083.65","1,051.50","1,054.00","1,055.35","1,067.22",15397,16432037.0,1522,9481.0,61.58
2018-05-16,HAL,EQ,"1,055.35","1,054.50","1,057.90","1,043.00","1,043.10","1,044.30","1,046.97",103139,107983492.65,1456,97725.0,94.75
2018-05-17,HAL,EQ,"1,044.30","1,046.00","1,050.65","1,032.95","1,042.00","1,039.75","1,040.08",9501,9881832.35,1202,5489.0,57.77
2018-05-18,HAL,EQ,"1,039.75","1,044.00","1,044.00","1,030.05","1,033.00","1,032.85","1,035.19",11552,11958462.55,1397,6613.0,57.25
2018-05-21,HAL,EQ,"1,032.85","1,031.95","1,031.95","1,009.00","1,019.10","1,021.35","1,016.63",25664,26090784.2,1862,14528.0,56.61
2018-05-22,HAL,EQ,"1,021.35","1,025.00","1,029.00","1,011.25","1,020.10","1,021.95","1,020.23",10808,11026642.85,1186,6856.0,63.43
2018-05-23,HAL,EQ,"1,021.95","1,020.00","1,024.00","1,006.00","1,018.00","1,015.65","1,014.32",11985,12156630.55,1339,8121.0,67.76
2018-05-24,HAL,EQ,"1,015.65","1,015.00","1,015.15","1,005.05","1,006.00","1,008.75","1,008.31",10278,10363428.1,1250,5784.0,56.28
2018-05-25,HAL,EQ,"1,008.75","1,008.00","1,025.00","1,005.55","1,025.00","1,022.75","1,017.88",13915,14163828.15,1483,6077.0,43.67
2018-05-28,HAL,EQ,"1,022.75","1,020.00","1,055.00","1,020.00","1,042.20","1,042.35","1,044.55",22850,23867877.65,1793,11896.0,52.06
2018-05-29,HAL,EQ,"1,042.35","1,035.00","1,051.00","1,035.00","1,050.00","1,048.70","1,044.50",8519,8898095.95,1092,4489.0,52.69
2018-05-30,HAL,EQ,"1,048.70","1,043.00","1,098.00","1,011.00","1,093.95","1,081.35","1,053.23",84558,89058631.45,5737,20262.0,23.96
2018-05-31,HAL,EQ,"1,081.35","1,085.00","1,098.95","1,046.50","1,056.00","1,057.10","1,058.51",342352,362382043.5,1989,330439.0,96.52
2018-06-01,HAL,EQ,"1,057.10","1,050.00","1,050.05","1,027.55","1,028.20","1,029.85","1,033.26",15574,16091988.7,1582,7667.0,49.23
2018-06-04,HAL,EQ,"1,029.85","1,040.00","1,040.05","1,015.00","1,019.00","1,018.55","1,019.71",10423,10628420.95,1146,5932.0,56.91
2018-06-05,HAL,EQ,"1,018.55","1,019.00","1,019.05",989.95,993.00,993.75,997.36,21152,21096227.2,2056,13850.0,65.48
2018-06-06,HAL,EQ,993.75,990.00,"1,004.35",989.00,995.00,996.90,996.47,9344,9311030.2,1087,4574.0,48.95
2018-06-07,HAL,EQ,996.90,996.00,"1,010.00",996.00,997.00,999.55,"1,000.54",10757,10762761.9,1281,5550.0,51.59
2018-06-08,HAL,EQ,999.55,995.55,998.95,987.50,988.00,990.45,992.52,13521,13419805.4,1470,9241.0,68.35
2018-06-11,HAL,EQ,990.45,990.55,994.70,984.00,985.00,987.10,990.08,14867,14719551.85,1470,9608.0,64.63
2018-06-12,HAL,EQ,987.10,987.50,992.00,968.70,970.00,973.75,979.84,23112,22646058.7,2158,14570.0,63.04
2018-06-13,HAL,EQ,973.75,968.00,979.95,963.50,964.00,964.45,968.05,19326,18708616.0,2059,12660.0,65.51
2018-06-14,HAL,EQ,964.45,960.00,"1,008.00",949.05,970.00,973.10,960.74,206279,198179730.65,4674,157474.0,76.34
2018-06-15,HAL,EQ,973.10,970.05,975.00,960.00,968.50,968.50,967.58,13532,13093316.85,1549,6681.0,49.37
2018-06-18,HAL,EQ,968.50,966.00,968.50,945.65,948.00,948.85,952.82,16102,15342317.6,1910,9686.0,60.15
2018-06-19,HAL,EQ,948.85,947.05,950.95,928.85,929.05,930.20,935.71,17843,16695846.95,1998,11238.0,62.98
2018-06-20,HAL,EQ,930.20,931.00,935.95,923.00,925.00,925.10,928.05,15275,14175924.2,1583,6857.0,44.89
2018-06-21,HAL,EQ,925.10,925.10,927.00,911.00,911.15,912.00,915.89,17703,16213922.7,1755,9673.0,54.64
2018-06-22,HAL,EQ,912.00,911.10,920.95,896.00,917.00,914.40,905.47,27953,25310624.7,3124,14382.0,51.45
2018-06-25,HAL,EQ,914.40,910.00,913.95,898.00,902.10,901.00,904.60,10004,9049628.45,1265,5489.0,54.87
2018-06-26,HAL,EQ,901.00,896.00,897.00,885.05,887.00,887.05,889.26,18084,16081329.1,1918,12465.0,68.93
2018-06-27,HAL,EQ,887.05,880.00,885.40,860.00,865.00,865.30,870.81,27245,23725178.6,2601,15682.0,57.56
2018-06-28,HAL,EQ,865.30,860.05,860.05,840.00,840.10,843.90,850.04,22852,19425150.2,2309,11707.0,51.23
2018-06-29,HAL,EQ,843.90,843.95,850.00,843.00,845.00,844.40,846.37,13304,11260132.3,1528,6634.0,49.86
2018-07-02,HAL,EQ,844.40,844.20,878.95,833.15,857.00,858.50,858.84,19490,16738745.95,2019,7722.0,39.62
2018-07-03,HAL,EQ,858.50,857.00,858.50,842.05,846.00,844.35,846.69,9325,7895412.75,1483,5431.0,58.24
2018-07-04,HAL,EQ,844.35,841.10,846.75,835.00,836.00,836.75,838.47,10745,9009389.05,1612,5912.0,55.02
2018-07-05,HAL,EQ,836.75,835.00,839.85,826.00,828.00,828.00,830.41,8342,6927274.2,1259,5164.0,61.9
2018-07-06,HAL,EQ,828.00,825.00,835.80,824.00,826.50,828.75,828.77,13966,11574572.15,1727,6846.0,49.02
2018-07-09,HAL,EQ,828.75,830.00,832.60,820.05,821.00,822.55,825.63,9711,8017660.8,1275,6580.0,67.76
2018-07-10,HAL,EQ,822.55,820.00,855.90,820.00,848.00,848.10,846.98,21632,18321870.75,2339,9973.0,46.1
2018-07-11,HAL,EQ,848.10,847.25,849.95,835.55,838.25,839.35,841.59,9271,7802379.2,1104,4771.0,51.46
2018-07-12,HAL,EQ,839.35,839.35,848.95,828.00,830.00,831.60,838.98,7686,6448363.75,989,4133.0,53.77
2018-07-13,HAL,EQ,831.60,827.05,840.85,818.05,825.05,826.75,828.35,13018,10783481.6,1297,4798.0,36.86
2018-07-16,HAL,EQ,826.75,819.20,823.80,812.00,815.00,813.60,815.90,9231,7531531.15,1175,5827.0,63.12
2018-07-17,HAL,EQ,813.60,811.00,822.65,808.00,812.10,816.25,813.62,19543,15900621.25,1804,5954.0,30.47
2018-07-18,HAL,EQ,816.25,812.90,814.90,801.55,804.75,804.15,806.95,9934,8016269.8,1110,5628.0,56.65
2018-07-19,HAL,EQ,804.15,804.00,809.00,791.55,793.95,793.45,798.57,12861,10270424.7,1641,6683.0,51.96
2018-07-20,HAL,EQ,793.45,793.95,793.95,780.00,786.00,785.05,784.01,18485,14492492.1,2021,10718.0,57.98
2018-07-23,HAL,EQ,785.05,780.05,784.85,770.05,773.00,773.20,776.70,14579,11323526.3,2069,9585.0,65.75
2018-07-24,HAL,EQ,773.20,774.00,787.60,772.00,783.60,782.20,781.16,12350,9647363.2,1506,5920.0,47.94
2018-07-25,HAL,EQ,782.20,783.00,798.10,783.00,784.95,785.95,790.22,11238,8880469.45,1582,4542.0,40.42
2018-07-26,HAL,EQ,785.95,782.00,795.00,775.00,782.05,782.05,785.03,13927,10933091.5,1984,6648.0,47.73
2018-07-27,HAL,EQ,782.05,779.00,796.15,779.00,788.00,789.30,789.59,12994,10259967.05,1818,7291.0,56.11
2018-07-30,HAL,EQ,789.30,791.00,903.80,791.00,897.00,890.20,868.30,138791,120512572.5,9191,31555.0,22.74
2018-07-31,HAL,EQ,890.20,899.00,976.90,897.00,965.00,968.60,952.82,301818,287577238.2,24586,49687.0,16.46
2018-08-01,HAL,EQ,968.60,978.00,990.90,958.35,979.00,979.95,976.11,116555,113770898.2,8948,30929.0,26.54
2018-08-02,HAL,EQ,979.95,971.95,977.90,938.80,961.00,957.55,955.67,31952,30535535.9,4060,12077.0,37.8
2018-08-03,HAL,EQ,957.55,960.00,976.20,950.00,966.00,962.85,965.50,18142,17516025.45,1955,9556.0,52.67
2018-08-06,HAL,EQ,962.85,972.50,972.50,943.85,959.80,955.65,956.58,20839,19934089.1,3480,9538.0,45.77
2018-08-07,HAL,EQ,955.65,945.00,"1,002.40",945.00,976.85,973.20,979.43,59419,58197004.25,5612,18381.0,30.93
2018-08-08,HAL,EQ,973.20,981.95,984.00,966.05,971.25,972.65,973.66,15809,15392575.45,2593,9179.0,58.06
2018-08-09,HAL,EQ,972.65,965.00,"1,013.00",960.15,991.80,986.10,990.46,52752,52248686.15,4420,13268.0,25.15
2018-08-10,HAL,EQ,986.10,986.00,988.00,968.80,987.00,976.80,977.24,15756,15397465.9,2197,8353.0,53.01
2018-08-13,HAL,EQ,976.80,956.85,999.00,956.85,980.00,983.85,984.47,72261,71138448.65,4978,7625.0,10.55
2018-08-14,HAL,EQ,983.85,983.00,983.00,961.10,962.10,962.70,967.95,10861,10512886.15,1340,5273.0,48.55
2018-08-16,HAL,EQ,962.70,962.00,966.70,936.05,940.00,941.00,949.98,10327,9810463.1,1413,5842.0,56.57
2018-08-17,HAL,EQ,941.00,951.00,959.70,925.35,931.85,935.45,939.61,12414,11664380.6,1607,6943.0,55.93
2018-08-20,HAL,EQ,935.45,926.05,936.90,923.05,923.05,923.95,926.17,11923,11042768.25,1157,6126.0,51.38
2018-08-21,HAL,EQ,923.95,923.00,925.90,910.10,914.90,914.10,917.00,8049,7380948.6,1009,4885.0,60.69
2018-08-23,HAL,EQ,914.10,920.00,924.80,900.25,908.20,909.35,910.09,12296,11190495.35,1369,7669.0,62.37
2018-08-24,HAL,EQ,909.35,909.75,914.90,891.00,892.50,895.15,901.49,8489,7652776.95,1167,5452.0,64.22
2018-08-27,HAL,EQ,895.15,925.00,932.85,914.90,919.90,920.10,920.37,18614,17131801.85,1649,9063.0,48.69
2018-08-28,HAL,EQ,920.1,920.1,920.1,895.0,899.0,897.95,903.14,13043,11779710.3,1413,8395.0,64.36
2018-08-29,HAL,EQ,897.95,900.05,907.65,892.0,898.0,896.95,896.85,6930,6215182.4,1107,3691.0,53.26
2018-08-30,HAL,EQ,896.95,892.05,902.1,885.0,897.0,896.65,891.79,7049,6286240.4,983,3377.0,47.91
2018-08-31,HAL,EQ,896.65,892.6,900.0,888.55,890.0,892.25,892.67,7753,6920902.45,1182,4436.0,57.22
2018-09-03,HAL,EQ,892.25,900.0,900.0,885.0,898.9,895.6,893.27,10186,9098869.4,1092,4977.0,48.86
2018-09-04,HAL,EQ,895.6,895.05,900.0,885.15,888.0,887.75,890.08,7890,7022756.9,862,3477.0,44.07
2018-09-05,HAL,EQ,887.75,882.0,889.85,862.0,865.0,868.7,873.04,8304,7249684.15,1172,3734.0,44.97
2018-09-06,HAL,EQ,868.7,869.0,884.95,855.1,868.5,865.25,866.91,9746,8448910.6,1302,3622.0,37.16
2018-09-07,HAL,EQ,865.25,865.0,938.8,855.1,923.0,922.0,912.21,108865,99307200.45,8856,17157.0,15.76
2018-09-10,HAL,EQ,922.0,922.0,945.05,922.0,929.0,930.45,934.55,32206,30098173.7,2799,13335.0,41.41
2018-09-11,HAL,EQ,930.45,937.6,937.6,910.0,910.0,911.75,919.83,12173,11197142.1,1365,5991.0,49.22
2018-09-12,HAL,EQ,911.75,910.0,920.0,900.0,906.0,904.6,906.76,7726,7005637.05,944,3785.0,48.99
2018-09-14,HAL,EQ,904.6,910.0,934.5,909.8,933.0,932.3,928.23,23940,22221722.5,3179,16255.0,67.9
2018-09-17,HAL,EQ,932.3,920.0,960.0,918.0,950.25,953.15,945.15,35402,33460260.45,3212,22785.0,64.36
2018-09-18,HAL,EQ,953.15,955.0,968.15,932.95,962.3,961.35,957.32,22750,21778994.6,5027,10681.0,46.95
2018-09-19,HAL,EQ,961.35,945.55,959.95,932.0,932.1,934.75,944.1,7260,6854130.7,1163,4364.0,60.11
2018-09-21,HAL,EQ,934.75,934.75,949.0,890.0,892.0,905.75,913.38,30354,27724588.2,3242,23141.0,76.24
2018-09-24,HAL,EQ,905.75,912.95,930.55,865.5,872.0,871.9,882.41,10764,9498238.95,1686,6072.0,56.41
2018-09-25,HAL,EQ,871.9,872.0,880.35,838.4,840.1,842.15,853.57,13281,11336274.15,1980,7502.0,56.49
2018-09-26,HAL,EQ,842.15,842.05,855.0,833.0,839.95,839.45,844.98,7507,6343271.95,1393,3540.0,47.16
2018-09-27,HAL,EQ,839.45,839.95,846.0,820.25,830.0,826.4,830.63,6369,5290312.3,1136,4113.0,64.58
2018-09-28,HAL,EQ,826.4,832.0,836.7,777.0,784.0,779.8,795.57,18551,14758562.95,3078,12137.0,65.43
2018-10-01,HAL,EQ,779.8,795.0,827.7,789.45,805.0,802.6,804.48,18286,14710667.35,2841,8519.0,46.59
2018-10-03,HAL,EQ,802.6,810.0,819.85,799.15,813.95,810.45,808.96,11019,8913909.95,1748,4894.0,44.41
2018-10-04,HAL,EQ,810.45,806.1,810.0,793.0,802.25,802.7,801.44,8920,7148812.1,1766,4697.0,52.66
2018-10-05,HAL,EQ,802.7,804.0,809.95,790.0,790.0,792.2,795.44,7576,6026218.9,1377,4453.0,58.78
2018-10-08,HAL,EQ,792.2,791.0,795.05,774.1,782.8,780.95,780.93,8600,6715983.8,1453,5345.0,62.15
2018-10-09,HAL,EQ,780.95,786.0,794.15,767.0,768.9,770.2,772.68,10585,8178839.4,1687,7593.0,71.73
2018-10-10,HAL,EQ,770.2,770.0,784.95,761.0,772.5,774.05,775.37,15115,11719776.8,2450,5164.0,34.16
2018-10-11,HAL,EQ,774.05,774.0,790.05,755.3,768.85,766.75,776.24,15795,12260723.95,2607,5819.0,36.84
2018-10-12,HAL,EQ,766.75,766.75,790.0,766.0,775.1,778.15,778.79,8228,6407873.55,1521,3411.0,41.46
2018-10-15,HAL,EQ,778.15,777.9,797.75,775.1,794.0,789.9,783.32,8800,6893199.15,1293,4390.0,49.89
2018-10-16,HAL,EQ,789.9,790.0,820.4,790.0,803.5,804.65,809.15,10173,8231443.3,1491,5318.0,52.28
2018-10-17,HAL,EQ,804.65,820.45,820.45,785.0,793.95,791.2,801.08,7066,5660431.7,1228,3833.0,54.25
2018-10-19,HAL,EQ,791.2,790.9,797.0,775.2,783.9,779.8,780.9,4918,3840460.6,1183,2868.0,58.32
2018-10-22,HAL,EQ,779.8,780.0,783.85,760.0,760.0,765.35,770.32,5598,4312230.35,1045,3403.0,60.79
2018-10-23,HAL,EQ,765.35,758.4,767.0,751.0,754.0,753.1,755.33,6532,4933809.9,1116,3709.0,56.78
2018-10-24,HAL,EQ,753.1,770.0,770.0,751.6,753.5,753.8,755.64,4549,3437423.0,1018,2555.0,56.17
2018-10-25,HAL,EQ,753.8,750.0,753.0,741.0,741.5,742.05,744.62,6696,4985942.4,1027,4286.0,64.01
2018-10-26,HAL,EQ,742.05,745.0,756.0,740.0,746.75,746.45,743.8,10409,7742253.8,1242,4049.0,38.9
2018-10-29,HAL,EQ,746.45,750.0,753.3,740.05,748.1,750.2,748.38,7000,5238652.45,950,3553.0,50.76
2018-10-30,HAL,EQ,750.2,754.85,758.7,748.0,756.25,755.1,753.76,5574,4201473.3,842,3493.0,62.67
2018-10-31,HAL,EQ,755.1,754.95,765.4,749.95,755.55,760.6,756.26,8315,6288293.05,1976,5047.0,60.7
2018-11-01,HAL,EQ,760.6,769.0,769.0,752.0,753.0,754.2,757.27,64016,48477275.85,1717,58156.0,90.85
2018-11-02,HAL,EQ,754.2,759.0,763.85,753.55,756.0,756.65,759.32,10047,7628896.75,1610,6745.0,67.13
2018-11-05,HAL,EQ,756.65,759.0,765.0,752.85,758.0,759.7,759.99,5932,4508236.1,1020,4045.0,68.19
2018-11-06,HAL,EQ,759.7,760.0,777.0,760.0,766.9,766.3,766.75,10522,8067718.1,1781,6571.0,62.45
2018-11-07,HAL,EQ,766.3,770.4,805.4,768.0,786.0,790.3,789.93,13421,10601684.25,1320,5718.0,42.6
2018-11-09,HAL,EQ,790.3,790.3,948.0,790.05,936.0,919.9,890.27,563288,501478851.65,28160,60505.0,10.74
2018-11-12,HAL,EQ,919.9,935.0,938.9,880.0,888.95,895.5,904.7,145591,131716445.8,12064,32226.0,22.13
2018-11-13,HAL,EQ,895.5,880.0,888.6,852.0,855.0,855.55,864.84,46071,39843866.8,4291,19723.0,42.81
2018-11-14,HAL,EQ,855.55,858.5,875.0,835.0,843.9,846.3,854.41,52995,45279315.25,4903,9342.0,17.63
2018-11-15,HAL,EQ,846.3,849.5,853.0,825.0,837.0,837.25,841.08,15477,13017463.25,1895,4660.0,30.11
2018-11-16,HAL,EQ,837.25,841.05,848.8,820.6,825.0,824.5,832.05,15473,12874365.35,1762,7215.0,46.63
2018-11-19,HAL,EQ,824.5,833.5,840.0,815.0,825.0,822.9,830.54,20334,16888220.8,2118,5753.0,28.29
2018-11-20,HAL,EQ,822.9,822.95,833.0,808.55,814.0,812.9,820.81,19517,16019729.5,1818,6812.0,34.9
2018-11-21,HAL,EQ,812.9,819.85,822.0,794.0,801.5,803.4,803.72,36657,29462004.6,1560,29834.0,81.39
2018-11-22,HAL,EQ,803.4,798.05,809.15,796.0,796.0,796.85,800.32,9123,7301354.4,1440,4429.0,48.55
2018-11-26,HAL,EQ,796.85,805.0,805.0,783.0,786.7,787.1,790.1,6266,4950781.25,1047,3088.0,49.28
2018-11-27,HAL,EQ,787.1,784.05,865.0,777.0,806.0,809.9,831.81,82650,68749239.3,7803,15126.0,18.3
2018-11-28,HAL,EQ,809.9,810.0,820.0,790.0,794.0,794.25,807.08,16549,13356417.25,2021,6800.0,41.09
2018-11-29,HAL,EQ,794.25,802.8,807.95,790.0,796.0,793.35,797.05,8668,6908844.6,1297,3510.0,40.49
2018-11-30,HAL,EQ,793.35,798.0,799.95,787.0,787.05,790.3,792.81,7674,6083994.6,1286,4343.0,56.59
2018-12-03,HAL,EQ,790.3,789.0,799.0,782.0,786.8,785.1,786.91,8303,6533705.6,1459,4461.0,53.73
2018-12-04,HAL,EQ,785.1,787.1,793.95,779.95,781.9,781.35,785.16,10708,8407511.3,1829,4796.0,44.79
2018-12-05,HAL,EQ,781.35,785.0,785.0,771.0,772.75,774.4,776.19,7609,5906018.3,1445,4057.0,53.32
2018-12-06,HAL,EQ,774.4,774.0,774.0,765.0,768.0,770.5,769.15,7156,5504057.85,1272,4433.0,61.95
2018-12-07,HAL,EQ,770.5,775.0,786.95,759.0,760.0,761.7,768.67,13501,10377855.1,1738,6485.0,48.03
2018-12-10,HAL,EQ,761.7,752.2,758.0,746.6,747.0,749.5,751.19,12400,9314790.0,1649,7661.0,61.78
2018-12-11,HAL,EQ,749.5,746.5,766.6,743.0,755.05,754.45,756.67,8603,6509614.05,1419,5109.0,59.39
2018-12-12,HAL,EQ,754.45,754.0,784.0,754.0,775.3,770.2,771.43,18295,14113322.5,2337,12136.0,66.34
2018-12-13,HAL,EQ,770.2,778.25,781.9,762.55,762.55,769.8,775.05,11944,9257151.3,1557,7530.0,63.04
2018-12-14,HAL,EQ,769.8,778.95,782.0,762.35,765.95,767.75,771.99,9948,7679750.95,1161,5372.0,54.00
2018-12-17,HAL,EQ,767.75,772.0,789.9,771.35,783.0,785.6,782.31,13018,10184080.9,1368,7531.0,57.85
2018-12-18,HAL,EQ,785.6,783.8,796.0,777.7,782.15,784.6,787.96,10977,8649481.1,1435,3347.0,30.49
2018-12-19,HAL,EQ,784.6,790.0,798.0,780.0,786.9,788.7,789.44,10311,8139929.8,1442,4526.0,43.89
2018-12-20,HAL,EQ,788.7,786.35,800.0,781.0,784.0,784.05,787.77,13528,10656978.3,1237,5792.0,42.81
2018-12-21,HAL,EQ,784.05,784.35,792.85,780.0,788.0,786.1,785.84,21807,17136891.7,2032,15763.0,72.28
2018-12-24,HAL,EQ,786.1,791.1,791.1,782.15,786.25,786.15,785.82,7238,5687732.55,579,5338.0,73.75
2018-12-26,HAL,EQ,786.15,775.0,789.0,775.0,781.5,781.6,781.06,5133,4009194.7,551,3846.0,74.93
2018-12-27,HAL,EQ,781.6,780.0,792.2,780.0,787.0,788.5,787.15,6073,4780374.8,631,4520.0,74.43
2018-12-28,HAL,EQ,788.5,781.15,793.95,781.15,791.0,790.6,790.53,4204,3323375.15,549,3088.0,73.45
2018-12-31,HAL,EQ,790.6,790.05,825.3,790.0,802.95,806.85,804.96,29180,23488609.8,3932,16326.0,55.95
2019-01-01,HAL,EQ,806.85,806.05,821.65,791.7,800.8,798.6,806.04,10509,8470715.0,1725,4602.0,43.79
2019-01-02,HAL,EQ,798.6,804.0,814.0,795.85,798.7,799.9,804.43,11722,9429566.95,3871,5664.0,48.32
2019-01-03,HAL,EQ,799.9,799.9,806.5,789.4,789.4,792.8,796.37,6684,5322906.9,1567,4066.0,60.83
2019-01-04,HAL,EQ,792.8,799.95,828.0,781.9,810.2,814.7,815.94,162565,132642907.7,13036,47061.0,28.95
2019-01-07,HAL,EQ,814.7,797.0,804.8,783.95,787.0,789.45,796.3,49834,39682975.55,3958,19934.0,40.00
2019-01-08,HAL,EQ,789.45,785.7,798.85,775.0,789.9,789.5,783.51,27426,21488504.05,2674,9961.0,36.32
2019-01-09,HAL,EQ,789.5,789.9,798.0,779.05,784.5,782.8,788.68,14364,11328655.45,1781,7092.0,49.37
2019-01-10,HAL,EQ,782.8,778.65,787.95,775.0,777.0,775.85,779.36,12944,10087995.8,2274,7689.0,59.40
2019-01-11,HAL,EQ,775.85,780.0,782.15,773.25,775.0,775.8,779.85,59449,46361226.5,2022,56125.0,94.41
2019-01-14,HAL,EQ,775.8,767.85,777.85,767.85,773.5,772.55,771.81,8096,6248600.85,1049,5040.0,62.25
2019-01-15,HAL,EQ,772.55,775.35,778.0,770.0,771.9,772.8,772.89,6055,4679866.8,1299,3567.0,58.91
2019-01-16,HAL,EQ,772.8,773.8,784.0,771.0,775.0,775.0,775.17,143705,111395276.5,6868,133956.0,93.22
2019-01-17,HAL,EQ,775.0,774.0,782.95,774.0,779.9,778.7,779.39,8805,6862516.4,1205,6643.0,75.45
2019-01-18,HAL,EQ,778.7,780.0,791.75,780.0,784.0,784.5,784.32,14688,11520122.95,1798,10109.0,68.82
2019-01-21,HAL,EQ,784.5,777.0,787.7,774.0,774.0,776.55,783.81,15373,12049537.4,1532,13736.0,89.35
2019-01-22,HAL,EQ,776.55,777.1,781.0,765.0,765.05,766.2,768.94,3917,3011937.0,887,2555.0,65.23
2019-01-23,HAL,EQ,766.2,770.55,770.55,753.0,754.95,754.25,758.14,8980,6808077.05,1590,5688.0,63.34
2019-01-24,HAL,EQ,754.25,752.75,758.95,747.0,747.2,747.9,750.6,6707,5034255.3,1209,4331.0,64.57
2019-01-25,HAL,EQ,747.9,749.1,758.0,738.65,741.5,742.05,747.22,9527,7118751.2,1544,5143.0,53.98
2019-01-28,HAL,EQ,742.05,754.9,754.9,729.0,734.9,732.8,736.12,7598,5593033.05,1466,,-
2019-01-29,HAL,EQ,732.8,735.0,735.05,723.25,725.0,725.9,728.37,6732,4903418.35,1238,4674.0,69.43
2019-01-30,HAL,EQ,725.9,727.0,737.75,710.05,714.95,716.8,720.91,10656,7682044.8,1961,5971.0,56.03
2019-01-31,HAL,EQ,716.8,715.0,719.6,709.0,709.05,710.9,712.55,7497,5341957.85,1385,5360.0,71.50
2019-02-01,HAL,EQ,710.9,711.05,747.95,703.0,704.0,705.5,723.07,29348,21220649.1,4296,10635.0,36.24
2019-02-04,HAL,EQ,705.5,708.3,708.3,687.6,689.8,690.1,693.85,10533,7308371.55,1696,7236.0,68.70
2019-02-05,HAL,EQ,690.1,699.0,699.0,667.8,672.0,674.75,683.77,10284,7031860.9,1560,6342.0,61.67
2019-02-06,HAL,EQ,674.75,675.3,680.25,655.5,659.0,658.8,662.87,13741,9108447.25,2114,8810.0,64.11
2019-02-07,HAL,EQ,658.8,667.9,671.8,648.15,651.05,652.65,659.01,19407,12789350.1,1960,10152.0,52.31
2019-02-08,HAL,EQ,652.65,650.9,655.75,636.05,650.05,650.0,643.69,16152,10396926.25,1473,8891.0,55.05
2019-02-11,HAL,EQ,650.0,659.0,667.9,650.0,659.0,659.65,661.34,13954,9228294.75,1345,8223.0,58.93
2019-02-12,HAL,EQ,659.65,661.0,661.05,637.0,640.9,639.2,644.72,14129,9109282.55,1307,8721.0,61.72
2019-02-13,HAL,EQ,639.2,640.9,646.0,624.95,625.0,626.7,632.75,14709,9307085.9,1324,9901.0,67.31
2019-02-14,HAL,EQ,626.7,631.6,638.95,621.05,622.0,623.8,626.09,12581,7876853.25,1204,8490.0,67.48
2019-02-15,HAL,EQ,623.8,627.75,662.2,618.25,624.0,624.05,636.85,28468,18129870.2,2334,13822.0,48.55
2019-02-18,HAL,EQ,624.05,629.05,629.8,610.05,614.5,614.1,618.23,37174,22981946.8,1425,33199.0,89.31
2019-02-19,HAL,EQ,614.1,611.55,623.95,611.35,616.0,617.8,617.23,7526,4645268.45,1060,3494.0,46.43
2019-02-20,HAL,EQ,617.8,624.0,626.95,616.95,618.0,618.25,622.39,10232,6368285.3,798,7031.0,68.72
2019-02-21,HAL,EQ,618.25,632.0,694.9,632.0,664.0,666.2,662.91,105157,69709885.6,7900,20298.0,19.30
2019-02-22,HAL,EQ,666.2,667.0,693.0,654.0,656.0,661.0,671.97,48152,32356712.55,4335,17973.0,37.33
2019-02-25,HAL,EQ,661.0,661.2,664.9,650.0,653.0,651.25,655.4,13685,8969099.3,1965,6296.0,46.01
2019-02-26,HAL,EQ,651.25,650.0,676.95,638.0,651.0,652.4,659.52,39364,25961290.3,4219,12822.0,32.57
2019-02-27,HAL,EQ,652.4,655.0,672.5,648.0,653.3,657.4,660.23,70280,46400771.0,6881,22309.0,31.74
2019-02-28,HAL,EQ,657.4,665.0,670.0,650.0,653.0,652.8,660.74,56878,37581638.8,6537,24766.0,43.54
2019-03-01,HAL,EQ,652.8,657.25,675.0,655.0,671.0,670.75,666.8,36976,24655640.65,2312,21104.0,57.07
2019-03-05,HAL,EQ,670.75,674.0,695.0,667.95,687.0,685.15,684.9,31197,21366916.2,2405,20006.0,64.13
2019-03-06,HAL,EQ,685.15,690.0,704.0,685.1,690.0,689.45,692.41,19788,13701336.8,1744,11275.0,56.98
2019-03-07,HAL,EQ,689.45,697.8,697.8,675.0,679.0,678.7,684.91,11769,8060647.85,1964,6616.0,56.22
2019-03-08,HAL,EQ,678.7,679.0,679.75,661.55,666.95,665.0,669.9,13132,8797177.2,1440,8305.0,63.24
2019-03-11,HAL,EQ,665.0,671.85,680.95,665.15,680.5,678.45,674.54,13033,8791266.0,1392,9354.0,71.77
2019-03-12,HAL,EQ,678.45,694.0,700.9,689.45,694.0,691.9,694.9,31018,21554430.45,2408,17546.0,56.57
2019-03-13,HAL,EQ,691.9,698.0,698.0,675.1,679.0,678.8,683.94,20432,13974334.6,1558,11867.0,58.08
2019-03-14,HAL,EQ,678.8,682.0,685.0,675.0,676.7,676.9,678.81,14139,9597742.6,1129,7885.0,55.77
2019-03-15,HAL,EQ,676.9,673.85,685.0,672.1,674.0,674.1,677.58,17387,11781001.95,1270,12541.0,72.13
2019-03-18,HAL,EQ,674.1,675.0,718.0,675.0,700.0,699.75,702.8,160415,112739161.45,10577,47401.0,29.55
2019-03-19,HAL,EQ,699.75,706.0,715.6,702.0,711.95,709.9,710.85,55814,39675129.75,3957,27228.0,48.78
2019-03-20,HAL,EQ,709.9,709.1,718.8,709.1,711.0,711.4,713.07,29061,20722406.05,2007,19571.0,67.34
2019-03-22,HAL,EQ,711.4,715.0,715.0,707.0,708.0,707.95,710.98,23855,16960520.75,1627,15700.0,65.81
2019-03-25,HAL,EQ,707.95,707.95,715.0,706.8,714.5,712.85,712.13,30448,21682975.9,1842,17248.0,56.65
2019-03-26,HAL,EQ,712.85,718.65,724.15,713.55,721.6,722.0,720.47,38217,27534125.1,2691,18488.0,48.38
2019-03-27,HAL,EQ,722.0,724.95,777.0,722.0,743.5,739.65,746.46,182560,136274275.25,9183,37279.0,20.42
2019-03-28,HAL,EQ,739.65,740.0,740.0,699.35,722.9,721.15,722.78,35567,25707114.1,2455,16912.0,47.55
2019-03-29,HAL,EQ,721.15,720.0,720.3,705.0,706.5,706.45,710.97,24661,17533134.35,2543,12240.0,49.63
2019-04-01,HAL,EQ,706.45,702.0,729.5,702.0,713.5,712.45,712.62,36472,25990745.7,3442,16587.0,45.48
2019-04-02,HAL,EQ,712.45,721.8,721.8,708.0,715.0,715.15,714.73,23960,17124876.3,2224,12405.0,51.77
2019-04-03,HAL,EQ,715.15,716.0,723.5,710.5,715.0,715.0,715.86,17340,12413036.15,1601,10547.0,60.82
2019-04-04,HAL,EQ,715.0,715.0,718.9,708.0,717.0,711.85,713.25,15126,10788665.0,928,12062.0,79.74
2019-04-05,HAL,EQ,711.85,711.0,719.8,704.75,714.8,712.95,712.31,19687,14023317.15,1509,12961.0,65.84
2019-04-08,HAL,EQ,712.95,711.0,716.0,705.1,710.5,713.65,712.79,17904,12761860.35,1282,11970.0,66.86
2019-04-09,HAL,EQ,713.65,710.0,715.5,708.1,714.5,714.15,713.7,12047,8597974.4,1096,9135.0,75.83
2019-04-10,HAL,EQ,714.15,705.2,716.0,705.2,716.0,714.2,713.63,12954,9244402.45,1548,10012.0,77.29
2019-04-11,HAL,EQ,714.2,712.0,728.8,712.0,716.8,716.7,721.39,20029,14448780.2,2077,6144.0,30.68
2019-04-12,HAL,EQ,716.7,716.9,720.3,708.1,709.7,710.55,712.47,7947,5662000.75,1100,5605.0,70.53
2019-04-15,HAL,EQ,710.55,717.25,717.25,705.0,709.65,707.5,709.06,9566,6782914.25,937,6947.0,72.62
2019-04-16,HAL,EQ,707.5,708.5,712.25,707.0,709.95,708.4,709.69,5369,3810341.3,696,3361.0,62.6
2019-04-18,HAL,EQ,708.4,707.0,710.0,697.05,701.0,699.85,702.36,10061,7066454.35,985,6690.0,66.49
2019-04-22,HAL,EQ,699.85,695.0,719.8,684.0,684.0,685.6,689.71,8758,6040483.95,1037,5820.0,66.45
2019-04-23,HAL,EQ,685.6,688.0,692.75,678.1,678.5,679.7,681.8,6884,4693528.9,987,4111.0,59.72
2019-04-24,HAL,EQ,679.7,679.7,688.7,676.1,678.9,679.0,680.44,7032,4784851.85,969,4310.0,61.29
2019-04-25,HAL,EQ,679.0,687.0,687.0,675.0,677.1,677.55,677.54,7039,4769181.25,831,4822.0,68.5
2019-04-26,HAL,EQ,677.55,684.9,686.1,670.0,675.0,677.7,679.45,9810,6665449.55,942,5009.0,51.06
2019-04-30,HAL,EQ,677.7,673.0,678.0,665.25,667.5,667.85,669.63,9424,6310630.55,1097,5471.0,58.05
2019-05-02,HAL,EQ,667.85,667.1,670.35,645.0,663.0,662.3,660.68,7566,4998693.4,963,4604.0,60.85
2019-05-03,HAL,EQ,662.3,661.0,667.05,643.35,650.6,652.75,658.23,17459,11491965.5,1387,5628.0,32.24
2019-05-06,HAL,EQ,652.75,650.0,657.7,643.0,648.0,647.25,649.09,8877,5761966.85,960,5296.0,59.66
2019-05-07,HAL,EQ,647.25,650.0,656.6,644.0,649.0,646.85,649.43,4981,3234805.0,802,2713.0,54.47
2019-05-08,HAL,EQ,646.85,648.9,648.9,631.8,632.0,638.35,640.5,7166,4589850.25,857,5353.0,74.7
2019-05-09,HAL,EQ,638.35,632.2,649.5,631.0,640.95,640.6,638.17,11007,7024359.25,940,6090.0,55.33
2019-05-10,HAL,EQ,640.6,646.95,646.95,635.0,641.45,640.5,639.97,5015,3209433.55,678,2932.0,58.46
2019-05-13,HAL,EQ,640.5,636.0,640.6,627.25,630.8,629.6,632.04,5416,3423120.6,785,2968.0,54.8
2019-05-14,HAL,EQ,629.6,625.0,638.35,620.85,637.5,634.2,631.6,8451,5337671.3,843,4297.0,50.85
2019-05-15,HAL,EQ,634.2,631.2,649.0,626.5,635.0,632.7,638.62,11191,7146826.2,1107,5919.0,52.89
2019-05-16,HAL,EQ,632.7,631.15,642.0,628.0,638.0,636.6,635.76,11545,7339840.2,882,7012.0,60.74
2019-05-17,HAL,EQ,636.6,638.5,645.0,635.0,637.8,636.55,637.74,7592,4841692.5,634,4931.0,64.95
2019-05-20,HAL,EQ,636.55,650.1,671.35,646.0,650.35,653.15,656.17,28124,18454010.8,1965,16945.0,60.25
2019-05-21,HAL,EQ,653.15,650.0,658.9,643.15,643.2,645.55,650.52,8244,5362853.7,1034,4493.0,54.5
2019-05-22,HAL,EQ,645.55,646.55,675.0,646.15,670.0,659.9,650.58,63110,41058306.8,1124,57750.0,91.51
2019-05-23,HAL,EQ,659.9,669.0,684.7,658.85,667.0,668.4,671.84,26634,17893749.35,2119,11229.0,42.16
2019-05-24,HAL,EQ,668.4,669.05,698.0,666.05,677.0,678.8,675.82,60016,40559879.05,2317,42167.0,70.26
2019-05-27,HAL,EQ,678.8,684.8,708.4,683.3,704.0,705.4,698.91,46132,32242229.8,3308,24159.0,52.37
2019-05-28,HAL,EQ,705.4,730.0,741.0,711.3,722.0,722.0,729.94,85631,62505376.45,4847,33884.0,39.57
2019-05-29,HAL,EQ,722.0,728.0,733.9,710.0,718.0,716.5,721.09,52107,37573964.5,2979,38834.0,74.53
2019-05-30,HAL,EQ,716.5,725.0,725.0,708.5,720.0,718.45,716.66,11640,8341865.8,1161,7917.0,68.02
2019-05-31,HAL,EQ,718.45,720.0,720.1,708.0,708.0,710.3,712.15,18759,13359173.2,897,15544.0,82.86
2019-06-03,HAL,EQ,710.3,710.0,758.0,700.0,736.5,740.0,716.66,384904,275843621.7,4743,347729.0,90.34
2019-06-04,HAL,EQ,740.0,732.0,739.9,722.0,726.0,724.15,729.25,13780,10049130.35,1141,7592.0,55.09
2019-06-06,HAL,EQ,724.15,727.0,730.0,705.3,712.0,710.65,715.26,10235,7320691.75,988,7068.0,69.06
2019-06-07,HAL,EQ,710.65,720.05,722.0,707.5,713.95,713.65,712.64,7864,5604164.5,769,5504.0,69.99
2019-06-10,HAL,EQ,713.65,715.1,719.05,693.15,698.0,701.15,703.86,7535,5303567.1,908,4632.0,61.47
2019-06-11,HAL,EQ,701.15,701.05,713.8,690.0,708.0,705.7,700.58,9030,6326274.1,952,4691.0,51.95
2019-06-12,HAL,EQ,705.7,717.0,717.0,694.0,698.0,699.5,701.99,7266,5100686.95,833,4024.0,55.38
2019-06-13,HAL,EQ,699.5,699.0,699.0,690.0,693.4,692.95,693.06,6761,4685811.9,1236,3836.0,56.74
2019-06-14,HAL,EQ,692.95,693.4,698.9,683.65,683.65,686.45,689.51,4778,3294476.75,811,3111.0,65.11
2019-06-17,HAL,EQ,686.45,682.1,690.2,682.1,686.0,684.55,685.35,6546,4486321.0,1101,4748.0,72.36
2019-06-18,HAL,EQ,684.55,681.05,690.1,681.05,684.0,683.65,684.81,5414,3707574.15,871,3442.0,63.13
2019-06-19,HAL,EQ,683.65,683.65,688.75,670.0,675.5,675.65,680.88,8135,5538935.15,1520,4379.0,53.83
2019-06-20,HAL,EQ,675.65,671.0,694.85,671.0,690.0,689.5,680.62,4526,3080481.35,968,2614.0,57.76
2019-06-21,HAL,EQ,689.5,689.8,703.05,681.0,700.0,699.35,695.12,16844,11708685.2,1094,11811.0,70.12
2019-06-24,HAL,EQ,699.35,700.0,710.0,698.9,701.0,700.7,704.69,7870,5545914.85,717,4684.0,59.52
2019-06-25,HAL,EQ,700.7,709.7,749.0,700.0,719.9,720.3,703.07,521377,366562781.85,4053,475258.0,91.15
2019-06-26,HAL,EQ,720.3,725.0,725.0,711.55,711.6,713.75,717.79,8058,5783917.45,905,4559.0,56.58
2019-06-27,HAL,EQ,713.75,712.0,719.7,706.25,715.0,715.6,715.12,7750,5542215.05,775,4286.0,55.3
2019-06-28,HAL,EQ,715.6,718.0,739.0,707.15,710.05,714.5,725.53,34261,24857218.5,2745,13350.0,38.97
2019-07-01,HAL,EQ,714.5,711.5,718.95,705.0,706.3,708.25,712.25,7354,5237879.35,964,2698.0,36.69
2019-07-02,HAL,EQ,708.25,710.9,710.9,692.5,705.0,703.45,701.36,8777,6155798.3,899,3781.0,43.08
2019-07-03,HAL,EQ,703.45,705.0,710.0,701.0,704.0,707.55,706.25,4426,3125856.95,606,2638.0,59.6
2019-07-04,HAL,EQ,707.55,705.0,714.3,705.0,712.4,711.65,710.75,5784,4110976.55,705,3495.0,60.43
2019-07-05,HAL,EQ,711.65,715.0,729.0,680.0,685.0,695.15,714.79,27711,19807517.45,2452,12704.0,45.84
2019-07-08,HAL,EQ,695.15,688.5,696.95,675.05,675.2,676.6,682.84,7486,5111760.05,1145,4628.0,61.82
2019-07-09,HAL,EQ,676.6,677.95,684.8,672.0,675.4,677.75,677.95,5633,3818900.1,691,2822.0,50.1
2019-07-10,HAL,EQ,677.75,675.05,679.6,665.3,672.0,670.9,673.96,4161,2804352.1,709,2825.0,67.89
2019-07-11,HAL,EQ,670.9,668.0,684.6,668.0,674.15,678.45,673.09,5707,3841340.05,816,3008.0,52.71
2019-07-12,HAL,EQ,678.45,672.55,682.95,670.0,675.0,674.55,675.36,7014,4736945.8,847,4528.0,64.56
2019-07-15,HAL,EQ,674.55,675.05,682.15,668.1,675.0,675.15,675.51,6889,4653601.2,654,3995.0,57.99
2019-07-16,HAL,EQ,675.15,675.15,680.9,672.0,680.9,676.45,676.58,6061,4100779.0,541,4503.0,74.29
2019-07-17,HAL,EQ,676.45,682.9,682.9,673.35,675.0,675.1,676.14,4252,2874947.75,488,3012.0,70.84
2019-07-18,HAL,EQ,675.1,675.1,681.5,671.0,675.75,675.25,675.54,7995,5400946.9,642,5101.0,63.8
2019-07-19,HAL,EQ,675.25,673.0,678.75,672.35,675.0,675.05,675.02,8369,5649271.55,613,7017.0,83.85
2019-07-22,HAL,EQ,675.05,670.0,680.0,670.0,675.0,673.9,673.88,11767,7929601.35,997,5960.0,50.65
2019-07-23,HAL,EQ,673.9,676.15,676.55,671.4,674.5,674.5,674.91,4285,2891990.4,498,3444.0,80.37
2019-07-24,HAL,EQ,674.5,671.2,678.25,671.05,673.9,673.0,673.05,4658,3135064.6,500,3675.0,78.9
2019-07-25,HAL,EQ,673.0,667.0,675.0,667.0,668.5,672.8,671.14,4199,2818098.15,483,3231.0,76.95
2019-07-26,HAL,EQ,672.8,677.0,688.0,673.5,675.0,675.95,678.37,13994,9493104.0,1166,3771.0,26.95
2019-07-29,HAL,EQ,675.95,675.0,688.0,674.85,675.0,675.25,677.42,5352,3625539.6,654,3142.0,58.71
2019-07-30,HAL,EQ,675.25,671.0,678.95,671.0,675.0,674.65,674.32,6375,4298761.85,631,4892.0,76.74
2019-07-31,HAL,EQ,674.65,667.1,674.0,660.0,660.0,661.25,665.01,5336,3548515.05,779,3416.0,64.02
2019-08-01,HAL,EQ,661.25,659.9,661.15,648.0,651.5,651.9,652.98,4369,2852850.6,676,2839.0,64.98
2019-08-02,HAL,EQ,651.9,641.0,651.5,640.0,641.8,642.8,642.61,5925,3807460.85,794,4243.0,71.61
2019-08-05,HAL,EQ,642.8,642.8,642.8,626.0,631.95,630.35,630.81,5491,3463783.45,797,3173.0,57.79
2019-08-06,HAL,EQ,630.35,625.05,640.0,625.05,633.1,635.25,636.19,4631,2946208.9,611,2702.0,58.35
2019-08-07,HAL,EQ,635.25,632.0,643.15,632.0,634.8,635.35,636.76,2056,1309178.95,498,1297.0,63.08
2019-08-08,HAL,EQ,635.35,625.0,636.6,625.0,633.5,633.55,632.79,3141,1987608.3,464,2158.0,68.7
2019-08-09,HAL,EQ,633.55,634.6,649.95,634.6,640.0,642.25,644.95,5200,3353715.0,837,2916.0,56.08
2019-08-13,HAL,EQ,642.25,647.95,647.95,627.8,637.0,636.95,638.4,4880,3115388.95,699,2756.0,56.48
2019-08-14,HAL,EQ,636.95,675.0,680.0,651.0,654.0,657.95,667.07,39624,26431838.85,3349,7105.0,17.93
2019-08-16,HAL,EQ,657.95,660.0,662.5,646.1,652.55,652.5,653.08,7621,4977142.85,925,3752.0,49.23
2019-08-19,HAL,EQ,652.5,641.1,660.0,641.1,657.65,659.1,656.19,5208,3417440.25,616,3999.0,76.79
2019-08-20,HAL,EQ,659.1,645.3,670.0,645.3,668.0,667.95,665.82,7664,5102858.5,691,5578.0,72.78
2019-08-21,HAL,EQ,667.95,662.75,666.6,661.0,662.0,663.0,662.53,5789,3835365.55,419,4879.0,84.28
2019-08-22,HAL,EQ,663.0,663.0,663.0,647.15,650.0,650.0,652.8,32626,21298117.2,1197,30056.0,92.12
2019-08-23,HAL,EQ,650.0,636.0,650.0,634.0,643.5,645.85,642.58,7662,4923465.25,734,5864.0,76.53
2019-08-26,HAL,EQ,645.85,675.0,675.0,641.55,642.0,644.7,647.42,4964,3213772.15,661,3018.0,60.8
2019-08-27,HAL,EQ,644.7,644.7,657.85,644.7,651.0,651.2,650.88,3879,2524751.55,554,2544.0,65.58
2019-08-28,HAL,EQ,651.2,650.05,665.95,650.0,656.0,656.05,657.09,4520,2970043.65,549,3089.0,68.34
2019-08-29,HAL,EQ,656.05,656.0,656.0,647.0,651.0,650.4,650.81,4366,2841451.7,402,3136.0,71.83
2019-08-30,HAL,EQ,650.4,652.0,654.95,638.5,651.5,650.05,645.83,5670,3661880.0,733,3594.0,63.39
2019-09-03,HAL,EQ,650.05,638.0,650.0,638.0,645.0,645.0,644.18,3258,2098728.3,558,1908.0,58.56
2019-09-04,HAL,EQ,645.0,639.0,655.0,634.35,650.05,649.1,643.96,4231,2724593.65,861,2636.0,62.3
2019-09-05,HAL,EQ,649.1,643.5,665.0,643.5,656.0,660.0,655.52,4932,3233006.4,859,2146.0,43.51
2019-09-06,HAL,EQ,660.0,660.0,675.6,659.05,675.0,673.4,669.55,8287,5548570.1,1216,4231.0,51.06
2019-09-09,HAL,EQ,673.4,701.7,715.75,695.0,707.0,705.05,702.91,44444,31240235.2,3318,16656.0,37.48
2019-09-11,HAL,EQ,705.05,706.0,708.9,695.0,695.0,696.8,699.09,10955,7658572.9,1062,5826.0,53.18
2019-09-12,HAL,EQ,696.8,697.0,705.0,683.0,685.0,686.0,693.36,6131,4251017.7,938,3417.0,55.73
2019-09-13,HAL,EQ,686.0,689.0,709.5,683.0,707.05,705.65,699.84,11615,8128680.35,1425,6880.0,59.23
2019-09-16,HAL,EQ,705.65,710.0,735.2,706.0,730.05,730.35,721.77,66308,47859021.8,4783,38527.0,58.1
2019-09-17,HAL,EQ,730.35,737.9,740.9,721.1,722.6,723.0,728.61,19055,13883630.05,3374,9900.0,51.95
2019-09-18,HAL,EQ,723.0,725.05,740.0,722.5,729.5,729.9,727.9,11230,8174327.45,1292,6876.0,61.23
2019-09-19,HAL,EQ,729.9,726.0,776.0,722.5,750.1,745.9,756.49,243601,184282689.7,13694,25553.0,10.49
2019-09-20,HAL,EQ,745.9,750.0,766.9,744.65,752.5,756.1,753.58,39029,29411314.5,6475,15941.0,40.84
2019-09-23,HAL,EQ,756.1,760.0,770.0,746.0,750.15,755.1,753.68,21997,16578606.45,3659,12755.0,57.99
2019-09-24,HAL,EQ,755.1,741.3,752.95,735.0,750.0,743.9,743.73,9816,7300453.8,1151,4736.0,48.25
2019-09-25,HAL,EQ,743.9,743.9,748.7,743.55,746.0,745.95,746.12,10167,7585820.05,877,7890.0,77.6
2019-09-26,HAL,EQ,745.95,745.95,758.0,740.45,743.95,746.1,747.88,13436,10048517.8,1270,8178.0,60.87
2019-09-27,HAL,EQ,746.1,746.1,746.1,725.0,726.0,729.4,742.14,25997,19293515.35,1060,23725.0,91.26
2019-09-30,HAL,EQ,729.4,743.0,743.0,700.0,706.5,706.3,709.0,11992,8502306.65,1412,8392.0,69.98
2019-10-01,HAL,EQ,706.3,717.9,718.0,688.0,700.1,694.7,699.57,16077,11246932.4,1370,11336.0,70.51
2019-10-03,HAL,EQ,694.7,693.0,709.6,686.0,699.0,703.75,694.67,7157,4971776.45,1008,3543.0,49.5
2019-10-04,HAL,EQ,703.75,703.0,709.75,661.5,694.5,695.65,697.44,7394,5156871.45,944,4173.0,56.44
2019-10-07,HAL,EQ,695.65,700.0,703.75,689.0,692.35,691.25,695.88,8819,6137002.25,2106,5426.0,61.53
2019-10-09,HAL,EQ,691.25,703.0,708.0,696.5,700.0,700.15,701.59,12274,8611368.0,1479,6868.0,55.96
2019-10-10,HAL,EQ,700.15,700.15,701.9,687.7,700.0,700.05,694.97,6316,4389450.35,653,4458.0,70.58
2019-10-11,HAL,EQ,700.05,693.0,727.65,693.0,721.8,720.15,719.78,21536,15501183.15,2524,10208.0,47.4
2019-10-14,HAL,EQ,720.15,716.0,720.0,701.5,715.4,714.95,710.42,19164,13614468.25,2507,7497.0,39.12
2019-10-15,HAL,EQ,714.95,710.0,728.55,701.95,722.0,723.05,714.14,15709,11218416.5,2442,7799.0,49.65
2019-10-16,HAL,EQ,723.05,714.8,719.0,701.65,707.0,707.25,711.92,6393,4551306.0,871,2625.0,41.06
2019-10-17,HAL,EQ,707.25,714.0,717.3,707.5,708.0,709.85,712.78,3555,2533937.65,614,2015.0,56.68
2019-10-18,HAL,EQ,709.85,715.1,717.0,706.55,710.0,709.55,712.43,8568,6104082.65,970,5067.0,59.14
2019-10-22,HAL,EQ,709.55,706.7,721.0,706.7,713.0,713.3,714.06,11700,8354491.35,1228,8636.0,73.81
2019-10-23,HAL,EQ,713.3,721.0,725.0,711.2,716.85,715.35,717.44,10040,7203137.35,1369,4964.0,49.44
2019-10-24,HAL,EQ,715.35,718.4,722.05,714.5,715.7,718.15,716.88,5235,3752872.8,702,3471.0,66.3
2019-10-25,HAL,EQ,718.15,715.05,741.0,714.0,739.25,737.55,732.32,21270,15576452.95,3302,10537.0,49.54
2019-10-27,HAL,EQ,737.55,741.0,770.0,741.0,749.0,747.55,749.42,6498,4869730.6,788,4943.0,76.07
2019-10-29,HAL,EQ,747.55,751.4,807.45,745.5,789.0,786.35,781.45,93527,73086609.15,6927,27652.0,29.57
2019-10-30,HAL,EQ,786.35,790.0,815.0,775.0,775.1,780.5,794.36,50165,39848939.0,4398,19194.0,38.26
2019-10-31,HAL,EQ,780.5,787.8,795.0,760.0,762.0,762.85,773.02,17052,13181545.35,1753,8681.0,50.91
2019-11-01,HAL,EQ,762.85,765.0,793.0,764.0,788.0,785.85,779.17,31612,24631163.8,2697,17236.0,54.52
2019-11-04,HAL,EQ,785.85,794.0,798.05,775.0,777.0,778.25,786.4,15574,12247415.05,1716,8185.0,52.56
2019-11-05,HAL,EQ,778.25,778.25,789.0,776.25,785.0,782.85,780.88,10198,7963381.55,1506,6523.0,63.96
2019-11-06,HAL,EQ,782.85,782.75,786.9,772.4,779.0,778.65,778.21,7529,5859138.65,760,5276.0,70.08
2019-11-07,HAL,EQ,778.65,765.25,778.5,753.0,753.05,755.4,762.21,12774,9736449.1,1716,5933.0,46.45
2019-11-08,HAL,EQ,755.4,751.0,763.65,750.65,760.0,759.05,758.46,12018,9115184.05,1562,7608.0,63.31
2019-11-11,HAL,EQ,759.05,755.5,776.0,755.5,770.0,766.4,765.38,12169,9313859.4,1852,5621.0,46.19
2019-11-13,HAL,EQ,766.4,795.0,823.45,792.35,801.0,803.2,809.78,143966,116580247.7,8997,42740.0,29.69
2019-11-14,HAL,EQ,803.2,775.0,819.9,775.0,811.0,807.8,803.7,40865,32843093.25,3055,17171.0,42.02
2019-11-15,HAL,EQ,807.8,815.0,819.0,794.1,794.1,804.3,808.28,16887,13649367.6,1748,9907.0,58.67
2019-11-18,HAL,EQ,804.3,800.3,815.0,793.0,798.0,797.3,803.28,13750,11045074.1,1819,6297.0,45.8
2019-11-19,HAL,EQ,797.3,805.0,805.0,781.0,784.0,783.5,790.03,11590,9156425.4,1606,5756.0,49.66
2019-11-20,HAL,EQ,783.5,791.0,827.85,780.35,804.0,803.3,810.76,48711,39492835.55,4628,16021.0,32.89
2019-11-21,HAL,EQ,803.3,799.6,827.0,793.3,800.0,803.55,811.97,50901,41330132.95,4206,18307.0,35.97
2019-11-22,HAL,EQ,803.55,807.0,808.75,789.0,797.0,793.8,795.91,17426,13869588.55,1717,8622.0,49.48
2019-11-25,HAL,EQ,793.8,794.0,798.05,780.0,782.0,782.65,788.73,11655,9192621.3,1297,6389.0,54.82
2019-11-26,HAL,EQ,782.65,783.0,794.0,775.8,780.3,778.75,781.96,12445,9731456.2,1518,6049.0,48.61
2019-11-27,HAL,EQ,778.75,785.15,818.85,772.6,776.4,775.05,792.54,48686,38585616.45,3201,10073.0,20.69
2019-11-28,HAL,EQ,775.05,780.0,785.05,770.05,770.05,773.75,777.48,9527,7407039.85,1066,4817.0,50.56
2019-11-29,HAL,EQ,773.75,776.05,784.65,770.25,775.0,774.95,777.33,13493,10488532.8,2222,7203.0,53.38
2019-12-02,HAL,EQ,774.95,776.0,784.7,772.0,775.5,781.35,779.78,16607,12949822.25,1816,12281.0,73.95
2019-12-03,HAL,EQ,781.35,788.0,792.85,772.0,772.0,775.65,779.97,12300,9593675.65,1407,6279.0,51.05
2019-12-04,HAL,EQ,775.65,772.0,779.9,765.0,768.75,772.15,772.64,6152,4753301.1,760,3103.0,50.44
2019-12-05,HAL,EQ,772.15,779.0,779.0,765.4,765.4,768.8,768.99,6221,4783862.8,717,4385.0,70.49
2019-12-06,HAL,EQ,768.8,761.0,772.8,760.0,760.0,766.4,766.71,15500,11884043.05,5085,9528.0,61.47
2019-12-09,HAL,EQ,766.4,762.0,762.2,750.0,750.0,754.5,757.74,7995,6058149.6,687,6477.0,81.01
2019-12-10,HAL,EQ,754.5,753.95,765.9,748.0,758.0,758.85,756.96,10726,8119186.0,1286,5869.0,54.72
2019-12-11,HAL,EQ,758.85,758.9,766.9,754.15,761.9,760.25,760.15,8526,6481054.8,1122,5382.0,63.12
2019-12-12,HAL,EQ,760.25,765.0,774.0,736.8,762.0,760.15,759.63,13805,10486678.25,1472,7544.0,54.65
2019-12-13,HAL,EQ,760.15,756.5,770.35,755.9,756.0,758.65,761.06,9916,7546682.15,1234,6649.0,67.05
2019-12-16,HAL,EQ,758.65,756.0,763.05,750.0,751.05,753.5,757.0,4608,3488234.65,615,2591.0,56.23
2019-12-17,HAL,EQ,753.5,750.0,759.75,731.7,747.05,748.0,747.56,8902,6654767.2,820,4880.0,54.82
2019-12-18,HAL,EQ,748.0,745.0,750.0,740.0,741.8,741.8,744.13,7224,5375580.25,970,4501.0,62.31
2019-12-19,HAL,EQ,741.8,738.2,745.3,732.6,735.0,735.45,739.07,6279,4640646.1,671,4171.0,66.43
2019-12-20,HAL,EQ,735.45,739.7,739.7,719.0,723.0,724.6,725.58,21102,15311270.55,2190,13339.0,63.21
2019-12-23,HAL,EQ,724.6,724.0,732.95,721.25,721.25,725.2,726.24,4470,3246296.0,740,2322.0,51.95
2019-12-24,HAL,EQ,725.2,721.25,728.4,713.0,714.3,716.15,720.91,4623,3332789.75,698,2881.0,62.32
2019-12-26,HAL,EQ,716.15,718.9,739.0,716.15,723.0,724.05,726.91,12370,8991887.7,1227,4534.0,36.65
2019-12-27,HAL,EQ,724.05,722.25,726.5,711.0,717.0,716.4,719.21,9051,6509580.25,1100,3795.0,41.93
2019-12-30,HAL,EQ,716.4,718.5,733.1,718.5,730.5,730.55,727.1,8478,6164387.3,945,5858.0,69.1
2019-12-31,HAL,EQ,730.55,730.55,736.5,725.05,732.5,730.4,731.49,6201,4535978.9,710,3559.0,57.39
2020-01-01,HAL,EQ,730.4,735.0,735.15,730.0,730.8,730.2,731.03,3193,2334189.2,603,1971.0,61.73
2020-01-02,HAL,EQ,730.2,734.95,749.25,729.35,733.5,735.25,737.13,13059,9626159.85,1429,5687.0,43.55
2020-01-03,HAL,EQ,735.25,737.8,756.9,723.5,735.4,736.9,732.55,138709,101611717.35,5367,109769.0,79.14
2020-01-06,HAL,EQ,736.9,731.1,739.45,721.7,732.5,729.5,730.75,11811,8630924.0,1419,8600.0,72.81
2020-01-07,HAL,EQ,729.5,725.2,739.45,725.0,735.0,734.9,731.8,7999,5853679.4,1116,4665.0,58.32
2020-01-08,HAL,EQ,734.9,723.8,747.0,722.0,735.0,735.55,736.12,7930,5837404.7,738,5167.0,65.16
2020-01-09,HAL,EQ,735.55,736.0,743.0,731.9,735.0,735.25,736.51,8810,6488675.7,1040,5198.0,59.0
2020-01-10,HAL,EQ,735.25,731.8,749.1,731.8,736.0,736.45,742.85,10266,7626098.5,1308,4573.0,44.55
2020-01-13,HAL,EQ,736.45,759.5,808.05,751.25,804.0,803.45,791.83,204551,161968807.55,17391,47324.0,23.14
2020-01-14,HAL,EQ,803.45,805.0,867.0,804.0,856.3,858.8,852.2,288582,245930283.9,17096,68165.0,23.62
2020-01-15,HAL,EQ,858.8,855.0,864.9,832.5,858.0,852.4,849.52,95442,81079540.0,6116,28073.0,29.41
2020-01-16,HAL,EQ,852.4,856.6,867.25,841.1,841.7,844.45,853.44,29203,24922960.85,2166,10271.0,35.17
2020-01-17,HAL,EQ,844.45,842.0,844.0,821.0,824.9,824.0,831.23,16603,13800936.1,1971,10020.0,60.35
2020-01-20,HAL,EQ,824.0,810.15,825.0,800.95,805.8,805.7,807.29,19804,15987569.15,1884,12200.0,61.6
2020-01-21,HAL,EQ,805.7,806.0,887.0,801.05,868.3,874.85,859.88,181095,155720313.8,11524,34387.0,18.99
2020-01-22,HAL,EQ,874.85,869.1,895.9,851.4,853.5,857.35,876.15,81791,71660953.8,6101,20499.0,25.06
2020-01-23,HAL,EQ,857.35,861.0,877.3,847.6,850.0,853.85,860.94,30634,26374144.8,2862,11943.0,38.99
2020-01-24,HAL,EQ,853.85,855.0,869.0,850.0,851.0,852.85,857.52,18491,15856341.75,1751,7384.0,39.93
2020-01-27,HAL,EQ,852.85,854.7,859.0,826.4,834.1,835.45,846.35,17262,14609633.25,1752,8264.0,47.87
2020-01-28,HAL,EQ,835.45,837.25,872.7,830.0,830.2,832.15,839.18,11537,9681649.65,1352,5989.0,51.91
2020-01-29,HAL,EQ,832.15,839.0,845.5,811.3,820.6,826.65,834.82,13793,11514661.05,1660,5534.0,40.12
2020-01-30,HAL,EQ,826.65,832.0,839.9,786.25,815.0,814.9,810.27,38913,31530040.8,3439,8837.0,22.71
2020-01-31,HAL,EQ,814.9,817.95,827.95,801.0,803.0,804.1,812.5,12721,10335772.95,1548,5786.0,45.48
2020-02-01,HAL,EQ,804.1,814.0,815.05,760.1,767.3,769.15,793.72,23381,18557936.95,2127,11875.0,50.79
2020-02-03,HAL,EQ,769.15,760.0,792.55,755.3,780.0,780.05,776.62,18316,14224603.9,3385,7800.0,42.59
2020-02-04,HAL,EQ,780.05,785.0,792.2,778.9,781.55,783.05,785.82,11719,9208994.75,1381,5125.0,43.73
2020-02-05,HAL,EQ,783.05,800.0,819.05,788.1,810.05,812.15,806.26,41393,33373348.9,3539,11046.0,26.69
2020-02-06,HAL,EQ,812.15,818.8,825.0,800.0,801.1,801.3,812.46,29526,23988568.6,2215,14119.0,47.82
2020-02-07,HAL,EQ,801.3,807.75,809.85,772.85,774.0,777.05,791.68,35334,27973057.65,4075,17631.0,49.9
2020-02-10,HAL,EQ,777.05,777.05,788.0,773.05,773.05,775.65,780.83,16355,12770415.05,2533,7484.0,45.76
2020-02-11,HAL,EQ,775.65,778.0,795.0,765.0,769.0,769.55,775.99,10673,8282166.9,1644,5605.0,52.52
2020-02-12,HAL,EQ,769.55,769.65,781.0,765.05,774.3,775.95,772.56,10666,8240156.55,1543,5421.0,50.83
2020-02-13,HAL,EQ,775.95,777.0,794.0,757.7,762.2,761.8,773.13,125286,96862060.05,6548,20237.0,16.15
2020-02-14,HAL,EQ,761.8,765.0,765.0,745.1,750.0,748.75,754.76,15168,11448178.75,1431,8348.0,55.04
2020-02-17,HAL,EQ,748.75,783.0,784.95,707.0,707.0,724.3,740.58,159329,117995607.3,15161,46710.0,29.32
2020-02-18,HAL,EQ,724.3,709.0,723.7,698.75,704.55,704.85,710.82,30844,21924503.9,3187,16754.0,54.32
2020-02-19,HAL,EQ,704.85,719.85,784.85,717.7,744.95,744.35,761.61,255096,194284916.3,17520,51136.0,20.05
2020-02-20,HAL,EQ,744.35,747.7,755.0,731.25,738.0,736.3,745.05,47457,35357992.25,4182,17734.0,37.37
2020-02-24,HAL,EQ,736.3,737.9,744.7,705.0,712.0,712.95,732.56,84937,62221043.75,5017,24647.0,29.02
2020-02-25,HAL,EQ,712.95,724.1,741.45,709.05,714.0,714.2,731.0,213543,156100897.05,11238,33343.0,15.61
2020-02-26,HAL,EQ,714.2,707.0,720.0,700.4,701.2,705.35,709.78,49062,34823455.7,2969,17428.0,35.52
2020-02-27,HAL,EQ,705.35,704.0,740.0,703.0,712.35,726.85,720.13,77480,55795341.9,5060,19550.0,25.23
2020-02-28,HAL,EQ,726.85,705.0,705.0,683.05,690.0,686.05,695.57,35142,24443649.75,2924,17536.0,49.9
2020-03-02,HAL,EQ,686.05,696.0,708.0,653.0,658.0,664.05,687.11,35013,24057758.6,2830,18620.0,53.18
2020-03-03,HAL,EQ,664.05,684.95,684.95,665.0,675.0,671.9,675.6,22909,15477335.75,1858,9662.0,42.18
2020-03-04,HAL,EQ,671.9,672.0,672.0,638.0,648.0,647.25,648.46,44306,28730450.95,3123,16530.0,37.31
2020-03-05,HAL,EQ,647.25,648.0,664.0,640.55,643.25,644.65,652.06,28994,18905946.15,1593,17069.0,58.87
2020-03-06,HAL,EQ,644.65,637.0,637.0,620.0,620.0,621.6,626.82,23411,14674540.45,2203,13775.0,58.84
2020-03-09,HAL,EQ,621.6,623.75,623.75,585.0,590.0,592.15,598.85,37789,22629883.25,3381,23184.0,61.35
2020-03-11,HAL,EQ,592.15,592.0,605.0,586.05,588.0,588.95,595.87,17175,10234123.75,2142,10587.0,61.64
2020-03-12,HAL,EQ,588.95,575.0,575.0,536.0,539.0,538.9,547.87,33086,18126942.65,3192,18114.0,54.75
2020-03-13,HAL,EQ,538.9,513.5,543.0,472.0,539.0,534.2,518.84,41077,21312424.5,3189,18065.0,43.98
2020-03-16,HAL,EQ,534.2,530.0,620.0,514.25,572.0,559.85,550.8,61568,33911615.85,3995,19234.0,31.24
2020-03-17,HAL,EQ,559.85,572.0,580.0,545.0,552.0,553.3,561.92,85476,48030537.4,8285,45595.0,53.34
2020-03-18,HAL,EQ,553.3,574.0,575.6,540.0,550.0,549.75,555.9,46955,26102461.2,4671,25445.0,54.19
2020-03-19,HAL,EQ,549.75,540.0,581.0,522.0,556.8,556.4,559.2,63255,35372257.1,4635,32108.0,50.76
2020-03-20,HAL,EQ,556.4,564.0,574.6,553.1,570.0,565.15,564.67,50110,28295563.4,4182,31458.0,62.78
2020-03-23,HAL,EQ,565.15,470.0,539.0,470.0,503.95,500.75,505.08,29659,14980224.55,3191,17560.0,59.21
2020-03-24,HAL,EQ,500.75,515.0,517.15,473.0,480.0,479.25,485.51,25861,12555804.2,2312,14035.0,54.27
2020-03-25,HAL,EQ,479.25,470.0,492.55,470.0,478.95,479.5,481.49,17543,8446781.65,1611,9465.0,53.95
2020-03-26,HAL,EQ,479.5,485.0,502.4,478.5,499.0,497.25,495.5,15620,7739693.85,1681,8185.0,52.40
2020-03-27,HAL,EQ,497.25,505.0,595.0,500.1,522.2,525.15,561.73,130558,73338212.05,8302,27953.0,21.41
2020-03-30,HAL,EQ,525.15,525.0,525.0,503.35,515.0,512.55,512.93,12505,6414163.85,1460,6207.0,49.64
2020-03-31,HAL,EQ,512.55,514.0,527.75,514.0,520.45,520.3,519.58,11911,6188715.15,1404,5887.0,49.42
2020-04-01,HAL,EQ,520.3,550.0,561.0,530.0,534.9,533.3,544.31,51342,27946017.8,4930,17602.0,34.28
2020-04-03,HAL,EQ,533.3,543.85,543.85,522.95,531.0,529.55,530.37,11500,6099246.0,1137,4947.0,43.02
2020-04-07,HAL,EQ,529.55,549.55,549.55,525.0,534.25,534.7,533.56,25494,13602542.15,2185,14537.0,57.02
2020-04-08,HAL,EQ,534.7,536.0,622.0,530.0,547.0,546.0,570.88,186421,106423554.2,9595,42127.0,22.60
2020-04-09,HAL,EQ,546.0,551.5,567.0,546.5,547.5,548.25,550.76,51288,28247313.65,2673,30712.0,59.88
2020-04-13,HAL,EQ,548.25,585.25,595.0,560.0,563.0,563.3,571.33,165303,94442882.55,12036,,-
2020-04-15,HAL,EQ,563.3,575.6,575.6,551.65,556.0,555.55,561.2,39636,22243825.65,3352,18343.0,46.28
2020-04-16,HAL,EQ,555.55,550.0,574.0,547.0,564.0,562.45,563.74,50377,28399757.6,3646,18081.0,35.89
2020-04-17,HAL,EQ,562.45,572.9,582.0,556.7,560.0,559.8,566.18,48118,27243455.0,3260,23224.0,48.26
2020-04-20,HAL,EQ,559.8,563.0,571.7,562.0,564.7,565.0,566.73,24931,14129071.2,2046,12338.0,49.49
2020-04-21,HAL,EQ,565.0,561.9,561.9,536.05,546.5,546.55,548.0,25301,13865052.85,2413,14466.0,57.18
2020-04-22,HAL,EQ,546.55,541.1,546.8,535.1,543.0,540.75,540.52,16322,8822402.55,1588,8243.0,50.50
2020-04-23,HAL,EQ,540.75,547.4,553.65,541.1,546.95,543.65,548.12,14724,8070445.55,1464,5911.0,40.15
2020-04-24,HAL,EQ,543.65,540.0,552.0,530.0,539.9,533.0,536.67,21954,11782026.65,2073,10970.0,49.97
2020-04-27,HAL,EQ,533.0,539.7,539.7,525.25,529.9,528.15,531.56,19874,10564151.4,2144,9984.0,50.24
2020-04-28,HAL,EQ,528.15,532.9,532.95,518.55,520.0,519.7,523.41,29684,15536971.6,2687,19248.0,64.84
2020-04-29,HAL,EQ,519.7,524.1,530.0,513.55,526.8,526.05,524.38,27668,14508625.35,2191,14638.0,52.91
2020-04-30,HAL,EQ,526.05,532.1,533.0,526.0,527.35,527.15,529.12,33321,17630732.25,2317,20313.0,60.96
2020-05-04,HAL,EQ,527.15,520.0,520.0,504.0,510.0,509.8,511.42,37192,19020856.95,3274,22511.0,60.53
2020-05-05,HAL,EQ,509.8,512.35,519.0,501.5,505.65,503.8,509.06,46191,23514031.65,3392,18689.0,40.46
2020-05-06,HAL,EQ,503.8,506.35,510.95,500.0,506.05,505.0,506.2,23552,11922063.75,1861,8280.0,35.16
2020-05-07,HAL,EQ,505.0,500.0,530.8,500.0,509.0,511.55,517.44,301811,156170307.75,12048,72048.0,23.87
2020-05-08,HAL,EQ,511.55,514.15,518.9,500.0,502.75,501.85,507.76,37452,19016795.35,2843,16956.0,45.27
2020-05-11,HAL,EQ,501.85,502.0,508.05,495.1,496.25,496.7,499.81,36325,18155661.25,2847,18363.0,50.55
2020-05-12,HAL,EQ,496.7,496.0,499.9,489.05,495.1,493.4,492.66,28454,14018281.05,2480,14072.0,49.46
2020-05-13,HAL,EQ,493.4,507.7,523.75,500.0,505.1,506.35,509.97,146005,74457553.6,8917,59066.0,40.45
2020-05-14,HAL,EQ,506.35,503.0,509.5,496.0,500.0,498.1,502.13,32633,16386073.75,2586,15980.0,48.97
2020-05-15,HAL,EQ,498.1,510.0,528.0,505.0,526.0,523.1,520.73,230230,119887305.9,11049,67179.0,29.18
2020-05-18,HAL,EQ,523.1,551.0,569.0,536.0,544.8,547.5,554.42,751346,416558867.5,30329,109354.0,14.55
2020-05-19,HAL,EQ,547.5,550.95,558.95,520.0,527.0,527.7,542.94,143853,78103394.95,6615,30809.0,21.42
2020-05-20,HAL,EQ,527.7,521.0,534.2,510.15,530.0,530.55,526.45,38909,20483607.55,3573,13529.0,34.77
2020-05-21,HAL,EQ,530.55,540.55,544.75,530.0,532.2,534.45,538.7,46209,24892850.0,2575,16528.0,35.77
2020-05-22,HAL,EQ,534.45,534.0,546.7,530.1,532.0,534.75,538.8,50590,27258124.65,3872,24121.0,47.68
2020-05-26,HAL,EQ,534.75,540.0,540.0,529.5,530.05,531.1,534.38,18915,10107875.45,1729,9467.0,50.05
2020-05-27,HAL,EQ,531.1,535.0,535.95,522.65,529.95,529.25,528.0,20254,10694182.5,1867,8767.0,43.29
2020-05-28,HAL,EQ,529.25,531.5,580.25,531.5,555.35,555.55,564.54,370507,209166554.0,17393,49113.0,13.26
2020-05-29,HAL,EQ,555.55,555.35,560.75,548.0,553.95,556.15,554.97,44173,24514679.2,3141,16467.0,37.28
2020-06-01,HAL,EQ,556.15,560.0,575.0,558.0,561.7,560.9,567.52,76852,43614954.6,4868,26558.0,34.56
2020-06-02,HAL,EQ,560.9,555.15,572.9,555.15,566.25,565.2,567.06,34008,19284462.0,2487,13822.0,40.64
2020-06-03,HAL,EQ,565.2,570.0,602.7,560.75,584.05,584.3,588.3,265705,156314849.65,12495,66117.0,24.88
2020-06-04,HAL,EQ,584.3,589.35,609.0,586.0,599.0,598.55,598.16,145511,87039125.55,7743,46115.0,31.69
2020-06-05,HAL,EQ,598.55,605.0,636.0,600.1,630.5,631.1,622.64,241535,150389382.15,10672,56348.0,23.33
2020-06-08,HAL,EQ,631.10,635.70,678.00,633.50,660.55,660.05,656.36,170077,111630976.35,9405,62881.0,36.97
2020-06-09,HAL,EQ,660.05,662.00,663.00,649.60,655.65,655.70,654.55,49173,32186204.8,3090,25043.0,50.93
2020-06-10,HAL,EQ,655.70,652.00,661.95,652.00,655.00,655.50,655.61,22713,14890867.7,1591,12996.0,57.22
2020-06-11,HAL,EQ,655.50,658.00,675.00,652.05,662.90,662.55,667.03,47618,31762523.4,3479,21381.0,44.9
2020-06-12,HAL,EQ,662.55,620.00,659.95,619.00,654.10,655.50,643.68,49518,31873609.0,4235,18342.0,37.04
2020-06-15,HAL,EQ,655.50,663.70,672.70,655.00,659.00,658.45,662.94,31286,20740630.95,2638,11353.0,36.29
2020-06-16,HAL,EQ,658.45,670.00,746.00,651.05,723.05,712.95,705.20,179960,126907194.0,7300,40668.0,22.6
2020-06-17,HAL,EQ,712.95,728.00,738.95,700.00,708.70,708.30,717.97,302143,216930903.1,15124,63032.0,20.86
2020-06-18,HAL,EQ,708.30,710.85,727.90,703.30,713.65,713.05,716.78,73392,52605735.5,4652,22065.0,30.06
2020-06-19,HAL,EQ,713.05,714.50,721.70,705.00,709.00,708.05,712.11,47065,33515243.9,3480,19569.0,41.58
2020-06-22,HAL,EQ,708.05,711.00,722.00,706.20,713.05,712.85,713.98,63780,45537479.0,3696,25017.0,39.22
2020-06-23,HAL,EQ,712.85,715.00,717.45,707.00,713.95,712.10,711.67,27809,19790770.9,2006,13561.0,48.76
2020-06-24,HAL,EQ,712.10,712.00,715.00,695.00,698.90,698.65,704.64,37786,26625500.05,2750,17271.0,45.71
2020-06-25,HAL,EQ,698.65,699.80,817.90,691.00,798.00,792.15,786.79,1079421,849277992.95,34302,152854.0,14.16
2020-06-26,HAL,EQ,792.15,795.00,795.95,754.00,766.00,761.75,767.80,309514,237645496.45,14930,74873.0,24.19
2020-06-29,HAL,EQ,761.75,765.00,814.00,744.65,756.00,761.50,783.07,353992,277201537.9,18937,62137.0,17.55
2020-06-30,HAL,EQ,761.50,790.00,798.40,761.10,768.85,772.15,777.80,189924,147722602.15,10652,35190.0,18.53
2020-07-01,HAL,EQ,772.15,765.00,777.95,761.10,764.50,763.70,767.75,52396,40227212.5,3603,13034.0,24.88
2020-07-02,HAL,EQ,763.70,766.00,788.90,754.70,766.00,775.30,768.67,95740,73592245.95,6244,23360.0,24.4
2020-07-03,HAL,EQ,775.30,813.95,865.00,805.10,847.95,852.40,840.00,2235848,1878113110.1,76230,225953.0,10.11
2020-07-06,HAL,EQ,852.40,856.00,994.60,825.00,937.40,953.90,930.41,3963663,3687819121.3,128388,310455.0,7.83
2020-07-07,HAL,EQ,953.90,955.00,"1,028.00",926.15,984.05,980.05,994.44,3294009,3275689485.2,105825,243382.0,7.39
2020-07-08,HAL,EQ,980.05,984.05,"1,015.00",938.00,942.40,945.30,973.64,1232999,1200496926.7,46966,160945.0,13.05
2020-07-09,HAL,EQ,945.30,967.00,967.00,901.10,923.00,929.85,928.99,1021457,948925501.75,41519,84034.0,8.23
2020-07-10,HAL,EQ,929.85,910.00,975.50,909.85,937.80,942.40,949.31,1364514,1295349468.75,50045,108734.0,7.97
2020-07-13,HAL,EQ,942.40,950.00,965.00,923.90,929.00,929.50,939.19,328109,308157439.1,14541,68010.0,20.73
2020-07-14,HAL,EQ,929.50,941.00,948.95,900.00,905.85,904.85,921.55,398611,367338597.8,16650,86414.0,21.68
2020-07-15,HAL,EQ,904.85,909.95,913.00,855.05,871.00,867.85,884.43,329179,291134670.65,15106,69834.0,21.21
2020-07-16,HAL,EQ,867.85,868.30,877.60,825.00,849.00,842.95,838.66,276077,231534234.9,13034,52887.0,19.16
2020-07-17,HAL,EQ,842.95,850.55,945.00,832.00,939.85,937.25,908.35,1557084,1414375539.15,54117,139595.0,8.97
2020-07-20,HAL,EQ,937.25,944.00,954.00,915.00,922.00,923.40,932.25,736801,686882542.3,28660,73682.0,10.0
2020-07-21,HAL,EQ,923.40,924.00,940.00,911.65,914.00,915.10,923.48,408756,377477209.1,15232,52213.0,12.77
2020-07-22,HAL,EQ,915.10,915.10,935.50,897.95,910.00,908.55,918.68,408321,375117107.45,17846,40414.0,9.9
2020-07-23,HAL,EQ,908.55,914.05,952.80,908.60,934.95,931.65,938.28,720562,676089672.65,26708,111544.0,15.48
2020-07-24,HAL,EQ,931.65,924.95,936.35,906.00,911.00,909.70,914.75,266491,243771856.3,11452,65864.0,24.72
2020-07-27,HAL,EQ,909.70,912.00,917.40,883.05,886.85,890.50,898.01,435327,390930122.65,17801,66328.0,15.24
2020-07-28,HAL,EQ,890.50,893.05,915.00,881.00,902.25,903.30,896.78,255444,229076983.25,11487,47986.0,18.79
2020-07-29,HAL,EQ,903.30,911.45,929.90,903.30,906.80,909.15,916.55,329256,301779544.65,14853,56136.0,17.05
2020-07-30,HAL,EQ,909.15,912.10,913.00,875.60,880.40,879.90,888.75,158090,140503069.65,8747,54450.0,34.44
2020-07-31,HAL,EQ,879.90,884.80,884.80,865.65,872.00,872.45,872.94,115965,101230550.7,6650,27531.0,23.74
2020-08-03,HAL,EQ,872.45,861.55,904.95,860.10,892.00,894.10,883.76,215177,190165420.4,10426,52980.0,24.62
2020-08-04,HAL,EQ,894.10,904.30,957.70,900.00,950.00,950.20,941.16,1209208,1138053889.0,48666,200114.0,16.55
2020-08-05,HAL,EQ,950.20,955.00,985.00,937.05,964.55,965.30,967.51,771610,746541015.1,33027,147617.0,19.13
2020-08-06,HAL,EQ,965.30,966.00,987.00,950.35,963.50,967.45,969.19,375347,363781563.75,17374,82471.0,21.97
2020-08-07,HAL,EQ,967.45,966.00,976.05,942.00,944.00,949.45,960.50,243438,233821173.0,12090,58454.0,24.01
2020-08-10,HAL,EQ,949.45,"1,033.00","1,070.00","1,006.50","1,026.00","1,031.30","1,032.55",1251618,1292359462.4,57053,294932.0,23.56
2020-08-11,HAL,EQ,"1,031.30","1,032.00","1,044.00","1,001.00","1,017.15","1,019.15","1,018.30",279768,284886492.5,16266,63260.0,22.61
2020-08-12,HAL,EQ,"1,019.15","1,050.00","1,126.85","1,040.00","1,114.00","1,099.05","1,091.93",2018172,2203698057.7,88060,214017.0,10.6
2020-08-13,HAL,EQ,"1,099.05","1,120.00","1,318.85","1,110.05","1,315.00","1,288.95","1,227.97",4213377,5173888739.4,155568,568299.0,13.49
2020-08-14,HAL,EQ,"1,288.95","1,321.10","1,423.00","1,202.40","1,299.00","1,293.60","1,327.27",6379071,8466750735.85,275102,590906.0,9.26
2020-08-17,HAL,EQ,"1,293.60","1,330.05","1,354.00","1,232.00","1,247.00","1,250.40","1,273.24",1919289,2443708328.4,88103,259107.0,13.5
2020-08-18,HAL,EQ,"1,250.40","1,250.40","1,312.00","1,245.00","1,276.05","1,276.50","1,282.17",2159084,2768302754.3,95120,256690.0,11.89
2020-08-19,HAL,EQ,"1,276.50","1,309.70","1,319.00","1,250.85","1,265.00","1,263.00","1,281.53",1499376,1921501489.8,63352,253940.0,16.94
2020-08-20,HAL,EQ,"1,263.00","1,255.00","1,255.00","1,200.00","1,203.85","1,206.35","1,218.66",836478,1019381514.85,45029,251248.0,30.04
2020-08-21,HAL,EQ,"1,206.35","1,215.00","1,257.00","1,200.00","1,211.00","1,211.50","1,227.01",1185211,1454270298.9,53879,161530.0,13.63
2020-08-24,HAL,EQ,"1,211.50","1,223.40","1,225.00","1,191.45","1,198.00","1,197.00","1,208.13",351100,424173445.25,19454,89582.0,25.51
2020-08-25,HAL,EQ,"1,197.00","1,206.40","1,208.95","1,160.35","1,171.30","1,172.95","1,176.03",419387,493209815.1,28889,113329.0,27.02
2020-08-26,HAL,EQ,"1,172.95","1,170.00","1,209.00","1,149.00","1,174.00","1,177.60","1,179.25",653052,770114566.1,35253,85394.0,13.08
2020-08-27,HAL,EQ,"1,177.60","1,041.10","1,065.90","1,008.50","1,010.00","1,010.80","1,027.86",5831221,5993656245.15,141599,2588891.0,44.4
2020-08-28,HAL,EQ,"1,010.80",981.60,"1,034.00",981.60,"1,013.95","1,010.60","1,008.04",8293655,8360318618.4,197319,2126608.0,25.64
2020-08-31,HAL,EQ,"1,010.60",982.00,987.90,921.00,921.25,926.15,958.37,4825983,4625083350.35,150171,2202478.0,45.64
2020-09-01,HAL,EQ,926.15,926.00,926.00,871.00,888.00,892.15,894.38,3255557,2911707257.8,179626,1282023.0,39.38
2020-09-02,HAL,EQ,892.15,891.95,918.00,886.25,891.40,894.30,903.36,1305376,1179226691.8,51092,389748.0,29.86
2020-09-03,HAL,EQ,894.30,897.00,938.00,892.20,926.85,925.60,921.68,2205877,2033122715.45,90836,582895.0,26.42
2020-09-04,HAL,EQ,925.60,910.00,926.95,905.05,912.00,911.00,915.44,947114,867024804.9,37330,232513.0,24.55
2020-09-07,HAL,EQ,911.0,914.05,923.95,888.25,892.75,892.05,898.83,858514,771661221.95,37248,283149.0,32.98
2020-09-08,HAL,EQ,892.05,895.0,911.0,865.1,866.9,869.7,887.35,925896,821594713.35,43972,293958.0,31.75
2020-09-09,HAL,EQ,869.7,865.0,866.9,835.05,839.4,838.85,843.35,1133849,956234509.1,57643,396154.0,34.94
2020-09-10,HAL,EQ,838.85,846.45,878.85,846.45,866.0,864.5,864.6,1058820,915456290.55,48906,233301.0,22.03
2020-09-11,HAL,EQ,864.5,867.0,875.0,850.05,851.1,852.45,858.85,902514,775121892.65,39184,261593.0,28.98
2020-09-14,HAL,EQ,852.45,852.55,864.7,831.0,833.0,834.1,846.87,853007,722385358.9,45461,311436.0,36.51
2020-09-15,HAL,EQ,834.1,841.0,860.0,822.25,843.7,842.5,841.26,1313669,1105140990.6,51291,290479.0,22.11
2020-09-16,HAL,EQ,842.5,846.85,851.0,838.0,841.95,840.85,843.85,471553,397922335.35,23024,110614.0,23.46
2020-09-17,HAL,EQ,840.85,840.2,845.0,828.05,831.9,830.0,835.6,399573,333884728.1,19078,113308.0,28.36
2020-09-18,HAL,EQ,830.0,835.2,849.85,831.2,846.05,841.9,840.36,722873,607476424.1,26484,159119.0,22.01
2020-09-21,HAL,EQ,841.9,842.85,849.8,793.0,794.7,799.2,820.87,719763,590828836.55,35515,248361.0,34.51
2020-09-22,HAL,EQ,799.2,790.3,798.0,755.25,775.0,775.3,770.53,1146405,883335749.3,55779,412834.0,36.01
2020-09-23,HAL,EQ,775.3,776.0,787.0,759.0,774.0,771.0,772.64,628104,485299259.15,32546,204467.0,32.55
2020-09-24,HAL,EQ,771.0,758.0,813.7,744.25,779.0,778.9,782.87,1353481,1059602965.85,67485,277499.0,20.5
2020-09-25,HAL,EQ,778.9,784.0,796.0,762.2,764.05,767.7,778.24,720704,560882714.35,34224,218411.0,30.31
2020-09-28,HAL,EQ,767.7,775.1,782.8,768.0,778.5,778.2,775.87,355844,276089428.9,15993,120782.0,33.94
2020-09-29,HAL,EQ,778.2,785.0,798.65,780.25,781.0,783.2,789.56,562102,443811756.35,26927,122844.0,21.85
2020-09-30,HAL,EQ,783.2,786.0,811.0,765.0,808.4,806.1,793.87,1225704,973052456.25,41756,433319.0,35.35
2020-10-01,HAL,EQ,806.1,813.0,821.95,795.75,799.0,799.35,808.49,655969,530346671.65,21695,196843.0,30.01
2020-10-05,HAL,EQ,799.35,805.0,824.45,791.15,821.0,820.7,810.49,664749,538772827.9,26716,183954.0,27.67
2020-10-06,HAL,EQ,820.7,825.0,828.7,814.4,819.0,821.4,822.41,386846,318146874.85,14225,103437.0,26.74
2020-10-07,HAL,EQ,821.4,818.0,820.65,807.0,810.55,809.55,812.01,326368,265013276.1,11516,141655.0,43.4
2020-10-08,HAL,EQ,809.55,814.7,820.3,794.15,795.05,798.35,806.7,294151,237291737.0,12322,105395.0,35.83
2020-10-09,HAL,EQ,798.35,799.0,805.45,781.0,786.0,785.65,789.8,364062,287537334.6,19075,137042.0,37.64
2020-10-12,HAL,EQ,785.65,788.8,792.95,767.0,770.0,768.95,776.2,328840,255246070.3,15446,117583.0,35.76
2020-10-13,HAL,EQ,768.95,768.95,770.85,753.0,754.0,755.55,760.39,280459,213259028.45,29330,128217.0,45.72
2020-10-14,HAL,EQ,755.55,758.0,787.0,755.0,766.6,768.9,772.51,486575,375881954.95,21586,90487.0,18.6
2020-10-15,HAL,EQ,768.9,771.45,774.05,741.15,745.45,745.75,757.05,312083,236263603.05,18969,127445.0,40.84
2020-10-16,HAL,EQ,745.75,749.0,758.05,740.0,743.0,743.4,745.68,284112,211855529.8,14116,80859.0,28.46
2020-10-19,HAL,EQ,743.4,748.9,751.0,740.0,741.0,741.45,744.01,226781,168727657.35,9453,92210.0,40.66
2020-10-20,HAL,EQ,741.45,741.5,746.3,716.0,717.8,717.55,725.92,525608,381550969.5,24465,246493.0,46.9
2020-10-21,HAL,EQ,717.55,726.0,726.0,693.0,697.0,698.75,707.0,846694,598612327.9,35485,373701.0,44.14
2020-10-22,HAL,EQ,698.75,700.0,733.0,699.0,724.85,725.45,722.34,974057,703600515.05,37687,249477.0,25.61
2020-10-23,HAL,EQ,725.45,731.75,731.75,716.0,719.0,717.95,722.07,300417,216921672.05,11553,108567.0,36.14
2020-10-26,HAL,EQ,717.95,723.0,723.05,695.75,702.8,701.8,704.36,327940,230988667.55,18044,125290.0,38.21
2020-10-27,HAL,EQ,701.8,705.0,708.8,690.05,700.0,700.4,700.24,363750,254712429.55,14255,74558.0,20.5
2020-10-28,HAL,EQ,700.4,702.0,713.4,693.9,700.0,701.25,704.4,291369,205239392.8,11189,68527.0,23.52
2020-10-29,HAL,EQ,701.25,697.9,707.45,691.0,696.0,695.2,697.43,300697,209714964.8,13330,65576.0,21.81
2020-10-30,HAL,EQ,695.2,695.2,704.05,684.4,686.75,687.1,692.82,284776,197297110.65,13449,94485.0,33.18
2020-11-02,HAL,EQ,687.1,691.0,693.0,670.1,674.0,674.95,680.74,257437,175248775.85,14544,102085.0,39.65
2020-11-03,HAL,EQ,674.95,680.0,682.15,670.2,670.2,672.65,676.58,261468,176905279.8,10718,100269.0,38.35
2020-11-04,HAL,EQ,672.65,670.0,675.0,658.0,662.4,660.9,664.29,253479,168383105.45,14414,102728.0,40.53
2020-11-05,HAL,EQ,660.9,668.0,715.0,664.6,701.0,700.7,699.09,1279904,894773310.45,47853,246882.0,19.29
2020-11-06,HAL,EQ,700.7,703.8,719.0,697.0,702.05,702.35,705.93,360645,254588879.1,15663,103794.0,28.78
2020-11-09,HAL,EQ,702.35,708.0,724.0,698.4,721.0,718.6,709.66,578733,410704848.2,18473,206221.0,35.63
2020-11-10,HAL,EQ,718.6,720.0,735.65,706.65,731.0,727.85,719.88,468892,337544591.55,18343,149193.0,31.82
2020-11-11,HAL,EQ,727.85,730.7,734.25,717.0,733.5,731.35,727.19,376617,273872296.55,14311,107596.0,28.57
2020-11-12,HAL,EQ,731.35,730.15,759.8,723.0,755.0,755.6,745.25,700346,521934158.2,27902,184833.0,26.39
2020-11-13,HAL,EQ,755.6,759.0,768.0,742.45,767.7,760.85,757.12,682891,517033099.2,28068,186331.0,27.29
2020-11-14,HAL,EQ,760.85,778.6,786.4,770.15,776.0,776.25,778.47,320746,249692628.05,11147,136771.0,42.64
2020-11-17,HAL,EQ,776.25,779.0,787.0,762.15,778.15,779.6,775.63,456771,354285090.2,22660,154107.0,33.74
2020-11-18,HAL,EQ,779.6,778.0,778.35,765.75,767.1,768.25,770.71,246109,189679197.15,12915,114065.0,46.35
2020-11-19,HAL,EQ,768.25,765.0,790.0,761.25,777.0,774.25,776.88,530315,411991355.45,21718,175838.0,33.16
2020-11-20,HAL,EQ,774.25,776.9,784.0,768.2,770.0,772.2,774.39,220012,170375744.3,10656,69555.0,31.61
2020-11-23,HAL,EQ,772.2,775.0,779.4,733.0,772.8,772.15,769.54,255528,196640170.35,11467,88297.0,34.55
2020-11-24,HAL,EQ,772.15,773.7,797.85,773.7,790.0,791.2,785.59,723444,568328253.95,24260,212405.0,29.36
2020-11-25,HAL,EQ,791.2,795.0,818.0,791.0,809.0,807.95,806.45,1339253,1080040796.8,59202,404333.0,30.19
2020-11-26,HAL,EQ,807.95,814.0,819.0,803.3,809.6,810.4,811.2,393946,319570462.55,16195,108649.0,27.58
2020-11-27,HAL,EQ,810.4,811.0,825.8,805.1,816.0,818.5,817.64,618546,505748661.85,26427,186897.0,30.22
2020-12-01,HAL,EQ,818.5,825.8,834.8,818.0,829.75,829.8,827.26,416015,344152917.15,28482,156985.0,37.74
2020-12-02,HAL,EQ,829.8,832.0,834.95,820.1,826.0,828.3,826.4,367178,303434634.2,18666,121846.0,33.18
2020-12-03,HAL,EQ,828.3,835.0,853.2,830.0,848.0,847.7,842.99,621321,523769576.85,27772,254034.0,40.89
2020-12-04,HAL,EQ,847.7,853.0,859.35,835.7,843.2,842.65,847.36,452854,383730175.0,18307,152810.0,33.74
2020-12-07,HAL,EQ,842.65,846.9,872.0,843.0,867.4,867.35,860.62,625677,538472995.7,21929,232741.0,37.2
2020-12-08,HAL,EQ,867.35,871.70,873.25,854.30,862.40,863.50,863.00,517672,446751953.25,18151,216243.0,41.77
2020-12-09,HAL,EQ,863.50,878.90,894.50,873.50,878.00,878.05,884.81,1023764,905832789.6,34598,318035.0,31.07
2020-12-10,HAL,EQ,878.05,883.00,883.80,848.65,865.50,866.70,864.41,367866,317988070.9,15532,120528.0,32.76
2020-12-11,HAL,EQ,866.70,871.00,877.25,852.00,857.00,856.80,864.74,282743,244498098.85,12211,126699.0,44.81
2020-12-14,HAL,EQ,856.80,862.00,878.80,860.80,875.00,873.15,869.75,318900,277364295.15,13753,139395.0,43.71
2020-12-15,HAL,EQ,873.15,880.00,884.75,866.45,871.55,871.45,873.92,331245,289481509.45,12262,104749.0,31.62
2020-12-16,HAL,EQ,871.45,874.50,885.00,868.30,882.00,880.05,877.59,386506,339193125.75,16209,139600.0,36.12
2020-12-17,HAL,EQ,880.05,870.00,875.70,863.00,866.00,866.30,870.31,248786,216521225.6,9478,82453.0,33.14
2020-12-18,HAL,EQ,866.30,870.00,879.00,856.10,864.00,863.80,866.37,238339,206489595.4,11579,73613.0,30.89
2020-12-21,HAL,EQ,863.80,860.10,871.70,786.50,795.00,798.95,826.02,472302,390130452.5,22993,205223.0,43.45
2020-12-22,HAL,EQ,798.95,798.20,810.45,761.00,791.50,793.85,786.53,429853,338090360.8,22928,143167.0,33.31
2020-12-23,HAL,EQ,793.85,797.55,807.80,793.85,804.05,804.90,802.96,183950,147704583.4,8829,75660.0,41.13
2020-12-24,HAL,EQ,804.90,811.65,826.45,808.95,825.00,822.25,820.11,334943,274688851.8,29081,118397.0,35.35
2020-12-28,HAL,EQ,822.25,825.00,830.00,818.10,821.30,821.50,823.60,127045,104633923.8,6489,48259.0,37.99
2020-12-29,HAL,EQ,821.50,824.00,845.00,818.00,835.25,836.30,834.14,404732,337604386.0,22671,148872.0,36.78
2020-12-30,HAL,EQ,836.30,840.00,840.00,823.00,830.00,831.05,830.16,193476,160616806.8,9770,46941.0,24.26
2020-12-31,HAL,EQ,831.05,841.00,854.50,839.95,843.50,846.25,847.58,443762,376123695.2,18598,140712.0,31.71
2021-01-01,HAL,EQ,846.25,849.00,863.00,847.60,857.25,856.80,856.90,262623,225041597.05,16540,98210.0,37.4
2021-01-04,HAL,EQ,856.80,861.95,891.00,856.80,887.50,886.90,877.32,739340,648636196.9,36424,396233.0,53.59
2021-01-05,HAL,EQ,886.90,879.80,926.95,864.50,925.05,921.55,908.03,1492650,1355369751.2,55820,643450.0,43.11
2021-01-06,HAL,EQ,921.55,934.00,960.45,930.00,942.00,943.80,946.88,1650561,1562884377.95,60674,615400.0,37.28
2021-01-07,HAL,EQ,943.80,960.00,963.95,925.50,929.00,930.50,941.88,506239,476814849.2,20586,204716.0,40.44
2021-01-08,HAL,EQ,930.50,932.10,940.45,910.00,915.05,912.50,924.08,355307,328333796.7,17503,151087.0,42.52
2021-01-11,HAL,EQ,912.50,936.00,936.00,904.50,907.50,907.95,915.79,449386,411543145.15,20262,163740.0,36.44
2021-01-12,HAL,EQ,907.95,912.00,914.85,897.00,902.00,901.60,904.84,292230,264422752.3,20751,128390.0,43.93
2021-01-13,HAL,EQ,901.60,908.45,940.00,900.05,919.95,921.60,922.38,806377,743784631.6,41674,219667.0,27.24
2021-01-14,HAL,EQ,921.60,"1,005.00","1,048.00",983.30,"1,008.95","1,009.25","1,010.54",7542690,7622221988.95,299819,1417471.0,18.79
2021-01-15,HAL,EQ,"1,009.25","1,019.00","1,019.00",950.00,970.00,967.10,989.49,1786029,1767265674.35,82686,413997.0,23.18
2021-01-18,HAL,EQ,967.10,970.00,974.70,941.25,960.00,961.45,955.64,839442,802202199.4,35974,241599.0,28.78
2021-01-19,HAL,EQ,961.45,979.00,989.45,966.00,970.40,970.15,974.26,364521,355136797.65,16572,100305.0,27.52
2021-01-20,HAL,EQ,970.15,973.00,981.00,951.80,971.20,970.05,969.78,383011,371438016.15,16989,128841.0,33.64
2021-01-21,HAL,EQ,970.05,974.50,978.70,966.00,970.00,968.60,970.59,344248,334124028.8,18173,176942.0,51.4
2021-01-22,HAL,EQ,968.60,970.00,975.00,943.50,948.40,948.00,951.57,340687,324188552.7,16559,160979.0,47.25
2021-01-25,HAL,EQ,948.00,964.00,968.45,931.20,941.00,943.15,949.47,349909,332227025.35,20513,91148.0,26.05
2021-01-27,HAL,EQ,943.15,946.00,946.30,912.00,914.00,915.95,927.92,248759,230827733.8,17557,104593.0,42.05
2021-01-28,HAL,EQ,915.95,911.05,929.45,901.70,926.80,923.80,918.49,233835,214775162.25,13520,69476.0,29.71
2021-01-29,HAL,EQ,923.80,933.90,942.50,922.00,925.00,925.30,931.25,327418,304909289.95,16870,104446.0,31.9
2021-02-01,HAL,EQ,925.30,940.00,947.00,906.00,912.90,909.00,926.61,849951,787572077.1,35721,258866.0,30.46
2021-02-02,HAL,EQ,909.00,916.00,941.00,915.00,940.00,934.75,925.84,501796,464581154.0,20823,175846.0,35.04
2021-02-03,HAL,EQ,934.75,977.00,977.90,950.20,963.70,964.70,963.06,925935,891730833.5,40042,269422.0,29.1
2021-02-04,HAL,EQ,964.70,972.40,979.00,965.00,975.00,976.35,973.19,558068,543106930.15,23329,210447.0,37.71
2021-02-05,HAL,EQ,976.35,980.00,"1,019.00",970.00,"1,011.00","1,013.35",998.38,1498037,1495604662.1,60385,604169.0,40.33
2021-02-08,HAL,EQ,"1,013.35","1,021.00","1,064.80","1,020.05","1,037.00","1,034.70","1,045.94",1730935,1810451982.65,90673,624564.0,36.08
2021-02-09,HAL,EQ,"1,034.70","1,041.80","1,043.85","1,009.00","1,011.55","1,016.00","1,023.73",583474,597318684.65,23916,199790.0,34.24
2021-02-10,HAL,EQ,"1,016.00","1,017.15","1,024.00",992.00,"1,011.00","1,009.65","1,007.08",566806,570821302.2,19957,154180.0,27.2
2021-02-11,HAL,EQ,"1,009.65","1,009.65","1,014.40",990.20,994.00,994.15,998.29,377190,376546718.75,16530,141605.0,37.54
2021-02-12,HAL,EQ,994.15,998.00,"1,049.00",997.90,"1,027.50","1,026.50","1,025.93",1440245,1477595695.45,78918,333045.0,23.12
2021-02-15,HAL,EQ,"1,026.50","1,042.30","1,047.10","1,026.10","1,036.50","1,036.35","1,037.44",732155,759567548.85,33900,342939.0,46.84
2021-02-16,HAL,EQ,"1,036.35","1,030.00","1,034.95","1,005.95","1,020.75","1,017.05","1,017.75",389678,396594059.6,14340,175345.0,45.0
2021-02-17,HAL,EQ,"1,017.05","1,024.90","1,053.50","1,008.95","1,039.00","1,039.90","1,037.20",747160,774955574.15,35663,300938.0,40.28
2021-02-18,HAL,EQ,"1,039.90","1,041.00","1,074.80","1,024.55","1,052.95","1,053.15","1,057.84",728548,770683636.25,42805,282069.0,38.72
2021-02-19,HAL,EQ,"1,053.15","1,063.70","1,083.00","1,050.50","1,061.00","1,061.35","1,067.14",784096,836741308.95,40143,259792.0,33.13
2021-02-22,HAL,EQ,"1,061.35","1,066.00","1,092.00","1,040.00","1,048.00","1,053.25","1,072.43",1131576,1213539079.85,55797,278283.0,24.59
2021-02-23,HAL,EQ,"1,053.25","1,063.10","1,070.00","1,011.00","1,037.50","1,030.20","1,041.11",505906,526704290.0,24191,181050.0,35.79
2021-02-24,HAL,EQ,"1,030.20","1,035.90","1,069.90","1,035.90","1,060.55","1,064.20","1,056.72",278548,294347395.3,16964,117510.0,42.19
2021-02-25,HAL,EQ,"1,064.20","1,074.00","1,100.00","1,060.00","1,098.50","1,096.45","1,085.77",785656,853045177.85,37454,354166.0,45.08
2021-02-26,HAL,EQ,"1,096.45","1,080.00","1,115.00","1,070.80","1,084.75","1,087.05","1,093.25",829256,906585111.7,30275,357937.0,43.16
2021-03-01,HAL,EQ,"1,087.05","1,103.65","1,103.95","1,080.00","1,086.00","1,085.25","1,089.80",319375,348054439.5,17013,119365.0,37.37
2021-03-02,HAL,EQ,"1,085.25","1,090.00","1,119.80","1,090.00","1,106.90","1,106.70","1,106.52",454599,503022105.05,23140,204378.0,44.96
2021-03-03,HAL,EQ,"1,106.70","1,114.95","1,123.85","1,105.35","1,113.00","1,112.60","1,113.42",323704,360419349.85,16827,166308.0,51.38
2021-03-04,HAL,EQ,"1,112.60","1,100.00","1,118.00","1,086.10","1,099.85","1,097.30","1,105.15",388850,429738186.05,19475,226553.0,58.26
2021-03-05,HAL,EQ,"1,097.30","1,095.00","1,108.30","1,047.85","1,072.00","1,054.05","1,076.09",381888,410946293.7,20665,220063.0,57.63
2021-03-08,HAL,EQ,"1,054.05","1,070.05","1,082.10","1,057.25","1,066.50","1,065.25","1,070.54",183463,196403834.4,11890,78183.0,42.62
2021-03-09,HAL,EQ,"1,065.25","1,065.90","1,088.95","1,054.00","1,062.80","1,065.45","1,073.03",277128,297365523.3,18327,120590.0,43.51
2021-03-10,HAL,EQ,"1,065.45","1,065.00","1,079.95","1,060.00","1,061.00","1,067.35","1,071.40",205561,220237438.2,11119,85500.0,41.59
2021-03-12,HAL,EQ,"1,067.35","1,070.75","1,083.00","1,057.35","1,060.00","1,061.25","1,072.63",341201,365982220.8,17302,119147.0,34.92
2021-03-15,HAL,EQ,"1,061.25","1,061.20","1,065.00","1,011.35","1,014.50","1,016.00","1,024.45",426163,436584226.3,24606,206700.0,48.5
2021-03-16,HAL,EQ,"1,016.00","1,020.50","1,080.00","1,020.50","1,070.25","1,071.40","1,053.01",536623,565066996.55,28591,159514.0,29.73
2021-03-17,HAL,EQ,"1,071.40","1,055.00","1,069.90","1,036.00","1,051.00","1,046.05","1,046.43",387761,405766108.3,15963,192029.0,49.52
2021-03-18,HAL,EQ,"1,046.05","1,050.00","1,055.40","1,025.00","1,034.00","1,030.85","1,035.00",233294,241458648.85,15427,93926.0,40.26
2021-03-19,HAL,EQ,"1,030.85","1,020.00","1,053.70",982.50,"1,039.90","1,032.05","1,026.45",1983886,2036357402.65,37019,1235730.0,62.29
2021-03-22,HAL,EQ,"1,032.05","1,032.05","1,055.95","1,015.00","1,031.00","1,037.25","1,040.19",213370,221944962.7,18856,83142.0,38.97
2021-03-23,HAL,EQ,"1,037.25","1,034.00","1,054.75","1,012.10","1,015.25","1,020.90","1,030.95",332681,342978865.05,26587,101324.0,30.46
2021-03-24,HAL,EQ,"1,020.90","1,019.70","1,027.85",999.00,"1,001.95","1,002.65","1,011.72",173465,175498114.35,12247,66686.0,38.44
2021-03-25,HAL,EQ,"1,002.65","1,001.95","1,008.95",973.00,982.05,982.75,983.01,248553,244329009.25,14512,103147.0,41.5
2021-03-26,HAL,EQ,982.75,996.50,"1,005.00",980.25,985.50,986.95,994.29,154320,153438282.7,8111,47873.0,31.02
2021-03-30,HAL,EQ,986.95,996.60,"1,005.00",992.20,"1,000.00","1,000.20",999.37,136800,136713643.75,8992,55757.0,40.76
2021-03-31,HAL,EQ,"1,000.20","1,000.00","1,005.00",985.25,995.00,994.95,994.49,144991,144192095.25,18518,69260.0,47.77
2021-04-01,HAL,EQ,994.95,"1,017.00","1,052.00","1,011.25","1,040.00","1,035.65","1,032.68",980629,1012673389.55,30769,541389.0,55.21
2021-04-05,HAL,EQ,"1,035.65","1,040.00","1,041.00",992.20,"1,002.00",999.90,"1,006.60",289644,291555846.85,15442,126335.0,43.62
2021-04-06,HAL,EQ,999.90,"1,014.90","1,018.00",996.20,"1,001.25","1,000.25","1,002.30",161385,161756575.5,8794,60868.0,37.72
2021-04-07,HAL,EQ,"1,000.25","1,005.00","1,020.15","1,002.30","1,007.50","1,005.90","1,012.10",208210,210728819.25,16926,89788.0,43.12
2021-04-08,HAL,EQ,"1,005.90","1,016.00","1,020.00","1,006.20","1,010.85","1,010.35","1,014.15",143722,145755321.1,14591,67855.0,47.21
2021-04-09,HAL,EQ,"1,010.35","1,009.00","1,020.00",997.00,"1,002.00","1,000.45","1,009.87",158566,160131083.8,10402,63435.0,40.01
2021-04-12,HAL,EQ,"1,000.45",993.00,993.00,948.05,960.75,957.40,964.30,217863,210085948.0,15164,102792.0,47.18
2021-04-13,HAL,EQ,957.40,953.00,974.70,951.40,970.35,970.85,964.97,112136,108208039.9,8803,36653.0,32.69
2021-04-15,HAL,EQ,970.85,970.00,976.15,946.30,970.95,969.00,961.09,127817,122843361.55,11248,47560.0,37.21
2021-04-16,HAL,EQ,969.00,969.00,982.00,954.00,965.00,964.50,969.93,100589,97563850.25,7047,34782.0,34.58
2021-04-19,HAL,EQ,964.50,948.00,948.00,929.00,942.00,940.20,938.73,205597,193000688.5,7981,137002.0,66.64
2021-04-20,HAL,EQ,940.20,946.10,957.90,942.80,951.00,951.35,950.11,125099,118857434.05,7910,56472.0,45.14
2021-04-22,HAL,EQ,951.35,935.00,952.70,935.00,945.80,948.80,943.95,74508,70332023.55,6145,32037.0,43.0
2021-04-23,HAL,EQ,948.80,945.00,964.15,941.80,956.00,956.85,957.62,104125,99712590.2,6438,45904.0,44.09
2021-04-26,HAL,EQ,956.85,956.85,965.00,951.00,953.00,954.30,956.15,68522,65516994.7,5829,30261.0,44.16
2021-04-27,HAL,EQ,954.30,952.10,958.30,949.00,949.70,950.00,950.73,161337,153387238.85,7788,114873.0,71.2
2021-04-28,HAL,EQ,950.00,954.70,974.90,951.50,962.95,967.75,965.78,221670,214083919.05,13847,51374.0,23.18
2021-04-29,HAL,EQ,967.75,963.25,974.90,944.00,945.00,946.35,955.89,163558,156343174.7,10442,94477.0,57.76
2021-04-30,HAL,EQ,946.35,945.00,959.90,941.15,955.50,957.25,953.87,102689,97952166.2,5763,44365.0,43.2
2021-05-03,HAL,EQ,957.25,955.70,956.95,942.00,952.50,952.80,947.72,137492,130303437.1,6643,48218.0,35.07
2021-05-04,HAL,EQ,952.80,957.80,977.95,948.00,954.95,953.80,963.36,223609,215415565.7,14170,60553.0,27.08
2021-05-05,HAL,EQ,953.80,979.80,979.80,964.10,968.00,968.45,970.19,215918,209480486.05,10050,43628.0,20.21
2021-05-06,HAL,EQ,968.45,972.00,974.05,956.10,957.70,957.85,960.75,109611,105309304.3,5969,58939.0,53.77
2021-05-07,HAL,EQ,957.85,962.65,965.00,952.00,957.10,960.45,958.78,100442,96302093.95,4629,42701.0,42.51
2021-05-10,HAL,EQ,960.45,957.50,976.50,957.50,968.00,968.55,968.46,146674,142048487.9,6549,74846.0,51.03
2021-05-11,HAL,EQ,968.55,964.95,"1,007.90",961.60,997.05,"1,000.30",989.61,535796,530228672.95,25726,182408.0,34.04
2021-05-12,HAL,EQ,"1,000.30","1,005.00","1,034.25",996.30,"1,006.85","1,007.65","1,015.98",491813,499672109.8,24828,130272.0,26.49
2021-05-14,HAL,EQ,"1,007.65","1,007.10","1,015.75",979.10,984.45,983.25,994.09,175841,174801885.6,11865,73487.0,41.79
2021-05-17,HAL,EQ,983.25,986.35,"1,004.00",986.35,"1,003.50","1,001.85",998.50,91962,91823808.65,7033,46449.0,50.51
2021-05-18,HAL,EQ,"1,001.85","1,015.00","1,021.00",995.00,"1,008.00","1,008.00","1,009.48",193013,194842650.45,12775,112135.0,58.1
2021-05-19,HAL,EQ,"1,008.00","1,002.00","1,021.95","1,002.00","1,013.00","1,014.75","1,015.03",218458,221742015.5,18747,119720.0,54.8
2021-05-20,HAL,EQ,"1,014.75","1,019.80","1,033.40",991.20,"1,000.00","1,010.50","1,016.17",268533,272876050.4,14405,126925.0,47.27
2021-05-21,HAL,EQ,"1,010.50","1,010.55","1,030.55","1,010.55","1,023.95","1,025.40","1,024.22",200798,205660757.65,16246,95575.0,47.6
2021-05-24,HAL,EQ,"1,025.40","1,026.00","1,032.00","1,012.00","1,014.00","1,014.75","1,019.69",253685,258679413.3,8908,196107.0,77.3
2021-05-25,HAL,EQ,"1,014.75","1,015.00","1,034.95","1,015.00","1,027.30","1,026.85","1,028.32",191466,196888663.55,16215,85865.0,44.85
2021-05-26,HAL,EQ,"1,026.85","1,027.00","1,046.00","1,017.45","1,035.00","1,035.80","1,034.48",153304,158590498.45,8971,64681.0,42.19
2021-05-27,HAL,EQ,"1,035.80","1,035.80","1,039.70","1,024.25","1,031.75","1,033.75","1,030.50",77670,80038822.9,4707,37262.0,47.97
2021-05-28,HAL,EQ,"1,033.75","1,032.00","1,040.00","1,025.40","1,030.00","1,029.70","1,029.84",96543,99424266.4,6506,54722.0,56.68
2021-05-31,HAL,EQ,"1,029.70","1,030.00","1,030.95","1,010.10","1,021.80","1,020.55","1,018.72",119851,122094622.85,6206,55589.0,46.38
2021-06-01,HAL,EQ,"1,020.55","1,049.00","1,069.85","1,025.20","1,030.00","1,031.70","1,044.68",534052,557913709.7,35031,126119.0,23.62
2021-06-02,HAL,EQ,"1,031.70","1,034.80","1,047.00","1,029.65","1,038.00","1,037.05","1,039.09",148894,154714396.0,9403,50777.0,34.1
2021-06-03,HAL,EQ,"1,037.05","1,050.00","1,053.00","1,040.00","1,049.35","1,049.10","1,047.81",179403,187980778.0,8625,91804.0,51.17
2021-06-04,HAL,EQ,"1,049.10","1,056.10","1,087.90","1,032.55","1,060.00","1,062.45","1,064.63",546453,581768547.65,26403,133437.0,24.42
2021-06-07,HAL,EQ,"1,062.45","1,068.90","1,074.70","1,054.00","1,065.00","1,065.35","1,066.07",219592,234100736.5,12577,103697.0,47.22
2021-06-08,HAL,EQ,"1,065.35","1,069.95","1,079.00","1,047.05","1,065.00","1,070.10","1,061.81",186488,198015668.35,9518,83112.0,44.57
2021-06-09,HAL,EQ,"1,070.10","1,069.95","1,089.00","1,041.35","1,054.00","1,047.45","1,066.94",308534,329188175.25,14282,127939.0,41.47
2021-06-10,HAL,EQ,"1,047.45","1,060.00","1,061.30","1,037.00","1,040.00","1,040.80","1,046.52",128936,134933663.75,6469,71469.0,55.43
2021-06-11,HAL,EQ,"1,040.80","1,051.00","1,061.95","1,043.00","1,047.00","1,046.60","1,050.81",170628,179297148.65,7993,56526.0,33.13
2021-06-14,HAL,EQ,"1,046.60","1,053.00","1,058.00","1,028.10","1,048.50","1,051.90","1,046.32",154726,161893604.35,9013,46204.0,29.86
2021-06-15,HAL,EQ,"1,051.90","1,051.90","1,058.65","1,040.70","1,044.00","1,042.00","1,048.80",110805,116212255.2,8325,53524.0,48.3
2021-06-16,HAL,EQ,"1,042.00","1,043.00","1,049.45","1,027.50","1,029.00","1,029.85","1,034.97",88615,91713945.4,5867,44259.0,49.95
2021-06-17,HAL,EQ,"1,029.85","1,028.50","1,054.70","1,025.05","1,026.00","1,027.35","1,039.97",175746,182769713.05,9221,52290.0,29.75
2021-06-18,HAL,EQ,"1,027.35","1,029.00","1,037.70",995.40,"1,016.00","1,016.45","1,015.29",127905,129861203.8,8783,50790.0,39.71
2021-06-21,HAL,EQ,"1,016.45","1,007.20","1,024.80",998.15,"1,008.50","1,007.55","1,009.59",163272,164838431.55,9304,81051.0,49.64
2021-06-22,HAL,EQ,"1,007.55","1,014.05","1,021.85",999.00,"1,000.00","1,001.05","1,006.62",178300,179479601.65,10136,104239.0,58.46
2021-06-23,HAL,EQ,"1,001.05","1,005.00","1,047.00",991.20,"1,019.00","1,021.15","1,025.51",556878,571083924.5,29459,128027.0,22.99
2021-06-24,HAL,EQ,"1,021.15","1,029.00","1,039.00","1,013.15","1,021.00","1,019.20","1,022.39",123371,126133493.75,6485,46294.0,37.52
2021-06-25,HAL,EQ,"1,019.20","1,022.00","1,039.00","1,018.60","1,035.05","1,037.00","1,032.16",150144,154972231.3,8543,69104.0,46.03
2021-06-28,HAL,EQ,"1,037.00","1,041.00","1,049.90","1,027.00","1,045.00","1,042.70","1,039.16",254911,264892470.35,10153,97197.0,38.13
2021-06-29,HAL,EQ,"1,042.70","1,058.00","1,067.00","1,028.00","1,035.30","1,036.30","1,047.72",348530,365163327.75,16315,126890.0,36.41
2021-06-30,HAL,EQ,"1,036.30","1,038.95","1,043.95","1,017.50","1,021.00","1,021.80","1,030.84",145585,150075410.75,8984,67362.0,46.27
2021-07-01,HAL,EQ,"1,021.80","1,025.50","1,028.85","1,010.00","1,015.50","1,013.75","1,018.19",238850,243194414.4,10085,134267.0,56.21
2021-07-02,HAL,EQ,"1,013.75","1,014.05","1,073.55","1,014.05","1,068.25","1,067.55","1,054.76",817033,861776924.85,39149,293562.0,35.93
2021-07-05,HAL,EQ,"1,067.55","1,076.10","1,093.70","1,055.15","1,063.00","1,062.15","1,076.52",400159,430779384.35,20477,141080.0,35.26
2021-07-06,HAL,EQ,"1,062.15","1,065.00","1,143.00","1,063.00","1,106.00","1,100.65","1,111.84",2487780,2766024770.9,84829,706047.0,28.38
2021-07-07,HAL,EQ,"1,100.65","1,110.00","1,128.00","1,090.00","1,100.00","1,099.55","1,105.36",983859,1087521675.5,52152,520988.0,52.95
2021-07-08,HAL,EQ,"1,099.55","1,104.50","1,157.00","1,102.00","1,152.30","1,147.05","1,134.63",1227482,1392740209.45,56040,468924.0,38.2
2021-07-09,HAL,EQ,"1,147.05","1,151.00","1,155.00","1,110.60","1,117.00","1,118.55","1,133.84",509918,578164070.2,27166,219895.0,43.12
2021-07-12,HAL,EQ,"1,118.55","1,124.90","1,129.80","1,104.35","1,109.65","1,111.50","1,117.30",352644,394010655.8,29937,209765.0,59.48
2021-07-13,HAL,EQ,"1,111.50","1,114.50","1,123.90","1,090.00","1,096.00","1,096.45","1,105.01",284515,314391853.8,12178,167128.0,58.74
2021-07-14,HAL,EQ,"1,096.45","1,103.70","1,134.50","1,097.50","1,099.15","1,106.70","1,115.90",450305,502495000.05,27180,191460.0,42.52
2021-07-15,HAL,EQ,"1,106.70","1,113.80","1,118.45","1,090.00","1,091.75","1,095.35","1,103.14",186872,206146510.65,11224,102436.0,54.82
2021-07-16,HAL,EQ,"1,095.35","1,105.00","1,118.00","1,072.00","1,075.00","1,074.75","1,092.43",340118,371556732.6,17465,145602.0,42.81
2021-07-19,HAL,EQ,"1,074.75","1,074.80","1,091.00","1,068.00","1,085.00","1,082.10","1,081.69",195211,211157114.5,10553,63667.0,32.61
2021-07-20,HAL,EQ,"1,082.10","1,082.10","1,088.95","1,053.95","1,066.00","1,066.75","1,069.53",144416,154456661.65,10156,62704.0,43.42
2021-07-22,HAL,EQ,"1,066.75","1,075.00","1,153.00","1,072.85","1,114.00","1,107.30","1,126.90",1538596,1733839012.6,65841,604518.0,39.29
2021-07-23,HAL,EQ,"1,107.30","1,120.00","1,150.00","1,098.00","1,104.00","1,103.05","1,123.45",618867,695265218.75,35245,223536.0,36.12
2021-07-26,HAL,EQ,"1,103.05","1,105.50","1,127.30","1,097.70","1,102.00","1,104.85","1,107.92",497481,551167021.9,23993,250580.0,50.37
2021-07-27,HAL,EQ,"1,104.85","1,111.00","1,120.00","1,086.00","1,099.00","1,100.10","1,103.74",237406,262033825.5,12936,104682.0,44.09
2021-07-28,HAL,EQ,"1,100.10","1,109.00","1,109.25","1,083.05","1,096.25","1,095.40","1,093.12",197132,215488276.15,11086,88884.0,45.09
2021-07-29,HAL,EQ,"1,095.40","1,106.95","1,119.60","1,095.00","1,096.00","1,099.90","1,104.54",256254,283043508.9,14140,108407.0,42.3
2021-07-30,HAL,EQ,"1,099.90","1,100.90","1,125.00","1,100.90","1,116.10","1,116.35","1,114.16",204647,228009759.45,11434,88611.0,43.3
2021-08-02,HAL,EQ,"1,116.35","1,120.05","1,123.75","1,095.00","1,098.80","1,098.00","1,103.93",187126,206574115.25,12317,98410.0,52.59
2021-08-03,HAL,EQ,"1,098.00","1,102.00","1,109.85","1,097.50","1,101.75","1,100.65","1,102.50",133239,146896270.4,7563,67428.0,50.61
2021-08-04,HAL,EQ,"1,100.65","1,108.00","1,117.85","1,077.05","1,080.00","1,079.45","1,096.03",184514,202232016.6,11953,83427.0,45.21
2021-08-05,HAL,EQ,"1,079.45","1,082.00","1,093.85","1,070.15","1,079.00","1,079.05","1,078.46",173984,187634432.3,8033,88292.0,50.75
2021-08-06,HAL,EQ,"1,079.05","1,089.45","1,089.45","1,071.10","1,080.00","1,079.75","1,080.96",111341,120355553.45,6473,48057.0,43.16
2021-08-09,HAL,EQ,"1,079.75","1,090.30","1,109.00","1,081.00","1,087.90","1,085.90","1,094.23",315231,344936372.3,13836,148043.0,46.96
2021-08-10,HAL,EQ,"1,085.90","1,102.00","1,149.00","1,090.00","1,106.00","1,104.65","1,118.92",1137209,1272448994.65,62250,332832.0,29.27
2021-08-11,HAL,EQ,"1,104.65","1,115.00","1,123.95","1,071.00","1,091.00","1,094.65","1,089.63",280880,306054238.6,16425,97780.0,34.81
2021-08-12,HAL,EQ,"1,094.65","1,082.10","1,113.95","1,075.00","1,112.00","1,104.50","1,104.46",291074,321479755.8,16889,136837.0,47.01
2021-08-13,HAL,EQ,"1,104.50","1,112.00","1,148.70","1,085.15","1,091.00","1,088.95","1,109.62",785334,871424883.25,41794,198950.0,25.33
2021-08-16,HAL,EQ,"1,088.95","1,071.00","1,084.00","1,059.10","1,073.00","1,068.90","1,072.49",265445,284686762.7,12844,114585.0,43.17
2021-08-17,HAL,EQ,"1,068.90","1,074.25","1,088.40","1,059.35","1,071.00","1,066.90","1,071.02",227736,243910095.35,14588,89919.0,39.48
2021-08-18,HAL,EQ,"1,066.90","1,099.00","1,130.00","1,083.30","1,122.45","1,120.15","1,106.54",855153,946257851.9,43138,293930.0,34.37
2021-08-20,HAL,EQ,"1,120.15","1,111.90","1,175.00","1,108.00","1,128.00","1,126.50","1,148.08",1670657,1918050366.3,86403,613118.0,36.7
2021-08-23,HAL,EQ,"1,126.50","1,140.00","1,157.90","1,101.60","1,123.00","1,112.25","1,130.05",595485,672926605.7,34447,249592.0,41.91
2021-08-24,HAL,EQ,"1,112.25","1,123.95","1,169.00","1,120.00","1,168.00","1,160.00","1,149.41",702192,807109770.9,45407,343694.0,48.95
2021-08-25,HAL,EQ,"1,160.00","1,170.45","1,260.00","1,170.00","1,250.25","1,248.25","1,223.60",3021508,3697128127.45,135939,806484.0,26.69
2021-08-26,HAL,EQ,"1,248.25","1,256.95","1,311.00","1,251.00","1,286.00","1,289.60","1,282.79",2687137,3447041063.55,112434,517187.0,19.25
2021-08-27,HAL,EQ,"1,289.60","1,293.45","1,399.00","1,265.20","1,379.25","1,381.40","1,347.37",4215226,5679472462.35,134332,803478.0,19.06
2021-08-30,HAL,EQ,"1,381.40","1,391.00","1,457.00","1,350.00","1,399.00","1,399.95","1,411.65",3393802,4790845465.35,123370,458089.0,13.5
2021-08-31,HAL,EQ,"1,399.95","1,389.95","1,417.25","1,366.00","1,369.35","1,375.80","1,387.94",1253854,1740277901.1,45156,189271.0,15.1
2021-09-01,HAL,EQ,"1,375.80","1,364.00","1,382.15","1,339.55","1,350.00","1,349.90","1,354.65",664262,899844151.75,29080,122493.0,18.44
2021-09-02,HAL,EQ,"1,349.90","1,351.00","1,429.90","1,351.00","1,378.80","1,379.85","1,400.47",1972085,2761853027.25,78337,347437.0,17.62
2021-09-03,HAL,EQ,"1,379.85","1,430.00","1,430.00","1,385.50","1,394.00","1,394.55","1,398.46",2403207,3360798717.4,55817,192905.0,8.03
2021-09-06,HAL,EQ,"1,394.55","1,410.00","1,423.90","1,353.55","1,360.00","1,361.15","1,383.78",958957,1326987706.45,46806,248763.0,25.94
2021-09-07,HAL,EQ,"1,361.15","1,360.00","1,393.70","1,340.20","1,374.00","1,382.00","1,369.80",1015717,1391324439.15,39266,203282.0,20.01
2021-09-08,HAL,EQ,"1,382.00","1,382.00","1,392.45","1,351.45","1,369.00","1,367.95","1,370.46",667721,915087812.6,28229,219776.0,32.91
2021-09-09,HAL,EQ,"1,367.95","1,367.95","1,386.85","1,316.00","1,371.00","1,374.30","1,361.44",913226,1243300310.8,36793,243859.0,26.7
2021-09-13,HAL,EQ,"1,374.30","1,374.05","1,412.70","1,361.05","1,405.75","1,405.25","1,397.89",974824,1362694428.7,39796,192838.0,19.78
2021-09-14,HAL,EQ,"1,405.25","1,412.30","1,441.75","1,369.95","1,407.30","1,409.95","1,403.57",2308493,3240133862.15,85430,366135.0,15.86
2021-09-15,HAL,EQ,"1,409.95","1,414.00","1,425.00","1,395.05","1,398.90","1,403.05","1,408.85",738110,1039886034.3,27874,221119.0,29.96
2021-09-16,HAL,EQ,"1,403.05","1,402.00","1,486.95","1,400.00","1,430.00","1,431.95","1,451.06",2560555,3715517402.45,79421,829197.0,32.38
2021-09-17,HAL,EQ,"1,431.95","1,444.00","1,481.60","1,415.00","1,431.10","1,430.60","1,446.70",2107395,3048771284.9,74431,833790.0,39.56
2021-09-20,HAL,EQ,"1,430.60","1,423.95","1,449.00","1,366.20","1,373.00","1,377.20","1,415.68",1195729,1692770736.65,44020,465509.0,38.93
2021-09-21,HAL,EQ,"1,377.20","1,388.85","1,425.20","1,340.00","1,359.95","1,359.25","1,375.26",1805104,2482479407.05,72035,437122.0,24.22
2021-09-22,HAL,EQ,"1,359.25","1,355.10","1,374.80","1,340.05","1,355.00","1,356.85","1,361.70",616549,839554815.3,26132,126669.0,20.54
2021-09-23,HAL,EQ,"1,356.85","1,370.30","1,389.45","1,355.35","1,360.00","1,359.75","1,370.41",659362,903598525.2,31439,270578.0,41.04
2021-09-24,HAL,EQ,"1,359.75","1,366.80","1,376.40","1,326.65","1,340.20","1,341.40","1,354.03",622141,842399717.25,25221,257943.0,41.46
2021-09-27,HAL,EQ,"1,341.40","1,350.80","1,358.00","1,332.60","1,337.00","1,336.55","1,342.73",479659,644052526.2,29458,193738.0,40.39
2021-09-28,HAL,EQ,"1,336.55","1,340.00","1,366.40","1,335.80","1,343.00","1,346.60","1,348.82",474756,640359298.1,27930,178677.0,37.64
2021-09-29,HAL,EQ,"1,346.60","1,349.00","1,373.80","1,327.05","1,338.65","1,339.20","1,352.92",1240587,1678412690.95,44602,674208.0,54.35
2021-09-30,HAL,EQ,"1,339.20","1,374.90","1,378.95","1,342.05","1,354.75","1,354.45","1,360.01",875440,1190611531.2,45772,251669.0,28.75
2021-10-01,HAL,EQ,"1,354.45","1,353.30","1,367.45","1,326.65","1,336.60","1,338.00","1,344.47",665072,894166290.65,30738,287109.0,43.17
2021-10-04,HAL,EQ,"1,338.00","1,340.05","1,362.30","1,336.00","1,348.00","1,345.60","1,348.54",429711,579480747.95,16648,210352.0,48.95
2021-10-05,HAL,EQ,"1,345.60","1,345.60","1,411.00","1,340.00","1,370.00","1,375.00","1,386.00",1240733,1719653807.15,49697,388880.0,31.34
2021-10-06,HAL,EQ,"1,375.00","1,371.00","1,387.80","1,340.00","1,341.15","1,346.90","1,359.13",593718,806939527.0,25483,171617.0,28.91
2021-10-07,HAL,EQ,"1,346.90","1,360.30","1,389.85","1,353.00","1,357.65","1,357.15","1,365.57",720880,984415452.4,26328,366363.0,50.82
2021-10-08,HAL,EQ,"1,357.15","1,366.00","1,373.00","1,345.50","1,353.00","1,351.65","1,353.44",453470,613745126.5,16254,236484.0,52.15
2021-10-11,HAL,EQ,"1,351.65","1,363.00","1,394.55","1,351.20","1,364.00","1,364.80","1,365.32",560516,765282640.35,25984,231683.0,41.33
2021-10-12,HAL,EQ,"1,364.80","1,364.80","1,402.95","1,357.00","1,397.00","1,396.75","1,384.70",786600,1089207752.5,34743,253988.0,32.29
2021-10-13,HAL,EQ,"1,396.75","1,400.00","1,428.70","1,387.00","1,393.25","1,394.65","1,410.93",933759,1317471186.5,44933,247314.0,26.49
2021-10-14,HAL,EQ,"1,394.65","1,400.00","1,466.50","1,394.65","1,441.55","1,443.75","1,442.00",2233352,3220488082.5,95622,824275.0,36.91
2021-10-18,HAL,EQ,"1,443.75","1,475.00","1,566.00","1,460.00","1,479.85","1,480.40","1,511.65",3842189,5808040406.7,163867,879402.0,22.89
2021-10-19,HAL,EQ,"1,480.40","1,503.00","1,523.00","1,405.20","1,415.00","1,430.05","1,480.32",1551349,2296487364.25,68706,314259.0,20.26
2021-10-20,HAL,EQ,"1,430.05","1,424.00","1,458.05","1,380.30","1,409.50","1,409.90","1,424.65",1044118,1487502250.95,61446,231225.0,22.15
2021-10-21,HAL,EQ,"1,409.90","1,420.00","1,428.90","1,360.00","1,376.25","1,371.30","1,382.19",712334,984579528.85,42513,251091.0,35.25
2021-10-22,HAL,EQ,"1,371.30","1,384.00","1,396.80","1,295.05","1,324.00","1,327.15","1,331.28",1019520,1357261883.3,55336,318613.0,31.25
2021-10-25,HAL,EQ,"1,327.15","1,325.00","1,339.40","1,284.20","1,321.00","1,323.05","1,312.39",630998,828112832.35,34286,226330.0,35.87
2021-10-26,HAL,EQ,"1,323.05","1,318.00","1,335.00","1,313.40","1,325.00","1,324.90","1,324.35",663859,879181642.2,21643,326881.0,49.24
2021-10-27,HAL,EQ,"1,324.90","1,326.00","1,352.55","1,310.00","1,317.00","1,317.10","1,330.71",506111,673488970.05,27556,194167.0,38.36
2021-10-28,HAL,EQ,"1,317.10","1,317.10","1,317.90","1,260.00","1,264.00","1,266.70","1,282.45",848451,1088098402.05,45342,352315.0,41.52
2021-10-29,HAL,EQ,"1,266.70","1,250.00","1,324.70","1,233.90","1,316.00","1,306.60","1,282.43",1019876,1307922861.8,49049,414091.0,40.6
2021-11-01,HAL,EQ,"1,306.60","1,319.65","1,343.95","1,304.20","1,324.95","1,328.90","1,327.09",794386,1054222923.0,23160,422803.0,53.22
2021-11-02,HAL,EQ,"1,328.90","1,329.00","1,359.95","1,323.40","1,332.55","1,332.40","1,340.18",942141,1262640684.05,35951,371597.0,39.44
2021-11-03,HAL,EQ,"1,332.40","1,343.40","1,361.00","1,316.35","1,326.00","1,323.75","1,345.55",944542,1270930570.55,27492,485509.0,51.4
2021-11-04,HAL,EQ,"1,323.75","1,330.90","1,345.00","1,325.00","1,343.00","1,340.10","1,337.12",73536,98326579.15,3500,41395.0,56.29
2021-11-08,HAL,EQ,"1,340.10","1,350.95","1,373.20","1,341.25","1,356.45","1,351.10","1,354.35",1048556,1420115521.15,38766,570282.0,54.39
2021-11-09,HAL,EQ,"1,351.10","1,354.80","1,391.00","1,352.05","1,369.00","1,369.00","1,376.09",787936,1084267499.15,31643,416437.0,52.85
2021-11-10,HAL,EQ,"1,369.00","1,367.00","1,389.50","1,366.00","1,373.50","1,374.90","1,378.34",563647,776897505.75,25850,269539.0,47.82
2021-11-11,HAL,EQ,"1,374.90","1,375.90","1,414.55","1,360.10","1,409.00","1,395.05","1,394.12",1620715,2259465384.3,69698,511214.0,31.54
2021-11-12,HAL,EQ,"1,395.05","1,415.00","1,422.50","1,378.00","1,420.90","1,417.15","1,406.79",1380016,1941391250.35,45883,768127.0,55.66
2021-11-15,HAL,EQ,"1,417.15","1,425.00","1,440.00","1,408.00","1,413.05","1,422.50","1,428.40",668841,955372887.1,30533,345153.0,51.6
2021-11-16,HAL,EQ,"1,422.50","1,419.00","1,456.00","1,413.60","1,433.00","1,429.40","1,441.17",987889,1423714440.55,51962,515140.0,52.15
2021-11-17,HAL,EQ,"1,429.40","1,424.95","1,429.80","1,395.80","1,411.85","1,406.10","1,410.68",877343,1237649318.25,38901,376659.0,42.93
2021-11-18,HAL,EQ,"1,406.10","1,410.00","1,418.30","1,366.35","1,380.00","1,383.60","1,390.24",394110,547907826.9,28937,137042.0,34.77
2021-11-22,HAL,EQ,"1,383.60","1,397.00","1,412.60","1,343.50","1,364.00","1,362.35","1,379.15",617175,851178805.85,32859,228107.0,36.96
2021-11-23,HAL,EQ,"1,362.35","1,350.00","1,416.00","1,339.00","1,410.00","1,405.60","1,399.50",991721,1387911301.25,50756,421014.0,42.45
2021-11-24,HAL,EQ,"1,405.60","1,419.70","1,419.70","1,365.20","1,368.30","1,375.95","1,387.71",466266,647041335.7,19743,212400.0,45.55
2021-11-25,HAL,EQ,"1,375.95","1,365.00","1,377.30","1,350.00","1,353.95","1,352.55","1,364.54",713739,973927351.9,21877,177811.0,24.91
2021-11-26,HAL,EQ,"1,352.55","1,336.25","1,348.00","1,275.00","1,290.05","1,285.90","1,310.77",515497,675697530.6,23734,200740.0,38.94
2021-11-29,HAL,EQ,"1,285.90","1,285.00","1,316.45","1,235.15","1,281.85","1,298.50","1,289.51",818928,1056014613.9,39026,210041.0,25.65
2021-11-30,HAL,EQ,"1,298.50","1,290.00","1,311.00","1,270.10","1,270.10","1,276.90","1,290.34",419921,541842614.45,20060,171064.0,40.74
2021-12-01,HAL,EQ,"1,276.90","1,277.40","1,314.95","1,271.70","1,308.75","1,308.95","1,295.85",428232,554922772.6,22384,160367.0,37.45
2021-12-02,HAL,EQ,"1,308.95","1,310.00","1,311.50","1,293.20","1,304.00","1,300.85","1,300.69",193451,251619769.9,9261,88974.0,45.99
2021-12-03,HAL,EQ,"1,300.85","1,307.00","1,328.00","1,291.15","1,298.00","1,296.50","1,314.44",545693,717279121.95,19552,133220.0,24.41
2021-12-06,HAL,EQ,"1,296.50","1,298.65","1,316.70","1,271.40","1,278.80","1,278.45","1,298.37",536914,697115572.15,22541,166888.0,31.08
2021-12-07,HAL,EQ,"1,278.45","1,289.90","1,311.80","1,280.00","1,282.00","1,286.35","1,294.27",522183,675844478.15,17303,283691.0,54.33
2021-12-08,HAL,EQ,"1,286.35","1,296.00","1,314.00","1,288.75","1,296.00","1,291.95","1,301.84",448390,583729836.75,14553,232519.0,51.86
2021-12-09,HAL,EQ,"1,291.95","1,298.45","1,307.85","1,286.85","1,296.00","1,292.40","1,298.15",580505,753583947.2,11598,360439.0,62.09
2021-12-10,HAL,EQ,"1,292.40","1,292.40","1,321.60","1,292.40","1,304.95","1,305.10","1,311.40",707800,928205612.85,24397,260229.0,36.77
2021-12-13,HAL,EQ,"1,305.10","1,315.90","1,325.95","1,300.00","1,311.95","1,311.50","1,314.56",532434,699919041.5,19748,230947.0,43.38
2021-12-14,HAL,EQ,"1,311.50","1,308.00","1,308.00","1,281.00","1,288.00","1,287.60","1,293.03",385180,498049551.0,17008,191954.0,49.83
2021-12-15,HAL,EQ,"1,287.60","1,287.00","1,308.90","1,283.65","1,286.30","1,286.55","1,294.77",281134,364004530.5,14254,122934.0,43.73
2021-12-16,HAL,EQ,"1,286.55","1,299.30","1,303.00","1,275.00","1,290.00","1,280.90","1,284.91",563276,723761319.6,25593,264614.0,46.98
2021-12-17,HAL,EQ,"1,280.90","1,282.00","1,285.70","1,239.25","1,244.00","1,247.70","1,255.74",1118937,1405090162.05,55961,682583.0,61.0
2021-12-20,HAL,EQ,"1,247.70","1,235.20","1,235.80","1,181.20","1,208.00","1,216.05","1,205.91",1009618,1217511398.65,36522,260179.0,25.77
2021-12-21,HAL,EQ,"1,216.05","1,220.00","1,232.40","1,205.25","1,217.95","1,214.70","1,219.57",213971,260952915.45,16853,81726.0,38.19
2021-12-22,HAL,EQ,"1,214.70","1,220.80","1,260.00","1,215.30","1,242.90","1,245.50","1,236.64",277181,342774306.75,15410,101250.0,36.53
2021-12-23,HAL,EQ,"1,245.50","1,252.80","1,254.75","1,235.10","1,244.00","1,242.50","1,243.28",171645,213402215.05,7021,53730.0,31.3
2021-12-24,HAL,EQ,"1,242.50","1,241.00","1,244.35","1,221.00","1,230.00","1,230.25","1,232.40",118640,146211502.4,5980,36891.0,31.09
2021-12-27,HAL,EQ,"1,230.25","1,230.25","1,236.70","1,213.10","1,217.60","1,220.50","1,221.67",284196,347194753.45,12815,79395.0,27.94
2021-12-28,HAL,EQ,"1,220.50","1,225.00","1,244.45","1,224.95","1,236.10","1,237.35","1,235.30",216761,267765836.8,9753,51294.0,23.66
2021-12-29,HAL,EQ,"1,237.35","1,235.00","1,244.70","1,226.00","1,226.00","1,228.35","1,232.71",185866,229119106.95,10583,64728.0,34.83
2021-12-30,HAL,EQ,"1,228.35","1,225.00","1,226.05","1,206.70","1,211.00","1,211.20","1,214.53",179223,217670886.25,11078,74304.0,41.46
2021-12-31,HAL,EQ,"1,211.20","1,211.25","1,232.00","1,208.50","1,209.55","1,210.65","1,217.17",569433,693095567.35,14065,404919.0,71.11
2022-01-03,HAL,EQ,"1,210.65","1,214.00","1,245.65","1,212.05","1,232.00","1,233.70","1,234.71",552027,681591825.9,15088,304123.0,55.09
2022-01-04,HAL,EQ,"1,233.70","1,236.70","1,266.90","1,233.25","1,252.25","1,248.60","1,252.68",1052122,1317967889.7,33046,529689.0,50.34
2022-01-05,HAL,EQ,"1,248.60","1,254.90","1,278.85","1,240.10","1,275.05","1,269.70","1,261.10",757285,955014418.55,19660,386347.0,51.02
2022-01-06,HAL,EQ,"1,269.70","1,271.00","1,276.00","1,244.90","1,247.55","1,248.35","1,257.29",765932,962997205.35,17754,403826.0,52.72
2022-01-07,HAL,EQ,"1,248.35","1,248.55","1,273.00","1,248.55","1,254.90","1,256.60","1,261.34",471235,594385795.25,16500,200856.0,42.62
2022-01-10,HAL,EQ,"1,256.60","1,256.65","1,300.00","1,256.65","1,294.05","1,296.25","1,284.30",1426483,1832027386.55,43300,810480.0,56.82
2022-01-11,HAL,EQ,"1,296.25","1,295.60","1,305.75","1,271.00","1,280.00","1,280.20","1,286.20",1456787,1873725021.15,37334,496008.0,34.05
2022-01-12,HAL,EQ,"1,280.20","1,287.00","1,319.30","1,285.15","1,310.25","1,312.60","1,310.16",846271,1108746531.35,37591,348442.0,41.17
2022-01-13,HAL,EQ,"1,312.60","1,314.95","1,328.00","1,300.80","1,319.25","1,319.75","1,316.16",390006,513308822.55,17467,160335.0,41.11
2022-01-14,HAL,EQ,"1,319.75","1,319.85","1,372.00","1,311.95","1,368.00","1,365.65","1,346.29",880246,1185064863.55,35998,270486.0,30.73
2022-01-17,HAL,EQ,"1,365.65","1,373.95","1,417.45","1,358.70","1,396.00","1,396.85","1,394.14",1101174,1535186249.2,52755,298276.0,27.09
2022-01-18,HAL,EQ,"1,396.85","1,399.95","1,430.00","1,381.60","1,392.75","1,389.55","1,412.43",993366,1403064555.6,43574,276954.0,27.88
2022-01-19,HAL,EQ,"1,389.55","1,390.00","1,442.00","1,371.25","1,431.15","1,432.20","1,409.92",916109,1291638185.25,37650,203420.0,22.2
2022-01-20,HAL,EQ,"1,432.20","1,438.40","1,446.50","1,413.05","1,430.00","1,431.10","1,432.07",609436,872757405.85,29921,167451.0,27.48
2022-01-21,HAL,EQ,"1,431.10","1,425.25","1,456.85","1,391.00","1,418.00","1,418.15","1,434.56",850897,1220666883.35,41770,270376.0,31.78
2022-01-24,HAL,EQ,"1,418.15","1,429.90","1,443.95","1,345.00","1,354.80","1,360.90","1,394.37",1105179,1541024797.05,47669,508609.0,46.02
2022-01-25,HAL,EQ,"1,360.90","1,341.05","1,438.00","1,331.85","1,425.00","1,421.30","1,393.75",954040,1329689571.5,30630,488074.0,51.16
2022-01-27,HAL,EQ,"1,421.30","1,419.50","1,429.25","1,398.45","1,426.20","1,422.95","1,417.37",775988,1099864912.75,30918,418672.0,53.95
2022-01-28,HAL,EQ,"1,422.95","1,431.90","1,471.00","1,405.40","1,420.95","1,417.10","1,445.53",961596,1390017263.85,36091,398510.0,41.44
2022-01-31,HAL,EQ,"1,417.10","1,448.00","1,470.50","1,427.65","1,445.00","1,443.70","1,453.83",849331,1234784936.5,48586,388636.0,45.76
2022-02-01,HAL,EQ,"1,443.70","1,457.65","1,474.80","1,417.50","1,435.00","1,441.75","1,449.64",767215,1112182955.0,32237,274751.0,35.81
2022-02-02,HAL,EQ,"1,441.75","1,449.00","1,457.75","1,411.00","1,424.70","1,420.55","1,429.92",623476,891520729.15,21966,299518.0,48.04
2022-02-03,HAL,EQ,"1,420.55","1,425.90","1,454.00","1,407.00","1,413.00","1,416.65","1,426.17",741303,1057226009.35,20895,356130.0,48.04
2022-02-04,HAL,EQ,"1,416.65","1,416.60","1,433.55","1,394.60","1,399.00","1,400.20","1,409.62",293206,413308089.4,16071,107161.0,36.55
2022-02-07,HAL,EQ,"1,400.20","1,400.20","1,418.85","1,382.00","1,384.00","1,386.80","1,396.47",314116,438654979.65,22137,100816.0,32.1
2022-02-08,HAL,EQ,"1,386.80","1,390.00","1,404.00","1,365.20","1,374.00","1,378.05","1,385.69",499717,692452950.6,17204,222123.0,44.45
2022-02-09,HAL,EQ,"1,378.05","1,385.00","1,423.00","1,383.10","1,421.00","1,414.50","1,410.56",583529,823105548.45,28062,341805.0,58.58
2022-02-10,HAL,EQ,"1,414.50","1,419.00","1,438.00","1,383.00","1,396.55","1,397.85","1,410.99",996820,1406502794.15,38301,284752.0,28.57
2022-02-11,HAL,EQ,"1,397.85","1,370.00","1,399.00","1,370.00","1,376.00","1,379.95","1,385.29",278609,385955501.1,12183,103900.0,37.29
2022-02-14,HAL,EQ,"1,379.95","1,355.00","1,364.90","1,326.10","1,334.00","1,332.85","1,346.00",347251,467398189.0,24867,130809.0,37.67
2022-02-15,HAL,EQ,"1,332.85","1,350.00","1,372.95","1,316.00","1,368.75","1,367.40","1,342.38",324816,436025524.35,16861,129165.0,39.77
2022-02-16,HAL,EQ,"1,367.40","1,374.95","1,392.00","1,354.90","1,363.60","1,362.85","1,372.26",505004,692997026.6,19343,265952.0,52.66
2022-02-17,HAL,EQ,"1,362.85","1,342.00","1,375.70","1,340.00","1,360.35","1,364.55","1,361.04",559307,761237874.85,22084,280892.0,50.22
2022-02-18,HAL,EQ,"1,364.55","1,375.00","1,375.00","1,340.50","1,347.00","1,345.95","1,360.26",615088,836682359.3,21281,252069.0,40.98
2022-02-21,HAL,EQ,"1,345.95","1,330.00","1,338.00","1,294.55","1,295.00","1,301.05","1,314.32",602643,792063425.05,27540,290954.0,48.28
2022-02-22,HAL,EQ,"1,301.05","1,265.00","1,289.95","1,257.00","1,280.60","1,281.65","1,275.93",607287,774856503.25,28273,317521.0,52.29
2022-02-23,HAL,EQ,"1,281.65","1,281.00","1,324.00","1,281.00","1,308.00","1,310.15","1,310.00",584031,765081181.2,19853,278207.0,47.64
2022-02-24,HAL,EQ,"1,310.15","1,290.00","1,299.30","1,240.00","1,280.00","1,276.25","1,275.63",692025,882771052.25,35113,293819.0,42.46
2022-02-25,HAL,EQ,"1,276.25","1,285.80","1,332.20","1,285.80","1,313.00","1,314.60","1,318.59",543508,716665316.7,19498,273320.0,50.29
2022-02-28,HAL,EQ,"1,314.60","1,314.00","1,393.15","1,285.15","1,383.00","1,387.75","1,349.20",744337,1004259636.7,23068,373104.0,50.13
2022-03-02,HAL,EQ,"1,387.75","1,386.90","1,429.95","1,361.85","1,396.00","1,390.40","1,404.19",922635,1295552129.2,42710,360846.0,39.11
2022-03-03,HAL,EQ,"1,390.40","1,399.00","1,424.50","1,370.95","1,382.95","1,377.80","1,402.58",594087,833252790.1,22847,260962.0,43.93
2022-03-04,HAL,EQ,"1,377.80","1,376.00","1,418.55","1,361.05","1,373.50","1,372.10","1,390.71",722512,1004807125.55,37793,166270.0,23.01
2022-03-07,HAL,EQ,"1,372.10","1,354.80","1,364.15","1,304.55","1,330.00","1,325.05","1,331.69",588068,783122889.85,25462,317798.0,54.04
2022-03-08,HAL,EQ,"1,325.05","1,341.80","1,350.00","1,307.05","1,324.10","1,325.70","1,329.52",580465,771737698.0,21783,324008.0,55.82
2022-03-09,HAL,EQ,"1,325.70","1,339.00","1,357.95","1,330.00","1,336.60","1,335.55","1,342.27",477121,640425682.7,16357,265316.0,55.61
2022-03-10,HAL,EQ,"1,335.55","1,337.55","1,389.00","1,337.55","1,369.90","1,368.20","1,368.43",612786,838555382.45,25505,272562.0,44.48
2022-03-11,HAL,EQ,"1,368.20","1,370.00","1,406.00","1,367.05","1,381.95","1,385.10","1,389.27",590120,819836204.05,21469,211447.0,35.83
2022-03-14,HAL,EQ,"1,385.10","1,400.00","1,404.90","1,377.10","1,380.50","1,381.25","1,386.86",474041,657428209.05,18855,219859.0,46.38
2022-03-15,HAL,EQ,"1,381.25","1,392.90","1,402.00","1,358.75","1,375.00","1,376.80","1,382.74",396605,548403161.95,20514,111184.0,28.03
2022-03-16,HAL,EQ,"1,376.80","1,395.00","1,481.05","1,381.10","1,463.00","1,462.15","1,445.10",2404349,3474531954.45,95246,606190.0,25.21
2022-03-17,HAL,EQ,"1,462.15","1,486.00","1,494.00","1,435.00","1,450.00","1,445.80","1,465.15",1222533,1791192438.85,53342,391456.0,32.02
2022-03-21,HAL,EQ,"1,445.80","1,458.00","1,470.00","1,438.85","1,445.00","1,446.20","1,453.51",587494,853928325.5,22662,224250.0,38.17
2022-03-22,HAL,EQ,"1,446.20","1,447.00","1,447.00","1,398.05","1,421.00","1,414.75","1,417.64",569579,807460170.55,20247,261175.0,45.85
2022-03-23,HAL,EQ,"1,414.75","1,439.90","1,454.05","1,403.30","1,406.00","1,407.10","1,426.89",528491,754096474.55,22825,158981.0,30.08
2022-03-24,HAL,EQ,"1,407.10","1,406.00","1,440.95","1,382.00","1,401.00","1,405.90","1,413.39",1175539,1661493224.0,47454,459704.0,39.11
2022-03-25,HAL,EQ,"1,405.90","1,407.85","1,419.75","1,387.00","1,391.45","1,394.80","1,402.01",468086,656262708.0,25479,204952.0,43.79
2022-03-28,HAL,EQ,"1,394.80","1,398.00","1,408.80","1,381.00","1,403.00","1,399.85","1,389.53",481727,669373135.5,17094,275137.0,57.11
2022-03-29,HAL,EQ,"1,399.85","1,405.00","1,418.45","1,396.00","1,398.00","1,400.50","1,405.95",501084,704496949.4,14487,300979.0,60.07
2022-03-30,HAL,EQ,"1,400.50","1,409.40","1,415.05","1,387.95","1,406.00","1,404.60","1,407.98",488981,688476424.85,19576,296676.0,60.67
2022-03-31,HAL,EQ,"1,404.60","1,434.90","1,496.30","1,410.00","1,492.00","1,484.90","1,450.83",1913371,2775969307.1,68538,577020.0,30.16
2022-04-01,HAL,EQ,"1,484.90","1,492.00","1,539.85","1,480.45","1,521.30","1,524.30","1,520.34",2169834,3298880352.7,88013,468353.0,21.58
2022-04-04,HAL,EQ,"1,524.30","1,533.00","1,592.90","1,527.05","1,561.50","1,560.95","1,563.64",1275801,1994891898.9,57377,416036.0,32.61
2022-04-05,HAL,EQ,"1,560.95","1,568.75","1,587.00","1,545.00","1,545.00","1,552.75","1,563.71",878079,1373063559.85,31072,365458.0,41.62
2022-04-06,HAL,EQ,"1,552.75","1,545.00","1,574.50","1,527.80","1,552.75","1,547.80","1,548.43",858037,1328608847.1,30411,347251.0,40.47
2022-04-07,HAL,EQ,"1,547.80","1,554.80","1,624.80","1,554.80","1,581.00","1,578.20","1,594.56",2243939,3578105734.5,82627,463845.0,20.67
2022-04-08,HAL,EQ,"1,578.20","1,590.00","1,632.00","1,585.55","1,620.00","1,620.20","1,610.99",2005276,3230486842.5,90543,843866.0,42.08
2022-04-11,HAL,EQ,"1,620.20","1,638.65","1,693.00","1,630.00","1,680.75","1,679.40","1,674.85",2530994,4239024607.45,101609,771660.0,30.49
2022-04-12,HAL,EQ,"1,679.40","1,683.95","1,683.95","1,639.10","1,665.00","1,670.95","1,660.53",1474891,2449106032.9,68241,663457.0,44.98
2022-04-13,HAL,EQ,"1,670.95","1,678.40","1,721.40","1,668.90","1,681.90","1,677.65","1,689.21",1006805,1700705393.55,52141,397141.0,39.45
2022-04-18,HAL,EQ,"1,677.65","1,669.90","1,754.15","1,660.00","1,739.00","1,737.95","1,718.87",2026167,3482710628.9,74613,582773.0,28.76
2022-04-19,HAL,EQ,"1,737.95","1,748.00","1,758.00","1,668.80","1,675.00","1,690.65","1,726.48",1043540,1801651517.85,43030,482767.0,46.26
2022-04-20,HAL,EQ,"1,690.65","1,699.95","1,720.00","1,657.25","1,676.00","1,672.40","1,683.76",570035,959800734.65,28255,131736.0,23.11
2022-04-21,HAL,EQ,"1,672.40","1,680.00","1,708.80","1,669.15","1,675.25","1,676.90","1,684.43",538252,906648001.2,18903,290045.0,53.89
2022-04-22,HAL,EQ,"1,676.90","1,668.00","1,735.85","1,662.15","1,681.95","1,678.55","1,705.94",972515,1659054331.8,37367,253649.0,26.08
2022-04-25,HAL,EQ,"1,678.55","1,665.00","1,674.90","1,597.60","1,633.50","1,627.15","1,631.27",843262,1375591037.15,33233,433702.0,51.43
2022-04-26,HAL,EQ,"1,627.15","1,636.85","1,678.80","1,628.30","1,646.00","1,645.90","1,653.22",657570,1087107756.1,28537,254850.0,38.76
2022-04-27,HAL,EQ,"1,645.90","1,641.90","1,661.20","1,632.05","1,637.00","1,641.85","1,644.26",522351,858880457.05,20759,239707.0,45.89
2022-04-28,HAL,EQ,"1,641.85","1,649.25","1,658.85","1,619.15","1,628.00","1,632.35","1,631.24",763194,1244951708.3,27159,419703.0,54.99
2022-04-29,HAL,EQ,"1,632.35","1,640.80","1,649.00","1,586.00","1,594.00","1,595.10","1,615.26",637743,1030118816.0,25543,256138.0,40.16
2022-05-02,HAL,EQ,"1,595.10","1,578.00","1,607.10","1,568.65","1,575.00","1,575.20","1,584.82",580754,920390728.4,36951,257174.0,44.28
2022-05-04,HAL,EQ,"1,575.20","1,586.00","1,614.00","1,569.30","1,584.00","1,581.90","1,590.77",841391,1338458363.4,37477,349568.0,41.55
2022-05-05,HAL,EQ,"1,581.90","1,595.10","1,623.85","1,582.75","1,594.85","1,595.65","1,608.09",500555,804937519.35,28319,127802.0,25.53
2022-05-06,HAL,EQ,"1,595.65","1,579.00","1,593.60","1,560.10","1,582.00","1,582.85","1,579.40",615179,971610638.6,53052,296657.0,48.22
2022-05-09,HAL,EQ,"1,582.85","1,555.00","1,585.00","1,540.00","1,561.80","1,566.65","1,565.27",500099,782790935.5,23228,241460.0,48.28
2022-05-10,HAL,EQ,"1,566.65","1,571.50","1,589.95","1,543.05","1,547.90","1,550.65","1,560.78",456654,712735428.0,23261,238191.0,52.16
2022-05-11,HAL,EQ,"1,550.65","1,552.00","1,571.65","1,518.15","1,555.25","1,557.00","1,545.83",639420,988432317.6,37361,324654.0,50.77
2022-05-12,HAL,EQ,"1,557.00","1,549.95","1,584.55","1,500.00","1,519.65","1,516.95","1,547.99",697216,1079280166.7,31545,318498.0,45.68
2022-05-13,HAL,EQ,"1,516.95","1,523.00","1,569.90","1,468.00","1,499.95","1,509.90","1,521.28",1357690,2065432187.9,64535,300105.0,22.1
2022-05-16,HAL,EQ,"1,509.90","1,531.00","1,610.00","1,521.85","1,608.85","1,600.40","1,571.94",1067130,1677469341.0,43900,242368.0,22.71
2022-05-17,HAL,EQ,"1,600.40","1,616.00","1,678.85","1,612.05","1,676.00","1,671.65","1,647.83",1028903,1695458240.0,40729,319794.0,31.08
2022-05-18,HAL,EQ,"1,671.65","1,687.85","1,699.00","1,666.10","1,683.00","1,681.00","1,682.09",849255,1428526306.4,37211,329721.0,38.82
2022-05-19,HAL,EQ,"1,681.00","1,643.00","1,697.00","1,625.00","1,692.05","1,685.75","1,668.87",642798,1072746304.6,26007,211259.0,32.87
2022-05-20,HAL,EQ,"1,685.75","1,725.00","1,787.00","1,719.50","1,750.10","1,757.20","1,755.22",1908136,3349205882.7,71104,511943.0,26.83
2022-05-23,HAL,EQ,"1,757.20","1,773.00","1,850.00","1,760.00","1,808.00","1,815.80","1,821.41",2477274,4512132264.2,110339,770756.0,31.11
2022-05-24,HAL,EQ,"1,815.80","1,819.75","1,833.00","1,764.85","1,777.00","1,784.65","1,789.58",796715,1425786127.2,44844,221984.0,27.86
2022-05-25,HAL,EQ,"1,784.65","1,784.65","1,824.00","1,739.05","1,751.55","1,745.40","1,788.16",899886,1609140908.9,48099,282773.0,31.42
2022-05-26,HAL,EQ,"1,745.40","1,760.00","1,775.00","1,705.80","1,774.80","1,763.00","1,743.34",766781,1336757181.65,35835,207067.0,27.0
2022-05-27,HAL,EQ,"1,763.00","1,790.00","1,832.95","1,771.00","1,797.05","1,794.15","1,800.74",923405,1662807970.15,41341,205015.0,22.2
2022-05-30,HAL,EQ,"1,794.15","1,818.00","1,846.25","1,802.20","1,816.00","1,821.90","1,829.79",692927,1267913068.15,32236,209137.0,30.18
2022-05-31,HAL,EQ,"1,821.90","1,822.00","1,872.00","1,810.55","1,825.55","1,838.30","1,850.80",936909,1734033018.5,37710,252807.0,26.98
2022-06-01,HAL,EQ,"1,838.30","1,848.00","1,928.70","1,840.00","1,899.00","1,893.35","1,899.13",2049978,3893184877.9,92100,366718.0,17.89
2022-06-02,HAL,EQ,"1,893.35","1,900.00","1,924.65","1,885.00","1,900.00","1,897.60","1,905.24",982407,1871718833.65,53416,431246.0,43.9
2022-06-03,HAL,EQ,"1,897.60","1,908.00","1,919.90","1,869.10","1,899.00","1,897.70","1,895.31",627679,1189647736.5,31709,205215.0,32.69
2022-06-06,HAL,EQ,"1,897.70","1,900.00","1,914.75","1,873.95","1,888.00","1,887.85","1,888.75",719700,1359332688.8,30156,356485.0,49.53
2022-06-07,HAL,EQ,"1,887.85","1,911.80","1,941.55","1,890.50","1,895.50","1,898.60","1,910.11",1718133,3281819879.45,79837,338083.0,19.68
2022-06-08,HAL,EQ,"1,898.60","1,905.00","1,910.00","1,822.00","1,843.90","1,842.45","1,859.97",947376,1762094170.35,46680,250825.0,26.48
2022-06-09,HAL,EQ,"1,842.45","1,843.00","1,880.00","1,820.45","1,875.45","1,874.10","1,858.56",704567,1309481984.8,42887,209969.0,29.8
2022-06-10,HAL,EQ,"1,874.10","1,849.00","1,898.65","1,842.60","1,888.00","1,892.95","1,879.82",627393,1179383138.1,28820,176614.0,28.15
2022-06-13,HAL,EQ,"1,892.95","1,859.95","1,877.25","1,840.20","1,851.30","1,854.90","1,862.45",724875,1350043950.85,34491,283391.0,39.1
2022-06-14,HAL,EQ,"1,854.90","1,849.95","1,891.70","1,846.00","1,880.20","1,883.85","1,876.62",686829,1288916911.75,26927,266177.0,38.75
2022-06-15,HAL,EQ,"1,883.85","1,899.50","1,899.50","1,853.05","1,858.00","1,859.10","1,877.45",412893,775184502.65,20475,154283.0,37.37
2022-06-16,HAL,EQ,"1,859.10","1,887.95","1,889.95","1,781.00","1,795.50","1,797.10","1,834.07",781986,1434218197.6,43615,320829.0,41.03
2022-06-17,HAL,EQ,"1,797.10","1,775.00","1,972.55","1,764.55","1,930.00","1,898.70","1,878.91",4124631,7749803897.9,73159,2471924.0,59.93
2022-06-20,HAL,EQ,"1,898.70","1,900.00","1,941.00","1,700.00","1,723.90","1,724.80","1,801.50",2582554,4652472056.1,96022,583217.0,22.58
2022-06-21,HAL,EQ,"1,724.80","1,759.00","1,811.95","1,732.00","1,805.00","1,805.10","1,777.92",1042736,1853898094.75,48196,151494.0,14.53
2022-06-22,HAL,EQ,"1,805.10","1,783.90","1,817.95","1,758.80","1,784.00","1,780.15","1,783.36",744344,1327435894.35,39969,270097.0,36.29
2022-06-23,HAL,EQ,"1,780.15","1,802.95","1,827.30","1,750.30","1,774.50","1,770.50","1,783.03",1553800,2770470323.45,54727,235583.0,15.16
2022-06-24,HAL,EQ,"1,770.50","1,790.00","1,810.00","1,777.00","1,792.80","1,796.30","1,794.28",371393,666382699.35,22859,117221.0,31.56
2022-06-27,HAL,EQ,"1,796.30","1,820.95","1,824.75","1,797.00","1,809.00","1,808.50","1,812.62",363975,659747894.95,17817,116941.0,32.13
2022-06-28,HAL,EQ,"1,808.50","1,807.50","1,817.20","1,793.10","1,797.80","1,800.15","1,801.61",380817,686081943.0,16385,137665.0,36.15
2022-06-29,HAL,EQ,"1,800.15","1,779.10","1,801.80","1,776.00","1,781.50","1,783.70","1,786.59",550425,983381527.15,16772,354881.0,64.47
2022-06-30,HAL,EQ,"1,783.70","1,788.90","1,799.00","1,756.00","1,768.00","1,769.80","1,777.96",331450,589303768.8,13705,138021.0,41.64
2022-07-01,HAL,EQ,"1,769.80","1,763.00","1,779.70","1,727.40","1,737.70","1,736.20","1,744.20",430150,750266431.1,18550,208555.0,48.48
2022-07-04,HAL,EQ,"1,736.20","1,744.00","1,805.00","1,740.00","1,784.95","1,776.35","1,781.36",806808,1437216234.5,29879,281754.0,34.92
2022-07-05,HAL,EQ,"1,776.35","1,785.00","1,805.00","1,750.00","1,759.95","1,759.05","1,780.69",449331,800117490.5,23031,175787.0,39.12
2022-07-06,HAL,EQ,"1,759.05","1,765.00","1,779.10","1,733.90","1,746.90","1,747.10","1,756.35",770670,1353564787.05,29172,243506.0,31.6
2022-07-07,HAL,EQ,"1,747.10","1,755.00","1,794.90","1,724.55","1,729.00","1,735.70","1,754.79",775304,1360493026.1,39779,307098.0,39.61
2022-07-08,HAL,EQ,"1,735.70","1,754.50","1,772.10","1,729.05","1,740.00","1,740.55","1,746.48",810109,1414841753.55,31991,284852.0,35.16
2022-07-11,HAL,EQ,"1,740.55","1,744.00","1,768.55","1,739.60","1,745.00","1,746.10","1,748.39",718438,1256109022.9,22447,358226.0,49.86
2022-07-12,HAL,EQ,"1,746.10","1,745.00","1,763.05","1,730.00","1,740.95","1,741.65","1,747.70",547164,956277794.8,17853,271264.0,49.58
2022-07-13,HAL,EQ,"1,741.65","1,746.50","1,755.30","1,720.10","1,724.95","1,724.10","1,735.14",769849,1335795923.15,18329,503681.0,65.43
2022-07-14,HAL,EQ,"1,724.10","1,724.75","1,757.00","1,724.10","1,730.00","1,730.00","1,734.50",625572,1085053648.8,22646,363240.0,58.07
2022-07-15,HAL,EQ,"1,730.00","1,738.70","1,747.40","1,721.00","1,725.00","1,726.10","1,728.58",558223,964934179.25,16763,380592.0,68.18
2022-07-18,HAL,EQ,"1,726.10","1,748.40","1,782.00","1,735.55","1,779.00","1,773.60","1,764.27",967771,1707408786.65,34576,359342.0,37.13
2022-07-19,HAL,EQ,"1,773.60","1,778.00","1,829.45","1,775.00","1,827.20","1,824.10","1,810.19",1476379,2672524255.15,44861,588794.0,39.88
2022-07-20,HAL,EQ,"1,824.10","1,840.55","1,856.80","1,816.20","1,828.00","1,831.10","1,839.31",980271,1803018379.15,33757,418107.0,42.65
2022-07-21,HAL,EQ,"1,831.10","1,836.90","1,859.80","1,822.00","1,845.00","1,847.80","1,845.34",750257,1384479904.15,25294,410221.0,54.68
2022-07-22,HAL,EQ,"1,847.80","1,856.00","1,899.95","1,856.00","1,871.00","1,868.95","1,876.74",1488781,2794055736.05,39303,739549.0,49.67
2022-07-25,HAL,EQ,"1,868.95","1,869.90","1,908.75","1,868.05","1,902.00","1,903.45","1,898.08",1178150,2236220123.05,39895,514403.0,43.66
2022-07-26,HAL,EQ,"1,903.45","1,903.45","1,922.50","1,872.90","1,881.90","1,883.65","1,894.37",983876,1863828461.2,29150,542084.0,55.1
2022-07-27,HAL,EQ,"1,883.65","1,885.00","1,941.80","1,885.00","1,939.00","1,939.15","1,922.33",978806,1881584586.8,49185,339651.0,34.7
2022-07-28,HAL,EQ,"1,939.15","1,957.90","2,035.00","1,942.50","2,029.00","2,024.65","2,004.06",1942378,3892642825.0,76502,648364.0,33.38
2022-07-29,HAL,EQ,"2,024.65","2,040.00","2,066.60","2,012.10","2,030.00","2,025.00","2,038.46",994366,2026974101.5,49100,372501.0,37.46
2022-08-01,HAL,EQ,"2,025.00","2,030.00","2,059.40","2,017.45","2,030.60","2,029.20","2,032.84",888390,1805954506.6,34892,443317.0,49.9
2022-08-02,HAL,EQ,"2,029.20","2,029.00","2,074.95","2,025.00","2,045.40","2,048.35","2,054.96",889264,1827399034.3,48375,387455.0,43.57
2022-08-03,HAL,EQ,"2,048.35","2,052.35","2,066.30","2,003.00","2,025.45","2,024.90","2,027.34",582389,1180700539.5,29706,277765.0,47.69
2022-08-04,HAL,EQ,"2,024.90","2,035.05","2,038.70","1,981.55","2,003.00","2,004.65","2,010.06",842297,1693071250.55,40825,268499.0,31.88
2022-08-05,HAL,EQ,"2,004.65","2,010.00","2,014.00","1,975.75","2,007.00","1,997.30","1,993.87",701632,1398966467.45,29455,345895.0,49.3
2022-08-08,HAL,EQ,"1,997.30","2,007.00","2,174.00","2,002.00","2,154.00","2,159.25","2,126.05",3591963,7636697889.9,129103,527968.0,14.7
2022-08-10,HAL,EQ,"2,159.25","2,160.00","2,204.25","2,135.50","2,174.30","2,168.30","2,174.29",1725902,3752604067.15,68022,426786.0,24.73
2022-08-11,HAL,EQ,"2,168.30","2,181.10","2,298.00","2,174.30","2,264.00","2,264.45","2,259.60",2761026,6238808713.2,109003,453384.0,16.42
2022-08-12,HAL,EQ,"2,264.45","2,264.80","2,293.65","2,218.00","2,281.75","2,270.20","2,256.63",1711788,3862876613.55,71777,521622.0,30.47
2022-08-16,HAL,EQ,"2,270.20","2,286.70","2,309.80","2,231.70","2,294.20","2,297.30","2,275.34",1290836,2937092719.55,77540,304049.0,23.55
2022-08-17,HAL,EQ,"2,297.30","2,308.05","2,329.60","2,281.50","2,289.65","2,290.55","2,301.94",883086,2032812077.95,35905,302686.0,34.28
2022-08-18,HAL,EQ,"2,290.55","2,295.00","2,349.95","2,286.10","2,317.00","2,315.35","2,326.11",1332649,3099889207.6,51009,412269.0,30.94
2022-08-19,HAL,EQ,"2,315.35","2,319.65","2,326.60","2,226.05","2,241.00","2,242.25","2,260.85",1144327,2587153984.05,49445,386670.0,33.79
2022-08-22,HAL,EQ,"2,242.25","2,239.90","2,268.70","2,202.00","2,225.00","2,229.75","2,238.88",1070563,2396867192.1,41150,369853.0,34.55
2022-08-23,HAL,EQ,"2,229.75","2,218.50","2,254.00","2,206.45","2,252.60","2,238.50","2,233.26",659489,1472807410.35,25463,301240.0,45.68
2022-08-24,HAL,EQ,"2,238.50","2,240.00","2,255.90","2,201.85","2,220.00","2,217.30","2,222.61",812839,1806623133.65,42638,352335.0,43.35
2022-08-25,HAL,EQ,"2,217.30","2,228.80","2,249.95","2,215.60","2,217.55","2,220.65","2,228.96",690836,1539847015.1,27090,276540.0,40.03
2022-08-26,HAL,EQ,"2,220.65","2,230.00","2,288.95","2,222.15","2,274.00","2,273.25","2,267.64",1724093,3909627919.65,52486,816269.0,47.34
2022-08-29,HAL,EQ,"2,273.25","2,230.00","2,314.45","2,215.00","2,292.65","2,289.20","2,286.16",1219334,2787595012.85,50173,239111.0,19.61
2022-08-30,HAL,EQ,"2,289.20","2,309.35","2,314.00","2,276.05","2,292.00","2,295.20","2,294.12",610585,1400756866.65,27874,191071.0,31.29
2022-09-01,HAL,EQ,"2,295.20","2,271.00","2,328.40","2,271.00","2,306.00","2,303.10","2,309.41",1205217,2783343404.2,52196,474054.0,39.33
2022-09-02,HAL,EQ,"2,303.10","2,325.00","2,425.00","2,320.10","2,367.50","2,369.50","2,388.09",2727530,6513583832.7,104060,801422.0,29.38
2022-09-05,HAL,EQ,"2,369.50","2,381.65","2,412.15","2,353.05","2,375.95","2,377.50","2,382.47",1070209,2549735717.85,44897,319481.0,29.85
2022-09-06,HAL,EQ,"2,377.50","2,389.40","2,429.50","2,385.00","2,399.00","2,394.40","2,400.91",1069240,2567144519.6,45421,283763.0,26.54
2022-09-07,HAL,EQ,"2,394.40","2,400.00","2,450.00","2,399.00","2,418.00","2,413.40","2,423.99",1359184,3294654806.8,55310,371440.0,27.33
2022-09-08,HAL,EQ,"2,413.40","2,426.00","2,437.90","2,408.00","2,424.00","2,421.80","2,422.32",617267,1495216162.0,23204,236484.0,38.31
2022-09-09,HAL,EQ,"2,421.80","2,434.00","2,468.00","2,425.00","2,432.00","2,433.85","2,443.01",1184558,2893882185.6,46208,523072.0,44.16
2022-09-12,HAL,EQ,"2,433.85","2,450.00","2,638.35","2,447.40","2,617.00","2,614.00","2,567.82",3708427,9522588624.65,131547,966428.0,26.06
2022-09-13,HAL,EQ,"2,614.00","2,633.30","2,638.00","2,583.50","2,594.15","2,597.50","2,603.43",1383999,3603147495.1,72315,437316.0,31.6
2022-09-14,HAL,EQ,"2,597.50","2,570.00","2,626.95","2,537.30","2,569.75","2,569.00","2,589.32",1370130,3547706500.0,58308,408507.0,29.82
2022-09-15,HAL,EQ,"2,569.00","2,581.85","2,584.20","2,514.20","2,545.00","2,544.15","2,549.99",989898,2524230983.1,42702,446599.0,45.12
2022-09-16,HAL,EQ,"2,544.15","2,540.00","2,553.90","2,418.70","2,479.95","2,483.40","2,493.42",1461931,3645201065.95,83386,534836.0,36.58
2022-09-19,HAL,EQ,"2,483.40","2,490.00","2,529.95","2,436.15","2,482.00","2,481.10","2,476.02",1138996,2820180719.15,53698,445567.0,39.12
2022-09-20,HAL,EQ,"2,481.10","2,493.55","2,524.35","2,455.00","2,464.00","2,461.05","2,488.43",831217,2068426032.05,46569,344042.0,41.39
2022-09-21,HAL,EQ,"2,461.05","2,466.55","2,481.00","2,409.00","2,466.00","2,454.65","2,437.30",1266724,3087383572.3,55917,637605.0,50.33
2022-09-22,HAL,EQ,"2,454.65","2,460.00","2,530.00","2,441.25","2,491.50","2,487.55","2,489.28",1363237,3393472242.25,60382,413432.0,30.33
2022-09-23,HAL,EQ,"2,487.55","2,495.00","2,503.20","2,407.05","2,435.00","2,438.80","2,450.77",755910,1852562245.6,46975,292805.0,38.74
2022-09-26,HAL,EQ,"2,438.80","2,392.45","2,407.95","2,271.50","2,330.00","2,339.65","2,333.93",1453620,3392648693.05,92751,394790.0,27.16
2022-09-27,HAL,EQ,"2,339.65","2,350.00","2,364.40","2,273.00","2,282.00","2,282.35","2,302.65",949705,2186833663.65,53910,383966.0,40.43
2022-09-28,HAL,EQ,"2,282.35","2,260.00","2,317.00","2,241.05","2,284.50","2,290.20","2,288.86",671464,1536885843.4,40768,211819.0,31.55
2022-09-29,HAL,EQ,"2,290.20","2,310.00","2,328.65","2,261.40","2,322.00","2,314.80","2,304.01",1781183,4103862210.9,54079,1102654.0,61.91
2022-09-30,HAL,EQ,"2,314.80","2,314.00","2,357.50","2,290.00","2,355.00","2,344.85","2,328.53",768634,1789787440.5,35394,254222.0,33.07
2022-10-03,HAL,EQ,"2,344.85","2,354.85","2,378.60","2,276.00","2,296.00","2,291.60","2,337.33",975646,2280406319.95,55089,231389.0,23.72
2022-10-04,HAL,EQ,"2,291.60","2,322.10","2,374.20","2,320.00","2,363.05","2,368.00","2,355.73",824353,1941954985.8,36850,313933.0,38.08
2022-10-06,HAL,EQ,"2,368.00","2,375.05","2,493.70","2,370.50","2,476.00","2,476.00","2,454.59",1601688,3931483937.55,72008,500044.0,31.22
2022-10-07,HAL,EQ,"2,476.00","2,468.90","2,499.00","2,441.70","2,459.60","2,459.70","2,463.99",889022,2190543891.85,36339,328164.0,36.91
2022-10-10,HAL,EQ,"2,459.70","2,440.00","2,452.30","2,410.00","2,420.00","2,419.75","2,427.00",672566,1632315832.85,33820,256544.0,38.14
2022-10-11,HAL,EQ,"2,419.75","2,429.00","2,451.00","2,360.00","2,364.70","2,368.80","2,408.89",605691,1459044601.85,37940,220953.0,36.48
2022-10-12,HAL,EQ,"2,368.80","2,380.00","2,393.15","2,345.00","2,360.00","2,360.20","2,365.77",747990,1769571686.4,29727,254556.0,34.03
2022-10-13,HAL,EQ,"2,360.20","2,363.00","2,399.00","2,348.75","2,360.00","2,360.40","2,373.11",746789,1772210220.55,28402,289496.0,38.77
2022-10-14,HAL,EQ,"2,360.40","2,390.00","2,405.75","2,331.00","2,340.50","2,337.00","2,368.14",454240,1075701972.05,22971,167493.0,36.87
2022-10-17,HAL,EQ,"2,337.00","2,337.00","2,386.95","2,333.05","2,365.00","2,363.95","2,364.97",848611,2006942261.2,27444,433880.0,51.13
2022-10-18,HAL,EQ,"2,363.95","2,376.20","2,487.95","2,360.00","2,483.00","2,477.95","2,440.19",1549498,3781062779.95,63443,467364.0,30.16
2022-10-19,HAL,EQ,"2,477.95","2,490.35","2,557.00","2,449.10","2,476.05","2,469.95","2,498.24",1842431,4602826100.35,88820,502981.0,27.3
2022-10-20,HAL,EQ,"2,469.95","2,464.90","2,506.00","2,422.55","2,453.00","2,448.00","2,458.94",1080468,2656801864.2,41499,372220.0,34.45
2022-10-21,HAL,EQ,"2,448.00","2,465.00","2,490.00","2,380.00","2,403.95","2,402.55","2,429.45",776297,1885974254.85,44791,197741.0,25.47
2022-10-24,HAL,EQ,"2,402.55","2,424.55","2,424.80","2,401.00","2,417.75","2,414.95","2,413.39",202487,488680965.1,12825,94690.0,46.76
2022-10-25,HAL,EQ,"2,414.95","2,417.75","2,516.00","2,407.00","2,505.00","2,503.85","2,472.71",1295940,3204483958.05,52850,493047.0,38.05
2022-10-27,HAL,EQ,"2,503.85","2,514.80","2,529.80","2,487.35","2,518.00","2,520.45","2,509.16",714616,1793087690.85,33416,174533.0,24.42
2022-10-28,HAL,EQ,"2,520.45","2,520.00","2,529.00","2,481.60","2,522.00","2,524.65","2,510.74",557520,1399787393.65,34998,161164.0,28.91
2022-10-31,HAL,EQ,"2,524.65","2,526.00","2,551.95","2,512.40","2,531.85","2,530.05","2,531.84",519410,1315061952.8,33311,153009.0,29.46
2022-11-01,HAL,EQ,"2,530.05","2,538.00","2,549.50","2,506.85","2,531.00","2,531.35","2,530.63",420798,1064883273.05,29942,121990.0,28.99
2022-11-02,HAL,EQ,"2,531.35","2,530.00","2,549.00","2,475.00","2,490.00","2,493.85","2,506.61",632658,1585827204.0,41459,223371.0,35.31
2022-11-03,HAL,EQ,"2,493.85","2,460.00","2,567.00","2,460.00","2,543.00","2,545.15","2,534.55",965376,2446789011.9,48505,265940.0,27.55
2022-11-04,HAL,EQ,"2,545.15","2,558.70","2,574.00","2,525.60","2,559.00","2,560.95","2,552.44",932905,2381180975.1,46605,347804.0,37.28
2022-11-07,HAL,EQ,"2,560.95","2,573.80","2,607.95","2,553.00","2,591.50","2,592.60","2,583.81",1058681,2735431308.25,56119,454601.0,42.94
2022-11-09,HAL,EQ,"2,592.60","2,604.00","2,604.00","2,490.00","2,500.00","2,502.55","2,534.16",965113,2445751310.9,62736,409137.0,42.39
2022-11-10,HAL,EQ,"2,502.55","2,496.00","2,500.00","2,411.20","2,435.10","2,431.10","2,440.37",824297,2011588635.15,49443,292687.0,35.51
2022-11-11,HAL,EQ,"2,431.10","2,464.00","2,534.00","2,437.20","2,484.00","2,479.10","2,488.02",1522905,3789014006.95,77422,252198.0,16.56
2022-11-14,HAL,EQ,"2,479.10","2,490.95","2,512.75","2,422.25","2,485.95","2,490.25","2,470.29",815907,2015530815.95,46835,164973.0,20.22
2022-11-15,HAL,EQ,"2,490.25","2,492.00","2,533.10","2,460.50","2,523.10","2,522.80","2,504.12",856205,2144039758.6,52534,231836.0,27.08
2022-11-16,HAL,EQ,"2,522.80","2,527.50","2,709.40","2,523.35","2,679.00","2,681.15","2,643.59",4971448,13142489826.85,196803,1039966.0,20.92
2022-11-17,HAL,EQ,"2,681.15","2,696.40","2,722.65","2,651.10","2,676.05","2,682.35","2,686.37",2097229,5633934300.75,97094,376276.0,17.94
2022-11-18,HAL,EQ,"2,682.35","2,667.45","2,674.95","2,601.35","2,617.95","2,622.55","2,626.28",1192235,3131142021.3,65132,301304.0,25.27
2022-11-21,HAL,EQ,"2,622.55","2,618.80","2,668.65","2,585.10","2,650.00","2,654.40","2,634.64",1164516,3068086081.15,61456,259266.0,22.26
2022-11-22,HAL,EQ,"2,654.40","2,660.00","2,737.00","2,655.00","2,722.60","2,729.15","2,704.31",2749693,7436008531.25,128371,627425.0,22.82
2022-11-23,HAL,EQ,"2,729.15","2,739.95","2,745.45","2,706.10","2,713.70","2,718.65","2,728.67",1077357,2939749004.7,63745,317013.0,29.43
2022-11-24,HAL,EQ,"2,718.65","2,726.00","2,762.35","2,709.00","2,724.00","2,727.90","2,737.09",1008615,2760671247.5,49359,304530.0,30.19
2022-11-25,HAL,EQ,"2,727.90","2,732.00","2,774.95","2,723.00","2,729.80","2,731.55","2,745.61",753066,2067628755.5,36723,215289.0,28.59
2022-11-28,HAL,EQ,"2,731.55","2,740.70","2,772.20","2,733.20","2,763.00","2,762.55","2,758.59",754302,2080806630.65,33982,299716.0,39.73
2022-11-29,HAL,EQ,"2,762.55","2,766.00","2,773.40","2,739.05","2,752.00","2,752.15","2,754.93",493114,1358492189.55,27310,172474.0,34.98
2022-11-30,HAL,EQ,"2,752.15","2,752.15","2,768.95","2,721.55","2,755.00","2,754.05","2,749.24",481129,1322736986.05,25947,140817.0,29.27
2022-12-01,HAL,EQ,"2,754.05","2,760.00","2,767.45","2,732.30","2,752.40","2,755.40","2,748.98",429647,1181089169.5,22328,130587.0,30.39
2022-12-02,HAL,EQ,"2,755.40","2,752.40","2,807.00","2,745.00","2,772.00","2,774.25","2,778.10",935977,2600240055.5,45798,231247.0,24.71
2022-12-05,HAL,EQ,"2,774.25","2,792.25","2,799.00","2,766.15","2,775.00","2,783.30","2,779.30",680281,1890707460.45,39989,219717.0,32.3
2022-12-06,HAL,EQ,"2,783.30","2,760.05","2,811.80","2,753.15","2,761.75","2,758.50","2,778.51",725697,2016354969.4,37949,210732.0,29.04
2022-12-07,HAL,EQ,"2,758.50","2,761.75","2,774.45","2,718.40","2,725.95","2,726.65","2,740.51",504555,1382739611.25,25081,149518.0,29.63
2022-12-08,HAL,EQ,"2,726.65","2,730.00","2,760.95","2,712.00","2,755.15","2,753.00","2,737.75",510736,1398268589.35,22384,208450.0,40.81
2022-12-09,HAL,EQ,"2,753.00","2,766.70","2,774.15","2,679.45","2,727.35","2,720.35","2,724.65",664956,1811770690.65,34613,234485.0,35.26
2022-12-12,HAL,EQ,"2,720.35","2,725.00","2,744.95","2,707.00","2,709.25","2,713.40","2,719.76",476609,1296263745.25,22500,209515.0,43.96
2022-12-13,HAL,EQ,"2,713.40","2,721.00","2,732.65","2,700.60","2,704.00","2,708.00","2,709.29",406535,1101421520.5,21400,154986.0,38.12
2022-12-14,HAL,EQ,"2,708.00","2,713.00","2,724.00","2,680.00","2,682.50","2,683.65","2,696.62",431693,1164113759.75,18521,193592.0,44.84
2022-12-15,HAL,EQ,"2,683.65","2,680.00","2,689.70","2,592.05","2,600.50","2,603.80","2,630.15",833892,2193258307.95,47221,319764.0,38.35
2022-12-16,HAL,EQ,"2,603.80","2,600.00","2,615.00","2,544.20","2,583.00","2,586.45","2,583.32",774043,1999601610.85,45130,200779.0,25.94
2022-12-19,HAL,EQ,"2,586.45","2,580.10","2,650.00","2,555.35","2,645.50","2,644.40","2,602.29",663995,1727909687.95,37486,205959.0,31.02
2022-12-20,HAL,EQ,"2,644.40","2,646.00","2,668.00","2,606.00","2,654.00","2,656.45","2,638.08",636707,1679681910.05,33776,144737.0,22.73
2022-12-21,HAL,EQ,"2,656.45","2,663.95","2,675.40","2,560.05","2,571.40","2,582.05","2,616.67",955151,2499314779.05,39587,398323.0,41.7
2022-12-22,HAL,EQ,"2,582.05","2,588.00","2,601.00","2,493.00","2,521.80","2,524.50","2,532.76",868589,2199930428.0,61577,313913.0,36.14
2022-12-23,HAL,EQ,"2,524.50","2,505.00","2,524.50","2,425.75","2,445.95","2,439.65","2,469.56",867782,2143040709.3,52357,306913.0,35.37
2022-12-26,HAL,EQ,"2,439.65","2,425.00","2,544.00","2,415.00","2,528.00","2,527.15","2,506.37",818555,2051600170.25,37827,224235.0,27.39
2022-12-27,HAL,EQ,"2,527.15","2,548.70","2,551.00","2,491.10","2,521.65","2,522.10","2,524.39",1154897,2915416154.9,34925,524005.0,45.37
2022-12-28,HAL,EQ,"2,522.10","2,522.00","2,561.95","2,498.40","2,523.80","2,525.05","2,534.31",685640,1737625247.85,27013,272233.0,39.7
2022-12-29,HAL,EQ,"2,525.05","2,510.00","2,526.75","2,500.00","2,514.00","2,506.55","2,511.68",751419,1887323665.8,33134,376554.0,50.11
2022-12-30,HAL,EQ,"2,506.55","2,519.00","2,552.20","2,516.30","2,535.00","2,531.25","2,534.98",454718,1152702639.15,22456,137722.0,30.29
2023-01-02,HAL,EQ,"2,531.25","2,540.00","2,573.95","2,526.35","2,544.00","2,540.50","2,547.41",499036,1271248471.05,23825,157687.0,31.6
2023-01-03,HAL,EQ,"2,540.50","2,544.00","2,563.25","2,521.55","2,544.50","2,539.05","2,541.31",554943,1410280380.75,25023,260650.0,46.97
2023-01-04,HAL,EQ,"2,539.05","2,551.70","2,551.70","2,473.10","2,483.40","2,481.95","2,505.64",688303,1724639130.65,33976,313131.0,45.49
2023-01-05,HAL,EQ,"2,481.95","2,481.50","2,518.45","2,450.00","2,517.00","2,511.70","2,485.92",645334,1604251884.35,40969,274607.0,42.55
2023-01-06,HAL,EQ,"2,511.70","2,511.90","2,540.55","2,482.05","2,500.15","2,500.40","2,513.88",503302,1265242850.55,26117,161817.0,32.15
2023-01-09,HAL,EQ,"2,500.40","2,517.00","2,542.00","2,485.00","2,495.00","2,495.90","2,505.44",532495,1334134758.55,34412,259165.0,48.67
2023-01-10,HAL,EQ,"2,495.90","2,506.00","2,506.00","2,455.50","2,469.30","2,479.35","2,473.80",455948,1127925172.65,29661,202971.0,44.52
2023-01-11,HAL,EQ,"2,479.35","2,491.75","2,511.95","2,455.00","2,465.85","2,464.65","2,471.80",672748,1662898872.25,34172,291751.0,43.37
2023-01-12,HAL,EQ,"2,464.65","2,470.00","2,479.35","2,440.00","2,447.00","2,448.85","2,454.74",402994,989245426.5,22362,218588.0,54.24
2023-01-13,HAL,EQ,"2,448.85","2,448.75","2,472.25","2,435.55","2,463.00","2,462.75","2,451.52",527312,1292718370.25,41409,272094.0,51.6
2023-01-16,HAL,EQ,"2,462.75","2,450.00","2,505.00","2,446.25","2,478.05","2,477.60","2,477.88",588301,1457737610.95,29589,225031.0,38.25
2023-01-17,HAL,EQ,"2,477.60","2,483.80","2,484.50","2,433.70","2,462.80","2,457.60","2,455.95",591130,1451783092.75,29034,297777.0,50.37
2023-01-18,HAL,EQ,"2,457.60","2,465.00","2,476.00","2,424.65","2,435.00","2,434.70","2,440.52",652893,1593400045.6,32716,398730.0,61.07
2023-01-19,HAL,EQ,"2,434.70","2,434.00","2,455.00","2,406.00","2,453.00","2,452.75","2,436.18",539888,1315261811.8,27883,283624.0,52.53
2023-01-20,HAL,EQ,"2,452.75","2,453.00","2,522.00","2,447.25","2,513.35","2,509.50","2,490.79",879103,2189656762.4,51206,363678.0,41.37
2023-01-23,HAL,EQ,"2,509.50","2,528.00","2,533.55","2,499.70","2,523.20","2,524.45","2,517.95",584159,1470884449.25,35479,250280.0,42.84
2023-01-24,HAL,EQ,"2,524.45","2,526.65","2,550.00","2,515.00","2,539.80","2,544.10","2,534.20",417883,1059000707.0,23946,187345.0,44.83
2023-01-25,HAL,EQ,"2,544.10","2,544.10","2,544.10","2,490.35","2,526.00","2,521.10","2,516.75",721126,1814890746.25,40098,376986.0,52.28
2023-01-27,HAL,EQ,"2,521.10","2,525.85","2,541.95","2,418.10","2,465.00","2,465.00","2,473.03",801473,1982064860.25,57161,358346.0,44.71
2023-01-30,HAL,EQ,"2,465.00","2,460.00","2,501.90","2,423.25","2,472.00","2,471.40","2,476.23",573948,1421229077.8,39318,206651.0,36.01
2023-01-31,HAL,EQ,"2,471.40","2,483.70","2,570.80","2,470.00","2,561.50","2,552.85","2,546.10",1200575,3056780851.35,63085,482669.0,40.2
2023-02-01,HAL,EQ,"2,552.85","2,575.00","2,593.00","2,300.00","2,360.15","2,364.35","2,441.92",2323080,5672769760.65,120812,920654.0,39.63
2023-02-02,HAL,EQ,"2,364.35","2,300.05","2,407.95","2,300.05","2,361.00","2,356.75","2,364.51",917070,2168419036.15,68322,279448.0,30.47
2023-02-03,HAL,EQ,"2,356.75","2,365.00","2,389.75","2,310.10","2,345.00","2,339.90","2,341.53",658109,1540980317.4,55561,232325.0,35.3
2023-02-06,HAL,EQ,"2,339.90","2,351.60","2,416.15","2,350.00","2,400.50","2,402.80","2,391.90",859414,2055633872.2,53862,201844.0,23.49
2023-02-07,HAL,EQ,"2,402.80","2,413.90","2,455.00","2,406.00","2,438.00","2,426.70","2,434.09",728201,1772505909.85,39083,199954.0,27.46
2023-02-08,HAL,EQ,"2,426.70","2,439.15","2,460.00","2,416.05","2,435.95","2,433.85","2,436.68",400055,974804354.35,27168,130894.0,32.72
2023-02-09,HAL,EQ,"2,433.85","2,440.00","2,476.00","2,357.00","2,394.00","2,408.05","2,426.21",1142216,2771251596.35,63974,238321.0,20.86
2023-02-10,HAL,EQ,"2,408.05","2,379.05","2,448.45","2,375.00","2,410.00","2,402.95","2,421.24",1238733,2999268437.75,48216,638523.0,51.55
2023-02-13,HAL,EQ,"2,402.95","2,406.00","2,469.65","2,402.60","2,448.00","2,446.90","2,441.44",1128674,2755586786.3,80516,350394.0,31.04
2023-02-14,HAL,EQ,"2,446.90","2,453.65","2,483.00","2,443.10","2,470.90","2,467.30","2,464.98",704941,1737666316.85,54577,225311.0,31.96
2023-02-15,HAL,EQ,"2,467.30","2,480.00","2,494.95","2,455.95","2,482.00","2,482.55","2,474.94",648029,1603833584.9,44240,196555.0,30.33
2023-02-16,HAL,EQ,"2,482.55","2,494.00","2,710.00","2,485.00","2,663.00","2,665.40","2,619.14",3129754,8197264888.15,138799,544054.0,17.38
2023-02-17,HAL,EQ,"2,665.40","2,668.00","2,748.00","2,621.00","2,632.00","2,639.20","2,679.23",4236094,11349473336.15,207690,499253.0,11.79
2023-02-20,HAL,EQ,"2,639.20","2,644.00","2,644.00","2,563.75","2,586.25","2,587.15","2,593.06",1136902,2948056743.25,67687,256229.0,22.54
2023-02-21,HAL,EQ,"2,587.15","2,597.00","2,654.00","2,580.00","2,628.00","2,622.25","2,620.55",1495988,3920316811.95,57943,132429.0,8.85
2023-02-22,HAL,EQ,"2,622.25","2,625.00","2,636.95","2,541.00","2,560.75","2,559.55","2,567.27",1172324,3009671906.2,64768,496857.0,42.38
2023-02-23,HAL,EQ,"2,559.55","2,567.15","2,573.45","2,528.00","2,545.00","2,540.95","2,551.05",728950,1859585229.95,50094,256897.0,35.24
2023-02-24,HAL,EQ,"2,540.95","2,551.35","2,566.20","2,511.90","2,540.00","2,533.75","2,529.20",648350,1639804545.7,51447,303072.0,46.75
2023-02-27,HAL,EQ,"2,533.75","2,530.00","2,579.00","2,517.25","2,576.05","2,573.35","2,551.34",736519,1879109443.7,44762,203196.0,27.59
2023-02-28,HAL,EQ,"2,573.35","2,585.00","2,607.00","2,556.15","2,576.25","2,574.30","2,580.48",761085,1963964418.4,46639,214969.0,28.25
2023-03-01,HAL,EQ,"2,574.30","2,580.00","2,690.00","2,574.35","2,680.00","2,684.25","2,649.96",1401008,3712622139.85,83724,374376.0,26.72
2023-03-02,HAL,EQ,"2,684.25","2,711.00","2,728.70","2,658.00","2,704.00","2,710.55","2,700.28",1783392,4815657000.35,99881,457543.0,25.66
2023-03-03,HAL,EQ,"2,710.55","2,714.95","2,762.40","2,681.00","2,692.90","2,692.05","2,723.89",1272566,3466323640.85,68746,263362.0,20.7
2023-03-06,HAL,EQ,"2,692.05","2,714.95","2,727.00","2,696.10","2,714.00","2,710.75","2,712.23",745315,2021465146.4,49746,298103.0,40.0
2023-03-08,HAL,EQ,"2,710.75","2,705.00","2,894.30","2,705.00","2,861.00","2,863.25","2,827.51",4360233,12328609924.7,215333,596815.0,13.69
2023-03-09,HAL,EQ,"2,863.25","2,867.95","2,893.80","2,835.00","2,867.30","2,862.70","2,866.67",1339033,3838567216.5,73175,232652.0,17.37
2023-03-10,HAL,EQ,"2,862.70","2,854.95","2,913.40","2,814.45","2,855.00","2,849.30","2,866.39",1560682,4473521823.35,81432,240129.0,15.39
2023-03-13,HAL,EQ,"2,849.30","2,863.60","2,914.00","2,775.05","2,801.90","2,793.35","2,849.90",2013729,5738934232.6,107956,462850.0,22.98
2023-03-14,HAL,EQ,"2,793.35","2,806.00","2,814.50","2,733.05","2,788.00","2,782.70","2,778.23",1097597,3049376469.2,59249,237203.0,21.61
2023-03-15,HAL,EQ,"2,782.70","2,803.85","2,871.00","2,775.00","2,785.00","2,783.35","2,824.59",1508340,4260437406.5,74726,282215.0,18.71
2023-03-16,HAL,EQ,"2,783.35","2,795.00","2,797.50","2,665.20","2,728.00","2,722.75","2,716.14",1269539,3448243020.75,72222,331347.0,26.1
2023-03-17,HAL,EQ,"2,722.75","2,830.00","2,850.00","2,775.45","2,806.00","2,798.95","2,807.52",2027684,5692763977.15,102478,336979.0,16.62
2023-03-20,HAL,EQ,"2,798.95","2,787.90","2,787.90","2,616.60","2,646.00","2,644.85","2,669.75",2016071,5382411050.6,141041,671090.0,33.29
2023-03-21,HAL,EQ,"2,644.85","2,657.00","2,672.00","2,592.00","2,656.00","2,655.55","2,632.42",1323667,3484444386.45,81464,306355.0,23.14
2023-03-22,HAL,EQ,"2,655.55","2,660.00","2,675.95","2,615.00","2,625.00","2,624.80","2,640.91",660270,1743712742.75,40522,161783.0,24.5
2023-03-23,HAL,EQ,"2,624.80","2,493.00","2,519.80","2,475.10","2,504.75","2,496.35","2,495.06",5297391,13217294441.3,222037,2296362.0,43.35
2023-03-24,HAL,EQ,"2,496.35","2,520.00","2,614.80","2,520.00","2,559.00","2,567.50","2,575.13",4771223,12286506656.5,142225,1496519.0,31.37
2023-03-27,HAL,EQ,"2,567.50","2,525.00","2,636.00","2,525.00","2,626.00","2,629.05","2,590.78",2897073,7505670512.75,140580,1096055.0,37.83
2023-03-28,HAL,EQ,"2,629.05","2,629.00","2,650.00","2,621.70","2,627.00","2,628.45","2,633.23",1859073,4895371914.2,87506,1023692.0,55.06
2023-03-29,HAL,EQ,"2,628.45","2,628.90","2,716.50","2,617.90","2,707.00","2,706.75","2,671.46",1591122,4250621658.8,84979,885408.0,55.65
2023-03-31,HAL,EQ,"2,706.75","2,719.70","2,846.00","2,716.65","2,733.40","2,731.10","2,784.25",3120877,8689290344.4,140771,998475.0,31.99
2023-04-03,HAL,EQ,"2,731.10","2,760.00","2,771.35","2,708.20","2,727.00","2,712.40","2,732.50",1013065,2768195975.55,56567,348764.0,34.43
2023-04-05,HAL,EQ,"2,712.40","2,727.00","2,740.00","2,670.00","2,726.00","2,721.75","2,694.28",1168871,3149261153.1,72216,519092.0,44.41
2023-04-06,HAL,EQ,"2,721.75","2,728.00","2,774.00","2,712.90","2,766.00","2,767.85","2,750.07",1442828,3967876517.55,62598,527132.0,36.53
2023-04-10,HAL,EQ,"2,767.85","2,773.00","2,828.00","2,767.00","2,808.00","2,816.20","2,806.24",919756,2581054786.95,61170,335795.0,36.51
2023-04-11,HAL,EQ,"2,816.20","2,828.95","2,847.00","2,811.80","2,824.75","2,824.55","2,827.35",670537,1895845714.75,57917,274927.0,41.0
2023-04-12,HAL,EQ,"2,824.55","2,824.55","2,838.60","2,792.70","2,810.00","2,811.55","2,815.48",499173,1405412913.3,38418,201177.0,40.3
2023-04-13,HAL,EQ,"2,811.55","2,815.10","2,826.00","2,795.00","2,804.00","2,804.95","2,807.11",425443,1194267123.2,30110,182367.0,42.87
2023-04-17,HAL,EQ,"2,804.95","2,804.00","2,840.00","2,791.00","2,830.00","2,831.45","2,821.61",715546,2018994513.2,56236,332987.0,46.54
2023-04-18,HAL,EQ,"2,831.45","2,843.50","2,854.95","2,810.00","2,824.20","2,829.15","2,832.80",519716,1472252749.5,32541,179817.0,34.6
2023-04-19,HAL,EQ,"2,829.15","2,830.05","2,848.50","2,811.40","2,816.80","2,821.10","2,828.08",397323,1123661074.35,24537,159939.0,40.25
2023-04-20,HAL,EQ,"2,821.10","2,829.00","2,837.35","2,768.55","2,770.00","2,776.15","2,797.27",646669,1808909248.1,39556,352532.0,54.52
2023-04-21,HAL,EQ,"2,776.15","2,770.00","2,797.00","2,740.50","2,784.00","2,781.95","2,771.86",602319,1669542598.3,31376,225774.0,37.48
2023-04-24,HAL,EQ,"2,781.95","2,794.30","2,834.00","2,770.05","2,822.00","2,825.60","2,812.03",643070,1808334847.5,35285,243916.0,37.93
2023-04-25,HAL,EQ,"2,825.60","2,827.00","2,849.00","2,815.10","2,820.00","2,824.45","2,831.08",460644,1304121249.6,27511,173250.0,37.61
2023-04-26,HAL,EQ,"2,824.45","2,824.00","2,867.85","2,818.35","2,844.00","2,841.00","2,847.28",733772,2089253634.55,34976,329006.0,44.84
2023-04-27,HAL,EQ,"2,841.00","2,844.00","2,849.80","2,821.50","2,839.75","2,838.95","2,837.00",395778,1122821326.6,19255,176806.0,44.67
2023-04-28,HAL,EQ,"2,838.95","2,845.00","2,924.95","2,844.00","2,918.00","2,920.20","2,895.33",997412,2887832674.55,53659,311885.0,31.27
2023-05-02,HAL,EQ,"2,920.20","2,939.85","2,958.05","2,921.10","2,939.00","2,938.30","2,942.34",764330,2248920260.15,43568,300654.0,39.34
2023-05-03,HAL,EQ,"2,938.30","2,934.05","3,032.00","2,922.90","3,009.00","3,005.70","3,000.13",1779926,5340002266.0,104824,541956.0,30.45
2023-05-04,HAL,EQ,"3,005.70","3,023.65","3,050.00","2,940.00","2,965.00","2,959.85","2,987.08",986763,2947536947.05,68478,351503.0,35.62
2023-05-05,HAL,EQ,"2,959.85","2,974.00","2,982.80","2,935.00","2,949.10","2,944.35","2,956.47",461089,1363195053.6,34005,122828.0,26.64
2023-05-08,HAL,EQ,"2,944.35","2,950.00","2,970.00","2,924.20","2,961.10","2,958.80","2,955.84",449864,1329724739.95,35906,164050.0,36.47
2023-05-09,HAL,EQ,"2,958.80","2,965.00","2,980.00","2,885.90","2,909.50","2,914.30","2,929.40",551116,1614436889.35,45050,234252.0,42.51
2023-05-10,HAL,EQ,"2,914.30","2,926.00","2,960.00","2,915.00","2,955.20","2,954.40","2,940.93",484530,1424966485.75,45867,183133.0,37.8
2023-05-11,HAL,EQ,"2,954.40","2,975.00","3,024.00","2,965.00","3,019.10","3,018.35","3,006.82",1010392,3038067762.05,57107,306456.0,30.33
2023-05-12,HAL,EQ,"3,018.35","3,033.00","3,033.00","2,947.30","2,975.40","2,973.95","2,974.46",1356500,4034859540.4,89931,359296.0,26.49
2023-05-15,HAL,EQ,"2,973.95","2,986.95","3,032.00","2,970.65","3,025.00","3,024.35","3,012.90",941009,2835169034.1,47853,400044.0,42.51
2023-05-16,HAL,EQ,"3,024.35","3,038.70","3,123.10","3,033.05","3,100.00","3,096.75","3,089.25",1533333,4736854137.2,88622,515647.0,33.63
2023-05-17,HAL,EQ,"3,096.75","3,109.80","3,168.80","3,101.70","3,125.05","3,133.90","3,131.57",1291072,4043077955.4,74577,426395.0,33.03
2023-05-18,HAL,EQ,"3,133.90","3,145.00","3,149.60","3,067.00","3,094.00","3,093.90","3,099.73",893471,2769515609.15,53082,348567.0,39.01
2023-05-19,HAL,EQ,"3,093.90","3,110.00","3,110.00","3,045.00","3,071.90","3,073.30","3,073.15",607639,1867364369.7,36289,261151.0,42.98
2023-05-22,HAL,EQ,"3,073.30","3,084.90","3,107.00","3,048.60","3,094.00","3,099.30","3,087.48",595277,1837905829.7,32625,236721.0,39.77
2023-05-23,HAL,EQ,"3,099.30","3,104.00","3,128.55","3,042.00","3,054.00","3,046.40","3,075.10",748943,2303075512.7,44068,375992.0,50.2
2023-05-24,HAL,EQ,"3,046.40","3,046.40","3,069.90","2,997.00","2,999.35","3,001.25","3,028.69",1040981,3152804060.05,65707,659362.0,63.34
2023-05-25,HAL,EQ,"3,001.25","3,012.45","3,030.90","2,979.70","3,024.95","3,014.70","3,008.07",967771,2911122215.45,56932,577316.0,59.65
2023-05-26,HAL,EQ,"3,014.70","3,029.80","3,069.90","2,995.55","3,026.00","3,020.20","3,025.30",1202859,3639012755.85,67731,606871.0,50.45
2023-05-29,HAL,EQ,"3,020.20","3,042.00","3,053.80","2,998.05","3,020.00","3,013.70","3,020.75",1008328,3045903799.7,39287,563897.0,55.92
2023-05-30,HAL,EQ,"3,013.70","3,028.45","3,116.15","3,015.00","3,108.95","3,102.15","3,081.11",2196743,6768407877.45,90756,1112551.0,50.65
2023-05-31,HAL,EQ,"3,102.15","3,138.00","3,185.00","3,033.00","3,125.00","3,117.05","3,111.58",11754368,36574659970.5,174922,7838943.0,66.69
2023-06-01,HAL,EQ,"3,117.05","3,080.00","3,098.00","3,060.50","3,072.30","3,080.75","3,078.07",1085016,3339758956.35,56618,351372.0,32.38
2023-06-02,HAL,EQ,"3,080.75","3,094.00","3,174.90","3,084.10","3,162.00","3,167.95","3,136.50",1346060,4221911955.95,74734,470865.0,34.98
2023-06-05,HAL,EQ,"3,167.95","3,183.75","3,326.00","3,175.30","3,289.00","3,283.50","3,276.53",2392484,7839054107.45,121305,484779.0,20.26
2023-06-06,HAL,EQ,"3,283.50","3,292.00","3,440.00","3,289.00","3,418.45","3,413.10","3,369.84",2317423,7809334903.8,136506,665124.0,28.7
2023-06-07,HAL,EQ,"3,413.10","3,470.00","3,525.00","3,457.20","3,496.00","3,488.05","3,491.47",2953913,10313507804.5,150246,1021641.0,34.59
2023-06-08,HAL,EQ,"3,488.05","3,518.05","3,547.55","3,477.00","3,536.00","3,527.40","3,515.30",1655383,5819163801.95,92774,622578.0,37.61
2023-06-09,HAL,EQ,"3,527.40","3,609.00","3,785.00","3,530.25","3,743.45","3,732.90","3,666.92",5892337,21606741172.25,274978,699879.0,11.88
2023-06-12,HAL,EQ,"3,732.90","3,755.00","3,800.00","3,647.10","3,683.00","3,686.05","3,720.57",3944449,14675588364.95,206924,793215.0,20.11
2023-06-13,HAL,EQ,"3,686.05","3,699.00","3,699.00","3,628.05","3,649.80","3,639.20","3,655.07",1617927,5913630602.25,93196,701737.0,43.37
2023-06-14,HAL,EQ,"3,639.20","3,653.00","3,739.00","3,645.10","3,723.00","3,715.60","3,709.60",1912934,7096221172.3,110638,506643.0,26.49
2023-06-15,HAL,EQ,"3,715.60","3,730.20","3,747.20","3,688.15","3,714.00","3,707.60","3,713.27",1060937,3939548494.25,63605,435143.0,41.01
2023-06-16,HAL,EQ,"3,707.60","3,723.00","3,886.00","3,718.35","3,841.45","3,844.70","3,820.03",3119677,11917247551.2,159114,766583.0,24.57
2023-06-19,HAL,EQ,"3,844.70","3,899.00","3,950.00","3,865.00","3,891.00","3,893.40","3,903.43",2554646,9971869438.35,138670,757688.0,29.66
2023-06-20,HAL,EQ,"3,893.40","3,899.00","3,899.00","3,800.00","3,862.00","3,848.70","3,833.12",1946931,7462827554.35,102880,617544.0,31.72
2023-06-21,HAL,EQ,"3,848.70","3,879.30","3,890.35","3,760.00","3,815.00","3,820.35","3,828.70",1655049,6336681581.2,100515,546348.0,33.01
2023-06-22,HAL,EQ,"3,820.35","3,822.00","3,828.95","3,746.45","3,770.20","3,760.45","3,776.23",1832198,6918791922.55,90385,548848.0,29.96
2023-06-23,HAL,EQ,"3,760.45","3,779.80","3,860.00","3,621.00","3,638.00","3,640.55","3,730.70",4286484,15991599485.9,237440,743220.0,17.34
2023-06-26,HAL,EQ,"3,640.55","3,643.00","3,720.00","3,580.10","3,710.00","3,701.05","3,669.04",2753674,10103339577.2,138224,681417.0,24.75
2023-06-27,HAL,EQ,"3,701.05","3,734.20","3,770.00","3,653.20","3,670.00","3,661.10","3,705.80",2195270,8135230948.65,111581,624247.0,28.44
2023-06-28,HAL,EQ,"3,661.10","3,684.80","3,745.00","3,666.00","3,729.95","3,721.90","3,704.76",1766033,6542721953.55,79365,642481.0,36.38
2023-06-30,HAL,EQ,"3,721.90","3,731.90","3,806.75","3,701.00","3,782.00","3,792.50","3,755.20",1747319,6561537598.65,87424,620726.0,35.52
2023-07-03,HAL,EQ,"3,792.50","3,809.15","3,811.05","3,761.60","3,770.00","3,770.05","3,783.05",691571,2616249446.5,43747,206605.0,29.87
2023-07-04,HAL,EQ,"3,770.05","3,770.05","3,785.00","3,715.00","3,725.00","3,722.10","3,746.18",707234,2649422351.65,39597,330152.0,46.68
2023-07-05,HAL,EQ,"3,722.10","3,721.95","3,749.00","3,690.00","3,742.00","3,734.90","3,721.79",798830,2973075061.65,50974,373542.0,46.76
2023-07-06,HAL,EQ,"3,734.90","3,740.00","3,764.80","3,707.00","3,739.05","3,731.05","3,730.37",868363,3239315115.55,52646,470876.0,54.23
2023-07-07,HAL,EQ,"3,731.05","3,720.00","3,784.80","3,710.00","3,763.00","3,759.50","3,751.61",1572998,5901275323.25,73375,622424.0,39.57
2023-07-10,HAL,EQ,"3,759.50","3,783.60","3,800.00","3,741.05","3,783.00","3,776.45","3,769.37",925306,3487817096.7,46664,302342.0,32.67
2023-07-11,HAL,EQ,"3,776.45","3,795.85","3,945.00","3,790.85","3,923.00","3,917.45","3,886.20",3249121,12626734579.75,133833,992762.0,30.55
2023-07-12,HAL,EQ,"3,917.45","3,933.95","3,933.95","3,815.25","3,843.70","3,843.85","3,850.22",1544193,5945475425.45,87227,448301.0,29.03
2023-07-13,HAL,EQ,"3,843.85","3,862.00","3,898.65","3,820.00","3,861.00","3,854.00","3,864.65",1318519,5095608653.95,73309,469780.0,35.63
2023-07-14,HAL,EQ,"3,854.00","3,856.50","3,867.00","3,775.20","3,835.00","3,836.70","3,817.86",1194888,4561920201.95,70264,359929.0,30.12
2023-07-17,HAL,EQ,"3,836.70","3,856.00","3,913.00","3,803.70","3,819.00","3,815.70","3,843.83",1361104,5231848480.1,90795,552223.0,40.57
2023-07-18,HAL,EQ,"3,815.70","3,828.00","3,875.00","3,812.50","3,848.00","3,850.25","3,842.78",879776,3380788626.75,56940,311370.0,35.39
2023-07-19,HAL,EQ,"3,850.25","3,853.90","3,884.00","3,843.05","3,857.20","3,860.90","3,862.47",790854,3054646311.65,71699,390281.0,49.35
2023-07-20,HAL,EQ,"3,860.90","3,860.00","3,866.95","3,815.55","3,832.00","3,836.95","3,838.25",536992,2061110913.3,28365,202201.0,37.65
2023-07-21,HAL,EQ,"3,836.95","3,850.30","3,894.00","3,843.00","3,857.90","3,854.45","3,870.50",890592,3447039733.8,54373,258165.0,28.99
2023-07-24,HAL,EQ,"3,854.45","3,868.35","3,918.90","3,850.00","3,881.35","3,885.25","3,892.44",948151,3690621577.6,59059,307183.0,32.4
2023-07-25,HAL,EQ,"3,885.25","3,899.00","3,905.00","3,828.05","3,835.00","3,836.35","3,861.45",546465,2110148759.95,39459,207105.0,37.9
2023-07-26,HAL,EQ,"3,836.35","3,847.80","3,870.00","3,828.65","3,860.00","3,858.60","3,852.15",340024,1309822708.25,24972,93515.0,27.5
2023-07-27,HAL,EQ,"3,858.60","3,860.00","3,867.90","3,836.00","3,853.00","3,852.95","3,852.93",403749,1555617514.55,32600,196182.0,48.59
2023-07-28,HAL,EQ,"3,852.95","3,850.00","3,949.00","3,831.10","3,929.30","3,929.00","3,912.51",1371612,5366443636.5,67989,542096.0,39.52
2023-07-31,HAL,EQ,"3,929.00","3,944.00","3,998.90","3,939.00","3,959.60","3,961.50","3,964.97",1077942,4274010583.2,61271,407021.0,37.76
2023-08-01,HAL,EQ,"3,961.50","3,967.00","3,974.35","3,855.05","3,871.00","3,865.90","3,896.71",844850,3292135409.4,60691,352015.0,41.67
2023-08-02,HAL,EQ,"3,865.90","3,866.00","3,867.00","3,713.25","3,742.00","3,739.85","3,774.10",980292,3699720206.75,82150,441845.0,45.07
2023-08-03,HAL,EQ,"3,739.85","3,738.90","3,793.05","3,701.55","3,772.95","3,766.55","3,760.13",720874,2710577463.1,43191,261265.0,36.24
2023-08-04,HAL,EQ,"3,766.55","3,785.00","3,799.95","3,740.30","3,765.00","3,750.00","3,770.92",506876,1911387620.35,29710,231769.0,45.72
2023-08-07,HAL,EQ,"3,750.00","3,765.00","3,779.85","3,745.00","3,760.50","3,752.05","3,758.38",517724,1945802240.65,27573,265508.0,51.28
2023-08-08,HAL,EQ,"3,752.05","3,770.00","3,794.70","3,741.75","3,773.10","3,775.75","3,769.04",395433,1490402267.55,25856,151096.0,38.21
2023-08-09,HAL,EQ,"3,775.75","3,786.00","3,839.15","3,762.10","3,822.40","3,824.25","3,802.24",635343,2415727897.75,34977,293586.0,46.21
2023-08-10,HAL,EQ,"3,824.25","3,823.00","3,860.00","3,782.35","3,799.00","3,791.65","3,819.60",395928,1512286756.65,27160,130712.0,33.01
2023-08-11,HAL,EQ,"3,791.65","3,812.10","3,868.85","3,763.05","3,770.85","3,791.00","3,816.66",1100424,4199942357.55,65692,296604.0,26.95
2023-08-14,HAL,EQ,"3,791.00","3,784.85","3,892.00","3,715.40","3,883.00","3,878.85","3,842.54",1321587,5078255165.95,72984,477707.0,36.15
2023-08-16,HAL,EQ,"3,878.85","3,880.05","3,915.00","3,831.00","3,908.00","3,900.15","3,869.78",661278,2559000439.25,51794,206150.0,31.17
2023-08-17,HAL,EQ,"3,900.15","3,909.00","3,928.25","3,861.40","3,873.90","3,869.25","3,891.41",558386,2172908681.5,39128,261654.0,46.86
2023-08-18,HAL,EQ,"3,869.25","3,870.00","3,883.00","3,780.00","3,787.85","3,788.00","3,818.28",576697,2201992613.0,43981,247898.0,42.99
2023-08-21,HAL,EQ,"3,788.00","3,787.85","3,833.75","3,780.85","3,827.00","3,820.85","3,811.33",444454,1693961193.3,29802,190512.0,42.86
2023-08-22,HAL,EQ,"3,820.85","3,827.80","3,908.20","3,822.10","3,893.00","3,891.45","3,876.85",905882,3511970642.3,55360,404631.0,44.67
2023-08-23,HAL,EQ,"3,891.45","3,900.00","4,049.90","3,895.40","4,043.00","4,031.10","3,992.09",2550213,10180690237.2,129978,704724.0,27.63
2023-08-24,HAL,EQ,"4,031.10","4,135.00","4,135.00","3,956.90","3,970.00","3,965.45","4,038.99",2527838,10209902133.1,151948,555654.0,21.98
2023-08-25,HAL,EQ,"3,965.45","3,988.80","4,019.00","3,892.10","3,900.00","3,910.40","3,941.61",1170892,4615204346.8,72493,307713.0,26.28
2023-08-28,HAL,EQ,"3,910.40","3,930.00","3,959.60","3,900.00","3,910.00","3,915.25","3,929.36",740465,2909551658.2,52829,292180.0,39.46
2023-08-29,HAL,EQ,"3,915.25","3,923.45","3,929.00","3,875.15","3,903.65","3,897.35","3,897.92",960661,3744580316.5,58171,403534.0,42.01
2023-08-30,HAL,EQ,"3,897.35","3,928.00","3,958.00","3,900.05","3,903.00","3,905.30","3,927.87",795773,3125696735.0,50299,315499.0,39.65
2023-08-31,HAL,EQ,"3,905.30","3,919.00","3,929.00","3,876.60","3,912.00","3,900.30","3,902.63",994851,3882535229.6,48758,552221.0,55.51
2023-09-01,HAL,EQ,"3,900.30","3,919.80","3,978.80","3,909.00","3,946.05","3,941.75","3,946.91",889270,3509865569.55,50507,357315.0,40.18
2023-09-04,HAL,EQ,"3,941.75","3,964.35","4,019.00","3,951.05","3,970.90","3,966.25","3,980.14",1006109,4004456379.05,56237,426033.0,42.34
2023-09-05,HAL,EQ,"3,966.25","3,978.80","3,985.00","3,943.20","3,956.65","3,952.85","3,960.57",418736,1658433411.3,28594,186329.0,44.5
2023-09-06,HAL,EQ,"3,952.85","3,961.60","3,998.70","3,951.05","3,997.75","3,989.45","3,977.63",607826,2417709901.0,40736,303064.0,49.86
2023-09-07,HAL,EQ,"3,989.45","4,000.00","4,069.90","3,997.75","4,036.55","4,040.25","4,040.49",1301058,5256909282.7,80417,456716.0,35.1
2023-09-08,HAL,EQ,"4,040.25","4,059.90","4,138.90","4,051.00","4,106.00","4,105.55","4,105.48",1447738,5943659979.85,78085,390435.0,26.97
2023-09-11,HAL,EQ,"4,105.55","4,170.00","4,170.00","4,066.00","4,089.00","4,082.70","4,098.32",826794,3388464413.95,57167,352107.0,42.59
2023-09-12,HAL,EQ,"4,082.70","4,100.00","4,101.85","3,930.00","3,950.00","3,940.80","3,982.92",947644,3774385706.1,75085,389068.0,41.06
2023-09-13,HAL,EQ,"3,940.80","3,950.00","3,990.00","3,890.10","3,973.90","3,970.30","3,947.42",738804,2916366039.0,58045,275928.0,37.35
2023-09-14,HAL,EQ,"3,970.30","3,983.95","3,989.50","3,940.00","3,964.00","3,958.20","3,963.46",361084,1431142405.55,30610,113642.0,31.47
2023-09-15,HAL,EQ,"3,958.20","3,973.90","3,977.75","3,940.10","3,950.00","3,947.65","3,956.83",393110,1555469041.8,36581,219434.0,55.82
2023-09-18,HAL,EQ,"3,947.65","4,100.00","4,111.15","3,957.85","3,986.70","3,983.60","4,009.94",1472484,5904575358.15,89842,496928.0,33.75
2023-09-20,HAL,EQ,"3,983.60","3,984.30","4,057.50","3,965.00","3,998.00","3,992.60","4,014.02",1219857,4896536071.8,78835,502232.0,41.17
2023-09-21,HAL,EQ,"3,992.60","4,006.70","4,024.00","3,901.60","3,924.30","3,915.45","3,959.06",767985,3040494891.2,60973,279068.0,36.34
2023-09-22,HAL,EQ,"3,915.45","3,926.80","3,958.50","3,855.00","3,867.85","3,870.00","3,891.63",745403,2900834300.1,52420,338470.0,45.41
2023-09-25,HAL,EQ,"3,870.00","3,886.60","3,889.40","3,815.00","3,864.20","3,855.00","3,842.65",828794,3184765399.3,65430,352349.0,42.51
2023-09-26,HAL,EQ,"3,855.00","3,863.80","3,916.85","3,855.65","3,879.35","3,871.15","3,887.79",835167,3246955769.6,58175,373974.0,44.78
2023-09-27,HAL,EQ,"3,871.15","3,874.00","3,883.65","3,832.00","3,836.60","3,837.70","3,847.44",853470,3283673807.05,43018,505102.0,59.18
2023-09-28,HAL,EQ,"3,837.70","1,934.80","1,941.60","1,885.00","1,890.20","1,889.15","1,912.86",1992076,3810567340.3,105515,1057755.0,53.1
2023-09-29,HAL,EQ,"1,889.15","1,898.00","1,942.75","1,897.10","1,933.00","1,928.15","1,922.11",1147905,2206399718.95,57086,404697.0,35.26
2023-10-03,HAL,EQ,"1,928.15","1,939.15","1,963.80","1,926.10","1,958.85","1,957.05","1,945.33",2009422,3908990388.25,70473,947686.0,47.16
2023-10-04,HAL,EQ,"1,957.05","1,957.05","1,958.95","1,888.00","1,915.00","1,916.25","1,915.71",1825706,3497523996.85,97357,914978.0,50.12
2023-10-05,HAL,EQ,"1,916.25","1,935.15","1,972.00","1,931.15","1,943.00","1,943.85","1,949.12",1976433,3852309003.85,78953,801251.0,40.54
2023-10-06,HAL,EQ,"1,943.85","1,945.15","1,964.00","1,943.00","1,955.00","1,956.10","1,955.21",1029633,2013146168.25,54277,550916.0,53.51
2023-10-09,HAL,EQ,"1,956.10","1,936.00","1,947.00","1,915.65","1,919.10","1,920.85","1,927.93",824232,1589058850.7,53741,334990.0,40.64
2023-10-10,HAL,EQ,"1,920.85","1,940.00","1,967.65","1,935.55","1,957.85","1,959.45","1,955.69",1658275,3243076507.65,87898,612150.0,36.91
2023-10-11,HAL,EQ,"1,959.45","1,964.80","1,980.00","1,957.50","1,961.00","1,961.60","1,967.60",895385,1761761113.5,41613,399826.0,44.65
2023-10-12,HAL,EQ,"1,961.60","1,961.60","1,974.60","1,958.00","1,969.00","1,968.45","1,966.01",537987,1057685607.75,33064,258587.0,48.07
2023-10-13,HAL,EQ,"1,968.45","1,960.00","1,990.00","1,955.05","1,976.00","1,975.10","1,976.15",770978,1523569998.95,35108,399980.0,51.88
2023-10-16,HAL,EQ,"1,975.10","1,974.05","1,979.95","1,956.80","1,961.45","1,963.30","1,966.58",786576,1546861255.4,33370,504015.0,64.08
2023-10-17,HAL,EQ,"1,963.30","1,972.85","1,972.90","1,960.10","1,964.95","1,963.70","1,965.83",449525,883689009.25,27040,253081.0,56.3
2023-10-18,HAL,EQ,"1,963.70","1,965.00","1,984.05","1,950.00","1,965.00","1,962.65","1,968.62",753713,1483776637.0,36301,366929.0,48.68
2023-10-19,HAL,EQ,"1,962.65","1,957.00","1,965.50","1,946.10","1,953.00","1,953.90","1,954.27",437558,855104378.75,27311,222930.0,50.95
2023-10-20,HAL,EQ,"1,953.90","1,945.90","1,954.55","1,905.05","1,911.05","1,912.70","1,924.29",771497,1484581094.75,50827,373615.0,48.43
2023-10-23,HAL,EQ,"1,912.70","1,912.70","1,917.80","1,841.10","1,849.00","1,845.30","1,873.41",1149806,2154055733.75,83127,548643.0,47.72
2023-10-25,HAL,EQ,"1,845.30","1,845.00","1,872.20","1,782.55","1,817.80","1,809.85","1,822.10",1625270,2961398068.5,119847,780017.0,47.99
2023-10-26,HAL,EQ,"1,809.85","1,795.00","1,831.85","1,767.80","1,822.00","1,819.45","1,792.55",1478145,2649648792.3,100016,665080.0,44.99
2023-10-27,HAL,EQ,"1,819.45","1,829.95","1,861.65","1,825.65","1,854.50","1,854.40","1,847.88",1140613,2107718958.0,72319,618882.0,54.26
2023-10-30,HAL,EQ,"1,854.40","1,870.00","1,870.00","1,830.05","1,836.50","1,834.60","1,839.73",796456,1465260316.35,50864,422223.0,53.01
2023-10-31,HAL,EQ,"1,834.60","1,836.00","1,848.00","1,818.65","1,825.00","1,823.05","1,828.87",691198,1264110044.7,38302,428153.0,61.94
2023-11-01,HAL,EQ,"1,823.05","1,828.85","1,831.75","1,819.00","1,824.90","1,822.70","1,824.63",575637,1050325466.1,48688,364346.0,63.29
2023-11-02,HAL,EQ,"1,822.70","1,835.00","1,858.30","1,823.00","1,855.70","1,855.45","1,841.94",728430,1341720897.9,60516,384434.0,52.78
2023-11-03,HAL,EQ,"1,855.45","1,865.75","1,904.90","1,857.00","1,900.20","1,901.75","1,886.29",1032482,1947557139.45,46120,573690.0,55.56
2023-11-06,HAL,EQ,"1,901.75","1,910.00","1,938.00","1,908.00","1,930.50","1,934.75","1,925.69",975588,1878683050.7,48366,553967.0,56.78
2023-11-07,HAL,EQ,"1,934.75","1,939.95","2,023.00","1,930.00","2,019.00","2,017.15","1,997.81",2897381,5788420541.35,125065,1075420.0,37.12
2023-11-08,HAL,EQ,"2,017.15","2,026.95","2,048.00","2,008.75","2,038.00","2,044.55","2,031.05",1748876,3552055988.75,76919,894437.0,51.14
2023-11-09,HAL,EQ,"2,044.55","2,045.00","2,049.75","2,026.00","2,031.00","2,030.80","2,035.45",679939,1383978990.8,49137,306789.0,45.12
2023-11-10,HAL,EQ,"2,030.80","2,041.65","2,110.95","1,995.00","2,056.00","2,058.90","2,063.71",4755794,9814592816.3,199569,1204950.0,25.34
2023-11-12,HAL,EQ,"2,058.90","2,088.00","2,092.00","2,045.00","2,075.50","2,073.65","2,077.54",435980,905766618.45,29843,195173.0,44.77
2023-11-13,HAL,EQ,"2,073.65","2,072.00","2,075.00","2,041.80","2,059.75","2,060.35","2,059.86",1183911,2438692829.7,81618,683311.0,57.72
2023-11-15,HAL,EQ,"2,060.35","2,066.05","2,105.00","2,040.55","2,090.00","2,091.00","2,073.20",1634396,3388431705.45,96763,819025.0,50.11
2023-11-16,HAL,EQ,"2,091.00","2,092.85","2,155.00","2,085.00","2,118.00","2,114.30","2,124.91",2450457,5206989912.8,114921,1018870.0,41.58
2023-11-17,HAL,EQ,"2,114.30","2,120.10","2,148.90","2,115.75","2,122.45","2,126.00","2,133.75",1087862,2321224818.85,59723,495075.0,45.51
2023-11-20,HAL,EQ,"2,126.00","2,137.30","2,167.00","2,116.00","2,154.00","2,146.60","2,146.11",1452454,3117129948.9,80396,475396.0,32.73
2023-11-21,HAL,EQ,"2,146.60","2,154.00","2,161.95","2,135.00","2,145.00","2,144.30","2,150.87",832725,1791083520.25,48870,376180.0,45.17
2023-11-22,HAL,EQ,"2,144.30","2,144.95","2,152.10","2,088.95","2,114.10","2,112.10","2,115.29",1014171,2145263063.9,67851,460601.0,45.42
2023-11-23,HAL,EQ,"2,112.10","2,116.95","2,159.00","2,107.65","2,150.00","2,146.25","2,141.38",1259937,2698009843.05,53116,624535.0,49.57
2023-11-24,HAL,EQ,"2,146.25","2,154.90","2,251.00","2,145.75","2,249.70","2,240.30","2,214.32",2909879,6443393369.75,119006,933227.0,32.07
2023-11-28,HAL,EQ,"2,240.30","2,309.00","2,334.35","2,266.00","2,288.50","2,287.00","2,297.52",3488568,8015065528.0,160043,1433594.0,41.09
2023-11-29,HAL,EQ,"2,287.00","2,332.00","2,356.05","2,300.65","2,347.00","2,343.40","2,327.83",2349730,5469782399.05,101655,1019484.0,43.39
2023-11-30,HAL,EQ,"2,343.40","2,369.90","2,444.00","2,307.00","2,371.90","2,379.80","2,377.01",7273415,17288959539.4,184583,3660252.0,50.32
2023-12-01,HAL,EQ,"2,379.80","2,495.00","2,500.00","2,437.15","2,461.00","2,462.25","2,467.27",4012398,9899688797.4,176998,1130865.0,28.18
2023-12-04,HAL,EQ,"2,462.25","2,534.00","2,534.50","2,473.00","2,524.90","2,519.40","2,506.38",2351668,5894169618.0,121456,765436.0,32.55
2023-12-05,HAL,EQ,"2,519.40","2,519.40","2,573.00","2,505.20","2,556.00","2,552.95","2,544.98",1840576,4684237869.8,95705,491454.0,26.7
2023-12-06,HAL,EQ,"2,552.95","2,559.00","2,754.15","2,556.55","2,726.00","2,714.60","2,687.55",6078296,16335752101.65,277572,1626425.0,26.76
2023-12-07,HAL,EQ,"2,714.60","2,730.00","2,741.70","2,661.15","2,685.05","2,689.75","2,685.00",2607706,7001678319.5,128841,902918.0,34.62
2023-12-08,HAL,EQ,"2,689.75","2,700.00","2,783.20","2,690.05","2,738.00","2,733.65","2,734.21",2833575,7747583654.3,141740,769488.0,27.16
2023-12-11,HAL,EQ,"2,733.65","2,739.95","2,813.00","2,722.35","2,794.00","2,791.75","2,781.92",2624284,7300552124.75,134556,821674.0,31.31
2023-12-12,HAL,EQ,"2,791.75","2,805.15","2,820.25","2,715.30","2,746.50","2,739.90","2,753.94",2393861,6592561523.4,130564,969921.0,40.52
2023-12-13,HAL,EQ,"2,739.90","2,749.00","2,778.00","2,736.55","2,777.00","2,770.00","2,759.98",1438726,3970860122.1,72262,603707.0,41.96
2023-12-14,HAL,EQ,"2,770.00","2,785.00","2,813.55","2,765.15","2,771.00","2,773.00","2,782.33",1193987,3322069835.45,61971,559237.0,46.84
2023-12-15,HAL,EQ,"2,773.00","2,785.85","2,792.75","2,716.10","2,762.00","2,761.80","2,755.29",1430382,3941114214.95,73075,654558.0,45.76
2023-12-18,HAL,EQ,"2,761.80","2,760.00","2,849.75","2,752.25","2,810.00","2,813.10","2,811.78",2920105,8210680537.75,127443,1296046.0,44.38
2023-12-19,HAL,EQ,"2,813.10","2,819.95","2,824.40","2,776.75","2,791.00","2,787.45","2,794.22",1272030,3554326601.15,87509,633527.0,49.8
2023-12-20,HAL,EQ,"2,787.45","2,797.95","2,819.95","2,651.00","2,666.00","2,665.90","2,732.75",1947471,5321952618.1,113041,798628.0,41.01
2023-12-21,HAL,EQ,"2,665.90","2,639.00","2,737.95","2,585.00","2,718.00","2,706.50","2,684.88",2206814,5925022978.2,107370,691834.0,31.35
2023-12-22,HAL,EQ,"2,706.50","2,723.00","2,727.00","2,677.60","2,702.25","2,703.70","2,705.07",1000294,2705860505.25,59854,367540.0,36.74
2023-12-26,HAL,EQ,"2,703.70","2,710.00","2,829.95","2,701.25","2,816.00","2,820.65","2,784.24",2160870,6016372730.9,91218,743832.0,34.42
2023-12-27,HAL,EQ,"2,820.65","2,832.95","2,836.95","2,788.00","2,805.00","2,808.20","2,814.73",1156573,3255435615.65,72793,416190.0,35.98
2023-12-28,HAL,EQ,"2,808.20","2,812.50","2,827.00","2,796.05","2,803.95","2,805.80","2,810.04",1003223,2819095301.4,56866,524358.0,52.27
2023-12-29,HAL,EQ,"2,805.80","2,807.90","2,830.00","2,784.00","2,805.00","2,804.00","2,805.72",765894,2148884429.7,49995,295997.0,38.65
2024-01-01,HAL,EQ,"2,804.00","2,805.10","2,859.90","2,805.10","2,829.00","2,826.35","2,835.74",1038164,2943966668.55,57892,363974.0,35.06
2024-01-02,HAL,EQ,"2,826.35","2,829.90","2,838.75","2,748.45","2,796.00","2,791.80","2,791.40",1047639,2924375501.8,69221,425194.0,40.59
2024-01-03,HAL,EQ,"2,791.80","2,763.00","2,886.55","2,763.00","2,871.00","2,870.00","2,840.32",2164728,6148522694.65,106551,1048999.0,48.46
2024-01-04,HAL,EQ,"2,870.00","2,876.00","2,918.00","2,865.35","2,910.95","2,904.25","2,899.34",1740167,5045328694.35,84110,774906.0,44.53
2024-01-05,HAL,EQ,"2,904.25","2,980.00","3,079.00","2,965.10","3,000.00","2,998.85","3,016.55",5560237,16772759621.4,222814,1149249.0,20.67
2024-01-08,HAL,EQ,"2,998.85","3,017.00","3,034.95","2,985.00","3,001.00","2,995.60","3,007.32",1682520,5059871170.15,96693,590647.0,35.1
2024-01-09,HAL,EQ,"2,995.60","3,020.00","3,074.80","3,001.00","3,016.15","3,010.25","3,035.63",1979028,6007605267.75,98573,766935.0,38.75
2024-01-10,HAL,EQ,"3,010.25","3,017.10","3,025.50","2,978.15","3,015.00","3,017.30","3,005.77",1248563,3752898472.2,69478,444907.0,35.63
2024-01-11,HAL,EQ,"3,017.30","3,029.90","3,042.85","3,013.00","3,022.10","3,020.45","3,026.16",723628,2189811325.0,56197,320198.0,44.25
2024-01-12,HAL,EQ,"3,020.45","3,030.00","3,030.00","2,991.00","3,001.95","3,001.95","3,004.74",867631,2607006276.7,48583,493874.0,56.92
2024-01-15,HAL,EQ,"3,001.95","3,016.00","3,039.20","2,985.00","3,030.00","3,030.55","3,019.33",1135342,3427975730.5,54151,567223.0,49.96
2024-01-16,HAL,EQ,"3,030.55","3,054.00","3,064.45","2,941.75","2,993.85","2,993.55","3,014.29",2214293,6674525082.05,123300,831854.0,37.57
2024-01-17,HAL,EQ,"2,993.55","2,980.00","3,008.10","2,931.80","2,968.00","2,958.30","2,968.69",1643170,4878068261.85,94027,892614.0,54.32
2024-01-18,HAL,EQ,"2,958.30","2,957.50","2,981.00","2,845.70","2,974.05","2,967.60","2,930.54",2066487,6055916561.35,110640,824078.0,39.88
2024-01-19,HAL,EQ,"2,967.60","2,985.00","3,032.00","2,982.20","3,031.00","3,028.15","3,011.35",1203346,3623695786.55,66027,509840.0,42.37
2024-01-20,HAL,EQ,"3,028.15","3,038.75","3,038.75","2,990.55","3,002.00","3,005.35","3,011.75",531714,1601392052.0,36105,192296.0,36.17
2024-01-23,HAL,EQ,"3,005.35","3,007.00","3,022.00","2,847.25","2,895.75","2,890.50","2,931.64",1628038,4772822706.25,96233,827653.0,50.84
2024-01-24,HAL,EQ,"2,890.50","2,889.95","2,941.95","2,820.00","2,933.00","2,931.45","2,912.63",1330866,3876317283.25,95010,448802.0,33.72
2024-01-25,HAL,EQ,"2,931.45","2,940.00","2,958.30","2,875.00","2,905.25","2,903.80","2,904.56",1309130,3802445038.05,88047,730184.0,55.78
2024-01-29,HAL,EQ,"2,903.80","2,910.00","2,985.00","2,903.90","2,984.00","2,976.95","2,945.35",1213259,3573467979.95,71262,614519.0,50.65
2024-01-30,HAL,EQ,"2,976.95","2,991.75","3,065.00","2,986.05","3,018.00","3,012.55","3,028.78",1853804,5614764102.1,88631,633152.0,34.15
2024-01-31,HAL,EQ,"3,012.55","3,015.00","3,018.50","2,981.85","3,009.00","2,999.40","3,000.08",1074596,3223873738.55,85777,562108.0,52.31
2024-02-01,HAL,EQ,"2,999.40","3,020.00","3,074.00","2,955.15","2,995.00","2,997.55","3,017.99",1920618,5796405162.7,129874,582433.0,30.33
2024-02-02,HAL,EQ,"2,997.55","3,012.00","3,047.95","2,965.35","2,975.00","2,970.70","3,002.56",1256014,3771251758.8,78460,687773.0,54.76
2024-02-05,HAL,EQ,"2,970.70","2,980.00","3,005.00","2,912.70","2,935.00","2,932.50","2,969.05",936558,2780686001.6,73028,494972.0,52.85
2024-02-06,HAL,EQ,"2,932.50","2,936.95","2,969.00","2,907.05","2,964.90","2,958.45","2,937.31",1421958,4176727860.45,62745,811756.0,57.09
2024-02-07,HAL,EQ,"2,958.45","2,964.90","2,978.00","2,922.00","2,948.00","2,949.75","2,948.37",893201,2633482952.85,56900,449766.0,50.35
2024-02-08,HAL,EQ,"2,949.75","2,963.00","3,132.00","2,956.05","3,113.00","3,097.20","3,076.49",4475010,13767320047.1,202050,1773494.0,39.63
2024-02-09,HAL,EQ,"3,097.20","3,127.00","3,127.00","2,920.00","2,971.40","2,965.35","2,982.66",3176427,9474197095.15,187542,1294056.0,40.74
2024-02-12,HAL,EQ,"2,965.35","2,975.00","2,987.05","2,828.00","2,841.90","2,846.05","2,890.87",2890465,8355948112.25,151738,1054997.0,36.5
2024-02-13,HAL,EQ,"2,846.05","2,861.80","2,933.00","2,824.85","2,915.35","2,922.60","2,894.83",1805862,5227657596.9,99583,481106.0,26.64
2024-02-14,HAL,EQ,"2,922.60","2,887.00","2,966.40","2,855.30","2,962.50","2,957.10","2,921.13",1112043,3248418473.1,79250,427234.0,38.42
2024-02-15,HAL,EQ,"2,957.10","2,990.00","3,034.00","2,983.15","3,020.00","3,023.20","3,012.19",1788864,5388397912.9,92952,901997.0,50.42
2024-02-16,HAL,EQ,"3,023.20","3,044.00","3,105.00","3,035.20","3,076.00","3,078.80","3,074.18",2732655,8400663406.7,124975,949486.0,34.75
2024-02-19,HAL,EQ,"3,078.80","3,099.95","3,113.90","3,016.85","3,028.00","3,021.75","3,050.06",1615343,4926900447.0,92861,671047.0,41.54
2024-02-20,HAL,EQ,"3,021.75","3,018.80","3,018.80","2,971.00","2,998.50","2,995.30","2,996.04",979624,2934995740.95,82470,495016.0,50.53
2024-02-21,HAL,EQ,"2,995.30","2,997.95","3,025.00","2,935.10","2,952.40","2,948.05","2,981.08",1281770,3821057035.95,86422,590247.0,46.05
2024-02-22,HAL,EQ,"2,948.05","2,959.00","3,010.00","2,940.00","3,008.00","3,005.65","2,976.34",919890,2737909147.75,61395,386437.0,42.01
2024-02-23,HAL,EQ,"3,005.65","3,006.00","3,065.50","3,006.00","3,047.00","3,045.50","3,042.64",1388116,4223536130.65,82687,596861.0,43.0
2024-02-26,HAL,EQ,"3,045.50","3,045.45","3,075.00","3,013.70","3,054.00","3,049.75","3,057.10",849178,2596024573.2,58108,360304.0,42.43
2024-02-27,HAL,EQ,"3,049.75","3,044.95","3,125.75","3,033.25","3,094.00","3,095.50","3,100.89",2050688,6358955899.25,114740,708104.0,34.53
2024-02-28,HAL,EQ,"3,095.50","3,114.00","3,170.00","3,061.25","3,080.15","3,085.20","3,126.36",2725678,8521450092.95,163087,803863.0,29.49
2024-02-29,HAL,EQ,"3,085.20","3,084.95","3,105.00","3,014.10","3,099.00","3,084.05","3,060.63",1382425,4231088196.5,84428,551309.0,39.88
2024-03-01,HAL,EQ,"3,084.05","3,099.00","3,164.00","3,092.00","3,152.00","3,154.30","3,136.20",1516443,4755865609.1,92380,576541.0,38.02
2024-03-02,HAL,EQ,"3,154.30","3,165.00","3,174.00","3,150.00","3,155.00","3,157.15","3,161.03",144935,458144315.6,10943,77203.0,53.27
2024-03-04,HAL,EQ,"3,157.15","3,157.00","3,226.85","3,133.00","3,218.00","3,214.95","3,199.04",1892157,6053092431.05,130658,712408.0,37.65
2024-03-05,HAL,EQ,"3,214.95","3,229.00","3,266.75","3,201.00","3,241.25","3,237.00","3,238.24",1502498,4865441687.5,86269,579133.0,38.54
2024-03-06,HAL,EQ,"3,237.00","3,238.80","3,245.00","3,154.30","3,229.90","3,228.20","3,198.54",1292669,4134650371.75,94503,512756.0,39.67
2024-03-07,HAL,EQ,"3,228.20","3,262.00","3,334.00","3,255.05","3,312.00","3,317.30","3,308.81",2251410,7449492711.4,149340,715125.0,31.76
2024-03-11,HAL,EQ,"3,317.30","3,365.00","3,428.00","3,336.00","3,370.00","3,371.45","3,386.64",2519751,8533487683.45,155547,757805.0,30.07
2024-03-12,HAL,EQ,"3,371.45","3,375.00","3,380.00","3,241.10","3,274.90","3,267.55","3,298.16",1421483,4688277233.2,107712,478485.0,33.66
2024-03-13,HAL,EQ,"3,267.55","3,250.00","3,270.35","3,015.75","3,032.95","3,039.50","3,087.40",3448647,10647357539.0,264169,1067951.0,30.97
2024-03-14,HAL,EQ,"3,039.50","3,053.95","3,177.90","3,017.05","3,168.00","3,165.95","3,114.89",2329439,7255939844.6,145508,734212.0,31.52
2024-03-15,HAL,EQ,"3,165.95","3,164.95","3,182.55","3,006.00","3,099.75","3,099.10","3,076.98",2864705,8814637327.9,171823,1207302.0,42.14
2024-03-18,HAL,EQ,"3,099.10","3,138.00","3,184.00","3,105.40","3,125.05","3,121.95","3,132.89",1967550,6164113622.85,131564,566718.0,28.8
2024-03-19,HAL,EQ,"3,121.95","3,111.75","3,144.40","3,034.35","3,060.00","3,058.90","3,076.90",1666528,5127738085.9,116187,620742.0,37.25
2024-03-20,HAL,EQ,"3,058.90","3,074.00","3,080.00","2,913.60","2,993.00","2,980.50","2,977.95",2975349,8860442942.9,170466,889968.0,29.91
2024-03-21,HAL,EQ,"2,980.50","3,024.00","3,128.45","3,020.00","3,117.45","3,121.35","3,083.41",1962690,6051778505.1,103735,654209.0,33.33
2024-03-22,HAL,EQ,"3,121.35","3,114.05","3,209.90","3,085.00","3,169.00","3,170.80","3,152.66",2086220,6577132501.05,115161,705128.0,33.8
2024-03-26,HAL,EQ,"3,170.80","3,193.00","3,305.00","3,180.00","3,300.00","3,300.80","3,262.23",2573125,8394120058.65,129517,971174.0,37.74
2024-03-27,HAL,EQ,"3,300.80","3,317.00","3,324.90","3,245.00","3,284.95","3,281.05","3,286.89",1503735,4942609746.3,100449,498521.0,33.15
2024-03-28,HAL,EQ,"3,281.05","3,291.00","3,345.00","3,272.00","3,341.00","3,327.00","3,307.37",1385868,4583584342.45,77013,633586.0,45.72
2024-04-01,HAL,EQ,"3,327.00","3,392.00","3,454.25","3,362.10","3,399.80","3,403.35","3,417.61",2513886,8591491276.05,137115,1125287.0,44.76
2024-04-02,HAL,EQ,"3,403.35","3,440.00","3,584.00","3,412.00","3,548.00","3,543.00","3,501.75",3169551,11098964266.55,181821,1002885.0,31.64
2024-04-03,HAL,EQ,"3,543.00","3,540.00","3,610.80","3,508.30","3,588.80","3,589.30","3,572.05",2077663,7421517652.9,129796,608582.0,29.29
2024-04-04,HAL,EQ,"3,589.30","3,609.95","3,614.95","3,512.20","3,545.00","3,540.95","3,550.90",1591827,5652413314.1,107175,674755.0,42.39
2024-04-05,HAL,EQ,"3,540.95","3,545.00","3,595.00","3,507.85","3,581.10","3,586.05","3,553.47",1123258,3991461925.0,78384,409400.0,36.45
2024-04-08,HAL,EQ,"3,586.05","3,600.00","3,600.00","3,543.05","3,570.00","3,567.15","3,565.94",865339,3085748106.95,59829,372040.0,42.99
2024-04-09,HAL,EQ,"3,567.15","3,568.00","3,589.00","3,527.00","3,548.00","3,546.55","3,557.01",649755,2311182901.5,47631,179941.0,27.69
2024-04-10,HAL,EQ,"3,546.55","3,550.00","3,623.60","3,548.65","3,561.00","3,565.40","3,585.08",1160813,4161605716.15,75076,436148.0,37.57
2024-04-12,HAL,EQ,"3,565.40","3,565.00","3,677.55","3,550.00","3,643.00","3,638.10","3,628.69",3042596,11040641646.45,158337,1073227.0,35.27
2024-04-15,HAL,EQ,"3,638.10","3,640.00","3,700.00","3,564.05","3,629.00","3,629.25","3,652.14",3848159,14054013219.9,204612,1100970.0,28.61
2024-04-16,HAL,EQ,"3,629.25","3,626.00","3,738.95","3,585.35","3,721.90","3,722.15","3,690.34",2939862,10849096195.8,160845,931393.0,31.68
2024-04-18,HAL,EQ,"3,722.15","3,744.00","3,768.00","3,652.70","3,696.00","3,677.15","3,724.55",2294396,8545598859.15,125937,1204374.0,52.49
2024-04-19,HAL,EQ,"3,677.15","3,660.00","3,761.15","3,621.00","3,750.00","3,751.30","3,710.27",2256325,8371577965.8,137253,698213.0,30.94
2024-04-22,HAL,EQ,"3,751.30","3,800.00","3,810.00","3,732.60","3,785.00","3,785.50","3,773.42",1337755,5047916491.35,69848,610094.0,45.61
2024-04-23,HAL,EQ,"3,785.50","3,800.00","3,831.85","3,783.05","3,802.00","3,795.70","3,805.34",1321429,5028489279.1,80537,543632.0,41.14
2024-04-24,HAL,EQ,"3,795.70","3,826.10","4,000.00","3,812.50","3,955.00","3,946.70","3,939.78",4429158,17449905121.15,228889,1435004.0,32.4
2024-04-25,HAL,EQ,"3,946.70","3,958.60","4,035.00","3,939.00","4,002.90","4,000.75","3,990.85",2632613,10506361087.0,161742,837955.0,31.83
2024-04-26,HAL,EQ,"4,000.75","4,019.95","4,039.95","3,966.35","3,990.00","3,984.40","3,997.16",1432727,5726837883.05,92568,673148.0,46.98
2024-04-29,HAL,EQ,"3,984.40","4,006.35","4,044.75","3,975.30","4,023.00","4,017.70","4,008.78",1202126,4819054101.9,71466,614175.0,51.09
2024-04-30,HAL,EQ,"4,017.70","4,035.35","4,035.85","3,930.00","3,941.00","3,939.35","3,964.98",2054258,8145099132.8,168515,1191563.0,58.0
2024-05-02,HAL,EQ,"3,939.35","3,942.00","3,973.10","3,931.40","3,945.00","3,947.20","3,951.45",1008325,3984341548.4,89124,489487.0,48.54
2024-05-03,HAL,EQ,"3,947.20","3,952.25","3,967.00","3,880.00","3,923.00","3,920.20","3,922.55",1180369,4630060673.75,98888,527610.0,44.7
2024-05-06,HAL,EQ,"3,920.20","3,936.00","3,938.40","3,785.05","3,822.00","3,816.40","3,837.87",1613143,6191030582.45,141410,665729.0,41.27
2024-05-07,HAL,EQ,"3,816.40","3,815.45","3,839.00","3,693.40","3,712.00","3,715.00","3,759.04",1975562,7426207286.85,131844,883329.0,44.71
2024-05-08,HAL,EQ,"3,715.00","3,703.00","3,883.20","3,671.00","3,861.00","3,856.50","3,800.75",1993745,7577729942.75,118425,577327.0,28.96
2024-05-09,HAL,EQ,"3,856.50","3,895.80","3,954.00","3,820.45","3,845.85","3,846.65","3,879.02",2335375,9058971324.45,140785,746455.0,31.96
2024-05-10,HAL,EQ,"3,846.65","3,860.00","3,907.70","3,820.65","3,877.00","3,872.90","3,864.65",1462534,5652187012.2,83593,657856.0,44.98
2024-05-13,HAL,EQ,"3,872.90","3,875.50","3,937.00","3,762.60","3,932.00","3,921.75","3,862.76",1619124,6254291424.25,127082,578955.0,35.76
2024-05-14,HAL,EQ,"3,921.75","3,979.65","4,086.25","3,976.00","4,079.00","4,074.70","4,040.45",2964966,11979794969.85,167163,1021653.0,34.46
2024-05-15,HAL,EQ,"4,074.70","4,105.80","4,193.60","4,051.00","4,185.00","4,182.35","4,132.73",2310941,9550489898.35,135707,641846.0,27.77
2024-05-16,HAL,EQ,"4,182.35","4,215.00","4,656.40","4,157.00","4,637.90","4,603.70","4,450.40",10028325,44630066301.15,394685,2569626.0,25.62
2024-05-17,HAL,EQ,"4,603.70","4,644.95","4,665.95","4,485.05","4,530.00","4,531.70","4,542.20",5664667,25730072626.7,364792,2275976.0,40.18
2024-05-18,HAL,EQ,"4,531.70","4,576.00","4,755.00","4,550.00","4,715.05","4,730.50","4,688.51",1691965,7932798621.8,87672,489325.0,28.92
2024-05-21,HAL,EQ,"4,730.50","4,750.00","4,870.00","4,725.15","4,775.00","4,782.25","4,797.28",5540182,26577786067.3,322865,2314586.0,41.78
2024-05-22,HAL,EQ,"4,782.25","4,810.00","4,960.60","4,735.00","4,929.00","4,921.20","4,865.98",5032087,24486057714.05,294087,1442672.0,28.67
2024-05-23,HAL,EQ,"4,921.20","4,944.00","4,993.00","4,908.00","4,945.00","4,949.90","4,953.42",3335143,16520379909.2,210447,1227845.0,36.82
2024-05-24,HAL,EQ,"4,949.90","4,950.00","5,378.00","4,921.10","5,144.90","5,166.65","5,189.78",9073866,47091344244.15,526243,1928036.0,21.25
2024-05-27,HAL,EQ,"5,166.65","5,192.50","5,223.20","5,025.30","5,139.00","5,142.35","5,137.95",4228002,21723269151.6,282453,1014418.0,23.99
2024-05-28,HAL,EQ,"5,142.35","5,139.00","5,207.90","4,955.00","5,012.00","5,019.75","5,044.44",4402348,22207396205.85,278458,1359938.0,30.89
2024-05-29,HAL,EQ,"5,019.75","5,000.00","5,152.00","4,950.00","5,062.00","5,051.75","5,084.58",4225666,21485747886.8,269832,1174567.0,27.8
2024-05-30,HAL,EQ,"5,051.75","5,062.05","5,090.00","4,953.05","4,982.10","4,976.25","5,015.24",2751972,13801809029.4,191838,887496.0,32.25
2024-05-31,HAL,EQ,"4,976.25","5,020.00","5,042.80","4,862.20","5,011.00","4,973.85","4,948.92",3912234,19361315837.45,229251,1557687.0,39.82
2024-06-03,HAL,EQ,"4,973.85","5,444.00","5,444.00","5,162.30","5,287.45","5,273.65","5,272.78",4619434,24357253636.0,291504,1752126.0,37.93
2024-06-04,HAL,EQ,"5,273.65","5,145.00","5,145.00","3,955.25","4,368.00","4,333.35","4,600.47",15486676,71246053479.05,982503,5363800.0,34.63
2024-06-05,HAL,EQ,"4,333.35","4,421.15","4,449.10","3,920.00","4,344.00","4,364.90","4,183.13",13759681,57558552361.3,812288,4706429.0,34.2
2024-06-06,HAL,EQ,"4,364.90","4,450.00","4,800.00","4,450.00","4,669.00","4,666.60","4,668.04",9128985,42614496214.65,547409,2233586.0,24.47
2024-06-07,HAL,EQ,"4,666.60","4,666.65","4,788.00","4,550.00","4,745.00","4,745.15","4,707.82",4542809,21386730483.7,271348,1341748.0,29.54
2024-06-10,HAL,EQ,"4,745.15","4,800.00","4,844.00","4,751.55","4,807.00","4,812.70","4,807.93",2877321,13833943739.6,180016,844285.0,29.34
2024-06-11,HAL,EQ,"4,812.70","4,831.05","4,922.55","4,830.00","4,857.00","4,856.60","4,872.54",2718189,13244487932.05,170714,978329.0,35.99
2024-06-12,HAL,EQ,"4,856.60","4,881.80","4,925.30","4,841.55","4,890.00","4,889.00","4,890.87",2031876,9937644391.6,147301,756806.0,37.25
2024-06-13,HAL,EQ,"4,889.00","4,940.00","5,117.55","4,856.00","5,115.00","5,099.70","4,995.99",4364888,21806938423.8,238898,1283778.0,29.41
2024-06-14,HAL,EQ,"5,099.70","5,140.00","5,260.00","5,103.75","5,188.00","5,200.55","5,198.73",6319680,32854336056.5,355027,2005580.0,31.74
2024-06-18,HAL,EQ,"5,200.55","5,460.10","5,567.00","5,389.50","5,530.00","5,533.45","5,478.18",9934132,54420973992.25,512608,2133846.0,21.48
2024-06-19,HAL,EQ,"5,533.45","5,580.00","5,582.80","5,261.10","5,314.00","5,311.95","5,392.66",7351379,39643479516.35,459861,2001067.0,27.22
2024-06-20,HAL,EQ,"5,311.95","5,311.00","5,381.30","5,156.60","5,294.95","5,288.60","5,276.88",4867153,25683388066.15,240297,1068946.0,21.96
2024-06-21,HAL,EQ,"5,288.60","5,298.50","5,341.50","5,151.00","5,171.00","5,170.55","5,220.16",4063083,21209948978.3,251546,1635088.0,40.24
2024-06-24,HAL,EQ,"5,170.55","5,170.00","5,344.40","5,114.60","5,330.00","5,325.05","5,261.30",3699083,19461968418.05,199734,1065107.0,28.79
2024-06-25,HAL,EQ,"5,325.05","5,375.00","5,455.00","5,330.00","5,364.50","5,371.65","5,392.70",3493916,18841657011.5,211857,1096610.0,31.39
2024-06-26,HAL,EQ,"5,371.65","5,367.55","5,410.00","5,274.60","5,283.00","5,285.45","5,337.57",2351908,12553482067.5,178587,822641.0,34.98
2024-06-27,HAL,EQ,"5,285.45","5,265.00","5,309.45","5,213.00","5,274.00","5,281.50","5,266.57",2864946,15088447153.6,177379,1253907.0,43.77
2024-06-28,HAL,EQ,"5,281.50","5,299.00","5,344.00","5,250.05","5,267.95","5,264.25","5,288.68",1565629,8280114102.75,107444,536456.0,34.26
2024-07-01,HAL,EQ,"5,264.25","5,270.00","5,409.00","5,253.30","5,390.00","5,394.05","5,328.69",2307080,12293704579.25,141362,1045492.0,45.32
2024-07-02,HAL,EQ,"5,394.05","5,400.00","5,420.00","5,300.00","5,335.00","5,344.05","5,357.31",1706329,9141325672.95,131905,579364.0,33.95
2024-07-03,HAL,EQ,"5,344.05","5,366.95","5,480.00","5,331.45","5,459.00","5,459.30","5,414.21",2852572,15444426233.1,164607,1306064.0,45.79
2024-07-04,HAL,EQ,"5,459.30","5,475.00","5,568.70","5,459.30","5,522.05","5,515.10","5,517.30",3743401,20653478990.3,216679,1323620.0,35.36
2024-07-05,HAL,EQ,"5,515.10","5,535.00","5,624.95","5,482.50","5,546.00","5,552.00","5,564.72",3446662,19179713050.9,211649,1198362.0,34.77
2024-07-08,HAL,EQ,"5,552.00","5,580.00","5,662.45","5,560.50","5,628.00","5,621.95","5,613.15",3536842,19852823670.85,205915,1617824.0,45.74
2024-07-09,HAL,EQ,"5,621.95","5,638.90","5,674.75","5,517.05","5,529.90","5,539.60","5,576.19",2392991,13343769153.45,151522,1118809.0,46.75
2024-07-10,HAL,EQ,"5,539.60","5,568.80","5,580.00","5,319.00","5,495.00","5,486.15","5,468.29",2121407,11600471681.65,172681,640633.0,30.2
2024-07-11,HAL,EQ,"5,486.15","5,500.00","5,575.00","5,465.00","5,548.00","5,547.60","5,521.85",1843378,10178857072.85,132819,634386.0,34.41
2024-07-12,HAL,EQ,"5,547.60","5,570.00","5,578.45","5,446.00","5,488.65","5,489.20","5,513.27",1387762,7651108439.0,110674,554016.0,39.92
2024-07-15,HAL,EQ,"5,489.20","5,495.00","5,535.00","5,429.00","5,500.00","5,504.60","5,485.78",1316308,7220976358.6,116509,452017.0,34.34
2024-07-16,HAL,EQ,"5,504.60","5,492.20","5,501.00","5,311.70","5,322.80","5,329.40","5,400.37",2661970,14375635823.75,190373,1336927.0,50.22
2024-07-18,HAL,EQ,"5,329.40","5,325.00","5,325.00","4,975.00","5,010.00","5,015.75","5,062.41",7950717,40249787394.45,627742,2683420.0,33.75
2024-07-19,HAL,EQ,"5,015.75","5,010.00","5,020.00","4,783.10","4,800.00","4,800.25","4,884.78",6373234,31131827653.35,461420,2294546.0,36.0
2024-07-22,HAL,EQ,"4,800.25","4,799.75","5,073.85","4,678.00","5,005.00","4,997.25","4,925.48",6315834,31108490543.05,360492,1576242.0,24.96
2024-07-23,HAL,EQ,"4,997.25","5,045.00","5,069.00","4,510.00","4,872.00","4,856.10","4,880.42",7108160,34690800235.3,416006,1466253.0,20.63
2024-07-24,HAL,EQ,"4,856.10","4,855.00","4,967.15","4,803.10","4,844.00","4,849.50","4,889.38",2601966,12721993090.25,184200,751037.0,28.86
2024-07-25,HAL,EQ,"4,849.50","4,780.00","4,893.75","4,732.05","4,835.00","4,830.05","4,826.73",2232884,10777534256.85,140548,751635.0,33.66
2024-07-26,HAL,EQ,"4,830.05","4,850.00","4,933.75","4,842.00","4,908.00","4,905.40","4,898.08",1492223,7309020290.05,101438,576217.0,38.61
2024-07-29,HAL,EQ,"4,905.40","4,946.80","5,042.00","4,911.00","5,040.00","5,030.00","4,989.10",2448415,12215395411.65,150997,1077857.0,44.02
2024-07-30,HAL,EQ,"5,030.00","5,049.95","5,082.00","4,945.10","4,950.00","4,953.65","5,004.22",2499857,12509824627.95,173813,898641.0,35.95
2024-07-31,HAL,EQ,"4,953.65","4,953.65","4,987.90","4,912.00","4,920.00","4,922.85","4,950.75",1298852,6430297056.65,90904,682605.0,52.55
2024-08-01,HAL,EQ,"4,922.85","4,922.00","4,946.90","4,797.60","4,815.00","4,813.30","4,844.83",2347381,11372662138.85,184382,1087378.0,46.32
2024-08-02,HAL,EQ,"4,813.30","4,740.00","4,768.00","4,631.35","4,694.00","4,695.75","4,707.36",3205399,15088974923.8,227454,1475436.0,46.03
2024-08-05,HAL,EQ,"4,695.75","4,501.05","4,663.80","4,480.10","4,590.00","4,591.10","4,566.12",3622642,16541435567.1,313423,1073964.0,29.65
2024-08-06,HAL,EQ,"4,591.10","4,601.00","4,737.10","4,500.00","4,521.80","4,514.30","4,614.43",2117464,9770894770.65,176782,662788.0,31.3
2024-08-07,HAL,EQ,"4,514.30","4,600.95","4,749.00","4,570.00","4,741.00","4,740.45","4,664.89",2000224,9330833505.75,142266,632189.0,31.61
2024-08-08,HAL,EQ,"4,740.45","4,742.00","4,759.95","4,660.00","4,671.00","4,667.85","4,711.66",1301394,6131725661.25,96246,374507.0,28.78
2024-08-09,HAL,EQ,"4,667.85","4,746.70","4,773.50","4,702.55","4,725.00","4,723.90","4,730.46",1039025,4915063890.4,90497,338823.0,32.61
2024-08-12,HAL,EQ,"4,723.90","4,690.00","4,759.70","4,682.10","4,724.00","4,726.55","4,727.69",1030708,4872869561.2,96866,346649.0,33.63
2024-08-13,HAL,EQ,"4,726.55","4,748.00","4,774.10","4,685.00","4,694.00","4,701.35","4,727.64",1465327,6927543070.65,89748,620360.0,42.34
2024-08-14,HAL,EQ,"4,701.35","4,704.80","4,811.50","4,593.75","4,658.90","4,661.70","4,681.23",3928422,18389830119.0,259604,970671.0,24.71
2024-08-16,HAL,EQ,"4,661.70","4,769.50","4,794.60","4,660.00","4,758.00","4,769.80","4,727.80",2878549,13609206245.45,182053,967547.0,33.61
2024-08-19,HAL,EQ,"4,769.80","4,810.00","4,858.00","4,774.45","4,799.00","4,792.25","4,811.76",2362884,11369632152.2,142719,1111817.0,47.05
2024-08-20,HAL,EQ,"4,792.25","4,797.00","4,809.95","4,683.60","4,738.00","4,736.05","4,735.31",1472860,6974455564.8,120960,490672.0,33.31
2024-08-21,HAL,EQ,"4,736.05","4,710.00","4,772.60","4,702.30","4,740.00","4,731.15","4,734.79",949203,4494280018.1,64656,364767.0,38.43
2024-08-22,HAL,EQ,"4,731.15","4,740.00","4,814.00","4,722.00","4,768.00","4,768.10","4,767.29",1218312,5808045975.0,96866,431672.0,35.43
2024-08-23,HAL,EQ,"4,768.10","4,807.00","4,864.00","4,777.60","4,825.00","4,822.75","4,827.30",1857673,8967549301.55,116867,849573.0,45.73
2024-08-26,HAL,EQ,"4,822.75","4,850.00","4,850.00","4,770.00","4,794.00","4,802.00","4,798.81",1390960,6674951462.4,81162,782147.0,56.23
2024-08-27,HAL,EQ,"4,802.00","4,795.00","4,798.60","4,715.00","4,729.00","4,721.45","4,744.73",1074033,5095994082.45,82873,524747.0,48.86
2024-08-28,HAL,EQ,"4,721.45","4,724.00","4,763.00","4,670.00","4,675.00","4,685.15","4,720.20",798611,3769603559.55,71789,371970.0,46.58
2024-08-29,HAL,EQ,"4,685.15","4,660.00","4,683.45","4,540.45","4,613.90","4,601.95","4,604.59",1715519,7899256957.85,146714,737317.0,42.98
2024-08-30,HAL,EQ,"4,601.95","4,614.00","4,702.45","4,602.80","4,687.95","4,679.95","4,667.90",1630572,7611350482.2,119194,657488.0,40.32
2024-09-02,HAL,EQ,"4,679.95","4,699.00","4,715.00","4,662.80","4,685.75","4,688.00","4,684.49",1121937,5255701057.15,87677,628783.0,56.04
2024-09-03,HAL,EQ,"4,688.00","4,922.65","4,925.00","4,801.65","4,830.80","4,832.35","4,838.75",3960603,19164359296.9,213966,1315867.0,33.22
2024-09-04,HAL,EQ,"4,832.35","4,845.00","4,950.00","4,795.35","4,862.00","4,861.85","4,880.75",3164300,15444171548.35,196299,1025861.0,32.42
2024-09-05,HAL,EQ,"4,861.85","4,871.00","4,887.90","4,776.05","4,788.20","4,792.45","4,814.18",1801363,8672081915.05,124311,957429.0,53.15
2024-09-06,HAL,EQ,"4,792.45","4,785.00","4,797.50","4,695.00","4,703.00","4,703.45","4,739.15",1417853,6719424064.75,114757,647551.0,45.67
2024-09-09,HAL,EQ,"4,703.45","4,688.10","4,692.95","4,581.20","4,674.00","4,656.85","4,627.31",1571610,7272331784.8,132613,560855.0,35.69
2024-09-10,HAL,EQ,"4,656.85","4,680.00","4,736.90","4,676.00","4,681.25","4,685.40","4,701.12",1258288,5915368535.15,102908,386471.0,30.71
2024-09-11,HAL,EQ,"4,685.40","4,670.00","4,708.40","4,585.00","4,601.00","4,598.75","4,642.75",1173915,5450195003.0,80621,544614.0,46.39
2024-09-12,HAL,EQ,"4,598.75","4,607.95","4,653.70","4,596.15","4,634.05","4,641.70","4,627.42",933061,4317662122.9,71920,407366.0,43.66
2024-09-13,HAL,EQ,"4,641.70","4,658.00","4,690.00","4,632.00","4,638.30","4,644.95","4,655.96",867679,4039880650.95,72627,361957.0,41.72
2024-09-16,HAL,EQ,"4,644.95","4,655.00","4,662.90","4,590.05","4,599.00","4,597.35","4,615.15",642977,2967438164.8,60045,310894.0,48.35
2024-09-17,HAL,EQ,"4,597.35","4,599.00","4,599.90","4,426.55","4,454.00","4,458.50","4,488.04",2413098,10830086817.25,206596,1137059.0,47.12
2024-09-18,HAL,EQ,"4,458.50","4,453.95","4,485.00","4,421.00","4,433.00","4,437.65","4,450.20",1326709,5904123310.7,115110,586830.0,44.23
2024-09-19,HAL,EQ,"4,437.65","4,435.00","4,464.10","4,172.00","4,254.00","4,231.80","4,259.29",4675647,19914953549.1,359894,1941316.0,41.52
2024-09-20,HAL,EQ,"4,231.80","4,229.95","4,393.45","4,192.65","4,350.00","4,333.35","4,305.27",3502389,15078731455.15,217660,1220691.0,34.85
2024-09-23,HAL,EQ,"4,333.35","4,370.00","4,460.80","4,354.00","4,439.00","4,437.95","4,418.99",1698571,7505974672.15,112854,654182.0,38.51
2024-09-24,HAL,EQ,"4,437.95","4,437.95","4,444.00","4,362.00","4,401.00","4,402.45","4,401.58",1374111,6048261854.55,109437,671018.0,48.83
2024-09-25,HAL,EQ,"4,402.45","4,399.95","4,440.00","4,372.55","4,392.55","4,389.25","4,402.79",1032339,4545170984.0,99173,465553.0,45.1
2024-09-26,HAL,EQ,"4,389.25","4,390.95","4,405.00","4,318.00","4,388.00","4,369.30","4,359.73",995154,4338603530.25,98471,463381.0,46.56
2024-09-27,HAL,EQ,"4,369.30","4,391.05","4,484.35","4,374.45","4,475.00","4,474.15","4,437.21",2193012,9730851513.0,105993,1305511.0,59.53
2024-09-30,HAL,EQ,"4,474.15","4,460.00","4,463.00","4,385.00","4,420.05","4,420.65","4,419.23",1327395,5866068817.4,110599,610951.0,46.03
2024-10-01,HAL,EQ,"4,420.65","4,428.00","4,446.00","4,398.05","4,422.05","4,426.10","4,422.63",841972,3723731075.7,76457,450523.0,53.51
2024-10-03,HAL,EQ,"4,426.10","4,344.95","4,428.90","4,254.00","4,262.00","4,267.45","4,320.55",1628669,7036747495.3,149771,840128.0,51.58
2024-10-04,HAL,EQ,"4,267.45","4,260.00","4,334.35","4,200.00","4,268.00","4,256.65","4,275.35",1374135,5874913295.45,119558,462068.0,33.63
2024-10-07,HAL,EQ,"4,256.65","4,256.65","4,318.65","4,120.35","4,163.00","4,165.90","4,190.96",1656254,6941293089.3,143211,690800.0,41.71
2024-10-08,HAL,EQ,"4,165.90","4,160.00","4,389.80","4,145.00","4,374.00","4,368.30","4,307.58",2008330,8651034320.25,132751,609435.0,30.35
2024-10-09,HAL,EQ,"4,368.30","4,386.00","4,447.85","4,368.00","4,390.05","4,386.55","4,405.97",1355805,5973640436.6,85758,531317.0,39.19
2024-10-10,HAL,EQ,"4,386.55","4,398.00","4,538.00","4,365.05","4,482.00","4,482.25","4,470.48",2294983,10259665890.1,140066,607300.0,26.46
2024-10-11,HAL,EQ,"4,482.25","4,486.00","4,515.00","4,431.35","4,440.00","4,446.15","4,464.76",860513,3841986829.3,66438,236142.0,27.44
2024-10-14,HAL,EQ,"4,446.15","4,518.30","4,544.80","4,488.45","4,496.10","4,507.55","4,513.66",1482299,6690599526.3,109408,460459.0,31.06
2024-10-15,HAL,EQ,"4,507.55","4,524.00","4,597.90","4,498.45","4,574.05","4,575.40","4,566.11",1760628,8039226675.1,145070,797983.0,45.32
2024-10-16,HAL,EQ,"4,575.40","4,619.00","4,676.60","4,600.00","4,654.00","4,656.25","4,637.38",2398061,11120713985.55,173143,1005324.0,41.92
2024-10-17,HAL,EQ,"4,656.25","4,671.00","4,671.00","4,505.25","4,513.00","4,518.60","4,547.32",1346544,6123164469.9,101246,600584.0,44.6
2024-10-18,HAL,EQ,"4,518.60","4,493.60","4,559.00","4,423.25","4,528.00","4,524.70","4,502.43",1369365,6165474099.25,105755,497056.0,36.3
2024-10-21,HAL,EQ,"4,524.70","4,534.80","4,586.80","4,490.00","4,496.95","4,514.45","4,541.80",1095298,4974628095.7,74246,464617.0,42.42
2024-10-22,HAL,EQ,"4,514.45","4,499.95","4,507.75","4,290.45","4,304.00","4,301.70","4,364.93",1544137,6740052488.25,141753,636654.0,41.23
2024-10-23,HAL,EQ,"4,301.70","4,282.00","4,305.55","4,191.45","4,228.40","4,233.75","4,249.92",1624578,6904322449.2,141793,679865.0,41.85
2024-10-24,HAL,EQ,"4,233.75","4,234.25","4,284.45","4,185.05","4,202.00","4,197.15","4,229.03",956246,4043993156.8,77144,432916.0,45.27
2024-10-25,HAL,EQ,"4,197.15","4,200.00","4,218.90","4,075.20","4,182.00","4,165.60","4,142.93",1520490,6299281509.15,137351,650086.0,42.76
2024-10-28,HAL,EQ,"4,165.60","4,200.00","4,218.90","4,098.20","4,150.00","4,148.75","4,155.00",1207398,5016736972.7,97758,504084.0,41.75
2024-10-29,HAL,EQ,"4,148.75","4,150.00","4,285.00","4,115.20","4,280.85","4,274.50","4,197.09",1523375,6393737633.3,105014,496694.0,32.6
2024-10-30,HAL,EQ,"4,274.50","4,264.95","4,334.00","4,225.00","4,233.85","4,236.30","4,282.59",1526646,6537992224.65,91882,584039.0,38.26
2024-10-31,HAL,EQ,"4,236.30","4,236.00","4,270.20","4,195.55","4,254.00","4,246.70","4,243.16",1137221,4825409468.8,72707,494381.0,43.47
2024-11-01,HAL,EQ,"4,246.70","4,269.80","4,295.55","4,257.05","4,288.95","4,288.00","4,282.23",170153,728635100.8,20768,91966.0,54.05
2024-11-04,HAL,EQ,"4,288.00","4,287.95","4,287.95","4,196.00","4,206.50","4,208.25","4,228.16",1013884,4286864994.75,73772,421668.0,41.59
2024-11-05,HAL,EQ,"4,208.25","4,200.00","4,280.00","4,130.00","4,255.00","4,261.95","4,194.02",1215686,5098605887.6,99137,416742.0,34.28
2024-11-06,HAL,EQ,"4,261.95","4,276.00","4,420.00","4,270.05","4,390.00","4,390.15","4,358.35",1228872,5355854057.65,91885,361217.0,29.39
2024-11-07,HAL,EQ,"4,390.15","4,404.00","4,454.00","4,381.10","4,432.00","4,433.80","4,427.53",1185134,5247217855.65,93523,479777.0,40.48
2024-11-08,HAL,EQ,"4,433.80","4,435.55","4,476.85","4,380.00","4,380.00","4,400.60","4,434.39",1073330,4759568654.3,84775,367145.0,34.21
2024-11-11,HAL,EQ,"4,400.60","4,383.95","4,489.90","4,347.20","4,437.00","4,443.70","4,434.92",1152838,5112748673.15,82951,421178.0,36.53
2024-11-12,HAL,EQ,"4,443.70","4,455.00","4,469.00","4,221.00","4,230.00","4,243.50","4,331.97",1366992,5921770554.4,93730,475619.0,34.79
2024-11-13,HAL,EQ,"4,243.50","4,220.00","4,220.00","4,045.55","4,077.00","4,066.90","4,104.41",2076393,8522361155.15,182686,852309.0,41.05
2024-11-14,HAL,EQ,"4,066.90","4,080.00","4,185.00","3,920.35","4,101.50","4,087.05","4,064.85",3878379,15765044883.0,300976,755375.0,19.48
2024-11-18,HAL,EQ,"4,087.05","4,189.95","4,248.00","4,060.05","4,084.50","4,077.85","4,146.95",1939714,8043895151.2,134788,513731.0,26.48
2024-11-19,HAL,EQ,"4,077.85","4,100.00","4,148.70","4,040.00","4,047.80","4,057.15","4,105.47",1425438,5852087913.9,102393,437354.0,30.68
2024-11-21,HAL,EQ,"4,057.15","4,072.45","4,079.80","3,931.05","3,990.00","3,983.45","3,982.93",2061517,8210875317.45,151170,848690.0,41.17
2024-11-22,HAL,EQ,"3,983.45","3,992.00","4,127.10","3,988.10","4,108.90","4,111.35","4,075.63",1404647,5724823219.45,94946,384803.0,27.39
2024-11-25,HAL,EQ,"4,111.35","4,280.00","4,319.10","4,231.25","4,289.95","4,289.95","4,283.44",2249045,9633644190.85,134148,1114115.0,49.54
2024-11-26,HAL,EQ,"4,289.95","4,309.80","4,408.35","4,301.05","4,365.00","4,364.55","4,373.51",1967056,8602929654.6,115461,765086.0,38.89
2024-11-27,HAL,EQ,"4,364.55","4,376.00","4,488.70","4,355.00","4,486.00","4,474.65","4,445.26",2144888,9534585652.45,111722,1117365.0,52.09
2024-11-28,HAL,EQ,"4,474.65","4,500.00","4,529.50","4,451.25","4,459.00","4,466.85","4,487.37",1454277,6525876601.7,104273,520340.0,35.78
2024-11-29,HAL,EQ,"4,466.85","4,459.00","4,499.00","4,420.70","4,470.00","4,476.85","4,467.32",967791,4323434678.6,82058,329912.0,34.09
2024-12-02,HAL,EQ,"4,476.85","4,475.00","4,526.45","4,444.00","4,505.00","4,504.75","4,493.12",1068673,4801680836.3,92826,464519.0,43.47
2024-12-03,HAL,EQ,"4,504.75","4,520.00","4,545.00","4,481.40","4,512.50","4,518.85","4,510.91",1089664,4915372059.5,92940,570648.0,52.37
2024-12-04,HAL,EQ,"4,518.85","4,605.85","4,627.00","4,490.00","4,516.00","4,521.35","4,548.89",2420334,11009833030.85,144922,899765.0,37.18
2024-12-05,HAL,EQ,"4,521.35","4,540.00","4,577.00","4,513.25","4,567.00","4,568.85","4,554.07",1129143,5142195273.95,66373,470188.0,41.64
2024-12-06,HAL,EQ,"4,568.85","4,584.40","4,611.10","4,550.00","4,559.00","4,559.65","4,575.82",912032,4173297062.6,75070,440299.0,48.28
2024-12-09,HAL,EQ,"4,559.65","4,561.00","4,646.95","4,551.00","4,620.00","4,618.95","4,617.12",1524379,7038244249.45,98479,923020.0,60.55
2024-12-10,HAL,EQ,"4,618.95","4,627.00","4,649.90","4,601.00","4,620.00","4,627.70","4,626.93",1313990,6079739698.45,94215,787795.0,59.95
2024-12-11,HAL,EQ,"4,627.70","4,624.55","4,660.00","4,591.55","4,650.00","4,649.70","4,634.71",767757,3558328792.1,54445,366137.0,47.69
2024-12-12,HAL,EQ,"4,649.70","4,650.00","4,723.45","4,645.00","4,659.00","4,660.55","4,681.60",1327850,6216466963.7,102334,589891.0,44.42
2024-12-13,HAL,EQ,"4,660.55","4,754.50","4,755.00","4,660.55","4,660.60","4,669.65","4,697.29",3312042,15557625407.6,195781,1119794.0,33.81
2024-12-16,HAL,EQ,"4,669.65","4,692.10","4,699.00","4,651.15","4,675.00","4,676.35","4,676.17",741557,3467646893.3,63818,306877.0,41.38
2024-12-17,HAL,EQ,"4,676.35","4,676.00","4,716.00","4,605.40","4,612.95","4,622.60","4,662.98",936875,4368626228.1,77127,390615.0,41.69
2024-12-18,HAL,EQ,"4,622.60","4,624.40","4,628.00","4,472.35","4,484.25","4,482.85","4,517.58",1240240,5602883703.7,101804,533190.0,42.99
2024-12-19,HAL,EQ,"4,482.85","4,399.45","4,442.95","4,375.00","4,385.00","4,385.10","4,399.03",1084324,4769974736.25,75784,543702.0,50.14
2024-12-20,HAL,EQ,"4,385.10","4,385.00","4,420.00","4,175.00","4,215.05","4,190.20","4,285.84",1598164,6849481144.75,151065,809611.0,50.66
2024-12-23,HAL,EQ,"4,190.20","4,239.00","4,249.85","4,150.00","4,230.00","4,226.00","4,213.08",947680,3992652196.25,87623,367382.0,38.77
2024-12-24,HAL,EQ,"4,226.00","4,255.00","4,281.50","4,205.75","4,210.00","4,216.20","4,243.88",947702,4021935656.3,71248,383074.0,40.42
2024-12-26,HAL,EQ,"4,216.20","4,233.00","4,245.00","4,195.00","4,228.00","4,229.20","4,223.99",637396,2692356421.2,58609,218803.0,34.33
2024-12-27,HAL,EQ,"4,229.20","4,240.00","4,293.00","4,203.20","4,242.00","4,233.35","4,238.82",873116,3700977839.3,70849,349580.0,40.04
2024-12-30,HAL,EQ,"4,233.35","4,239.00","4,250.00","4,050.00","4,105.00","4,081.05","4,105.72",3291426,13513661709.3,152155,2340178.0,71.1
2024-12-31,HAL,EQ,"4,081.05","4,081.05","4,198.90","4,081.00","4,181.00","4,178.35","4,152.81",901281,3742848823.8,95116,303658.0,33.69
2025-01-01,HAL,EQ,"4,178.35","4,178.35","4,187.25","4,127.00","4,167.80","4,170.20","4,160.17",696846,2898995024.2,60893,281480.0,40.39
2025-01-02,HAL,EQ,"4,170.20","4,180.00","4,242.00","4,177.95","4,235.00","4,235.80","4,223.92",1347694,5692551804.3,84353,674315.0,50.03
2025-01-03,HAL,EQ,"4,235.80","4,240.00","4,270.05","4,197.00","4,203.00","4,206.00","4,233.61",853004,3611286854.4,71784,421372.0,49.4
2025-01-06,HAL,EQ,"4,206.00","4,218.00","4,220.00","4,070.00","4,103.00","4,101.75","4,129.59",1131463,4672475325.4,109950,513822.0,45.41
2025-01-07,HAL,EQ,"4,101.75","4,109.50","4,199.00","4,105.10","4,163.00","4,163.40","4,162.47",706292,2939918604.95,58433,262817.0,37.21
2025-01-08,HAL,EQ,"4,163.40","4,171.00","4,181.70","4,100.00","4,109.20","4,109.80","4,123.34",958207,3951012915.0,69385,472079.0,49.27
2025-01-09,HAL,EQ,"4,109.80","4,117.00","4,133.35","4,057.20","4,085.95","4,097.35","4,102.52",1134421,4653982100.2,87005,552565.0,48.71
2025-01-10,HAL,EQ,"4,097.35","4,095.00","4,095.00","3,981.00","3,985.00","4,000.50","4,022.56",1321248,5314803279.4,109089,588652.0,44.55
2025-01-13,HAL,EQ,"4,000.50","3,900.00","3,985.25","3,772.35","3,785.10","3,788.25","3,867.86",1959105,7577539540.85,195901,904022.0,46.14
2025-01-14,HAL,EQ,"3,788.25","3,805.00","3,873.95","3,780.00","3,841.85","3,828.35","3,824.49",1803243,6896480553.05,182088,878513.0,48.72
2025-01-15,HAL,EQ,"3,828.35","3,853.95","3,874.00","3,801.55","3,831.00","3,822.80","3,836.78",1061461,4072594108.95,84366,441568.0,41.6
2025-01-16,HAL,EQ,"3,822.80","3,877.00","3,944.60","3,860.00","3,925.95","3,918.75","3,899.82",1076967,4199977187.15,76459,485803.0,45.11
2025-01-17,HAL,EQ,"3,918.75","3,934.00","4,142.00","3,882.20","4,120.00","4,116.60","4,063.45",2907534,11814608119.7,187395,768126.0,26.42
2025-01-20,HAL,EQ,"4,116.60","4,133.50","4,242.00","4,105.00","4,190.05","4,187.50","4,190.36",2062527,8642732810.45,127508,592874.0,28.75
2025-01-21,HAL,EQ,"4,187.50","4,210.00","4,233.35","4,037.05","4,054.20","4,050.80","4,124.11",2319540,9566048053.25,158399,714189.0,30.79
2025-01-22,HAL,EQ,"4,050.80","4,078.00","4,078.00","3,820.00","3,901.00","3,903.45","3,885.08",2506920,9739594324.55,227767,902866.0,36.01
2025-01-23,HAL,EQ,"3,903.45","3,903.45","3,970.00","3,875.05","3,930.55","3,922.55","3,927.24",1649481,6477907804.25,118806,577056.0,34.98
2025-01-24,HAL,EQ,"3,922.55","3,940.00","3,974.05","3,836.25","3,848.45","3,849.80","3,887.30",1149113,4466945709.25,93077,349664.0,30.43
2025-01-27,HAL,EQ,"3,849.80","3,817.05","3,817.05","3,656.00","3,665.00","3,670.65","3,705.60",2193288,8127454013.75,176481,1038733.0,47.36
2025-01-28,HAL,EQ,"3,670.65","3,675.85","3,696.55","3,485.00","3,602.65","3,599.15","3,576.35",3530307,12625618072.7,247312,1127395.0,31.93
2025-01-29,HAL,EQ,"3,599.15","3,619.00","3,710.00","3,577.55","3,703.65","3,700.50","3,670.95",1582724,5810094655.35,112824,443912.0,28.05
2025-01-30,HAL,EQ,"3,700.50","3,725.00","3,798.80","3,707.05","3,797.00","3,779.15","3,764.57",1513385,5697239639.4,100413,426063.0,28.15
2025-01-31,HAL,EQ,"3,779.15","3,804.10","3,969.00","3,784.80","3,963.00","3,936.80","3,904.94",1976237,7717081012.25,131315,672178.0,34.01
2025-02-01,HAL,EQ,"3,936.80","3,972.00","4,052.85","3,681.65","3,772.00","3,774.95","3,891.73",4570653,17787736873.7,267727,699269.0,15.3
2025-02-03,HAL,EQ,"3,774.95","3,720.00","3,730.00","3,513.00","3,535.85","3,528.55","3,557.58",3692250,13135492452.0,308291,1445900.0,39.16
2025-02-04,HAL,EQ,"3,528.55","3,600.00","3,738.90","3,580.00","3,737.20","3,729.75","3,680.67",2467011,9080260380.8,161255,645738.0,26.17
2025-02-05,HAL,EQ,"3,729.75","3,765.00","3,853.80","3,750.00","3,816.00","3,817.30","3,818.69",1621003,6190101302.15,103788,462636.0,28.54
2025-02-06,HAL,EQ,"3,817.30","3,830.00","3,846.00","3,748.05","3,777.05","3,771.90","3,792.99",1253037,4752761758.2,99708,418720.0,33.42
2025-02-07,HAL,EQ,"3,771.90","3,795.00","3,834.30","3,748.60","3,818.55","3,818.85","3,798.81",1391172,5284792413.75,126920,381884.0,27.45
2025-02-10,HAL,EQ,"3,818.85","3,818.00","3,849.00","3,753.60","3,777.00","3,786.65","3,797.88",1336993,5077742255.5,110868,335108.0,25.06
2025-02-11,HAL,EQ,"3,786.65","3,794.00","3,794.85","3,617.15","3,648.95","3,649.45","3,666.39",1551384,5687979774.4,114278,536318.0,34.57
2025-02-12,HAL,EQ,"3,649.45","3,639.05","3,658.55","3,470.05","3,601.05","3,594.15","3,570.11",3099846,11066777500.8,264892,575659.0,18.57
2025-02-13,HAL,EQ,"3,594.15","3,615.00","3,731.50","3,611.05","3,662.65","3,660.30","3,685.34",2224171,8196815478.25,162847,502819.0,22.61
2025-02-14,HAL,EQ,"3,660.30","3,700.00","3,717.90","3,480.90","3,509.00","3,513.70","3,573.08",2355500,8416388156.6,179993,598124.0,25.39
2025-02-17,HAL,EQ,"3,513.70","3,489.00","3,549.95","3,395.00","3,490.00","3,475.70","3,481.74",1606401,5593072214.9,135021,312714.0,19.47
2025-02-18,HAL,EQ,"3,475.70","3,475.70","3,499.90","3,303.00","3,321.00","3,344.60","3,354.83",2310841,7752479633.9,173494,630273.0,27.27
2025-02-19,HAL,EQ,"3,344.60","3,303.00","3,431.90","3,275.15","3,358.00","3,363.75","3,380.78",2689414,9092327666.25,184762,901841.0,33.53
2025-02-20,HAL,EQ,"3,363.75","3,355.00","3,424.00","3,320.50","3,408.75","3,408.55","3,390.21",1492723,5060638583.7,97952,476423.0,31.92
2025-02-21,HAL,EQ,"3,408.55","3,408.30","3,475.60","3,355.05","3,360.00","3,368.50","3,397.38",1456123,4947004172.6,111891,326592.0,22.43
2025-02-24,HAL,EQ,"3,368.50","3,350.00","3,357.95","3,294.05","3,348.00","3,350.40","3,330.85",1026035,3417564849.25,85700,287373.0,28.01
2025-02-25,HAL,EQ,"3,350.40","3,350.50","3,377.05","3,270.00","3,278.30","3,287.40","3,321.95",1135200,3771080903.25,89318,421196.0,37.1
2025-02-27,HAL,EQ,"3,287.40","3,300.00","3,316.70","3,230.00","3,238.90","3,242.65","3,263.72",1573040,5133960088.8,123612,724558.0,46.06
2025-02-28,HAL,EQ,"3,242.65","3,202.00","3,224.80","3,080.00","3,095.00","3,088.20","3,135.84",2413864,7569480827.7,187871,1005509.0,41.66
2025-03-03,HAL,EQ,"3,088.20","3,096.00","3,204.95","3,046.05","3,193.95","3,187.05","3,123.34",2306313,7203401093.45,159146,786290.0,34.09
2025-03-04,HAL,EQ,"3,187.05","3,162.00","3,330.00","3,108.95","3,310.00","3,311.15","3,282.64",2598027,8528384632.5,166532,480932.0,18.51
2025-03-05,HAL,EQ,"3,311.15","3,313.00","3,435.95","3,295.95","3,427.90","3,424.50","3,388.06",1884731,6385579876.4,114367,621972.0,33.0
2025-03-06,HAL,EQ,"3,424.50","3,472.00","3,497.00","3,405.25","3,411.00","3,417.70","3,433.63",1331348,4571360960.05,95636,367098.0,27.57
2025-03-07,HAL,EQ,"3,417.70","3,418.65","3,502.00","3,371.65","3,450.60","3,452.05","3,458.64",1732838,5993267811.15,121833,448492.0,25.88
2025-03-10,HAL,EQ,"3,452.05","3,452.05","3,538.95","3,410.00","3,410.00","3,417.90","3,471.79",2150456,7465929806.15,118296,830826.0,38.63
2025-03-11,HAL,EQ,"3,417.90","3,390.65","3,471.00","3,355.00","3,468.30","3,459.85","3,433.08",1502808,5159256365.05,99028,410541.0,27.32
2025-03-12,HAL,EQ,"3,459.85","3,470.00","3,494.25","3,388.25","3,410.05","3,415.40","3,423.92",1076349,3685334422.7,70098,368378.0,34.22
2025-03-13,HAL,EQ,"3,415.40","3,435.00","3,485.60","3,390.85","3,398.00","3,396.15","3,440.23",1229721,4230517046.2,91257,404072.0,32.86
2025-03-17,HAL,EQ,"3,396.15","3,400.00","3,484.00","3,399.00","3,441.00","3,439.90","3,442.37",1130061,3890086120.2,77332,395541.0,35.0
2025-03-18,HAL,EQ,"3,439.90","3,500.00","3,589.80","3,470.55","3,586.00","3,579.95","3,545.64",2024740,7179002486.05,115190,646916.0,31.95
2025-03-19,HAL,EQ,"3,579.95","3,600.00","3,772.40","3,577.55","3,739.00","3,740.65","3,686.18",2913829,10740912416.9,144762,959226.0,32.92
2025-03-20,HAL,EQ,"3,740.65","3,789.00","3,848.00","3,704.15","3,824.00","3,818.95","3,782.57",2956442,11182963064.7,154453,1121872.0,37.95
2025-03-21,HAL,EQ,"3,818.95","3,849.00","3,947.45","3,812.50","3,884.00","3,891.25","3,896.15",3311452,12901916696.7,173991,1255012.0,37.9
2025-03-24,HAL,EQ,"3,891.25","3,953.00","4,158.00","3,940.20","4,143.00","4,129.80","4,073.70",4251655,17319950698.2,244566,1501265.0,35.31
2025-03-25,HAL,EQ,"4,129.80","4,200.40","4,215.00","4,000.80","4,006.00","4,012.45","4,097.36",3634045,14890004427.05,210998,1439406.0,39.61
2025-03-26,HAL,EQ,"4,012.45","4,035.00","4,185.00","3,971.05","4,135.70","4,128.30","4,099.73",4882801,20018182695.95,290319,1074674.0,22.01
2025-03-27,HAL,EQ,"4,128.30","4,150.00","4,209.00","4,120.70","4,170.00","4,160.95","4,170.19",2966370,12370334258.95,156133,1119345.0,37.73
2025-03-28,HAL,EQ,"4,160.95","4,198.10","4,294.00","4,161.35","4,179.90","4,177.45","4,228.75",3295702,13936701384.65,193114,926878.0,28.12
2025-04-01,HAL,EQ,"4,177.45","4,400.00","4,444.95","4,207.05","4,225.80","4,223.70","4,324.05",6632420,28678906495.85,348688,2026744.0,30.56
2025-04-02,HAL,EQ,"4,223.70","4,239.00","4,252.50","4,151.05","4,231.00","4,234.40","4,212.43",2520516,10617504504.85,150926,691704.0,27.44
2025-04-03,HAL,EQ,"4,234.40","4,196.55","4,328.00","4,185.25","4,315.00","4,319.20","4,271.44",2369383,10120666641.45,132547,731971.0,30.89
2025-04-04,HAL,EQ,"4,319.20","4,309.55","4,351.85","4,204.00","4,238.00","4,239.10","4,269.18",2499556,10671062241.95,137609,932394.0,37.3
2025-04-07,HAL,EQ,"4,239.10","3,821.00","4,046.15","3,820.10","4,033.95","4,008.20","3,964.03",3022372,11980777791.5,203840,943757.0,31.23
2025-04-08,HAL,EQ,"4,008.20","4,106.60","4,136.40","4,000.00","4,059.00","4,041.95","4,049.99",2071394,8389135050.4,128097,510744.0,24.66
2025-04-09,HAL,EQ,"4,041.95","4,037.00","4,070.00","3,965.85","4,040.10","4,030.70","4,016.86",1585051,6366931733.8,110415,493002.0,31.1
2025-04-11,HAL,EQ,"4,030.70","4,075.00","4,142.70","4,066.65","4,101.05","4,107.20","4,106.43",1518828,6236968362.95,116500,512981.0,33.77
2025-04-15,HAL,EQ,"4,107.20","4,250.00","4,250.00","4,170.80","4,205.50","4,206.10","4,200.27",1572706,6605794101.4,98338,725525.0,46.13
2025-04-16,HAL,EQ,"4,206.10","4,215.00","4,242.00","4,171.30","4,206.00","4,209.20","4,211.97",1487536,6265456181.0,100452,705514.0,47.43
2025-04-17,HAL,EQ,"4,209.20","4,209.00","4,253.00","4,192.10","4,220.00","4,220.40","4,226.32",1216496,5141301986.8,83639,466871.0,38.38
2025-04-21,HAL,EQ,"4,220.40","4,248.00","4,336.00","4,225.00","4,308.00","4,309.10","4,301.88",1508314,6488584175.1,95107,493224.0,32.7
2025-04-22,HAL,EQ,"4,309.10","4,328.00","4,338.90","4,272.00","4,280.00","4,286.00","4,305.91",1224641,5273191748.7,79638,501179.0,40.92
2025-04-23,HAL,EQ,"4,286.00","4,304.90","4,360.00","4,255.30","4,305.00","4,307.00","4,313.74",1803742,7780871913.6,111908,544288.0,30.18
2025-04-24,HAL,EQ,"4,307.00","4,307.00","4,364.80","4,291.30","4,294.90","4,300.00","4,320.16",1554043,6713709968.3,75747,674568.0,43.41
2025-04-25,HAL,EQ,"4,300.00","4,305.00","4,339.00","4,147.50","4,190.00","4,196.40","4,216.83",2298293,9691509639.5,155239,734384.0,31.95
2025-04-28,HAL,EQ,"4,196.40","4,209.90","4,439.90","4,200.50","4,430.00","4,426.30","4,385.74",4014638,17607173804.0,242242,1505934.0,37.51
2025-04-29,HAL,EQ,"4,426.30","4,473.00","4,660.00","4,448.50","4,610.00","4,609.30","4,570.53",5185900,23702298546.8,283148,1368561.0,26.39
2025-04-30,HAL,EQ,"4,609.30","4,610.00","4,637.00","4,466.20","4,480.00","4,487.90","4,514.37",2513611,11347378720.0,177449,989184.0,39.35
2025-05-02,HAL,EQ,"4,487.90","4,499.00","4,597.00","4,478.00","4,495.00","4,492.40","4,534.99",2011823,9123605958.8,125497,604804.0,30.06
2025-05-05,HAL,EQ,"4,492.40","4,536.80","4,598.50","4,511.90","4,597.00","4,590.80","4,568.02",1497722,6841622163.3,102273,475894.0,31.77
2025-05-06,HAL,EQ,"4,590.80","4,602.00","4,675.00","4,490.00","4,493.60","4,507.50","4,589.10",2269493,10414919649.7,150950,708415.0,31.21
2025-05-07,HAL,EQ,"4,507.50","4,417.40","4,591.80","4,411.80","4,478.00","4,470.30","4,504.25",2829729,12745802142.4,188468,900679.0,31.83
2025-05-08,HAL,EQ,"4,470.30","4,488.00","4,538.00","4,386.00","4,393.00","4,422.90","4,477.75",2292121,10263536645.9,154946,924621.0,40.34
2025-05-09,HAL,EQ,"4,422.90","4,380.00","4,579.20","4,360.20","4,501.00","4,501.20","4,508.90",3536326,15944935367.5,211482,803454.0,22.72
2025-05-12,HAL,EQ,"4,501.20","4,603.10","4,608.00","4,420.00","4,444.90","4,439.70","4,475.48",4022655,18003314954.9,290891,1719479.0,42.74
2025-05-13,HAL,EQ,"4,439.70","4,466.70","4,648.80","4,460.70","4,608.70","4,609.80","4,588.62",4339805,19913702573.0,312632,1592836.0,36.7
2025-05-14,HAL,EQ,"4,609.80","4,647.90","4,798.00","4,580.10","4,779.50","4,768.00","4,720.09",8438062,39828392113.3,452419,2266081.0,26.86
2025-05-15,HAL,EQ,"4,768.00","4,825.00","4,883.00","4,747.20","4,865.00","4,864.80","4,831.18",4873995,23547139232.9,261804,1690488.0,34.68
2025-05-16,HAL,EQ,"4,864.80","4,874.00","5,165.00","4,833.60","5,115.50","5,127.70","5,067.37",6753397,34221980401.5,377292,1890752.0,28.0
2025-05-19,HAL,EQ,"5,127.70","5,140.00","5,157.90","4,972.00","5,016.00","5,016.30","5,053.90",4803284,24275318372.8,354459,1818118.0,37.85
2025-05-20,HAL,EQ,"5,016.30","4,950.00","4,998.70","4,838.10","4,852.00","4,851.30","4,905.65",3939528,19325926832.3,237699,1821987.0,46.25
2025-05-21,HAL,EQ,"4,851.30","4,830.00","5,009.90","4,779.30","5,003.00","5,001.10","4,930.78",3488551,17201262414.8,201145,1063473.0,30.48
2025-05-22,HAL,EQ,"5,001.10","5,001.10","5,064.50","4,962.00","5,043.00","5,040.00","5,028.04",2323924,11684785604.5,145578,623461.0,26.83
2025-05-23,HAL,EQ,"5,040.00","5,058.00","5,061.90","4,950.50","4,966.00","4,961.60","4,989.29",2318665,11568495470.5,121050,916324.0,39.52
2025-05-26,HAL,EQ,"4,961.60","4,990.00","5,034.10","4,950.00","5,002.00","5,003.20","4,995.98",1593646,7961827073.1,105698,550247.0,34.53
2025-05-27,HAL,EQ,"5,003.20","5,003.20","5,110.00","4,979.00","5,033.00","5,029.10","5,066.49",2490282,12616978868.8,146175,746867.0,29.99
2025-05-28,HAL,EQ,"5,029.10","5,069.00","5,075.00","5,001.00","5,020.50","5,017.80","5,034.51",1273825,6413086782.7,71681,375652.0,29.49
2025-05-29,HAL,EQ,"5,017.80","5,040.00","5,043.00","4,964.00","5,006.00","5,000.70","4,999.32",1401179,7004936987.5,87935,438517.0,31.3
2025-05-30,HAL,EQ,"5,000.70","5,004.00","5,065.00","4,958.40","4,965.20","4,974.10","5,007.48",1852727,9277502471.7,105646,986180.0,53.23
2025-06-02,HAL,EQ,"4,974.10","4,970.00","5,035.00","4,950.00","5,016.00","5,017.10","5,001.68",1084257,5423109416.9,79125,403838.0,37.25
2025-06-03,HAL,EQ,"5,017.10","5,027.00","5,055.90","4,970.00","4,977.70","4,989.20","5,011.31",1164102,5833670344.2,77748,582504.0,50.04
2025-06-04,HAL,EQ,"4,989.20","5,000.00","5,050.00","4,891.00","4,964.90","4,959.80","4,957.75",2172800,10772203295.9,140803,690201.0,31.77
2025-06-05,HAL,EQ,"4,959.80","5,000.00","5,099.00","4,990.00","5,074.00","5,071.60","5,047.00",2465458,12443154237.6,129381,990811.0,40.19
2025-06-06,HAL,EQ,"5,071.60","5,092.90","5,099.00","4,970.00","4,982.00","4,989.30","5,010.61",2141012,10727782315.0,144123,1083518.0,50.61
2025-06-09,HAL,EQ,"4,989.30","5,014.20","5,033.50","4,987.00","5,010.00","5,008.60","5,008.76",1054807,5283270247.2,78021,503784.0,47.76
2025-06-10,HAL,EQ,"5,008.60","5,040.00","5,147.00","5,022.10","5,112.90","5,112.10","5,105.03",3023426,15434686182.2,142616,1231337.0,40.73
2025-06-11,HAL,EQ,"5,112.10","5,134.50","5,145.00","5,020.00","5,040.00","5,039.80","5,084.88",1759168,8945155157.3,107171,661236.0,37.59
2025-06-12,HAL,EQ,"5,039.80","5,050.00","5,075.00","4,936.10","4,944.00","4,956.00","5,012.80",1248236,6257158590.0,86043,507845.0,40.69
2025-06-13,HAL,EQ,"4,956.00","4,900.00","5,083.50","4,892.10","5,035.00","5,026.00","5,024.02",2521739,12669277914.7,144021,684229.0,27.13
2025-06-16,HAL,EQ,"5,026.00","5,048.80","5,110.00","4,990.00","5,054.10","5,063.70","5,052.50",1615417,8161887437.0,94493,517318.0,32.02
2025-06-17,HAL,EQ,"5,063.70","5,079.00","5,132.60","5,040.00","5,044.00","5,047.30","5,088.60",1692373,8611802632.5,100076,536407.0,31.7
2025-06-18,HAL,EQ,"5,047.30","5,054.00","5,068.00","4,985.00","4,992.90","4,994.00","5,016.45",1044099,5237667982.6,65120,348004.0,33.33
2025-06-19,HAL,EQ,"4,994.00","5,020.00","5,031.50","4,844.00","4,892.00","4,902.30","4,939.26",1743152,8609888447.4,114190,542669.0,31.13
2025-06-20,HAL,EQ,"4,902.30","4,910.00","4,983.00","4,853.00","4,960.00","4,973.10","4,932.92",1902384,9384299521.2,107895,665953.0,35.01
2025-06-23,HAL,EQ,"4,973.10","4,973.10","5,060.00","4,973.00","5,031.00","5,028.20","5,023.68",1864791,9368108931.6,108092,527390.0,28.28
2025-06-24,HAL,EQ,"5,028.20","5,050.00","5,051.80","4,875.00","4,885.10","4,886.50","4,915.99",2435417,11972473832.0,143480,1144240.0,46.98
2025-06-25,HAL,EQ,"4,886.50","4,900.00","4,900.00","4,785.00","4,791.00","4,792.70","4,823.15",2084409,10053413514.2,145431,840257.0,40.31
2025-06-26,HAL,EQ,"4,792.70","4,816.80","4,852.50","4,795.10","4,818.00","4,817.10","4,819.95",1293102,6232682775.1,92146,539081.0,41.69
2025-06-27,HAL,EQ,"4,817.10","4,835.00","4,905.20","4,828.50","4,894.70","4,897.90","4,877.80",1454498,7094745772.6,97406,690613.0,47.48
2025-06-30,HAL,EQ,"4,897.90","4,910.00","4,920.00","4,845.00","4,877.90","4,869.80","4,880.02",985412,4808833396.8,79066,435284.0,44.17
2025-07-01,HAL,EQ,"4,869.80","4,877.90","4,955.00","4,877.00","4,913.00","4,912.20","4,922.79",1332940,6561789119.6,81523,548868.0,41.18
2025-07-02,HAL,EQ,"4,912.20","4,912.20","4,939.70","4,845.00","4,890.00","4,898.30","4,899.14",819887,4016744712.0,64148,313799.0,38.27
2025-07-03,HAL,EQ,"4,898.30","4,881.00","4,971.80","4,881.00","4,926.00","4,931.20","4,936.27",1120740,5532270338.9,81575,416003.0,37.12
2025-07-04,HAL,EQ,"4,931.20","4,955.00","5,020.00","4,943.80","4,992.00","4,993.20","4,992.63",1700709,8491006680.4,117594,744834.0,43.80
2025-07-07,HAL,EQ,"4,993.20","4,994.00","5,048.60","4,955.00","5,010.00","5,012.60","5,010.95",967116,4846167524.3,71884,386267.0,39.94
2025-07-08,HAL,EQ,"5,012.60","5,010.00","5,049.80","4,966.50","5,003.00","5,002.50","5,000.16",940950,4704902354.4,55978,434590.0,46.19
2025-07-09,HAL,EQ,"5,002.50","5,012.00","5,065.00","4,993.80","5,009.90","5,007.40","5,031.99",750110,3774546198.0,65769,310367.0,41.38
2025-07-10,HAL,EQ,"5,007.40","5,007.40","5,034.00","4,890.20","4,912.00","4,915.60","4,948.94",1330883,6586461896.9,99934,721480.0,54.21
2025-07-11,HAL,EQ,"4,915.60","4,881.00","4,920.00","4,819.70","4,858.00","4,866.10","4,870.67",1091444,5316064362.7,99624,439832.0,40.30
2025-07-14,HAL,EQ,"4,866.10","4,866.10","4,915.00","4,840.00","4,886.80","4,886.20","4,883.72",831409,4060370274.8,53594,448166.0,53.90
2025-07-15,HAL,EQ,"4,886.20","4,899.00","4,932.00","4,882.00","4,897.30","4,896.80","4,905.28",753058,3693963623.5,54821,345500.0,45.88
2025-07-16,HAL,EQ,"4,896.80","4,898.00","4,903.00","4,852.00","4,859.90","4,871.60","4,883.86",571414,2790707999.1,42727,343872.0,60.18
2025-07-17,HAL,EQ,"4,871.60","4,875.00","4,889.00","4,780.00","4,783.00","4,789.30","4,827.38",886157,4277817820.2,75288,476976.0,53.83
2025-07-18,HAL,EQ,"4,789.30","4,804.80","4,808.90","4,643.30","4,649.00","4,651.70","4,693.65",1677004,7871267652.2,140843,817856.0,48.77
2025-07-21,HAL,EQ,"4,651.70","4,651.70","4,758.10","4,633.00","4,751.70","4,751.00","4,706.93",1126412,5301938582.4,97335,367017.0,32.58
2025-07-22,HAL,EQ,"4,751.00","4,775.00","4,809.90","4,748.10","4,757.80","4,758.20","4,776.26",908904,4341165321.1,77391,415770.0,45.74
2025-07-23,HAL,EQ,"4,758.20","4,771.00","4,779.50","4,666.00","4,730.00","4,715.80","4,704.67",866289,4075604023.9,68186,364112.0,42.03
2025-07-24,HAL,EQ,"4,715.80","4,715.80","4,746.20","4,670.00","4,678.30","4,680.60","4,691.67",861599,4042335957.5,67092,464448.0,53.91
2025-07-25,HAL,EQ,"4,680.60","4,680.00","4,680.10","4,543.10","4,554.90","4,552.70","4,587.46",973552,4466126130.4,105258,426131.0,43.77
2025-07-28,HAL,EQ,"4,552.70","4,549.90","4,595.00","4,476.50","4,505.00","4,506.60","4,533.41",689011,3123566417.7,65411,240855.0,34.96
2025-07-29,HAL,EQ,"4,506.60","4,470.10","4,519.00","4,401.00","4,517.00","4,498.00","4,463.52",1431472,6389396761.3,125423,666226.0,46.54
2025-07-30,HAL,EQ,"4,498.00","4,525.00","4,560.00","4,500.90","4,546.00","4,545.00","4,536.06",727643,3300632252.2,55398,291958.0,40.12
2025-07-31,HAL,EQ,"4,545.00","4,464.00","4,577.40","4,464.00","4,532.70","4,533.90","4,537.54",770343,3495464908.7,61929,215517.0,27.98
2025-08-01,HAL,EQ,"4,533.90","4,533.90","4,540.90","4,428.00","4,431.00","4,438.70","4,472.31",649120,2903067759.3,60807,308799.0,47.57
2025-08-04,HAL,EQ,"4,438.70","4,438.70","4,544.90","4,424.20","4,544.00","4,537.90","4,517.07",742464,3353760936.0,59011,292569.0,39.41
2025-08-05,HAL,EQ,"4,537.90","4,537.00","4,586.00","4,500.00","4,575.00","4,578.20","4,540.50",776247,3524549371.7,71729,305375.0,39.34
2025-08-06,HAL,EQ,"4,578.20","4,619.00","4,619.00","4,509.50","4,527.00","4,538.60","4,547.06",880916,4005577181.2,70540,298362.0,33.87
2025-08-07,HAL,EQ,"4,538.60","4,502.90","4,560.00","4,483.00","4,549.00","4,550.60","4,529.05",719816,3260083993.8,56261,315295.0,43.80
2025-08-08,HAL,EQ,"4,550.60","4,542.00","4,549.90","4,433.50","4,439.00","4,440.60","4,470.98",659530,2948745274.5,51901,248252.0,37.64
2025-08-11,HAL,EQ,"4,440.60","4,460.00","4,545.00","4,439.00","4,444.00","4,444.90","4,474.49",1022011,4572979403.5,81635,445453.0,43.59
2025-08-12,HAL,EQ,"4,444.90","4,467.00","4,489.60","4,325.00","4,420.00","4,409.40","4,399.09",2942539,12944504888.4,203187,730706.0,24.83
2025-08-13,HAL,EQ,"4,409.40","4,439.00","4,568.60","4,425.00","4,526.30","4,524.40","4,514.33",2711914,12242476143.4,128586,1405632.0,51.83
2025-08-14,HAL,EQ,"4,524.40","4,537.00","4,568.50","4,472.40","4,543.90","4,555.10","4,523.86",1265929,5726882391.4,93553,533247.0,42.12
2025-08-18,HAL,EQ,"4,555.10","4,590.60","4,600.00","4,502.40","4,511.70","4,514.30","4,544.45",1132386,5146067502.2,83193,485320.0,42.86
2025-08-19,HAL,EQ,"4,514.30","4,510.00","4,510.00","4,425.10","4,453.00","4,452.60","4,451.62",1264131,5627431217.2,116789,529735.0,41.91
2025-08-20,HAL,EQ,"4,452.60","4,600.00","4,605.00","4,460.00","4,470.00","4,468.40","4,520.28",3108635,14051901196.9,162531,904899.0,29.11
2025-08-21,HAL,EQ,"4,468.40","4,490.00","4,526.80","4,430.70","4,478.70","4,474.00","4,484.73",1833004,8220522275.9,97255,762157.0,41.58
2025-08-22,HAL,EQ,"4,474.00","4,485.20","4,532.00","4,463.00","4,480.00","4,473.00","4,503.86",1422976,6408887559.8,98871,622347.0,43.74
2025-08-25,HAL,EQ,"4,473.00","4,510.00","4,513.00","4,451.60","4,458.20","4,457.60","4,486.72",1205292,5407807861.5,92047,674758.0,55.98
2025-08-26,HAL,EQ,"4,457.60","4,456.00","4,457.00","4,370.00","4,384.00","4,383.60","4,395.36",1118397,4915753835.2,101268,561721.0,50.23
2025-08-28,HAL,EQ,"4,383.60","4,384.00","4,430.00","4,338.50","4,353.80","4,344.70","4,375.79",1163967,5093279179.0,93052,480106.0,41.25
2025-08-29,HAL,EQ,"4,344.70","4,344.70","4,415.00","4,320.00","4,343.00","4,332.60","4,360.72",1036537,4520052531.6,69694,483817.0,46.68
2025-09-01,HAL,EQ,"4,332.60","4,341.00","4,448.60","4,323.00","4,435.00","4,429.60","4,386.15",803109,3522557700.5,64562,348199.0,43.36
2025-09-02,HAL,EQ,"4,429.60","4,438.50","4,495.00","4,431.30","4,449.00","4,451.50","4,458.48",871222,3884321941.0,59521,390227.0,44.79
2025-09-03,HAL,EQ,"4,451.50","4,451.50","4,480.70","4,428.40","4,449.00","4,451.00","4,451.80",764001,3401176253.2,66289,449539.0,58.84
2025-09-04,HAL,EQ,"4,451.00","4,479.00","4,479.00","4,425.10","4,431.80","4,436.90","4,450.09",1018902,4534204464.7,61568,583687.0,57.29
2025-09-05,HAL,EQ,"4,436.90","4,444.00","4,475.00","4,389.00","4,415.00","4,404.80","4,420.10",721098,3187324894.2,45156,337929.0,46.86
2025-09-08,HAL,EQ,"4,404.80","4,424.00","4,470.00","4,420.10","4,449.00","4,443.60","4,448.43",599045,2664809176.8,48758,298330.0,49.80
2025-09-09,HAL,BL,"1,215.00","4,443.60","4,443.60","4,443.60","4,443.60","4,443.60","4,443.60",135000,599886000.0,1,,-
2025-09-10,HAL,EQ,"4,454.00","4,471.90","4,566.00","4,430.20","4,564.00","4,557.50","4,521.02",1716953,7762372168.0,86836,837694.0,48.79
2025-09-11,HAL,EQ,"4,557.50","4,565.00","4,634.00","4,544.30","4,579.10","4,581.20","4,592.39",1528168,7017941138.5,101102,677474.0,44.33
2025-09-12,HAL,EQ,"4,581.20","4,581.20","4,750.00","4,581.20","4,744.00","4,745.60","4,695.90",2816230,13224747306.4,251948,1244559.0,44.19
2025-09-15,HAL,EQ,"4,745.60","4,790.00","4,845.00","4,780.00","4,793.00","4,795.20","4,804.89",2021855,9714797716.7,115867,866693.0,42.87
2025-09-16,HAL,BL,"4,443.60","4,795.20","4,795.20","4,795.20","4,795.20","4,795.20","4,795.20",53348,255814329.6,1,,-
2025-09-17,HAL,BL,"4,795.20","4,840.00","4,840.00","4,840.00","4,840.00","4,840.00","4,840.00",152040,735873600.0,1,,-
2025-09-18,HAL,EQ,"4,890.20","4,885.00","4,902.10","4,846.00","4,853.30","4,856.80","4,863.50",926593,4506488820.0,62739,444607.0,47.98
2025-09-19,HAL,EQ,"4,856.80","4,856.80","4,930.00","4,852.00","4,915.00","4,916.20","4,908.02",1173208,5758129261.6,79154,575326.0,49.04
2025-09-22,HAL,EQ,"4,916.20","4,916.20","4,941.30","4,798.00","4,811.80","4,808.70","4,860.95",976357,4746025661.4,64359,412319.0,42.23
2025-09-23,HAL,EQ,"4,808.70","4,814.50","4,834.80","4,758.10","4,790.00","4,799.90","4,789.30",746869,3576980973.1,54304,282676.0,37.85
2025-09-24,HAL,EQ,"4,799.90","4,797.00","4,816.80","4,715.00","4,715.00","4,723.90","4,755.20",718629,3417222216.4,61591,332316.0,46.24
2025-09-25,HAL,EQ,"4,723.90","4,725.00","4,827.60","4,710.00","4,776.00","4,775.20","4,783.25",1926254,9213748997.4,105751,764073.0,39.67
2025-09-26,HAL,EQ,"4,775.20","4,815.00","4,822.30","4,726.20","4,734.80","4,736.10","4,780.21",1794960,8580288997.7,115282,628726.0,35.03
2025-09-29,HAL,EQ,"4,736.10","4,750.00","4,833.00","4,703.50","4,743.00","4,740.00","4,769.97",1307604,6237230739.9,95365,509291.0,38.95
2025-09-30,HAL,EQ,"4,740.00","4,746.00","4,779.00","4,722.70","4,746.90","4,746.50","4,751.49",697341,3313408288.2,52617,306665.0,43.98
2025-10-01,HAL,EQ,"4,746.50","4,732.00","4,827.00","4,721.10","4,809.00","4,803.40","4,793.50",790730,3790361243.4,50206,340116.0,43.01
2025-10-03,HAL,EQ,"4,803.40","4,794.40","4,877.00","4,790.10","4,871.00","4,870.40","4,855.85",982333,4770058892.9,65077,442171.0,45.01
2025-10-06,HAL,EQ,"4,870.40","4,870.40","4,903.00","4,831.20","4,844.80","4,845.20","4,857.00",555394,2697548616.8,43294,234566.0,42.23
2025-10-07,HAL,EQ,"4,845.20","4,845.20","4,872.90","4,809.00","4,845.00","4,837.60","4,837.16",607428,2938227214.1,60025,335589.0,55.25
2025-10-08,HAL,EQ,"4,837.60","4,842.00","4,854.50","4,762.90","4,782.00","4,789.10","4,796.60",704075,3377165959.1,59728,341886.0,48.56
2025-10-09,HAL,EQ,"4,789.10","4,792.00","4,863.20","4,744.00","4,857.00","4,846.30","4,808.44",1003478,4825159201.7,62103,487928.0,48.62
2025-10-10,HAL,EQ,"4,846.30","4,835.00","4,899.70","4,827.00","4,832.00","4,832.90","4,861.54",678453,3298328725.8,46925,352805.0,52.0
2025-10-13,HAL,EQ,"4,832.90","4,810.00","4,819.90","4,723.00","4,742.00","4,745.40","4,751.86",1046492,4972788317.3,70652,575240.0,54.97
2025-10-14,HAL,EQ,"4,745.40","4,755.00","4,793.90","4,730.10","4,741.00","4,746.80","4,756.37",790981,3762198189.5,62350,466996.0,59.04
2025-10-15,HAL,EQ,"4,746.80","4,747.00","4,880.00","4,747.00","4,839.70","4,845.20","4,826.98",991768,4787247494.3,75117,505641.0,50.98
2025-10-16,HAL,EQ,"4,845.20","4,860.00","4,888.70","4,827.20","4,863.00","4,861.30","4,859.34",721461,3505824178.1,62411,416011.0,57.66
2025-10-17,HAL,EQ,"4,861.30","4,861.30","4,978.00","4,850.70","4,873.80","4,878.50","4,933.10",1832920,9041981262.0,110879,815070.0,44.47
2025-10-20,HAL,EQ,"4,878.50","4,921.90","4,923.00","4,850.50","4,861.40","4,860.00","4,878.04",616095,3005338394.4,61193,325571.0,52.84
2025-10-21,HAL,EQ,"4,860.00","4,880.80","4,880.80","4,850.50","4,852.00","4,858.20","4,864.44",128987,627450117.5,13282,69974.0,54.28
2025-10-23,HAL,EQ,"4,858.20","4,880.80","4,885.00","4,802.90","4,813.40","4,810.20","4,843.17",678729,3287196720.7,60064,368503.0,54.29
2025-10-24,HAL,EQ,"4,810.20","4,825.00","4,867.40","4,797.50","4,812.10","4,814.20","4,825.22",627200,3026377314.9,43857,179711.0,28.65
2025-10-27,HAL,EQ,"4,814.20","4,830.00","4,830.00","4,747.80","4,757.60","4,756.80","4,775.88",738996,3529359217.7,49343,387041.0,52.37
2025-10-28,HAL,EQ,"4,756.80","4,766.60","4,767.60","4,706.30","4,727.90","4,724.50","4,729.86",947982,4483819062.2,86763,503240.0,53.09
2025-10-29,HAL,EQ,"4,724.50","4,737.90","4,745.00","4,685.00","4,700.00","4,695.10","4,708.35",916228,4313921915.9,55301,546756.0,59.67
2025-10-30,HAL,EQ,"4,695.10","4,693.00","4,694.00","4,625.00","4,649.00","4,650.20","4,652.23",1151821,5358533863.8,73601,634439.0,55.08
2025-10-31,HAL,EQ,"4,650.20","4,639.90","4,708.60","4,636.90","4,689.00","4,679.80","4,681.93",1176002,5505963508.5,67037,660389.0,56.16
2025-11-03,HAL,EQ,"4,679.80","4,680.00","4,709.00","4,655.40","4,698.00","4,694.70","4,682.17",470190,2201509912.1,48862,208582.0,44.36
2025-11-04,HAL,EQ,"4,694.70","4,670.10","4,715.00","4,670.10","4,679.00","4,685.80","4,697.10",851904,4001475386.7,44173,565047.0,66.33
2025-11-06,HAL,EQ,"4,685.80","4,650.00","4,686.60","4,575.00","4,590.00","4,593.60","4,624.11",768664,3554384857.9,62925,444609.0,57.84
2025-11-07,HAL,EQ,"4,593.60","4,580.00","4,636.50","4,526.00","4,632.00","4,626.60","4,584.74",536730,2460769008.3,41381,180272.0,33.59
2025-11-10,HAL,EQ,"4,626.60","4,651.10","4,795.00","4,645.00","4,787.00","4,789.80","4,753.79",1434763,6820564832.4,91341,549156.0,38.28
2025-11-11,HAL,EQ,"4,789.80","4,795.10","4,878.00","4,787.00","4,860.00","4,862.60","4,850.41",1333303,6467064412.3,90228,593461.0,44.51
2025-11-12,HAL,EQ,"4,862.60","4,885.00","4,921.00","4,702.00","4,732.70","4,748.50","4,801.78",2723105,13075762803.9,145879,1080535.0,39.68
2025-11-13,HAL,EQ,"4,748.50","4,736.00","4,771.20","4,636.70","4,745.20","4,751.00","4,727.46",1280728,6054588920.7,89282,413854.0,32.31
2025-11-14,HAL,EQ,"4,751.00","4,747.00","4,775.00","4,710.10","4,728.40","4,729.80","4,734.72",681735,3227824723.9,45747,326639.0,47.91
2025-11-17,HAL,EQ,"4,729.80","4,742.00","4,820.00","4,732.80","4,814.00","4,795.20","4,774.15",1177546,5621786757.0,82723,669632.0,56.87
2025-11-18,HAL,EQ,"4,795.20","4,814.00","4,857.00","4,788.00","4,815.00","4,807.90","4,828.69",958797,4629736235.4,56206,397185.0,41.43
2025-11-19,HAL,EQ,"4,807.90","4,805.00","4,822.20","4,735.00","4,740.00","4,744.20","4,764.98",847006,4035968465.8,66769,428917.0,50.64
2025-11-20,HAL,EQ,"4,744.20","4,763.90","4,775.80","4,710.00","4,729.00","4,716.60","4,741.20",798346,3785116761.9,54550,409566.0,51.3
2025-11-21,HAL,EQ,"4,716.60","4,707.00","4,708.00","4,585.00","4,593.00","4,595.00","4,627.93",1158530,5361597589.6,94351,618674.0,53.4
2025-11-24,HAL,EQ,"4,595.00","4,425.00","4,502.50","4,405.00","4,440.90","4,445.10","4,450.38",3443005,15322664887.7,185401,1416312.0,41.14
2025-11-25,HAL,EQ,"4,445.10","4,450.00","4,477.00","4,430.00","4,440.00","4,441.60","4,448.71",1197615,5327840818.8,74176,583552.0,48.73
2025-11-26,HAL,EQ,"4,441.60","4,457.00","4,522.00","4,449.90","4,511.00","4,517.80","4,491.77",717411,3222441839.7,49744,315114.0,43.92
2025-11-27,HAL,EQ,"4,517.80","4,535.00","4,535.00","4,461.00","4,489.90","4,483.20","4,487.62",721812,3239221289.4,59599,346394.0,47.99
2025-11-28,HAL,EQ,"4,483.20","4,489.90","4,549.00","4,477.00","4,540.00","4,542.40","4,523.56",786275,3556760579.7,56198,397781.0,50.59
2025-12-01,HAL,EQ,"4,542.40","4,562.00","4,584.00","4,501.10","4,525.00","4,530.70","4,532.86",750897,3403713710.9,66090,377733.0,50.3
2025-12-02,HAL,EQ,"4,530.70","4,525.00","4,532.30","4,482.20","4,517.00","4,508.50","4,504.99",652604,2939976724.6,52255,379398.0,58.14
2025-12-03,HAL,EQ,"4,508.50","4,517.00","4,525.00","4,420.90","4,435.10","4,436.30","4,450.52",1027500,4572906991.9,67794,562215.0,54.72
2025-12-04,HAL,EQ,"4,436.30","4,459.00","4,525.00","4,422.30","4,520.00","4,496.80","4,479.25",1020941,4573053707.2,64877,541943.0,53.08
2025-12-05,HAL,EQ,"4,496.80","4,519.00","4,544.30","4,430.00","4,441.70","4,443.00","4,467.61",1473356,6582376600.7,72121,850616.0,57.73
2025-12-08,HAL,EQ,"4,443.00","4,443.00","4,448.00","4,270.50","4,280.00","4,287.10","4,341.94",1757606,7631420282.1,130981,951541.0,54.14
2025-12-09,HAL,EQ,"4,287.10","4,272.50","4,314.00","4,187.00","4,311.00","4,303.00","4,253.09",1674288,7120895229.1,89143,902166.0,53.88
2025-12-10,HAL,EQ,"4,303.00","4,310.50","4,332.40","4,271.00","4,294.00","4,294.10","4,292.47",949813,4077041281.4,57513,580325.0,61.1
2025-12-11,HAL,EQ,"4,294.10","4,300.00","4,334.40","4,286.00","4,314.30","4,320.80","4,312.56",460221,1984729829.1,31855,212461.0,46.16
2025-12-12,HAL,EQ,"4,320.80","4,333.00","4,359.90","4,257.30","4,296.00","4,302.50","4,317.36",791726,3418164711.2,60361,359180.0,45.37
2025-12-15,HAL,EQ,"4,302.50","4,252.00","4,342.00","4,252.00","4,323.40","4,321.60","4,314.06",827861,3571444326.1,49010,461840.0,55.79
2025-12-16,HAL,EQ,"4,321.60","4,324.00","4,329.40","4,242.90","4,252.00","4,261.40","4,261.81",1006671,4290241086.4,64242,615232.0,61.12
2025-12-17,HAL,EQ,"4,261.40","4,260.50","4,270.00","4,218.20","4,225.00","4,228.40","4,237.90",645807,2736866487.1,41483,337434.0,52.25
2025-12-18,HAL,EQ,"4,228.40","4,228.40","4,268.40","4,192.60","4,250.30","4,259.50","4,237.79",557768,2363705664.9,40845,247467.0,44.37
2025-12-19,HAL,EQ,"4,259.50","4,269.90","4,314.00","4,251.40","4,302.50","4,305.30","4,290.84",650177,2789804980.6,40778,317836.0,48.88
2025-12-22,HAL,EQ,"4,305.30","4,311.70","4,392.00","4,307.10","4,383.00","4,386.10","4,363.05",657486,2868642016.6,38835,257843.0,39.22
2025-12-23,HAL,EQ,"4,386.10","4,400.00","4,451.20","4,368.50","4,409.80","4,407.40","4,419.67",587365,2595960558.9,37291,224343.0,38.19
2025-12-24,HAL,EQ,"4,407.40","4,415.00","4,460.00","4,397.40","4,420.00","4,421.30","4,437.51",486359,2158221205.9,35074,194568.0,40.01
2025-12-26,HAL,EQ,"4,421.30","4,445.00","4,476.00","4,401.10","4,412.90","4,409.20","4,443.54",690425,3067927960.9,43823,281289.0,40.74
2025-12-29,HAL,EQ,"4,409.20","4,434.00","4,458.20","4,359.40","4,374.00","4,374.30","4,420.38",778626,3441826066.4,42595,416074.0,53.44
2025-12-30,HAL,EQ,"4,374.30","4,380.00","4,382.40","4,305.00","4,319.90","4,325.50","4,334.60",1064901,4615922294.2,72232,622733.0,58.48
2025-12-31,HAL,EQ,"4,325.50","4,326.00","4,400.00","4,326.00","4,386.00","4,388.70","4,383.20",512109,2244676147.3,31585,227639.0,44.45
2026-01-01,HAL,EQ,"4,388.70","4,388.70","4,414.40","4,342.60","4,400.00","4,397.90","4,380.42",384408,1683868865.4,24895,177477.0,46.17
2026-01-02,HAL,EQ,"4,397.90","4,413.10","4,429.00","4,380.00","4,418.00","4,417.80","4,409.22",597270,2633495329.2,49222,256242.0,42.9
2026-01-05,HAL,EQ,"4,417.80","4,418.00","4,544.90","4,417.80","4,524.00","4,526.10","4,514.96",1256096,5671219620.5,70245,482065.0,38.38
2026-01-06,HAL,EQ,"4,526.10","4,528.30","4,547.70","4,478.60","4,505.10","4,516.00","4,514.53",530874,2396647281.2,37023,222960.0,42.0
2026-01-07,HAL,EQ,"4,516.00","4,516.00","4,536.00","4,480.00","4,525.00","4,525.10","4,511.69",439887,1984633905.2,34329,215059.0,48.89
2026-01-08,HAL,EQ,"4,525.10","4,526.00","4,579.00","4,465.60","4,469.90","4,479.80","4,532.90",966719,4382041699.2,55757,320871.0,33.19
2026-01-09,HAL,EQ,"4,479.80","4,466.80","4,543.00","4,440.00","4,462.00","4,462.10","4,493.66",1017357,4571658754.8,53806,392044.0,38.54
2026-01-12,HAL,EQ,"4,462.10","4,480.00","4,528.50","4,417.90","4,521.00","4,518.40","4,475.68",744251,3331028019.6,49673,246377.0,33.1
2026-01-13,HAL,EQ,"4,518.40","4,525.00","4,559.90","4,400.40","4,454.00","4,452.40","4,464.92",753776,3365547197.1,48727,298096.0,39.55
2026-01-14,HAL,EQ,"4,452.40","4,452.40","4,501.00","4,422.00","4,463.00","4,461.40","4,468.14",597515,2669778843.2,41968,259640.0,43.45
2026-01-16,HAL,EQ,"4,461.40","4,485.00","4,488.00","4,367.60","4,434.90","4,428.70","4,417.08",1576883,6965214259.9,87843,813112.0,51.56
2026-01-19,HAL,EQ,"4,428.70","4,427.00","4,517.00","4,414.10","4,502.00","4,504.30","4,480.94",792050,3549129681.3,43294,337690.0,42.63
2026-01-20,HAL,EQ,"4,504.30","4,504.30","4,525.00","4,327.00","4,350.00","4,355.20","4,411.54",1194605,5270043920.6,81646,600877.0,50.3
2026-01-21,HAL,EQ,"4,355.20","4,315.00","4,337.60","4,235.00","4,260.90","4,259.40","4,286.40",1113913,4774677621.2,96080,475719.0,42.71
2026-01-22,HAL,EQ,"4,259.40","4,299.00","4,367.00","4,290.60","4,366.80","4,353.20","4,328.89",725419,3140260887.6,52776,345099.0,47.57
2026-01-23,HAL,EQ,"4,353.20","4,375.00","4,375.00","4,294.40","4,310.00","4,305.70","4,323.64",704843,3047489597.0,45342,346788.0,49.2
2026-01-27,HAL,EQ,"4,305.70","4,349.90","4,377.30","4,271.70","4,370.00","4,348.50","4,317.02",1042386,4500000316.5,77314,470943.0,45.18
2026-01-28,HAL,EQ,"4,348.50","4,370.00","4,638.60","4,361.50","4,633.00","4,624.00","4,532.69",1837685,8329660769.0,104208,851537.0,46.34
2026-01-29,HAL,EQ,"4,624.00","4,659.00","4,670.00","4,553.10","4,613.50","4,601.00","4,603.74",1301527,5991888857.1,97172,562399.0,43.21
2026-01-30,HAL,EQ,"4,601.00","4,620.00","4,634.80","4,541.00","4,623.00","4,619.40","4,602.48",1582165,7281880382.5,88463,688521.0,43.52
2026-02-01,HAL,EQ,"4,619.40","4,659.00","4,710.00","4,165.00","4,370.00","4,376.90","4,504.33",4034039,18170658080.5,293853,906171.0,22.46
2026-02-02,HAL,EQ,"4,376.90","4,415.00","4,453.80","4,207.10","4,348.00","4,338.70","4,281.34",2563637,10975804068.1,186630,943758.0,36.81
2026-02-03,HAL,EQ,"4,338.70","4,500.00","4,608.10","4,410.10","4,467.00","4,470.40","4,475.43",1450873,6493275023.7,102502,600404.0,41.38
2026-02-04,HAL,EQ,"4,470.40","4,410.00","4,413.00","4,097.60","4,213.90","4,217.10","4,214.49",5290920,22298533756.3,358612,2480047.0,46.87
2026-02-05,HAL,EQ,"4,217.10","4,121.00","4,125.00","3,952.00","4,030.00","4,035.50","4,018.03",6343724,25489276816.5,340190,2332092.0,36.76
2026-02-06,HAL,EQ,"4,035.50","4,030.00","4,074.00","3,985.00","4,066.00","4,067.50","4,035.05",2094080,8449711290.8,122547,671784.0,32.08
2026-02-09,HAL,EQ,"4,067.50","4,066.10","4,151.00","4,014.10","4,151.00","4,131.00","4,097.90",1664057,6819144258.6,99527,603747.0,36.28
2026-02-10,HAL,EQ,"4,131.00","4,151.00","4,189.80","4,137.20","4,151.00","4,168.30","4,165.51",1000376,4167071929.1,56607,428138.0,42.8
2026-02-11,HAL,EQ,"4,168.30","4,195.90","4,195.90","4,107.00","4,124.00","4,133.00","4,124.74",916944,3782156112.4,57970,366386.0,39.96
2026-02-12,HAL,EQ,"4,133.00","4,136.70","4,189.80","4,083.20","4,178.80","4,158.90","4,134.95",2759493,11410366803.0,148759,778846.0,28.22
2026-02-13,HAL,EQ,"4,158.90","4,189.00","4,263.50","4,155.80","4,206.00","4,212.40","4,217.55",3532180,14897143503.3,177467,894010.0,25.31
2026-02-16,HAL,EQ,"4,212.40","4,228.70","4,235.50","4,170.00","4,221.00","4,226.10","4,199.74",1126991,4733067730.2,55099,421762.0,37.42
2026-02-17,HAL,EQ,"4,226.10","4,230.00","4,296.00","4,222.40","4,240.00","4,247.60","4,258.69",1033811,4402679415.9,51586,353999.0,34.24
2026-02-18,HAL,EQ,"4,247.60","4,235.00","4,267.50","4,182.10","4,247.60","4,251.10","4,227.83",821047,3471250016.8,51763,309511.0,37.7
2026-02-19,HAL,EQ,"4,251.10","4,244.10","4,271.00","4,101.60","4,120.00","4,132.60","4,177.72",1020581,4263697066.5,54416,440320.0,43.14
2026-02-20,HAL,EQ,"4,132.60","4,129.80","4,213.50","4,121.20","4,166.00","4,170.00","4,183.76",960630,4019047579.3,49865,333675.0,34.74
2026-02-23,HAL,EQ,"4,170.00","4,150.00","4,150.00","3,976.00","4,025.00","4,025.40","4,039.46",3750121,15148471331.3,220332,1363711.0,36.36
2026-02-24,HAL,EQ,"4,025.40","4,005.00","4,032.40","3,937.10","3,953.00","3,952.60","3,972.39",1605651,6378266130.4,100642,764811.0,47.63
2026-02-25,HAL,EQ,"3,952.60","3,970.00","4,004.00","3,957.60","3,985.00","3,985.00","3,983.85",1239941,4939742375.6,62041,576865.0,46.52
2026-02-26,HAL,EQ,"3,985.00","4,000.00","4,018.00","3,985.00","4,005.00","4,008.90","4,003.87",1423043,5697672383.9,64010,891169.0,62.62
2026-02-27,HAL,EQ,"4,008.90","4,001.00","4,001.00","3,900.00","3,910.80","3,913.20","3,942.61",2191138,8638811121.6,93387,1442946.0,65.85
2026-03-02,HAL,EQ,"3,913.20","3,837.00","3,983.00","3,825.50","3,956.90","3,951.60","3,943.97",3263290,12870303470.0,110771,2080259.0,63.75
2026-03-04,HAL,EQ,"3,951.60","3,971.30","3,974.00","3,858.70","3,865.80","3,876.80","3,894.19",2521796,9820351717.0,114930,1274269.0,50.53
2026-03-05,HAL,EQ,"3,876.80","3,870.00","3,949.00","3,840.90","3,894.90","3,891.80","3,891.63",2469764,9611404765.1,115025,1144373.0,46.34
2026-03-06,HAL,EQ,"3,891.80","3,880.00","4,039.70","3,855.00","4,030.00","4,023.70","3,969.71",2974581,11808214585.2,134091,1331260.0,44.75
2026-03-09,HAL,EQ,"4,023.70","4,023.70","4,023.70","3,925.00","3,987.00","3,989.90","3,978.79",1540560,6129558266.8,90960,627407.0,40.73
2026-03-10,HAL,EQ,"3,989.90","4,025.00","4,063.00","3,918.00","4,050.10","4,040.10","3,992.68",1609432,6425941012.8,96569,629481.0,39.11
2026-03-11,HAL,EQ,"4,040.10","4,040.00","4,103.80","3,976.20","3,995.00","4,005.10","4,022.51",1668004,6709562528.7,82466,900493.0,53.99
2026-03-12,HAL,EQ,"4,005.10","3,955.00","4,033.20","3,940.80","4,008.60","4,013.50","3,994.05",961224,3839177324.3,72833,386507.0,40.21
2026-03-13,HAL,EQ,"4,013.50","4,000.00","4,004.10","3,892.40","3,912.00","3,914.40","3,926.20",2113945,8299770362.0,81615,1279285.0,60.52
2026-03-16,HAL,EQ,"3,914.40","3,914.40","3,938.80","3,843.00","3,907.00","3,913.10","3,896.99",1379003,5373959882.6,82496,686407.0,49.78
2026-03-17,HAL,EQ,"3,913.10","3,919.70","3,971.90","3,892.50","3,950.00","3,963.10","3,941.70",992982,3914039429.9,58361,463397.0,46.67
2026-03-18,HAL,EQ,"3,963.10","3,973.00","3,991.60","3,945.00","3,955.90","3,961.60","3,961.04",828634,3282250609.6,54406,351644.0,42.44
2026-03-19,HAL,EQ,"3,961.60","3,930.00","3,930.00","3,786.00","3,812.90","3,802.50","3,854.20",1014937,3911773478.3,81627,421344.0,41.51
2026-03-20,HAL,EQ,"3,802.50","3,826.00","3,882.00","3,776.60","3,785.00","3,782.40","3,819.32",1047650,4001307832.9,71939,487853.0,46.57
2026-03-23,HAL,EQ,"3,782.40","3,760.60","3,762.80","3,610.00","3,622.00","3,634.60","3,648.55",1797092,6556774637.7,108300,902350.0,50.21
2026-03-24,HAL,EQ,"3,634.60","3,700.00","3,723.30","3,620.70","3,656.30","3,654.00","3,665.52",1309461,4799853418.6,79605,596424.0,45.55
2026-03-25,HAL,EQ,"3,654.00","3,693.00","3,729.90","3,661.00","3,669.00","3,669.40","3,694.61",1052741,3889472365.0,87957,515081.0,48.93
2026-03-27,HAL,EQ,"3,669.40","3,665.00","3,665.00","3,576.10","3,585.00","3,588.60","3,602.26",2286154,8235326552.5,124755,1333662.0,58.34
2026-03-30,HAL,EQ,"3,588.60","3,551.00","3,615.60","3,479.10","3,490.00","3,487.20","3,534.38",2197252,7765912766.7,122686,1029182.0,46.84
2026-04-01,HAL,EQ,"3,487.20","3,581.40","3,688.60","3,545.00","3,685.00","3,670.80","3,628.26",2246768,8151862123.7,107811,927812.0,41.3
2026-04-02,HAL,EQ,"3,670.80","3,638.20","3,700.10","3,551.00","3,680.50","3,687.00","3,626.16",1611009,5841778900.3,95056,542808.0,33.69
2026-04-06,HAL,EQ,"3,687.00","3,713.50","3,762.50","3,661.00","3,746.00","3,752.10","3,725.49",1130371,4211185053.4,73544,386239.0,34.17
2026-04-07,HAL,EQ,"3,752.10","3,744.10","3,822.00","3,702.40","3,801.00","3,796.20","3,776.30",1144328,4321326690.0,64744,406679.0,35.54
2026-04-08,HAL,EQ,"3,796.20","3,900.00","3,917.00","3,850.00","3,912.00","3,907.50","3,888.94",1344611,5229108947.0,89354,650274.0,48.36
2026-04-09,HAL,EQ,"3,907.50","3,900.00","4,109.00","3,882.30","4,030.00","4,032.90","4,038.42",2791024,11271324476.7,140198,825417.0,29.57
2026-04-10,HAL,EQ,"4,032.90","4,068.00","4,138.60","4,063.00","4,107.10","4,112.20","4,105.08",1281358,5260080860.0,75232,632079.0,49.33
2026-04-13,HAL,EQ,"4,112.20","4,039.90","4,119.50","4,013.30","4,105.00","4,099.90","4,087.62",1090938,4459336067.3,67186,420225.0,38.52
2026-04-15,HAL,EQ,"4,099.90","4,160.00","4,242.00","4,147.00","4,240.00","4,239.20","4,207.74",1400340,5892262961.5,81993,685874.0,48.98
2026-04-16,HAL,EQ,"4,239.20","4,284.80","4,388.00","4,280.20","4,371.00","4,363.40","4,337.44",2251283,9764797632.3,108585,716927.0,31.85
2026-04-17,HAL,EQ,"4,363.40","4,380.00","4,399.40","4,346.60","4,381.00","4,388.10","4,377.83",1038094,4544601906.7,69528,445844.0,42.95
2026-04-20,HAL,EQ,"4,388.10","4,400.00","4,401.90","4,321.60","4,335.80","4,344.50","4,363.77",898541,3921023219.0,53362,425776.0,47.39
2026-04-21,HAL,EQ,"4,344.50","4,335.80","4,403.70","4,335.50","4,353.30","4,358.40","4,371.42",616910,2696772676.4,39163,306096.0,49.62
2026-04-22,HAL,EQ,"4,358.40","4,350.00","4,413.00","4,331.00","4,394.00","4,400.60","4,390.89",796091,3495544723.4,47399,387907.0,48.73
2026-04-23,HAL,EQ,"4,400.60","4,400.60","4,402.50","4,335.00","4,350.00","4,352.50","4,366.57",629014,2746631120.6,45346,251915.0,40.05
2026-04-24,HAL,EQ,"4,352.50","4,352.50","4,387.30","4,236.10","4,270.50","4,265.80","4,284.19",799635,3425789309.3,50219,330889.0,41.38
2026-04-27,HAL,EQ,"4,265.80","4,280.00","4,340.20","4,280.00","4,313.00","4,310.30","4,311.46",449038,1936007580.5,38457,199840.0,44.5
2026-04-28,HAL,EQ,"4,310.30","4,310.30","4,360.00","4,302.50","4,351.00","4,341.40","4,326.93",556358,2407324791.8,34141,248224.0,44.62
2026-04-29,HAL,EQ,"4,341.40","4,360.00","4,397.30","4,329.00","4,356.90","4,351.60","4,354.91",907743,3953135074.4,40784,562067.0,61.92
2026-04-30,HAL,EQ,"4,351.60","4,349.00","4,379.00","4,289.30","4,330.00","4,338.80","4,335.24",818024,3546331144.7,44122,395080.0,48.3
2026-05-04,HAL,EQ,"4,338.80","4,356.00","4,590.00","4,318.00","4,558.50","4,559.50","4,533.48",2841170,12880380938.0,180629,1153715.0,40.61
2026-05-05,HAL,EQ,"4,559.50","4,559.00","4,677.50","4,534.00","4,619.00","4,610.40","4,627.20",1476586,6832453147.8,104068,550021.0,37.25
2026-05-06,HAL,EQ,"4,610.40","4,628.90","4,671.50","4,610.00","4,635.00","4,626.90","4,639.66",775836,3599612989.3,47463,368008.0,47.43
2026-05-07,HAL,EQ,"4,626.90","4,647.80","4,796.00","4,628.10","4,795.00","4,782.10","4,735.03",1889223,8945536080.3,103315,842369.0,44.59
2026-05-08,HAL,EQ,"4,782.10","4,794.00","4,836.30","4,733.00","4,791.00","4,788.10","4,785.04",1674686,8013446244.8,102004,907879.0,54.21
2026-05-11,HAL,EQ,"4,788.10","4,779.20","4,808.50","4,739.70","4,750.00","4,756.30","4,769.97",1218880,5814023985.6,75177,649965.0,53.32
2026-05-12,HAL,EQ,"4,756.30","4,730.00","4,744.90","4,556.10","4,572.80","4,572.50","4,639.67",1587979,7367692104.7,98869,978079.0,61.59
2026-05-13,HAL,EQ,"4,572.50","4,550.00","4,692.00","4,536.70","4,624.70","4,618.50","4,633.88",1092960,5064649848.3,74362,382592.0,35.01
2026-05-14,HAL,EQ,"4,618.50","4,649.00","4,808.60","4,548.00","4,605.00","4,608.00","4,677.08",3241559,15161015919.6,198918,969821.0,29.92
2026-05-15,HAL,EQ,"4,608.00","4,610.00","4,618.00","4,370.00","4,377.00","4,386.20","4,440.06",2201976,9776897999.4,160658,805539.0,36.58
2026-05-18,HAL,EQ,"4,386.20","4,359.40","4,375.90","4,175.00","4,322.00","4,326.50","4,273.91",2044382,8737500231.2,118598,820204.0,40.12
