Date,"ï»¿""Symbol""",Series,PrevClose,OpenPrice,HighPrice,LowPrice,LastPrice,ClosePrice,AveragePrice,TotalTradedQuantity,TurnoverInRs,No.ofTrades,DeliverableQty,%DlyQttoTradedQty
2016-05-19,HCLTECH,EQ,742.25,738.0,744.0,727.5,728.1,730.1,735.27,1745341,1283290874.0,55685,1215581.0,69.65
2016-05-20,HCLTECH,EQ,730.1,729.0,740.0,729.0,736.75,736.65,736.09,1923380,1415788968.15,57107,1502952.0,78.14
2016-05-23,HCLTECH,EQ,736.65,738.35,739.85,732.0,732.25,733.55,734.4,1038296,762526309.05,66470,792512.0,76.33
2016-05-24,HCLTECH,EQ,733.55,735.0,741.45,730.05,739.6,739.25,737.94,1395015,1029434336.6,47318,1056477.0,75.73
2016-05-25,HCLTECH,EQ,739.25,742.0,750.4,740.15,748.5,749.35,747.23,1686747,1260386736.9,56366,1286829.0,76.29
2016-05-26,HCLTECH,EQ,749.35,751.05,752.0,736.65,741.75,740.9,742.39,3231109,2398751742.15,69698,2514285.0,77.81
2016-05-27,HCLTECH,EQ,740.9,742.6,759.7,742.6,756.0,757.6,753.22,3045095,2293628152.65,65380,2232127.0,73.3
2016-05-30,HCLTECH,EQ,757.6,761.1,763.7,745.2,748.0,747.55,750.69,1593326,1196097519.95,59611,1262424.0,79.23
2016-05-31,HCLTECH,EQ,747.55,748.0,753.35,736.35,739.1,739.8,740.36,15048108,11140952563.2,77186,13794834.0,91.67
2016-06-01,HCLTECH,EQ,739.8,744.0,744.35,731.7,735.8,734.55,737.03,2246778,1655934630.2,46325,1628586.0,72.49
2016-06-02,HCLTECH,EQ,734.55,735.0,739.6,715.5,721.5,721.35,721.53,4293828,3098145309.85,84486,3604682.0,83.95
2016-06-03,HCLTECH,EQ,721.35,725.3,726.45,720.7,722.0,721.9,723.48,1503353,1087642550.2,54588,1176507.0,78.26
2016-06-06,HCLTECH,EQ,721.9,722.0,728.7,715.6,725.25,724.6,722.77,2040535,1474840837.7,38041,1494231.0,73.23
2016-06-07,HCLTECH,EQ,724.6,728.0,731.45,721.6,727.5,726.7,726.57,2492188,1810755887.75,73292,2106241.0,84.51
2016-06-08,HCLTECH,EQ,726.7,729.0,745.0,728.35,744.4,743.5,738.53,1900304,1403440637.25,70602,1446449.0,76.12
2016-06-09,HCLTECH,EQ,743.5,748.7,755.9,744.0,751.1,753.05,751.8,2778851,2089137657.9,98310,2207698.0,79.45
2016-06-10,HCLTECH,EQ,753.05,750.0,758.0,745.95,750.0,751.05,752.68,5785832,4354884310.65,57122,5422070.0,93.71
2016-06-13,HCLTECH,EQ,751.05,745.0,756.0,741.7,754.0,753.65,751.7,2065113,1552350052.35,64366,1125660.0,54.51
2016-06-14,HCLTECH,EQ,753.65,755.0,764.95,744.05,750.1,752.4,752.15,1646371,1238321005.7,43171,1266882.0,76.95
2016-06-15,HCLTECH,EQ,752.4,751.0,757.3,749.95,755.2,755.2,754.78,979272,739135820.8,40375,756473.0,77.25
2016-06-16,HCLTECH,EQ,755.2,752.55,754.0,742.5,746.4,751.7,746.73,1133152,846154137.35,59721,808279.0,71.33
2016-06-17,HCLTECH,EQ,751.7,750.0,755.0,747.85,752.15,753.65,751.53,2717006,2041900312.45,54566,2387761.0,87.88
2016-06-20,HCLTECH,EQ,753.65,749.95,781.45,747.85,769.9,770.65,772.06,4132686,3190689956.65,141265,3223972.0,78.01
2016-06-21,HCLTECH,EQ,770.65,768.5,775.8,766.2,770.0,770.1,770.46,1466470,1129856371.8,61398,1179312.0,80.42
2016-06-22,HCLTECH,EQ,770.1,774.0,774.0,766.3,770.05,770.45,770.45,1567059,1207333746.9,38679,1362529.0,86.95
2016-06-23,HCLTECH,EQ,770.45,770.0,772.0,762.0,770.4,769.8,766.69,1292218,990736966.8,49318,1009003.0,78.08
2016-06-24,HCLTECH,EQ,769.8,743.95,746.7,723.3,742.0,741.85,736.94,3081689,2271027640.25,120409,2210856.0,71.74
2016-06-27,HCLTECH,EQ,741.85,730.2,749.0,721.0,736.0,735.05,736.3,1443753,1063032314.35,78436,929688.0,64.39
2016-06-28,HCLTECH,EQ,735.05,729.0,737.5,711.15,712.85,713.2,724.55,2842681,2059671187.25,102566,1853462.0,65.2
2016-06-29,HCLTECH,EQ,713.2,715.7,729.95,708.0,728.95,728.45,719.42,2483234,1786490523.7,65712,1323839.0,53.31
2016-06-30,HCLTECH,EQ,728.45,729.2,735.45,726.4,729.7,730.45,730.72,2396993,1751535233.75,81785,1736811.0,72.46
2016-07-01,HCLTECH,EQ,730.45,735.0,736.8,730.0,730.0,731.7,732.84,1011883,741548739.8,50053,754109.0,74.53
2016-07-04,HCLTECH,EQ,731.7,735.0,750.0,734.05,747.45,748.35,744.87,1631809,1215491503.9,53287,1241520.0,76.08
2016-07-05,HCLTECH,EQ,748.35,748.0,748.0,732.2,738.3,738.4,738.81,1867820,1379967696.5,44635,1539990.0,82.45
2016-07-07,HCLTECH,EQ,738.4,741.0,741.0,715.75,717.3,717.1,719.45,3432568,2469544582.2,123012,2796456.0,81.47
2016-07-08,HCLTECH,EQ,717.1,715.0,725.75,715.0,722.5,721.85,721.73,851316,614420879.35,49418,526327.0,61.83
2016-07-11,HCLTECH,EQ,721.85,722.0,726.6,715.05,718.25,716.8,719.05,2124375,1527529376.75,54886,1621927.0,76.35
2016-07-12,HCLTECH,EQ,716.8,718.0,723.3,716.05,722.35,721.35,718.88,1614918,1160939613.15,51833,1205988.0,74.68
2016-07-13,HCLTECH,EQ,721.35,722.5,724.0,716.6,720.0,720.0,720.25,3356550,2417544818.2,32637,2986596.0,88.98
2016-07-14,HCLTECH,EQ,720.0,721.5,729.9,719.6,729.5,728.25,726.08,1084386,787354789.5,26849,718869.0,66.29
2016-07-15,HCLTECH,EQ,728.25,732.9,740.0,710.25,715.45,717.5,723.66,2967531,2147469798.55,75705,1780487.0,60.0
2016-07-18,HCLTECH,EQ,717.5,722.2,724.7,715.0,723.7,722.5,722.05,928673,670545154.5,25153,572790.0,61.68
2016-07-19,HCLTECH,EQ,722.5,717.75,731.7,717.75,731.0,730.15,727.96,1734756,1262841090.25,45442,1355634.0,78.15
2016-07-20,HCLTECH,EQ,730.15,724.9,731.9,716.6,730.9,730.0,724.59,1222225,885611538.65,35104,794576.0,65.01
2016-07-21,HCLTECH,EQ,730.0,730.0,730.9,720.15,725.0,723.55,722.4,885024,639343652.3,19412,548877.0,62.02
2016-07-22,HCLTECH,EQ,723.55,725.0,730.0,721.6,729.5,729.2,727.51,914314,665173389.45,28218,684431.0,74.86
2016-07-25,HCLTECH,EQ,729.2,729.5,741.0,725.0,740.0,740.4,736.09,1488302,1095526801.2,49079,1152955.0,77.47
2016-07-26,HCLTECH,EQ,740.4,738.9,747.4,736.25,746.65,745.25,743.16,1349165,1002650480.6,30980,1076485.0,79.79
2016-07-27,HCLTECH,EQ,745.25,747.0,754.9,742.5,753.4,753.5,749.91,1677289,1257819950.85,29257,1229837.0,73.32
2016-07-28,HCLTECH,EQ,753.5,757.5,758.95,746.1,747.0,750.8,751.16,2277034,1710418092.45,33377,1851665.0,81.32
2016-07-29,HCLTECH,EQ,750.8,749.0,758.0,745.5,752.15,752.95,753.02,847328,638054736.7,24720,534536.0,63.08
2016-08-01,HCLTECH,EQ,752.95,753.0,791.0,752.5,778.0,780.45,773.17,3026539,2340028478.85,77579,1701808.0,56.23
2016-08-02,HCLTECH,EQ,780.45,785.85,804.9,781.15,799.55,800.75,793.75,4700089,3730682954.5,80878,3318256.0,70.6
2016-08-03,HCLTECH,EQ,800.75,857.0,858.5,816.35,825.7,826.15,833.11,9552545,7958305262.35,202091,4108342.0,43.01
2016-08-04,HCLTECH,EQ,826.15,833.0,836.0,820.1,823.0,823.85,827.01,1485837,1228797215.85,57153,678342.0,45.65
2016-08-05,HCLTECH,EQ,823.85,824.8,831.45,817.3,820.6,821.75,824.35,1300356,1071954956.85,54692,891781.0,68.58
2016-08-08,HCLTECH,EQ,821.75,822.0,829.4,811.6,818.0,819.1,819.13,1514566,1240631220.0,53431,1123054.0,74.15
2016-08-09,HCLTECH,EQ,819.1,821.0,824.6,811.05,818.5,816.85,818.1,1240369,1014751370.35,32306,751331.0,60.57
2016-08-10,HCLTECH,EQ,816.85,816.75,820.0,805.55,817.95,818.15,815.62,1152698,940165761.9,27158,732157.0,63.52
2016-08-11,HCLTECH,EQ,818.15,820.0,827.45,813.8,825.05,824.55,822.33,1739623,1430544241.3,33086,1187271.0,68.25
2016-08-12,HCLTECH,EQ,824.55,826.05,835.5,807.0,813.65,814.2,824.16,1651570,1361162212.9,46670,989210.0,59.9
2016-08-16,HCLTECH,EQ,814.2,813.2,823.8,785.55,796.0,792.35,805.29,2244771,1807694263.5,60308,1482587.0,66.05
2016-08-17,HCLTECH,EQ,792.35,790.0,800.85,782.0,784.55,784.55,789.04,2367829,1868318654.8,95093,1705901.0,72.04
2016-08-18,HCLTECH,EQ,784.55,789.8,792.4,780.1,785.0,785.8,787.47,1541722,1214058423.2,86181,1098287.0,71.24
2016-08-19,HCLTECH,EQ,785.8,785.0,794.4,779.6,779.65,781.85,784.11,1309172,1026528619.6,57471,914103.0,69.82
2016-08-22,HCLTECH,EQ,781.85,784.95,787.35,765.0,769.05,772.25,773.46,1346765,1041670672.15,49547,823140.0,61.12
2016-08-23,HCLTECH,EQ,772.25,776.0,795.85,771.6,789.00,791.0,790.24,1707691,1349478324.6,51775,1035840.0,60.66
2016-08-24,HCLTECH,EQ,791.0,795.0,798.35,781.1,792.00,790.35,789.7,1208724,954534127.45,27128,728255.0,60.25
2016-08-25,HCLTECH,EQ,790.35,798.0,805.0,794.05,798.00,798.05,800.06,2212911,1770463031.6,53873,1482009.0,66.97
2016-08-26,HCLTECH,EQ,798.05,798.0,800.45,772.8,779.00,778.75,783.9,1662032,1302867615.4,64434,1159548.0,69.77
2016-08-29,HCLTECH,EQ,778.75,782.95,782.95,751.1,755.10,755.1,758.36,1530452,1160635719.6,72594,891213.0,58.23
2016-08-30,HCLTECH,EQ,755.1,756.0,775.75,753.9,771.00,773.9,770.99,2160269,1665550287.85,64636,1403176.0,64.95
2016-08-31,HCLTECH,EQ,773.9,774.0,793.45,773.05,778.00,778.55,784.08,2792176,2189301648.7,112792,2057888.0,73.70
2016-09-01,HCLTECH,EQ,778.55,781.3,789.55,779.1,784.00,783.8,782.88,1298758,1016765813.15,54256,939492.0,72.34
2016-09-02,HCLTECH,EQ,783.8,786.95,787.5,779.1,783.00,784.55,783.59,1131826,886884020.5,41301,870227.0,76.89
2016-09-06,HCLTECH,EQ,784.55,780.25,788.3,774.7,786.90,785.6,780.95,1522299,1188845780.45,75207,1226336.0,80.56
2016-09-07,HCLTECH,EQ,785.6,791.9,807.0,783.0,784.50,787.1,795.36,1789682,1423447269.55,53502,1113270.0,62.20
2016-09-08,HCLTECH,EQ,787.1,781.5,781.9,750.5,772.00,773.95,768.95,2579366,1983395281.65,99516,1714031.0,66.45
2016-09-09,HCLTECH,EQ,773.95,774.0,789.5,773.0,778.00,780.55,783.53,1467060,1149481824.65,62193,1030333.0,70.23
2016-09-12,HCLTECH,EQ,780.55,772.0,792.1,770.0,780.20,782.7,783.21,2385247,1868144861.85,95988,1644584.0,68.95
2016-09-14,HCLTECH,EQ,782.7,784.65,794.65,775.0,778.50,776.35,785.1,1623566,1274656932.75,48833,1104304.0,68.02
2016-09-15,HCLTECH,EQ,776.35,782.95,784.5,775.0,779.10,779.0,779.14,953499,742905111.35,36650,580327.0,60.86
2016-09-16,HCLTECH,EQ,779.0,782.0,790.95,774.0,784.70,786.35,781.95,2159427,1688573194.3,61889,1600768.0,74.13
2016-09-19,HCLTECH,EQ,786.35,790.0,798.2,781.9,789.00,789.05,792.39,1883283,1492297436.5,57886,1109452.0,58.91
2016-09-20,HCLTECH,EQ,789.05,794.95,795.75,784.5,792.50,792.05,790.49,1515605,1198075066.1,56821,1138817.0,75.14
2016-09-21,HCLTECH,EQ,792.05,793.95,798.0,788.5,788.50,792.6,794.11,1403065,1114185642.15,65336,940458.0,67.03
2016-09-22,HCLTECH,EQ,792.6,799.0,799.95,783.8,793.00,788.85,789.74,1117361,882429725.25,50481,746834.0,66.84
2016-09-23,HCLTECH,EQ,788.85,794.65,804.0,792.4,795.00,797.25,799.42,2605785,2083124400.05,79103,1868945.0,71.72
2016-09-26,HCLTECH,EQ,797.25,795.05,796.95,785.65,788.00,788.95,790.88,1825995,1444138354.15,34719,1504332.0,82.38
2016-09-27,HCLTECH,EQ,788.95,788.95,799.8,784.0,797.15,795.85,790.92,1631598,1290468403.25,55624,1226464.0,75.17
2016-09-28,HCLTECH,EQ,795.85,798.0,801.9,790.0,799.00,796.3,796.87,1533187,1221757672.8,56395,1081995.0,70.57
2016-09-29,HCLTECH,EQ,796.3,799.0,804.6,781.3,788.00,791.05,793.93,2846344,2259784567.5,36859,2129384.0,74.81
2016-09-30,HCLTECH,EQ,791.05,797.0,804.0,787.0,800.00,799.9,798.07,1831300,1461498491.8,51340,1348845.0,73.66
2016-10-03,HCLTECH,EQ,799.9,805.0,812.0,794.4,811.00,808.6,802.73,1516868,1217632556.3,62820,986175.0,65.01
2016-10-04,HCLTECH,EQ,808.6,812.5,821.0,810.0,817.20,818.15,817.02,1506687,1230988259.3,55822,1083148.0,71.89
2016-10-05,HCLTECH,EQ,818.15,818.25,823.25,806.25,815.00,816.0,814.31,798470,650202069.85,34096,408798.0,51.20
2016-10-06,HCLTECH,EQ,816.0,816.0,816.75,797.2,803.60,801.55,801.49,1588731,1273348030.7,46179,1014666.0,63.87
2016-10-07,HCLTECH,EQ,801.55,802.15,809.45,785.3,806.25,806.55,797.9,767927,612730140.45,34843,401269.0,52.25
2016-10-10,HCLTECH,EQ,806.55,802.0,815.85,802.0,813.00,813.0,810.78,769244,623689981.6,19363,372816.0,48.47
2016-10-13,HCLTECH,EQ,813.0,809.8,825.1,790.65,803.00,803.3,801.39,2076011,1663703728.85,62982,1502009.0,72.35
2016-10-14,HCLTECH,EQ,803.3,804.0,822.5,799.85,814.00,812.7,810.63,1376193,1115578512.75,51550,776099.0,56.39
2016-10-17,HCLTECH,EQ,812.7,817.6,818.0,803.0,811.10,808.4,807.24,740093,597432742.7,34684,424178.0,57.31
2016-10-18,HCLTECH,EQ,808.4,812.0,836.4,812.0,833.10,834.8,825.58,1326969,1095524428.2,52399,740097.0,55.77
2016-10-19,HCLTECH,EQ,834.8,834.6,841.65,826.0,830.00,830.55,831.55,2139260,1778904352.15,51113,1398409.0,65.37
2016-10-20,HCLTECH,EQ,830.55,829.55,833.0,812.05,816.40,815.55,819.25,2488727,2038883442.8,45013,1764542.0,70.90
2016-10-21,HCLTECH,EQ,815.55,823.0,848.7,821.25,830.45,831.75,835.67,5141259,4296408606.75,71747,2524235.0,49.10
2016-10-24,HCLTECH,EQ,831.75,831.25,836.9,808.65,811.00,810.65,811.92,1707222,1386131543.5,53775,1030554.0,60.36
2016-10-25,HCLTECH,EQ,810.65,806.75,811.5,802.5,803.50,804.55,805.68,1734565,1397503849.55,78941,1329336.0,76.64
2016-10-26,HCLTECH,EQ,804.55,801.7,803.85,787.6,790.70,790.85,793.86,1611775,1279527191.95,71218,1247040.0,77.37
2016-10-27,HCLTECH,EQ,790.85,784.8,786.65,771.3,776.15,774.3,775.39,2025316,1570413456.35,70531,1409753.0,69.61
2016-10-28,HCLTECH,EQ,774.3,774.15,781.2,760.0,765.00,763.15,770.29,2711466,2088608439.55,75308,2084184.0,76.87
2016-10-30,HCLTECH,EQ,763.15,770.0,774.0,765.0,767.25,767.75,768.19,141864,108978256.0,2908,89479.0,63.07
2016-11-01,HCLTECH,EQ,767.75,771.8,776.4,767.0,773.90,772.9,772.05,1098171,847838442.0,58454,809255.0,73.69
2016-11-02,HCLTECH,EQ,772.9,765.0,773.0,763.0,764.40,764.3,766.6,1027083,787358927.1,28366,777031.0,75.65
2016-11-03,HCLTECH,EQ,764.3,765.9,769.25,760.5,760.50,763.1,764.06,1203338,919427919.25,41791,912940.0,75.87
2016-11-04,HCLTECH,EQ,763.1,763.0,799.0,763.0,793.00,794.75,783.6,2841663,2226725195.4,53809,1751575.0,61.64
2016-11-07,HCLTECH,EQ,794.75,800.0,827.5,794.9,814.00,817.2,814.67,2993787,2438938711.7,58240,1974116.0,65.94
2016-11-08,HCLTECH,EQ,817.2,811.0,815.9,791.25,807.50,809.0,804.4,1257371,1011424387.5,47875,698398.0,55.54
2016-11-09,HCLTECH,EQ,809.0,765.0,797.75,763.15,789.95,784.85,786.83,2648398,2083850403.1,68463,1559758.0,58.89
2016-11-10,HCLTECH,EQ,784.85,790.05,805.8,776.0,793.00,789.65,792.02,1822273,1443270636.65,123554,1144767.0,62.82
2016-11-11,HCLTECH,EQ,789.65,784.85,793.0,755.0,766.65,764.1,763.03,2521761,1924190453.75,66879,1604231.0,63.62
2016-11-15,HCLTECH,EQ,764.1,765.0,787.0,736.0,761.50,770.75,767.55,2628788,2017718751.1,84059,1773208.0,67.45
2016-11-16,HCLTECH,EQ,770.75,776.0,787.95,764.25,770.00,773.85,776.09,2281346,1770519720.1,50806,1489680.0,65.30
2016-11-17,HCLTECH,EQ,773.85,766.0,776.0,756.0,760.60,760.15,760.23,2688419,2043812815.7,59938,1989622.0,74.01
2016-11-18,HCLTECH,EQ,760.15,757.6,778.95,757.6,761.00,763.85,769.74,1841117,1417175952.85,93676,1381712.0,75.05
2016-11-21,HCLTECH,EQ,763.85,765.0,779.5,755.2,759.0,758.35,766.59,1077860,826279233.4,42075,507295.0,47.07
2016-11-22,HCLTECH,EQ,758.35,765.0,767.5,755.05,762.4,762.1,763.14,1031823,787430301.75,41064,652049.0,63.19
2016-11-23,HCLTECH,EQ,762.1,763.0,768.7,756.45,765.05,763.45,761.67,900878,686175533.5,30814,566574.0,62.89
2016-11-24,HCLTECH,EQ,763.45,765.0,772.65,753.0,767.15,767.8,764.86,2093744,1601424002.65,76798,1283418.0,61.3
2016-11-25,HCLTECH,EQ,767.8,771.95,812.0,770.05,799.25,801.95,798.51,2738666,2186857178.05,84767,1546507.0,56.47
2016-11-28,HCLTECH,EQ,801.95,806.0,811.15,790.35,805.0,806.05,804.12,1516524,1219469760.75,34782,877008.0,57.83
2016-11-29,HCLTECH,EQ,806.05,806.0,813.7,799.3,808.35,805.3,807.26,823680,664920326.4,33410,484693.0,58.84
2016-11-30,HCLTECH,EQ,805.3,810.0,810.45,798.0,805.0,803.8,803.68,1531730,1231027854.65,57310,1101771.0,71.93
2016-12-01,HCLTECH,EQ,803.8,803.9,806.5,792.0,804.6,803.1,799.03,1256375,1003878243.0,36374,849781.0,67.64
2016-12-02,HCLTECH,EQ,803.1,801.7,816.9,790.0,790.1,793.6,805.4,1051697,847036045.9,54030,421831.0,40.11
2016-12-05,HCLTECH,EQ,793.6,789.55,801.45,782.2,797.4,793.4,791.28,753658,596358235.15,20638,401247.0,53.24
2016-12-06,HCLTECH,EQ,793.4,798.0,801.5,778.4,779.35,780.9,789.32,778814,614732083.2,35223,498022.0,63.95
2016-12-07,HCLTECH,EQ,780.9,786.7,789.1,771.1,788.7,785.35,783.54,810851,635334342.5,37284,466887.0,57.58
2016-12-08,HCLTECH,EQ,785.35,789.0,797.0,783.0,795.4,794.85,792.35,1031818,817560304.4,44713,648998.0,62.9
2016-12-09,HCLTECH,EQ,794.85,797.0,805.9,783.25,802.5,803.3,800.48,1349777,1080464895.65,44787,673155.0,49.87
2016-12-12,HCLTECH,EQ,803.3,796.0,803.55,790.65,800.05,799.8,798.32,1505531,1201891926.95,73606,1058313.0,70.29
2016-12-13,HCLTECH,EQ,799.8,801.05,803.9,791.2,801.0,800.95,796.78,938976,748158279.85,58100,591069.0,62.95
2016-12-14,HCLTECH,EQ,800.95,806.1,824.3,796.25,822.0,820.8,814.67,1860577,1515750718.15,80698,1003772.0,53.95
2016-12-15,HCLTECH,EQ,820.8,822.0,840.0,822.0,830.0,832.15,833.52,2800815,2334542165.2,86562,1705837.0,60.91
2016-12-16,HCLTECH,EQ,832.15,835.8,835.8,815.2,820.6,820.6,820.97,1316441,1080757646.1,49244,808265.0,61.4
2016-12-19,HCLTECH,EQ,820.6,820.6,826.9,815.0,826.0,824.7,822.45,1074079,883376908.5,37947,754265.0,70.22
2016-12-20,HCLTECH,EQ,824.7,825.0,834.15,824.35,831.8,830.15,829.94,1402284,1163811033.4,62031,1041353.0,74.26
2016-12-21,HCLTECH,EQ,830.15,835.0,836.8,816.3,819.0,820.8,826.82,1031894,853195307.7,53689,655333.0,63.51
2016-12-22,HCLTECH,EQ,820.8,818.3,822.9,806.0,815.2,817.1,814.57,791257,644536634.1,20271,462613.0,58.47
2016-12-23,HCLTECH,EQ,817.1,816.0,816.0,791.0,797.25,793.75,800.24,1452634,1162462866.4,37147,911040.0,62.72
2016-12-26,HCLTECH,EQ,793.75,791.9,797.8,783.3,788.35,790.4,791.9,558575,442336730.2,22196,222351.0,39.81
2016-12-27,HCLTECH,EQ,790.4,788.9,809.9,787.0,804.0,804.85,801.95,505709,405551308.75,25032,159743.0,31.59
2016-12-28,HCLTECH,EQ,804.85,810.0,817.75,804.15,809.7,807.05,811.81,717216,582245017.0,42783,420251.0,58.59
2016-12-29,HCLTECH,EQ,807.05,807.1,824.9,805.3,823.0,819.35,818.83,1780001,1457527048.9,79405,1214559.0,68.23
2016-12-30,HCLTECH,EQ,819.35,822.0,830.0,814.9,825.2,827.95,825.08,1025942,846488974.7,50825,594519.0,57.95
2017-01-02,HCLTECH,EQ,827.95,823.0,834.0,822.3,825.75,828.5,830.02,421243,349640715.3,18472,173009.0,41.07
2017-01-03,HCLTECH,EQ,828.5,831.0,837.0,823.5,835.05,835.15,833.1,718533,598610947.3,29583,455716.0,63.42
2017-01-04,HCLTECH,EQ,835.15,835.55,860.0,833.05,859.3,856.95,851.42,2116878,1802347655.65,74651,1326824.0,62.68
2017-01-05,HCLTECH,EQ,856.95,860.0,869.75,840.1,844.55,844.65,857.14,2078807,1781837540.75,66284,1122751.0,54.01
2017-01-06,HCLTECH,EQ,844.65,835.0,840.3,806.75,813.5,814.4,816.81,2795799,2283641427.35,63347,1469371.0,52.56
2017-01-09,HCLTECH,EQ,814.4,806.5,840.15,805.95,835.2,838.3,827.04,1919794,1587752959.5,77553,1108892.0,57.76
2017-01-10,HCLTECH,EQ,838.3,842.7,844.0,834.5,837.0,837.85,838.2,1306967,1095504193.9,56683,831111.0,63.59
2017-01-11,HCLTECH,EQ,837.85,839.5,844.5,826.75,830.05,833.25,833.68,1383056,1153029227.2,61387,966833.0,69.91
2017-01-12,HCLTECH,EQ,833.25,830.05,849.9,830.05,846.05,847.7,843.95,1645278,1388530872.5,61451,1167524.0,70.96
2017-01-13,HCLTECH,EQ,847.7,850.2,857.95,838.6,845.15,850.25,850.0,2286999,1943949867.6,83673,1574367.0,68.84
2017-01-16,HCLTECH,EQ,850.25,847.9,847.9,826.8,828.4,830.55,834.05,1214669,1013091752.35,33513,848044.0,69.82
2017-01-17,HCLTECH,EQ,830.55,827.0,843.5,827.0,835.6,837.75,836.37,2049631,1714243931.55,29226,1706816.0,83.27
2017-01-18,HCLTECH,EQ,837.75,837.5,845.55,836.25,845.0,844.05,841.83,1084391,912872873.5,43522,828361.0,76.39
2017-01-19,HCLTECH,EQ,844.05,844.0,851.45,837.6,840.15,844.15,843.66,1056038,890941588.6,43207,669112.0,63.36
2017-01-20,HCLTECH,EQ,844.15,840.0,845.0,833.7,835.25,838.75,839.75,1109895,932039532.95,34452,829564.0,74.74
2017-01-23,HCLTECH,EQ,838.75,834.0,860.5,828.0,858.75,857.3,850.62,1984508,1688057848.7,54386,1387319.0,69.91
2017-01-24,HCLTECH,EQ,857.3,842.0,854.0,826.9,845.2,848.8,844.89,3695312,3122148547.55,110340,1897519.0,51.35
2017-01-25,HCLTECH,EQ,848.8,853.0,857.3,837.55,838.65,841.25,846.98,1927869,1632866675.8,57298,1252921.0,64.99
2017-01-27,HCLTECH,EQ,841.25,844.0,849.9,840.65,841.25,844.2,844.97,1349564,1140346525.35,43849,1039042.0,76.99
2017-01-30,HCLTECH,EQ,844.2,831.1,842.4,828.1,840.3,840.25,836.55,949534,794335974.1,34703,560090.0,58.99
2017-01-31,HCLTECH,EQ,840.25,835.25,837.3,787.1,804.7,811.15,809.83,4822547,3905423713.45,116281,2566160.0,53.21
2017-02-01,HCLTECH,EQ,811.15,805.0,819.5,778.65,812.0,813.95,792.96,4516615,3581513590.45,136713,2806298.0,62.13
2017-02-02,HCLTECH,EQ,813.95,814.0,834.1,810.15,822.5,827.15,824.55,1880043,1550185967.45,76103,1085361.0,57.73
2017-02-03,HCLTECH,EQ,827.15,825.0,835.7,816.85,832.0,830.75,826.46,1128529,932682776.15,36229,615351.0,54.53
2017-02-06,HCLTECH,EQ,830.75,835.0,836.5,816.6,825.0,824.1,823.99,1092538,900235770.6,48534,698589.0,63.94
2017-02-07,HCLTECH,EQ,824.1,824.0,827.7,812.0,814.4,815.7,819.89,1302540,1067939901.75,58802,864984.0,66.41
2017-02-08,HCLTECH,EQ,815.7,819.0,819.05,804.75,808.85,808.5,810.88,1412405,1145288953.4,32780,1096196.0,77.61
2017-02-09,HCLTECH,EQ,808.5,810.95,822.3,802.05,819.8,819.7,815.8,1565134,1276830438.5,60458,1001516.0,63.99
2017-02-10,HCLTECH,EQ,819.7,822.1,830.0,812.3,829.9,828.4,823.91,1775497,1462855641.35,46490,1001902.0,56.43
2017-02-13,HCLTECH,EQ,828.4,831.0,833.65,821.0,825.9,827.3,826.86,604628,499941798.05,25643,311124.0,51.46
2017-02-14,HCLTECH,EQ,827.3,829.2,834.45,824.5,831.95,832.0,830.75,1123252,933143460.5,54170,686996.0,61.16
2017-02-15,HCLTECH,EQ,832.0,832.0,838.6,822.6,830.5,830.3,832.57,997883,830803049.9,36136,536361.0,53.75
2017-02-16,HCLTECH,EQ,830.3,827.25,846.9,827.25,844.75,845.0,841.28,1720661,1447552616.9,48848,1155881.0,67.18
2017-02-17,HCLTECH,EQ,845.0,850.0,850.0,831.1,839.05,839.25,838.23,1039851,871633254.7,43887,632914.0,60.87
2017-02-20,HCLTECH,EQ,839.25,842.0,847.0,837.25,846.8,844.0,842.15,665504,560455923.1,36559,379460.0,57.02
2017-02-21,HCLTECH,EQ,844.0,844.1,862.5,844.1,849.0,851.3,855.93,1537048,1315602768.45,42063,894141.0,58.17
2017-02-22,HCLTECH,EQ,851.3,852.3,865.0,830.55,833.05,834.2,850.6,1743670,1483174029.95,71753,895347.0,51.35
2017-02-23,HCLTECH,EQ,834.2,835.0,851.0,835.0,839.9,842.85,843.74,3388092,2858682019.45,67254,2805321.0,82.8
2017-02-27,HCLTECH,EQ,842.85,844.9,851.35,836.05,840.8,839.95,844.59,1192619,1007277465.75,37840,676162.0,56.7
2017-02-28,HCLTECH,EQ,839.95,844.0,846.0,835.85,839.5,840.1,839.79,1143055,959926399.7,62229,848251.0,74.21
2017-03-01,HCLTECH,EQ,840.1,843.0,851.0,839.55,846.6,849.1,847.21,1096847,929259045.1,38342,778393.0,70.97
2017-03-02,HCLTECH,EQ,849.1,850.0,853.5,839.3,839.3,843.75,847.3,867846,735322106.35,32385,579174.0,66.74
2017-03-03,HCLTECH,EQ,843.75,844.0,854.8,835.15,850.4,852.9,846.62,856232,724903298.15,26372,545643.0,63.73
2017-03-06,HCLTECH,EQ,852.9,850.7,867.7,846.1,854.0,855.55,858.12,1542308,1323479132.4,41162,802617.0,52.04
2017-03-07,HCLTECH,EQ,855.55,861.7,861.7,852.2,856.0,857.35,856.59,747022,639894944.1,33535,495283.0,66.3
2017-03-08,HCLTECH,EQ,857.35,857.0,858.0,844.25,847.3,847.7,848.44,729264,618739351.15,41668,398991.0,54.71
2017-03-09,HCLTECH,EQ,847.7,854.0,854.0,842.35,845.0,844.35,845.46,766917,648399677.75,47709,458495.0,59.78
2017-03-10,HCLTECH,EQ,844.35,849.35,858.0,840.9,846.0,846.35,848.04,706308,598979525.45,35189,343142.0,48.58
2017-03-14,HCLTECH,EQ,846.35,865.0,865.0,850.0,852.0,853.6,855.19,1585864,1356210127.0,60861,1116242.0,70.39
2017-03-15,HCLTECH,EQ,853.6,850.5,855.9,837.25,841.15,842.9,842.03,1239266,1043497053.1,41176,853087.0,68.84
2017-03-16,HCLTECH,EQ,842.9,860.8,863.9,849.6,857.0,855.4,854.96,1845233,1577599247.2,56060,979507.0,53.08
2017-03-17,HCLTECH,EQ,855.4,857.25,871.0,853.0,866.05,865.75,865.13,1993510,1724635749.15,47266,1146144.0,57.49
2017-03-20,HCLTECH,EQ,865.75,871.95,879.0,861.15,864.0,864.35,869.24,1696484,1474655235.45,59035,933973.0,55.05
2017-03-21,HCLTECH,EQ,864.35,865.0,874.4,851.95,859.5,859.3,863.25,3683257,3179586912.45,60255,2589630.0,70.31
2017-03-22,HCLTECH,EQ,859.3,850.7,874.7,848.5,870.0,872.75,869.22,1682118,1462127414.8,53226,997069.0,59.27
2017-03-23,HCLTECH,EQ,872.75,871.05,880.0,868.95,876.0,876.65,875.57,1424139,1246929594.95,40534,900888.0,63.26
2017-03-24,HCLTECH,EQ,876.65,872.3,876.5,871.15,873.5,873.05,872.96,875510,764288273.5,39203,641001.0,73.21
2017-03-27,HCLTECH,EQ,873.05,868.0,873.2,847.05,851.65,852.15,858.73,1176930,1010661944.8,33580,861370.0,73.19
2017-03-28,HCLTECH,EQ,852.15,855.55,870.75,852.15,860.0,859.9,863.72,898111,775720583.05,45065,546608.0,60.86
2017-03-29,HCLTECH,EQ,859.9,865.4,879.5,859.6,874.0,877.6,869.01,2121269,1843409354.75,94223,1743125.0,82.17
2017-03-30,HCLTECH,EQ,877.6,870.0,881.7,865.05,870.0,875.85,874.66,1463739,1280273302.5,70770,1054771.0,72.06
2017-03-31,HCLTECH,EQ,875.85,884.0,890.15,867.0,876.0,874.75,873.1,2157290,1883532443.85,98561,1689990.0,78.34
2017-04-03,HCLTECH,EQ,874.75,874.1,878.25,858.5,864.9,866.25,865.58,937377,811374325.4,43166,566324.0,60.42
2017-04-05,HCLTECH,EQ,866.25,869.0,869.0,846.4,848.0,850.5,855.43,1789353,1530673461.65,106860,1434665.0,80.18
2017-04-06,HCLTECH,EQ,850.5,848.0,856.55,847.0,852.0,853.5,853.31,1044905,891631799.45,48321,796944.0,76.27
2017-04-07,HCLTECH,EQ,853.5,853.9,858.6,846.9,849.75,849.3,851.02,1029887,876456508.6,41740,838091.0,81.38
2017-04-10,HCLTECH,EQ,849.3,849.0,857.5,831.0,833.25,833.05,842.49,742543,625581827.75,38355,474245.0,63.87
2017-04-11,HCLTECH,EQ,833.05,835.0,838.0,826.0,835.0,833.8,830.38,1310273,1088020163.6,66693,833092.0,63.58
2017-04-12,HCLTECH,EQ,833.8,831.35,834.95,827.0,830.2,831.65,831.43,655944,545371845.9,40731,418125.0,63.74
2017-04-13,HCLTECH,EQ,831.65,832.5,832.5,805.4,812.05,809.1,817.43,1146682,937328208.5,58576,754954.0,65.84
2017-04-17,HCLTECH,EQ,809.1,800.15,817.5,800.15,810.5,810.8,811.99,702047,570052403.4,25882,364884.0,51.97
2017-04-18,HCLTECH,EQ,810.8,812.0,819.95,804.0,804.9,808.05,815.62,1014282,827266500.25,42676,731517.0,72.12
2017-04-19,HCLTECH,EQ,808.05,806.5,819.55,803.95,809.0,808.6,812.4,1318100,1070829121.75,83261,919502.0,69.76
2017-04-20,HCLTECH,EQ,808.6,810.75,815.9,808.6,814.5,814.9,812.4,539804,438537919.7,35804,338542.0,62.72
2017-04-21,HCLTECH,EQ,814.9,817.0,821.45,807.8,811.0,812.75,812.5,890155,723254518.7,41719,679501.0,76.34
2017-04-24,HCLTECH,EQ,812.75,813.0,824.0,809.25,819.25,819.55,818.25,686984,562126101.55,28705,384012.0,55.9
2017-04-25,HCLTECH,EQ,819.55,824.0,825.85,813.6,818.0,819.95,820.29,1097301,900102016.55,34699,832497.0,75.87
2017-04-26,HCLTECH,EQ,819.95,821.9,822.0,796.55,801.0,800.25,807.04,959124,774049998.25,49381,621218.0,64.77
2017-04-27,HCLTECH,EQ,800.25,797.0,820.0,796.2,809.95,809.7,809.9,2820167,2284059029.0,94528,2055183.0,72.87
2017-04-28,HCLTECH,EQ,809.7,812.9,820.0,799.75,816.15,814.1,809.9,1397069,1131489458.9,38736,819160.0,58.63
2017-05-02,HCLTECH,EQ,814.1,816.15,825.45,811.7,822.1,822.05,821.0,861366,707179486.15,46267,564726.0,65.56
2017-05-03,HCLTECH,EQ,822.05,824.95,837.5,821.0,836.0,835.1,831.45,994932,827233218.9,27341,521468.0,52.41
2017-05-04,HCLTECH,EQ,835.1,836.1,842.6,808.15,815.85,818.0,820.6,1379248,1131805391.25,36997,809420.0,58.69
2017-05-05,HCLTECH,EQ,818.0,820.95,832.0,814.3,828.0,829.6,824.66,928408,765617982.95,39184,596749.0,64.28
2017-05-08,HCLTECH,EQ,829.6,829.85,845.0,825.7,842.0,840.2,835.77,790817,660943809.35,55658,574950.0,72.7
2017-05-09,HCLTECH,EQ,840.2,845.0,854.85,839.95,849.0,849.75,849.48,907261,770699490.9,35511,581190.0,64.06
2017-05-10,HCLTECH,EQ,849.75,848.75,850.9,838.1,841.1,843.6,843.31,757706,638982329.05,28754,454680.0,60.01
2017-05-11,HCLTECH,EQ,843.6,857.8,858.8,835.6,841.45,838.7,843.14,3514917,2963566864.4,88032,1814952.0,51.64
2017-05-12,HCLTECH,EQ,838.7,840.0,848.2,839.05,847.5,847.65,844.58,1647701,1391621133.9,40459,976305.0,59.25
2017-05-15,HCLTECH,EQ,847.65,848.5,850.0,845.0,847.05,848.55,848.03,687573,583084609.8,29220,448638.0,65.25
2017-05-16,HCLTECH,EQ,848.55,850.0,856.1,848.05,849.45,849.6,850.72,2974402,2530396007.0,53670,2232245.0,75.05
2017-05-17,HCLTECH,EQ,849.6,852.0,855.3,842.2,853.95,853.55,848.96,1373559,1166099804.85,46317,1077035.0,78.41
2017-05-18,HCLTECH,EQ,853.55,850.85,872.25,844.25,845.65,848.4,858.17,3658681,3139776031.15,58110,2463654.0,67.34
2017-05-19,HCLTECH,EQ,848.4,853.0,854.5,844.1,845.0,844.7,846.76,1448031,1226127530.3,74734,1101178.0,76.05
2017-05-22,HCLTECH,EQ,844.7,850.0,862.25,848.0,859.0,857.45,856.62,2892269,2477562579.25,75004,2199505.0,76.05
2017-05-23,HCLTECH,EQ,857.45,863.0,870.8,859.15,864.85,864.9,864.34,3213521,2777568213.65,104052,2516461.0,78.31
2017-05-24,HCLTECH,EQ,864.9,854.9,857.95,840.0,852.25,854.85,850.2,2016518,1714447587.05,74903,1294401.0,64.19
2017-05-25,HCLTECH,EQ,854.85,860.25,867.5,852.6,859.0,859.6,860.43,2948039,2536574986.75,66734,1828944.0,62.04
2017-05-26,HCLTECH,EQ,859.6,857.7,866.0,855.45,858.05,859.1,860.31,1302415,1120478486.25,74293,973969.0,74.78
2017-05-29,HCLTECH,EQ,859.1,858.9,872.0,851.45,864.9,864.45,864.11,1843315,1592819376.25,42028,1226519.0,66.54
2017-05-30,HCLTECH,EQ,864.45,864.45,871.95,852.95,870.0,868.15,863.0,1413415,1219779595.3,43911,1047064.0,74.08
2017-05-31,HCLTECH,EQ,868.15,864.1,869.3,858.25,860.0,864.25,864.74,2873557,2484885688.85,103671,2233177.0,77.71
2017-06-01,HCLTECH,EQ,864.25,863.0,871.0,859.15,863.0,862.25,864.48,921583,796692565.2,49078,674337.0,73.17
2017-06-02,HCLTECH,EQ,862.25,862.8,869.7,853.7,857.0,857.9,862.84,1111787,959298154.9,24197,839149.0,75.48
2017-06-05,HCLTECH,EQ,857.9,856.0,866.9,856.0,858.0,858.7,859.55,1408309,1210517223.25,41790,1134468.0,80.56
2017-06-06,HCLTECH,EQ,858.7,875.5,909.6,866.1,887.65,889.45,892.48,6626885,5914393113.35,137280,3704576.0,55.9
2017-06-07,HCLTECH,EQ,889.45,893.35,894.9,864.55,879.0,880.5,878.96,3366974,2959438851.05,90381,1851201.0,54.98
2017-06-08,HCLTECH,EQ,880.5,880.0,880.4,865.0,866.0,868.35,869.84,1415310,1231089911.9,39217,1051749.0,74.31
2017-06-09,HCLTECH,EQ,868.35,866.55,872.9,856.6,859.2,860.75,864.4,1350514,1167384981.15,52094,879060.0,65.09
2017-06-12,HCLTECH,EQ,860.75,862.8,868.65,852.05,867.4,865.55,860.98,1032713,889143481.25,32381,466696.0,45.19
2017-06-13,HCLTECH,EQ,865.55,862.0,864.9,842.3,846.0,847.15,853.59,1243895,1061780770.8,64083,834947.0,67.12
2017-06-14,HCLTECH,EQ,847.15,849.5,856.05,841.0,852.6,853.65,847.61,900768,763499121.5,48505,493569.0,54.79
2017-06-15,HCLTECH,EQ,853.65,853.0,853.0,841.5,845.7,844.4,843.65,1773645,1496329770.5,45959,1364604.0,76.94
2017-06-16,HCLTECH,EQ,844.4,842.0,847.0,835.0,836.65,839.0,838.42,1912330,1603342536.75,62033,1470047.0,76.87
2017-06-19,HCLTECH,EQ,839.0,839.5,845.9,830.3,845.2,842.5,837.9,845428,708386681.45,41612,560161.0,66.26
2017-06-20,HCLTECH,EQ,842.5,845.0,855.05,843.0,854.15,854.25,851.26,1041129,886267446.05,40333,582663.0,55.96
2017-06-21,HCLTECH,EQ,854.25,854.0,854.0,838.1,843.0,843.45,842.68,909654,766550383.75,41735,550791.0,60.55
2017-06-22,HCLTECH,EQ,843.45,849.0,854.0,836.2,847.15,849.15,847.68,1447792,1227258695.9,43686,1017696.0,70.29
2017-06-23,HCLTECH,EQ,849.15,850.0,858.0,842.35,851.0,851.85,851.38,1080944,920289300.55,37357,665117.0,61.53
2017-06-27,HCLTECH,EQ,851.85,852.0,859.0,833.2,836.0,840.2,847.85,1092395,926186598.4,55938,784738.0,71.84
2017-06-28,HCLTECH,EQ,840.2,838.5,857.25,833.3,846.05,848.4,848.27,1238382,1050482877.7,42324,608440.0,49.13
2017-06-29,HCLTECH,EQ,848.4,851.9,857.0,842.5,849.5,847.6,847.86,1492110,1265105373.25,36773,892544.0,59.82
2017-06-30,HCLTECH,EQ,847.6,848.45,855.95,838.4,851.4,850.9,847.11,1128557,956013821.95,43676,861263.0,76.32
2017-07-03,HCLTECH,EQ,850.9,852.0,853.95,832.3,839.8,838.15,837.27,1976838,1655149381.0,82542,1160687.0,58.71
2017-07-04,HCLTECH,EQ,838.15,848.4,849.95,838.0,841.1,841.55,842.09,990750,834302970.05,25566,597151.0,60.27
2017-07-05,HCLTECH,EQ,841.55,839.0,841.2,835.1,838.0,837.5,838.4,1210254,1014681423.8,53663,886209.0,73.23
2017-07-06,HCLTECH,EQ,837.5,840.0,842.4,835.7,840.55,840.65,839.68,686530,576465234.85,20490,504524.0,73.49
2017-07-07,HCLTECH,EQ,840.65,840.5,840.5,828.8,832.0,831.9,832.01,1151617,958153517.9,43966,841518.0,73.07
2017-07-10,HCLTECH,EQ,831.9,834.0,856.85,830.1,848.55,849.65,846.64,234294,198361677.0,4274,99861.0,42.62
2017-07-11,HCLTECH,EQ,849.65,845.65,869.0,845.65,850.0,850.65,858.0,1496700,1284163046.3,37920,806956.0,53.92
2017-07-12,HCLTECH,EQ,850.65,850.1,858.5,846.05,856.05,854.0,851.0,602978,513136503.45,44329,422090.0,70.0
2017-07-13,HCLTECH,EQ,854.0,856.1,863.9,855.5,859.5,858.6,860.37,956409,822867012.65,31337,669476.0,70.0
2017-07-14,HCLTECH,EQ,858.6,860.0,860.4,845.05,850.0,850.35,850.17,644058,547559041.45,26324,395837.0,61.46
2017-07-17,HCLTECH,EQ,850.35,849.0,870.0,843.9,868.95,868.1,862.84,909007,784324063.7,49203,547236.0,60.2
2017-07-18,HCLTECH,EQ,868.1,869.1,884.3,868.35,880.25,880.7,877.38,988689,867451637.4,46488,543853.0,55.01
2017-07-19,HCLTECH,EQ,880.7,885.0,899.6,885.0,898.7,895.4,893.51,1456444,1301353545.9,45301,936916.0,64.33
2017-07-20,HCLTECH,EQ,895.4,899.0,899.0,882.4,884.0,885.65,887.64,806884,716225383.5,22321,572845.0,70.99
2017-07-21,HCLTECH,EQ,885.65,884.0,908.0,884.0,902.6,904.95,902.72,1241810,1121006710.15,37012,598221.0,48.17
2017-07-24,HCLTECH,EQ,904.95,904.95,912.0,901.2,902.2,907.4,907.31,1502220,1362984733.3,38823,1076562.0,71.66
2017-07-25,HCLTECH,EQ,907.4,902.0,904.9,886.0,897.0,895.05,892.63,1792333,1599893298.15,66968,1346675.0,75.14
2017-07-26,HCLTECH,EQ,895.05,893.0,903.5,884.0,888.0,892.7,892.5,1511857,1349333847.8,33807,848968.0,56.15
2017-07-27,HCLTECH,EQ,892.7,903.0,928.0,885.35,899.0,890.25,907.89,4659826,4230615153.75,79071,1713584.0,36.77
2017-07-28,HCLTECH,EQ,890.25,888.0,896.9,841.0,891.0,893.1,886.22,1521381,1348272744.25,43090,718612.0,47.23
2017-07-31,HCLTECH,EQ,893.1,888.0,898.0,878.45,890.6,892.9,887.99,947283,841177479.65,44889,562443.0,59.37
2017-08-01,HCLTECH,EQ,892.9,889.0,898.0,878.0,888.0,884.2,882.67,1332277,1175963943.6,49241,894518.0,67.14
2017-08-02,HCLTECH,EQ,884.2,888.0,893.0,876.9,881.0,882.0,887.56,829090,735865722.4,33291,558135.0,67.32
2017-08-03,HCLTECH,EQ,882.0,882.2,884.4,870.95,875.3,875.75,876.27,1272005,1114619376.05,69279,890353.0,70.0
2017-08-04,HCLTECH,EQ,875.75,875.0,894.5,873.1,888.8,890.65,886.68,570710,506036988.4,43754,309923.0,54.3
2017-08-07,HCLTECH,EQ,890.65,890.0,894.7,881.4,886.0,886.0,885.86,823485,729488682.65,36779,639105.0,77.61
2017-08-08,HCLTECH,EQ,886.0,882.6,885.4,876.1,882.5,882.0,880.98,865948,762886364.4,42682,644740.0,74.45
2017-08-09,HCLTECH,EQ,882.0,871.0,884.65,871.0,879.45,878.75,879.13,535846,471076167.55,31193,307128.0,57.32
2017-08-10,HCLTECH,EQ,878.75,873.05,886.0,870.8,886.0,882.9,878.84,846537,743974435.45,46646,561149.0,66.29
2017-08-11,HCLTECH,EQ,882.9,878.1,889.2,864.55,871.0,872.3,872.03,1692430,1475851752.5,71544,1165152.0,68.84
2017-08-14,HCLTECH,EQ,872.3,873.0,878.4,856.05,862.0,860.1,867.49,404049,350507672.0,21082,199033.0,49.26
2017-08-16,HCLTECH,EQ,860.1,864.0,868.65,851.0,866.9,864.5,858.44,1125005,965749561.95,29381,833655.0,74.1
2017-08-17,HCLTECH,EQ,864.5,872.4,875.1,860.75,873.35,871.4,870.1,801175,697099249.4,33883,431964.0,53.92
2017-08-18,HCLTECH,EQ,871.4,873.85,884.7,863.55,876.0,876.25,877.21,1064955,934185147.35,52276,674528.0,63.34
2017-08-21,HCLTECH,EQ,876.25,877.75,885.0,870.2,871.5,874.05,877.87,669837,588030523.35,33935,454772.0,67.89
2017-08-22,HCLTECH,EQ,874.05,881.0,886.25,873.3,877.3,875.85,879.98,753231,662830748.35,41372,477870.0,63.44
2017-08-23,HCLTECH,EQ,875.85,877.9,882.95,863.0,882.5,880.0,872.47,754889,658618373.5,36863,522921.0,69.27
2017-08-24,HCLTECH,EQ,880.0,884.0,884.0,866.0,866.2,867.5,872.27,812123,708389160.95,42616,602804.0,74.23
2017-08-28,HCLTECH,EQ,867.5,868.3,874.55,857.85,869.7,867.65,869.01,896254,778855092.0,37719,651853.0,72.73
2017-08-29,HCLTECH,EQ,867.65,868.0,869.6,850.0,851.15,852.55,852.91,972794,829709657.25,46355,628493.0,64.61
2017-08-30,HCLTECH,EQ,852.55,857.0,858.0,843.25,852.0,849.2,847.08,1693925,1434885515.05,72535,1225071.0,72.32
2017-08-31,HCLTECH,EQ,849.2,850.0,870.4,840.2,855.0,865.3,856.22,2509541,2148711233.45,72861,1927946.0,76.82
2017-09-01,HCLTECH,EQ,865.3,863.6,885.0,855.0,867.65,865.75,862.23,800259,690005468.6,43786,425518.0,53.17
2017-09-04,HCLTECH,EQ,865.75,873.9,873.9,857.0,857.5,860.6,863.21,574971,496320300.75,22212,277757.0,48.31
2017-09-05,HCLTECH,EQ,860.6,858.0,862.5,848.4,860.0,859.9,856.3,547807,469086207.6,22337,297319.0,54.27
2017-09-06,HCLTECH,EQ,859.9,863.0,872.0,846.2,852.0,851.05,860.43,829386,713632555.8,26371,274543.0,33.1
2017-09-07,HCLTECH,EQ,851.05,857.4,863.7,851.25,858.05,859.3,854.12,1474659,1259531953.15,58447,880589.0,59.71
2017-09-08,HCLTECH,EQ,859.3,866.9,869.5,856.1,859.8,859.5,863.16,1160052,1001310764.65,51309,800346.0,68.99
2017-09-11,HCLTECH,EQ,859.5,862.0,867.3,852.0,862.45,860.7,860.22,719804,619188205.15,26176,492183.0,68.38
2017-09-12,HCLTECH,EQ,860.7,867.0,867.0,856.15,862.0,864.05,860.68,849369,731035919.2,17219,670132.0,78.9
2017-09-13,HCLTECH,EQ,864.05,864.0,875.0,861.7,874.1,871.3,867.83,1118654,970796782.15,38710,798503.0,71.38
2017-09-14,HCLTECH,EQ,871.3,876.0,882.05,871.3,881.1,880.8,879.08,1163826,1023101400.8,36318,806610.0,69.31
2017-09-15,HCLTECH,EQ,880.8,881.8,893.35,868.3,891.0,887.05,882.58,1751190,1545573874.8,60925,1325254.0,75.68
2017-09-18,HCLTECH,EQ,887.05,890.0,898.5,889.0,896.3,897.35,896.57,680969,610533143.65,36891,495569.0,72.77
2017-09-19,HCLTECH,EQ,897.35,898.0,898.0,889.25,892.0,893.65,893.09,547863,489289853.55,13030,369479.0,67.44
2017-09-20,HCLTECH,EQ,893.65,895.0,896.65,885.0,890.0,889.45,889.81,896483,797700565.3,30217,722504.0,80.59
2017-09-21,HCLTECH,EQ,889.45,890.8,894.0,869.05,871.95,870.3,875.46,2598761,2275122490.25,54086,2210014.0,85.04
2017-09-22,HCLTECH,EQ,870.3,870.0,890.0,869.6,882.9,884.45,884.38,3140767,2777627550.4,56591,2400698.0,76.44
2017-09-25,HCLTECH,EQ,884.45,880.0,884.0,870.1,874.0,874.05,875.63,1775448,1554627574.7,78481,1380887.0,77.78
2017-09-26,HCLTECH,EQ,874.05,878.9,886.9,864.3,871.9,873.65,873.06,1723425,1504658769.85,82469,1333283.0,77.36
2017-09-27,HCLTECH,EQ,873.65,875.95,880.95,872.1,873.0,874.65,874.86,1270941,1111897435.25,53242,1011234.0,79.57
2017-09-28,HCLTECH,EQ,874.65,874.65,880.75,861.65,880.0,875.2,874.41,3096534,2707625238.45,100729,2557301.0,82.59
2017-09-29,HCLTECH,EQ,875.2,877.0,886.25,866.7,871.0,874.8,873.66,1180135,1031041598.4,54643,781832.0,66.25
2017-10-03,HCLTECH,EQ,874.8,878.45,887.45,876.75,884.0,882.55,882.32,1342122,1184185036.8,80474,1050838.0,78.3
2017-10-04,HCLTECH,EQ,882.55,883.9,888.45,878.0,886.05,886.6,884.81,620450,548977360.5,22028,421714.0,67.97
2017-10-05,HCLTECH,EQ,886.6,888.0,901.7,885.15,894.0,893.15,897.93,1776088,1594795807.4,33979,1257929.0,70.83
2017-10-06,HCLTECH,EQ,893.15,887.8,909.0,887.8,904.95,907.9,906.19,1820474,1649700142.7,74400,1557432.0,85.55
2017-10-09,HCLTECH,EQ,907.9,907.75,907.75,897.45,902.0,902.8,902.88,603231,544645388.6,14371,301420.0,49.97
2017-10-10,HCLTECH,EQ,902.8,905.0,917.0,897.1,899.1,899.6,909.12,1711580,1556035732.95,51791,1329789.0,77.69
2017-10-11,HCLTECH,EQ,899.6,899.5,916.0,899.5,909.95,908.95,909.23,2168747,1971892048.3,62680,1676255.0,77.29
2017-10-12,HCLTECH,EQ,908.95,912.0,920.0,906.3,917.0,916.0,915.63,1038312,950710743.95,36076,639728.0,61.61
2017-10-13,HCLTECH,EQ,916.0,919.75,936.0,913.9,929.3,926.5,924.31,1105342,1021684079.25,56097,829732.0,75.07
2017-10-16,HCLTECH,EQ,926.5,926.5,932.9,920.0,923.7,923.0,924.79,825577,763482102.6,44860,604110.0,73.17
2017-10-17,HCLTECH,EQ,923.0,918.3,933.85,918.3,923.0,923.3,924.79,480212,444093411.85,29010,297446.0,61.94
2017-10-18,HCLTECH,EQ,923.3,926.0,931.0,917.8,923.0,923.7,924.05,580343,536265229.85,31321,425830.0,73.38
2017-10-19,HCLTECH,EQ,923.7,916.6,926.0,916.6,924.0,922.3,921.33,29194,26897289.75,1220,10746.0,36.81
2017-10-23,HCLTECH,EQ,922.3,922.8,943.8,922.1,940.0,937.25,936.06,1798697,1683683199.7,65027,1373623.0,76.37
2017-10-24,HCLTECH,EQ,937.25,939.0,939.5,908.05,912.9,914.55,922.36,1577826,1455327710.05,66126,1190837.0,75.47
2017-10-25,HCLTECH,EQ,914.55,894.4,924.0,876.0,903.15,907.05,898.99,3073840,2763336484.6,72709,1615155.0,52.55
2017-10-26,HCLTECH,EQ,907.05,906.75,910.0,858.0,865.0,869.05,870.12,5782571,5031518761.65,119822,4313860.0,74.6
2017-10-27,HCLTECH,EQ,869.05,870.05,871.8,852.25,856.95,854.95,860.92,2296184,1976823374.95,61513,1471512.0,64.09
2017-10-30,HCLTECH,EQ,854.95,860.0,863.45,832.0,838.75,836.35,841.06,3625726,3049439395.7,58912,2857926.0,78.82
2017-10-31,HCLTECH,EQ,836.35,840.0,860.65,837.0,855.3,855.8,852.06,1479364,1260505811.9,65548,854770.0,57.78
2017-11-01,HCLTECH,EQ,855.8,860.0,860.65,838.0,841.0,840.65,843.39,1628831,1373746793.95,50525,1199019.0,73.61
2017-11-02,HCLTECH,EQ,840.65,844.4,860.0,841.15,858.05,857.9,854.09,1482841,1266472923.35,83311,1069190.0,72.1
2017-11-03,HCLTECH,EQ,857.9,860.0,860.0,844.95,848.2,847.15,849.48,1380586,1172775471.9,34713,1116473.0,80.87
2017-11-06,HCLTECH,EQ,847.15,852.0,855.25,837.6,843.95,845.05,843.57,1136684,958867929.95,43831,736497.0,64.79
2017-11-07,HCLTECH,EQ,845.05,850.0,880.0,844.3,877.0,876.75,871.88,2980306,2598470295.6,115102,1657547.0,55.62
2017-11-08,HCLTECH,EQ,876.75,882.0,884.75,865.35,877.35,878.6,872.29,1910907,1666861548.0,66820,1480550.0,77.48
2017-11-09,HCLTECH,EQ,878.6,879.5,888.45,872.45,878.0,875.95,880.15,800226,704322510.85,31012,474918.0,59.35
2017-11-10,HCLTECH,EQ,875.95,880.95,880.95,862.7,868.8,867.05,867.16,1535400,1331433031.1,74605,1277181.0,83.18
2017-11-13,HCLTECH,EQ,867.05,864.5,878.4,864.5,870.0,869.5,870.23,2661020,2315694001.65,88399,2339164.0,87.9
2017-11-14,HCLTECH,EQ,869.5,868.0,884.85,866.1,869.5,869.8,873.73,1006447,879358706.25,66261,612497.0,60.86
2017-11-15,HCLTECH,EQ,869.8,877.0,877.0,846.0,848.0,848.35,853.44,1561073,1332286732.35,58675,1125806.0,72.12
2017-11-16,HCLTECH,EQ,848.35,849.7,858.7,838.7,853.0,851.9,849.56,1090535,926478276.65,56932,618771.0,56.74
2017-11-17,HCLTECH,EQ,851.9,848.9,856.2,838.5,840.2,840.0,843.57,1548494,1306268823.8,48982,1103911.0,71.29
2017-11-20,HCLTECH,EQ,840.0,843.0,848.45,836.9,842.75,842.15,841.11,1130239,950658012.75,41797,737183.0,65.22
2017-11-21,HCLTECH,EQ,842.15,843.1,846.2,835.1,840.0,837.7,838.03,1493571,1251653337.85,50251,1112286.0,74.47
2017-11-22,HCLTECH,EQ,837.7,838.55,844.3,834.4,841.0,842.15,838.99,1134718,952021244.8,33255,772695.0,68.1
2017-11-23,HCLTECH,EQ,842.15,848.0,856.0,842.2,853.0,853.7,851.75,1166224,993330773.8,33986,626874.0,53.75
2017-11-24,HCLTECH,EQ,853.7,855.0,863.5,855.0,860.0,858.4,859.18,823378,707430606.55,31934,449918.0,54.64
2017-11-27,HCLTECH,EQ,858.40,857.50,863.00,853.10,862.10,860.70,858.15,796370,683408160.9,34159,479693.0,60.23
2017-11-28,HCLTECH,EQ,860.70,861.00,864.05,856.80,858.00,859.25,859.45,1054325,906141977.05,44821,820411.0,77.81
2017-11-29,HCLTECH,EQ,859.25,860.00,862.95,846.15,850.00,853.15,855.66,761835,651874488.1,24381,546997.0,71.8
2017-11-30,HCLTECH,EQ,853.15,850.00,857.90,842.30,846.10,848.00,848.63,3411303,2894950364.25,111371,2462168.0,72.18
2017-12-01,HCLTECH,EQ,848.00,847.00,849.95,827.10,832.15,830.00,835.19,1384262,1156127107.3,52187,905889.0,65.44
2017-12-04,HCLTECH,EQ,830.00,836.00,849.70,824.85,848.90,847.95,842.08,896884,755250646.55,54077,578193.0,64.47
2017-12-05,HCLTECH,EQ,847.95,847.90,852.90,839.10,843.50,848.00,846.78,990049,838353553.55,22007,643637.0,65.01
2017-12-06,HCLTECH,EQ,848.00,845.50,860.15,845.00,856.05,858.60,854.15,1589728,1357869666.4,69192,1214248.0,76.38
2017-12-07,HCLTECH,EQ,858.60,860.15,867.00,853.60,865.30,863.50,860.05,1225073,1053618530.0,55802,783798.0,63.98
2017-12-08,HCLTECH,EQ,863.50,869.70,872.80,863.40,870.90,870.45,869.29,869923,756218667.65,44104,665853.0,76.54
2017-12-11,HCLTECH,EQ,870.45,874.50,882.00,871.75,881.00,880.00,877.90,798504,701009054.85,54151,572656.0,71.72
2017-12-12,HCLTECH,EQ,880.00,881.00,881.80,870.25,873.95,875.20,875.68,1460812,1279200057.05,56508,1069990.0,73.25
2017-12-13,HCLTECH,EQ,875.20,870.00,873.55,863.05,866.20,866.35,866.24,4304970,3729137054.15,60913,3644666.0,84.66
2017-12-14,HCLTECH,EQ,866.35,863.00,885.05,862.20,883.95,882.85,878.38,3182520,2795468982.15,92603,2543162.0,79.91
2017-12-15,HCLTECH,EQ,882.85,888.90,896.45,885.00,891.85,891.80,891.49,2234611,1992129512.65,115333,1755013.0,78.54
2017-12-18,HCLTECH,EQ,891.80,888.10,891.75,875.75,880.65,885.00,885.31,1307831,1157832503.25,81210,972268.0,74.34
2017-12-19,HCLTECH,EQ,885.00,889.00,889.00,865.00,872.00,869.45,870.82,1985594,1729086392.7,50647,1294335.0,65.19
2017-12-20,HCLTECH,EQ,869.45,870.00,875.00,864.00,870.25,869.85,870.22,1054872,917972010.85,59103,668106.0,63.34
2017-12-21,HCLTECH,EQ,869.85,874.00,892.00,871.45,888.00,890.25,884.36,1429683,1264355387.5,61393,920080.0,64.36
2017-12-22,HCLTECH,EQ,890.25,891.00,892.90,878.10,885.00,886.90,885.11,1052037,931166580.75,49244,601894.0,57.21
2017-12-26,HCLTECH,EQ,886.90,882.10,893.30,882.05,886.05,888.45,887.70,1063568,944128289.95,22525,612195.0,57.56
2017-12-27,HCLTECH,EQ,888.45,886.00,891.60,880.55,882.00,883.65,884.94,400810,354694704.7,23089,186614.0,46.56
2017-12-28,HCLTECH,EQ,883.65,882.00,890.85,875.60,877.85,878.30,879.41,1159863,1019995712.1,45871,717086.0,61.83
2017-12-29,HCLTECH,EQ,878.30,878.30,901.75,875.00,895.95,890.50,891.16,1546925,1378556459.4,40882,980177.0,63.36
2018-01-01,HCLTECH,EQ,890.50,889.00,890.70,875.95,876.90,878.70,880.44,643144,566249302.05,11023,416670.0,64.79
2018-01-02,HCLTECH,EQ,878.70,876.90,895.00,876.85,894.00,892.80,888.24,953259,846726146.6,51942,571594.0,59.96
2018-01-03,HCLTECH,EQ,892.80,893.00,907.80,893.00,896.00,897.30,901.75,1291953,1165024291.6,64270,733499.0,56.77
2018-01-04,HCLTECH,EQ,897.30,896.00,899.45,883.05,893.15,893.10,888.67,596730,530295125.3,30336,342585.0,57.41
2018-01-05,HCLTECH,EQ,893.10,888.25,903.00,882.30,899.50,900.05,896.74,746146,669098701.45,45776,402733.0,53.98
2018-01-08,HCLTECH,EQ,900.05,900.15,903.40,895.10,896.15,900.50,899.02,1176584,1057772722.85,57038,954078.0,81.09
2018-01-09,HCLTECH,EQ,900.50,900.50,902.85,885.00,893.70,893.85,892.00,1252135,1116903661.0,72608,861376.0,68.79
2018-01-10,HCLTECH,EQ,893.85,892.00,918.00,891.10,915.90,915.85,906.26,1700286,1540897747.25,82980,1030753.0,60.62
2018-01-11,HCLTECH,EQ,915.85,919.00,924.90,910.05,914.00,916.90,918.48,2121723,1948757527.5,77416,1644978.0,77.53
2018-01-12,HCLTECH,EQ,916.90,918.50,928.00,912.25,926.75,925.90,921.46,990349,912569031.15,45381,607549.0,61.35
2018-01-15,HCLTECH,EQ,925.90,925.00,931.10,905.50,909.85,909.25,914.44,1268243,1159730467.4,46713,886604.0,69.91
2018-01-16,HCLTECH,EQ,909.25,914.10,955.00,910.00,949.30,949.25,946.80,4481702,4243262297.7,84602,2731752.0,60.95
2018-01-17,HCLTECH,EQ,949.25,950.00,963.60,943.30,955.00,952.85,954.27,2749461,2623716315.65,95457,1936871.0,70.45
2018-01-18,HCLTECH,EQ,952.85,953.00,959.65,940.50,957.25,954.25,952.13,934750,890001605.45,42013,491883.0,52.62
2018-01-19,HCLTECH,EQ,954.25,957.00,967.00,946.15,958.30,958.30,957.42,2374219,2273115552.05,68227,1195313.0,50.35
2018-01-22,HCLTECH,EQ,958.30,960.00,974.90,945.00,972.00,966.35,955.50,2215659,2117058621.7,60848,1325928.0,59.84
2018-01-23,HCLTECH,EQ,966.35,969.95,"1,000.00",968.55,994.90,995.35,988.89,2507601,2479737224.0,73593,1563928.0,62.37
2018-01-24,HCLTECH,EQ,995.35,994.00,"1,040.70",992.00,"1,020.00","1,018.45","1,021.46",4634888,4734354679.9,158184,2689213.0,58.02
2018-01-25,HCLTECH,EQ,"1,018.45","1,018.80","1,020.00",990.05,"1,020.00","1,009.55","1,005.45",2653727,2668184643.8,69123,1776445.0,66.94
2018-01-29,HCLTECH,EQ,"1,009.55","1,010.00","1,021.00","1,005.05","1,005.75","1,012.05","1,015.15",2006648,2037047218.2,77146,1427424.0,71.13
2018-01-30,HCLTECH,EQ,"1,012.05","1,017.50","1,017.50",998.00,"1,000.00","1,000.40","1,002.93",1355676,1359653985.5,40486,864658.0,63.78
2018-01-31,HCLTECH,EQ,"1,000.40",999.95,"1,017.90",981.70,984.05,986.55,997.58,1610572,1606671902.35,44282,736833.0,45.75
2018-02-01,HCLTECH,EQ,986.55,982.10,"1,014.95",969.00,991.85,984.90,990.26,1527829,1512946531.9,47039,734145.0,48.05
2018-02-02,HCLTECH,EQ,984.90,980.00,"1,007.70",977.85,991.25,990.90,992.30,1672528,1659649906.25,53983,784986.0,46.93
2018-02-05,HCLTECH,EQ,990.90,990.00,"1,001.80",980.00,992.30,993.15,990.30,1088789,1078232309.4,61662,526701.0,48.37
2018-02-06,HCLTECH,EQ,993.15,964.95,968.75,948.05,952.30,953.85,955.47,1655497,1581769849.2,52230,1114258.0,67.31
2018-02-07,HCLTECH,EQ,953.85,958.20,959.00,922.00,938.25,938.55,936.93,2025848,1898080595.3,90362,912319.0,45.03
2018-02-08,HCLTECH,EQ,938.55,945.75,963.00,937.50,942.30,944.35,952.32,1448268,1379216596.1,48753,846605.0,58.46
2018-02-09,HCLTECH,EQ,944.35,935.00,970.60,922.55,965.50,964.00,952.42,1728253,1646014728.85,69931,997536.0,57.72
2018-02-12,HCLTECH,EQ,964.00,965.50,972.75,937.35,940.00,939.15,945.95,1487794,1407373907.35,50589,879235.0,59.1
2018-02-14,HCLTECH,EQ,939.15,939.80,959.80,930.30,934.00,937.80,947.48,1444766,1368891814.2,51442,828247.0,57.33
2018-02-15,HCLTECH,EQ,937.80,944.00,949.65,932.00,941.00,939.70,940.81,1140921,1073389051.15,20082,638336.0,55.95
2018-02-16,HCLTECH,EQ,939.70,945.00,970.95,931.00,933.00,937.10,952.34,2849070,2713282299.75,77819,1273367.0,44.69
2018-02-19,HCLTECH,EQ,937.10,937.85,939.70,900.10,914.00,914.20,915.30,1462773,1338874108.4,41425,720014.0,49.22
2018-02-20,HCLTECH,EQ,914.20,916.00,925.20,905.00,908.05,907.45,913.40,1231401,1124757979.15,41010,798049.0,64.81
2018-02-21,HCLTECH,EQ,907.45,918.00,947.80,912.00,945.00,942.90,931.47,2784756,2593906469.15,87368,1592802.0,57.2
2018-02-22,HCLTECH,EQ,942.90,943.00,963.00,931.55,945.05,941.00,948.39,4093287,3882023469.25,90899,2210517.0,54.0
2018-02-23,HCLTECH,EQ,941.00,948.90,967.90,942.90,953.00,955.60,959.09,2837583,2721498649.85,102834,1689578.0,59.54
2018-02-26,HCLTECH,EQ,955.60,955.90,965.10,943.05,948.95,946.05,955.98,1056056,1009567539.15,51904,581901.0,55.1
2018-02-27,HCLTECH,EQ,946.05,953.00,958.60,944.00,952.00,949.90,950.68,1439714,1368710409.3,48870,921654.0,64.02
2018-02-28,HCLTECH,EQ,949.90,954.90,958.35,935.80,941.00,940.30,945.28,2559774,2419703331.7,96290,1681296.0,65.68
2018-03-01,HCLTECH,EQ,940.30,943.80,952.45,938.00,942.30,942.80,945.10,1386115,1310022221.25,50358,783956.0,56.56
2018-03-05,HCLTECH,EQ,942.80,942.80,944.65,917.80,937.90,932.10,925.64,1873852,1734506956.65,94555,1253930.0,66.92
2018-03-06,HCLTECH,EQ,932.10,938.00,953.00,926.50,931.00,932.80,944.32,1464878,1383319912.85,55262,753143.0,51.41
2018-03-07,HCLTECH,EQ,932.80,938.00,952.80,933.80,950.00,949.55,947.56,2847610,2698282758.4,65111,1801946.0,63.28
2018-03-08,HCLTECH,EQ,949.55,953.00,964.00,945.55,949.50,950.65,954.89,2119175,2023584983.85,91375,1066333.0,50.32
2018-03-09,HCLTECH,EQ,950.65,950.00,955.85,940.00,945.30,943.00,948.92,732364,694951459.95,49856,342198.0,46.73
2018-03-12,HCLTECH,EQ,943.00,950.00,976.00,949.00,967.50,967.65,969.98,2473118,2398880435.75,111161,1224317.0,49.5
2018-03-13,HCLTECH,EQ,967.65,967.65,969.00,945.60,960.00,957.00,958.62,1256754,1204752950.85,43568,673307.0,53.58
2018-03-14,HCLTECH,EQ,957.00,962.00,968.15,960.00,965.00,965.05,964.44,1177041,1135187764.85,43811,750059.0,63.72
2018-03-15,HCLTECH,EQ,965.05,968.00,972.60,955.25,957.15,959.15,960.42,1295077,1243819423.3,23434,961528.0,74.24
2018-03-16,HCLTECH,EQ,959.15,960.00,979.55,947.05,962.20,967.60,963.58,4741036,4568372667.6,107529,3787859.0,79.9
2018-03-19,HCLTECH,EQ,967.60,962.70,963.60,921.00,923.00,926.50,937.89,1659374,1556318082.2,59994,1051977.0,63.4
2018-03-20,HCLTECH,EQ,926.50,925.00,947.75,915.60,940.85,937.20,934.68,1853893,1732804943.55,88108,1022440.0,55.15
2018-03-21,HCLTECH,EQ,937.20,945.00,949.90,926.45,940.10,937.35,939.20,1909490,1793399338.05,90636,1240553.0,64.97
2018-03-22,HCLTECH,EQ,937.35,941.00,948.90,925.00,927.00,930.55,934.70,1547643,1446583938.1,94630,951400.0,61.47
2018-03-23,HCLTECH,EQ,930.55,905.00,960.55,903.55,956.60,957.40,945.14,2739036,2588776567.15,81571,1244391.0,45.43
2018-03-26,HCLTECH,EQ,957.40,957.20,971.00,945.00,966.60,967.05,962.73,1785668,1719120237.1,43156,732596.0,41.03
2018-03-27,HCLTECH,EQ,967.05,975.00,978.90,954.50,970.05,972.05,967.32,1247600,1206825455.85,41319,597343.0,47.88
2018-03-28,HCLTECH,EQ,972.05,961.55,981.60,955.05,966.30,968.60,967.10,2310086,2234082739.45,66777,1362334.0,58.97
2018-04-02,HCLTECH,EQ,968.60,966.30,984.90,964.80,983.70,979.50,973.26,647823,630500075.05,33403,335168.0,51.74
2018-04-03,HCLTECH,EQ,979.50,972.50,989.00,963.05,968.50,969.25,971.15,1018000,988628193.4,75962,563797.0,55.38
2018-04-04,HCLTECH,EQ,969.25,981.00,981.25,949.50,959.25,959.25,961.26,902390,867429359.4,45534,385748.0,42.75
2018-04-05,HCLTECH,EQ,959.25,970.00,984.20,956.55,962.95,962.05,964.75,1402552,1353107979.25,43177,718759.0,51.25
2018-04-06,HCLTECH,EQ,962.05,972.00,972.00,950.60,952.55,952.65,958.67,1257905,1205921737.0,38588,537401.0,42.72
2018-04-09,HCLTECH,EQ,952.65,954.30,962.65,948.00,953.00,953.25,953.29,854036,814145422.35,60178,443971.0,51.99
2018-04-10,HCLTECH,EQ,953.25,953.10,961.95,943.55,951.00,948.45,950.66,1215886,1155889891.7,66590,683804.0,56.24
2018-04-11,HCLTECH,EQ,948.45,955.00,977.70,951.35,969.35,967.30,967.94,1858482,1798904010.85,64502,836537.0,45.01
2018-04-12,HCLTECH,EQ,967.30,967.95,"1,013.00",967.30,"1,007.00","1,010.05","1,003.25",4091383,4104668242.1,75311,1943101.0,47.49
2018-04-13,HCLTECH,EQ,"1,010.05","1,014.50","1,020.00",988.25,989.70,991.25,997.27,3180555,3171883796.2,112910,1324643.0,41.65
2018-04-16,HCLTECH,EQ,991.25,979.00,"1,006.75",976.10,997.05,999.90,993.70,1912264,1900221485.8,68557,841116.0,43.99
2018-04-17,HCLTECH,EQ,999.90,997.05,"1,016.00",997.05,"1,011.90","1,011.00","1,008.80",1864953,1881356482.05,69495,1106426.0,59.33
2018-04-18,HCLTECH,EQ,"1,011.00","1,014.90","1,015.80",993.00,999.35,996.85,999.58,1004131,1003711170.35,59327,438744.0,43.69
2018-04-19,HCLTECH,EQ,996.85,"1,005.00","1,021.50",999.00,"1,018.40","1,018.55","1,015.23",1150814,1168340489.35,52564,392639.0,34.12
2018-04-20,HCLTECH,EQ,"1,018.55","1,020.00","1,074.20","1,019.90","1,057.00","1,062.35","1,055.62",4745299,5009227154.0,105417,2288241.0,48.22
2018-04-23,HCLTECH,EQ,"1,062.35","1,062.00","1,108.00","1,055.00","1,081.00","1,088.00","1,089.48",4543462,4950017041.7,119976,2049388.0,45.11
2018-04-24,HCLTECH,EQ,"1,088.00","1,084.90","1,099.75","1,058.10","1,062.20","1,061.95","1,072.80",1996809,2142170667.3,62768,1129179.0,56.55
2018-04-25,HCLTECH,EQ,"1,061.95","1,061.85","1,081.50","1,046.00","1,070.00","1,068.80","1,069.91",1501140,1606081939.0,35904,442317.0,29.47
2018-04-26,HCLTECH,EQ,"1,068.80","1,056.00","1,088.35","1,051.65","1,074.65","1,077.30","1,075.24",3026106,3253776019.85,65128,2038314.0,67.36
2018-04-27,HCLTECH,EQ,"1,077.30","1,077.00","1,090.65","1,035.00","1,041.10","1,041.65","1,049.30",2382304,2499750323.9,60881,1096544.0,46.03
2018-04-30,HCLTECH,EQ,"1,041.65","1,048.90","1,079.00","1,045.05","1,053.00","1,052.75","1,059.66",1573833,1667726232.55,35228,427002.0,27.13
2018-05-02,HCLTECH,EQ,"1,052.75","1,050.00","1,051.95",995.50,"1,005.35","1,000.50","1,011.84",7507479,7596375292.55,158844,3322274.0,44.25
2018-05-03,HCLTECH,EQ,"1,000.50",997.00,997.00,920.00,921.00,925.70,934.71,7638012,7139315845.95,201988,4141546.0,54.22
2018-05-04,HCLTECH,EQ,925.70,922.95,944.00,907.70,927.55,929.85,928.97,4182503,3885429411.25,97941,1127544.0,26.96
2018-05-07,HCLTECH,EQ,929.85,936.80,940.65,921.05,929.30,928.20,929.49,1288421,1197578923.6,40408,349809.0,27.15
2018-05-08,HCLTECH,EQ,928.20,930.20,933.00,907.10,920.00,920.10,919.40,2040134,1875709274.95,47808,1039417.0,50.95
2018-05-09,HCLTECH,EQ,920.10,924.00,936.65,920.80,928.40,927.50,929.18,1378640,1281011317.95,30340,558433.0,40.51
2018-05-10,HCLTECH,EQ,927.50,932.90,937.90,926.10,930.70,930.20,931.07,1870741,1741791869.2,60301,1258893.0,67.29
2018-05-11,HCLTECH,EQ,930.20,931.20,938.25,931.10,932.70,932.85,933.31,1058701,988090980.3,40418,652664.0,61.65
2018-05-14,HCLTECH,EQ,932.85,937.40,937.40,920.45,925.00,925.30,925.46,1566148,1449410228.2,42783,1141184.0,72.87
2018-05-15,HCLTECH,EQ,925.30,920.30,932.70,911.55,923.90,925.00,925.05,2119665,1960804662.95,48682,1475079.0,69.59
2018-05-16,HCLTECH,EQ,925.00,922.50,930.90,916.50,919.10,920.25,922.43,981986,905817424.55,46472,595787.0,60.67
2018-05-17,HCLTECH,EQ,920.25,926.90,926.90,904.70,907.90,909.75,914.32,1449952,1325725149.6,59501,947076.0,65.32
2018-05-18,HCLTECH,EQ,909.75,905.00,918.00,887.10,892.00,890.70,899.49,1758863,1582079737.65,57925,982542.0,55.86
2018-05-21,HCLTECH,EQ,890.70,892.00,900.55,887.00,897.00,895.95,892.98,1471238,1313790929.3,63727,1017070.0,69.13
2018-05-22,HCLTECH,EQ,895.95,890.35,911.70,889.55,904.40,904.90,903.65,1242547,1122833212.1,72717,737553.0,59.36
2018-05-23,HCLTECH,EQ,904.90,905.00,918.40,891.85,897.00,894.35,900.43,1867414,1681471124.25,63701,949481.0,50.84
2018-05-24,HCLTECH,EQ,894.35,905.95,917.90,900.20,913.00,911.70,911.71,3154665,2876135094.85,98884,2177148.0,69.01
2018-05-25,HCLTECH,EQ,911.70,917.90,923.85,912.00,916.00,916.00,917.92,1044541,958805379.3,80461,547980.0,52.46
2018-05-28,HCLTECH,EQ,916.00,916.00,917.00,891.00,897.00,894.50,895.71,1325882,1187609001.75,65672,787923.0,59.43
2018-05-29,HCLTECH,EQ,894.50,899.00,909.50,895.00,909.00,905.10,902.29,992916,895901677.8,43088,393095.0,39.59
2018-05-30,HCLTECH,EQ,905.10,907.00,911.80,897.60,910.50,907.35,905.75,1187024,1075149288.8,65704,701108.0,59.06
2018-05-31,HCLTECH,EQ,907.35,908.00,914.80,901.05,907.90,910.35,910.28,2809322,2557267599.0,97275,1419384.0,50.52
2018-06-01,HCLTECH,EQ,910.35,910.00,923.90,900.00,904.40,904.85,915.24,969531,887351050.05,39303,365137.0,37.66
2018-06-04,HCLTECH,EQ,904.85,907.00,916.90,899.15,900.65,900.70,907.32,752943,683159302.8,36179,393609.0,52.28
2018-06-05,HCLTECH,EQ,900.70,905.95,910.20,880.05,887.30,885.05,893.38,1273868,1138046447.95,58011,630576.0,49.5
2018-06-06,HCLTECH,EQ,885.05,891.95,917.80,890.00,905.00,908.95,904.38,1168856,1057095265.65,60375,394123.0,33.72
2018-06-07,HCLTECH,EQ,908.95,905.00,926.00,905.00,921.10,921.35,919.63,1068649,982765694.05,59052,496572.0,46.47
2018-06-08,HCLTECH,EQ,921.35,921.00,935.90,917.85,929.85,928.70,927.72,1134214,1052237138.15,52544,507187.0,44.72
2018-06-11,HCLTECH,EQ,928.70,933.00,942.50,907.75,909.95,911.60,919.76,2052597,1887905807.5,73250,1308325.0,63.74
2018-06-12,HCLTECH,EQ,911.60,912.95,924.00,911.65,916.25,914.80,916.03,1480524,1356204722.15,91097,987147.0,66.68
2018-06-13,HCLTECH,EQ,914.80,920.00,925.80,914.05,924.90,923.70,922.08,1056853,974503615.25,51573,644592.0,60.99
2018-06-14,HCLTECH,EQ,923.70,928.00,940.00,921.05,936.00,936.95,934.79,1877540,1755111588.5,71178,1040454.0,55.42
2018-06-15,HCLTECH,EQ,936.95,936.95,954.00,931.05,947.95,948.30,945.83,3093292,2925742103.6,83373,1907713.0,61.67
2018-06-18,HCLTECH,EQ,948.30,954.50,957.35,931.25,934.15,933.20,944.40,1326833,1253064412.6,40795,699335.0,52.71
2018-06-19,HCLTECH,EQ,933.20,932.90,940.55,915.40,919.20,920.45,922.44,1406237,1297174430.35,70619,918209.0,65.3
2018-06-20,HCLTECH,EQ,920.45,921.00,928.75,906.40,908.45,910.95,913.32,1410131,1287896270.8,44213,942569.0,66.84
2018-06-21,HCLTECH,EQ,910.95,912.10,917.00,899.10,900.95,902.55,908.35,1604451,1457401800.25,63179,1013321.0,63.16
2018-06-22,HCLTECH,EQ,902.55,907.05,921.80,901.85,905.45,904.80,909.94,2018350,1836579364.55,73328,924771.0,45.82
2018-06-25,HCLTECH,EQ,904.80,904.90,917.50,904.00,908.00,908.90,909.64,2127860,1935593603.1,69432,1453133.0,68.29
2018-06-26,HCLTECH,EQ,908.90,909.00,915.50,906.60,912.70,910.40,911.75,1624618,1481244973.35,79299,968842.0,59.64
2018-06-27,HCLTECH,EQ,910.40,912.20,925.00,910.30,922.00,921.05,920.37,2875514,2646522478.35,163179,1766026.0,61.42
2018-06-28,HCLTECH,EQ,921.05,926.45,929.95,904.90,911.30,909.60,916.41,6783284,6216267432.6,83011,4606491.0,67.91
2018-06-29,HCLTECH,EQ,909.60,914.10,928.75,913.35,926.90,926.25,925.43,3029777,2803841612.0,97366,2399067.0,79.18
2018-07-02,HCLTECH,EQ,926.25,927.00,932.45,920.85,925.90,926.10,926.30,888198,822733375.4,59233,549074.0,61.82
2018-07-03,HCLTECH,EQ,926.10,930.00,939.90,917.15,937.50,937.50,932.80,1027238,958208831.55,48521,557969.0,54.32
2018-07-04,HCLTECH,EQ,937.50,936.95,938.50,924.00,926.80,925.65,930.38,773947,720066101.45,42558,462723.0,59.79
2018-07-05,HCLTECH,EQ,925.65,928.10,935.50,921.00,931.00,931.05,928.40,1708070,1585780340.6,88077,1153413.0,67.53
2018-07-06,HCLTECH,EQ,931.05,935.00,949.55,923.00,942.30,943.90,939.81,2527754,2375621018.05,98016,1492053.0,59.03
2018-07-09,HCLTECH,EQ,943.90,949.00,965.00,945.90,963.00,961.55,960.54,1855992,1782745874.15,104724,1050846.0,56.62
2018-07-10,HCLTECH,EQ,961.55,995.00,995.00,975.05,980.00,979.55,980.87,5521427,5415804240.6,227859,3239009.0,58.66
2018-07-11,HCLTECH,EQ,979.55,983.70,"1,001.10",979.15,990.00,993.45,992.35,5104857,5065814074.25,151985,3322034.0,65.08
2018-07-12,HCLTECH,EQ,993.45,"1,005.95","1,019.80","1,002.00","1,010.00","1,006.05","1,009.51",5046721,5094704603.0,147264,2848366.0,56.44
2018-07-13,HCLTECH,EQ,"1,006.05",997.00,997.80,976.00,983.10,983.35,985.65,5762028,5679319833.55,163325,2738551.0,47.53
2018-07-16,HCLTECH,EQ,983.35,985.00,990.90,970.20,975.40,972.10,978.96,1702222,1666414434.0,81714,1002521.0,58.89
2018-07-17,HCLTECH,EQ,972.10,977.20,984.00,969.00,983.80,980.30,978.09,1620973,1585459992.05,68473,947475.0,58.45
2018-07-18,HCLTECH,EQ,980.30,985.90,996.80,984.05,990.00,989.90,991.89,1892200,1876855979.4,80842,1064561.0,56.26
2018-07-19,HCLTECH,EQ,989.90,990.00,994.50,976.50,981.70,982.10,981.87,750768,737153163.05,31383,334403.0,44.54
2018-07-20,HCLTECH,EQ,982.10,983.60,"1,004.50",980.55,998.00,999.20,998.30,2189775,2186053551.65,64818,1263628.0,57.71
2018-07-23,HCLTECH,EQ,999.20,"1,003.00","1,010.95",991.10,"1,004.00","1,004.85","1,000.79",1648365,1649673342.45,71643,949868.0,57.62
2018-07-24,HCLTECH,EQ,"1,004.85","1,001.50","1,009.00",989.15,989.40,991.60,997.51,1462815,1459171408.75,73490,877986.0,60.02
2018-07-25,HCLTECH,EQ,991.60,993.00,993.50,960.00,965.00,964.30,968.98,2821836,2734312094.75,100216,1855276.0,65.75
2018-07-26,HCLTECH,EQ,964.30,964.30,967.95,945.05,957.00,952.60,953.79,3985044,3800890055.1,130967,2575465.0,64.63
2018-07-27,HCLTECH,EQ,952.60,959.00,969.70,950.50,963.40,963.45,961.42,2464884,2369776892.7,79072,1367128.0,55.46
2018-07-30,HCLTECH,EQ,963.45,973.00,981.15,943.10,947.95,947.15,953.68,3223555,3074249880.7,95159,1636714.0,50.77
2018-07-31,HCLTECH,EQ,947.15,950.35,966.50,947.35,964.60,965.10,960.19,2385785,2290807232.55,92384,1403969.0,58.85
2018-08-01,HCLTECH,EQ,965.10,968.00,980.00,965.00,977.00,978.65,972.30,1784048,1734629192.4,79958,1189272.0,66.66
2018-08-02,HCLTECH,EQ,978.65,976.00,984.00,958.55,963.00,960.50,965.81,1600353,1545631729.9,75978,914018.0,57.11
2018-08-03,HCLTECH,EQ,960.50,966.05,969.90,957.45,964.00,963.65,963.99,1144509,1103291789.05,55502,719385.0,62.86
2018-08-06,HCLTECH,EQ,963.65,968.00,968.55,953.00,958.20,956.50,958.22,1082897,1037653984.1,56797,798347.0,73.72
2018-08-07,HCLTECH,EQ,956.50,960.90,970.95,959.10,968.40,968.80,966.42,1117941,1080402654.55,84264,659300.0,58.97
2018-08-08,HCLTECH,EQ,968.80,969.00,969.80,957.25,963.75,964.55,961.39,758983,729679974.05,57600,459309.0,60.52
2018-08-09,HCLTECH,EQ,964.55,967.95,967.95,955.10,958.50,956.65,959.19,1002729,961811374.3,46909,689430.0,68.76
2018-08-10,HCLTECH,EQ,956.65,961.30,967.80,956.30,966.00,966.00,962.04,1208724,1162838143.75,41612,770070.0,63.71
2018-08-13,HCLTECH,EQ,966.00,965.95,984.25,965.50,982.95,983.00,978.82,1442820,1412266969.15,50208,841062.0,58.29
2018-08-14,HCLTECH,EQ,983.00,988.15,"1,002.00",979.00,997.00,999.70,993.36,2481017,2464545649.6,70478,1531168.0,61.72
2018-08-16,HCLTECH,EQ,999.70,997.80,"1,014.80",992.30,997.30,997.25,"1,004.69",2954059,2967922374.95,70971,1813041.0,61.37
2018-08-17,HCLTECH,EQ,997.25,"1,000.00","1,007.80",995.05,"1,004.95","1,003.05","1,003.50",1480205,1485385675.2,58656,1021214.0,68.99
2018-08-20,HCLTECH,EQ,"1,003.05","1,005.00","1,006.50",987.00,989.00,988.25,992.50,1414802,1404195954.65,115859,946573.0,66.9
2018-08-21,HCLTECH,EQ,988.25,"1,001.80","1,014.00",998.35,"1,004.65","1,004.60","1,003.97",4919599,4939133076.05,121916,2945797.0,59.88
2018-08-23,HCLTECH,EQ,"1,004.60","1,010.00","1,028.10","1,010.00","1,026.00","1,025.65","1,019.38",2768779,2822446128.15,136251,1744278.0,63.0
2018-08-24,HCLTECH,EQ,"1,025.65","1,030.45","1,039.05","1,020.15","1,023.40","1,023.35","1,027.62",2270195,2332891602.5,56477,1162683.0,51.22
2018-08-27,HCLTECH,EQ,"1,023.35","1,026.00","1,040.30","1,025.00","1,037.85","1,039.00","1,031.99",1244225,1284033622.4,40561,814087.0,65.43
2018-08-28,HCLTECH,EQ,"1,039.00","1,040.00","1,046.75","1,036.90","1,040.35","1,040.75","1,040.55",1313078,1366327094.2,53487,868145.0,66.12
2018-08-29,HCLTECH,EQ,"1,040.75","1,038.30","1,041.15","1,027.00","1,034.90","1,032.85","1,032.48",2031692,2097689326.2,64216,1383603.0,68.1
2018-08-30,HCLTECH,EQ,"1,032.85","1,029.00","1,032.90","1,013.55","1,018.80","1,016.55","1,019.61",2441971,2489851353.75,58625,1166485.0,47.77
2018-08-31,HCLTECH,EQ,"1,016.55","1,021.00","1,055.00","1,019.50","1,044.35","1,046.45","1,045.30",3279336,3427874882.25,129199,1837374.0,56.03
2018-09-03,HCLTECH,EQ,"1,046.45","1,053.00","1,061.00","1,044.60","1,048.60","1,049.15","1,052.09",2227153,2343160943.3,81714,1550699.0,69.63
2018-09-04,HCLTECH,EQ,"1,049.15","1,051.15","1,079.00","1,051.00","1,076.00","1,076.35","1,070.17",2792371,2988307199.1,102141,1534185.0,54.94
2018-09-05,HCLTECH,EQ,"1,076.35","1,075.80","1,087.00","1,068.00","1,077.00","1,078.95","1,078.81",2850556,3075210833.7,112986,1835976.0,64.41
2018-09-06,HCLTECH,EQ,"1,078.95","1,075.00","1,089.80","1,065.40","1,088.80","1,088.80","1,082.22",2995905,3242229954.0,104636,2301277.0,76.81
2018-09-07,HCLTECH,EQ,"1,088.80","1,086.95","1,086.95","1,065.35","1,072.50","1,073.95","1,073.28",2189939,2350427482.6,84583,1419805.0,64.83
2018-09-10,HCLTECH,EQ,"1,073.95","1,077.00","1,096.90","1,077.00","1,090.45","1,088.70","1,089.05",4102539,4467860352.5,100364,2856424.0,69.63
2018-09-11,HCLTECH,EQ,"1,088.70","1,090.00","1,099.00","1,082.00","1,082.50","1,085.10","1,091.72",4236210,4624768105.4,134526,2525526.0,59.62
2018-09-12,HCLTECH,EQ,"1,085.10","1,092.00","1,099.00","1,082.10","1,084.00","1,086.80","1,091.86",2069567,2259684538.75,118991,1494668.0,72.22
2018-09-14,HCLTECH,EQ,"1,086.80","1,084.00","1,088.45","1,065.20","1,070.30","1,070.70","1,073.41",3645287,3912886783.3,199941,2710487.0,74.36
2018-09-17,HCLTECH,EQ,"1,070.70","1,070.05","1,084.40","1,070.05","1,078.15","1,078.40","1,078.32",1509056,1627251134.4,74641,890907.0,59.04
2018-09-18,HCLTECH,EQ,"1,078.40","1,080.00","1,091.00","1,078.40","1,084.95","1,083.90","1,085.58",1372763,1490243392.3,87874,815621.0,59.41
2018-09-19,HCLTECH,EQ,"1,083.90","1,083.00","1,098.45","1,081.10","1,087.15","1,087.30","1,089.01",2219906,2417503639.45,50299,1567023.0,70.59
2018-09-21,HCLTECH,EQ,"1,087.30","1,091.00","1,092.00","1,078.55","1,089.20","1,084.90","1,084.22",3297815,3575543796.25,68570,2504574.0,75.95
2018-09-24,HCLTECH,EQ,"1,084.90","1,085.90","1,106.00","1,080.55","1,095.00","1,096.30","1,098.10",2216289,2433701046.0,65945,1326844.0,59.87
2018-09-25,HCLTECH,EQ,"1,096.30","1,102.00","1,125.05","1,094.30","1,118.00","1,116.35","1,114.41",2832272,3156325246.4,135228,1373200.0,48.48
2018-09-26,HCLTECH,EQ,"1,116.35","1,120.10","1,120.85","1,085.15","1,090.35","1,090.15","1,093.00",1435197,1568663665.65,61886,777916.0,54.2
2018-09-27,HCLTECH,EQ,"1,090.15","1,093.95","1,104.45","1,088.50","1,090.00","1,092.20","1,095.30",2865532,3138629775.9,76743,2155054.0,75.21
2018-09-28,HCLTECH,EQ,"1,092.20","1,092.10","1,099.75","1,085.50","1,085.95","1,087.80","1,090.49",2222543,2423657455.35,86022,1511091.0,67.99
2018-10-01,HCLTECH,EQ,"1,087.80","1,085.20","1,101.00","1,081.00","1,095.00","1,098.40","1,095.80",1703300,1866470842.15,77192,857777.0,50.36
2018-10-03,HCLTECH,EQ,"1,098.40","1,099.90","1,101.70","1,073.80","1,085.35","1,091.30","1,086.44",2365360,2569815744.9,83682,1455018.0,61.51
2018-10-04,HCLTECH,EQ,"1,091.30","1,084.85","1,092.85","1,061.00","1,081.10","1,077.10","1,075.07",1945559,2091615426.3,70697,1225737.0,63.0
2018-10-05,HCLTECH,EQ,"1,077.10","1,072.00","1,098.00","1,070.10","1,080.00","1,084.00","1,087.57",1447957,1574758030.15,55367,780252.0,53.89
2018-10-08,HCLTECH,EQ,"1,084.00","1,070.00","1,084.55","1,048.00","1,073.65","1,072.10","1,068.43",1155915,1235015997.8,54604,514604.0,44.52
2018-10-09,HCLTECH,EQ,"1,072.10","1,066.50","1,079.05","1,043.45","1,067.20","1,068.40","1,058.91",1347262,1426633368.25,69429,697860.0,51.8
2018-10-10,HCLTECH,EQ,"1,068.40","1,059.00","1,063.05","1,038.55","1,050.85","1,051.80","1,048.08",2261839,2370594423.75,114044,1401750.0,61.97
2018-10-11,HCLTECH,EQ,"1,051.80","1,025.50","1,025.50",998.00,"1,012.90","1,009.00","1,009.26",3133288,3162292695.65,133374,1933069.0,61.69
2018-10-12,HCLTECH,EQ,"1,009.00","1,003.30","1,007.00",974.50,982.25,985.15,986.09,2325874,2293524830.0,128051,1386928.0,59.63
2018-10-15,HCLTECH,EQ,985.15,980.00,"1,006.15",980.00,"1,001.80","1,002.95",996.66,1807454,1801419586.9,86266,1043476.0,57.73
2018-10-16,HCLTECH,EQ,"1,002.95","1,000.00","1,012.50",989.05,"1,001.00","1,003.40",999.39,1501610,1500698544.15,55802,778821.0,51.87
2018-10-17,HCLTECH,EQ,"1,003.40","1,007.00","1,036.00","1,007.00","1,022.00","1,024.25","1,026.34",1626985,1669841589.8,72266,775406.0,47.66
2018-10-19,HCLTECH,EQ,"1,024.25","1,016.00","1,019.40",953.30,957.00,958.50,974.54,3434796,3347360388.65,147075,2184830.0,63.61
2018-10-22,HCLTECH,EQ,958.50,964.00,987.90,957.15,973.80,980.05,979.09,1887054,1847587279.7,74396,987997.0,52.36
2018-10-23,HCLTECH,EQ,980.05,970.00,983.60,947.60,951.65,951.55,967.55,1474481,1426638537.25,95999,770351.0,52.25
2018-10-24,HCLTECH,EQ,951.55,975.00,990.55,945.80,990.00,980.70,970.65,4221491,4097593011.25,124246,1845825.0,43.72
2018-10-25,HCLTECH,EQ,980.70,978.80,"1,011.45",968.00,"1,003.00","1,004.85",993.17,3088129,3067051163.2,96190,1640704.0,53.13
2018-10-26,HCLTECH,EQ,"1,004.85",999.95,999.95,962.00,967.00,966.60,973.75,1807878,1760422112.05,69311,869596.0,48.1
2018-10-29,HCLTECH,EQ,966.60,965.20,991.95,953.75,986.20,985.65,973.76,1393040,1356483242.0,52825,760909.0,54.62
2018-10-30,HCLTECH,EQ,985.65,987.30,"1,016.95",976.70,"1,006.35","1,004.85","1,001.84",3060534,3066160451.3,76360,2232319.0,72.94
2018-10-31,HCLTECH,EQ,"1,004.85","1,005.30","1,065.70","1,002.00","1,062.00","1,055.60","1,035.87",3291114,3409163450.85,120665,2105447.0,63.97
2018-11-01,HCLTECH,EQ,"1,055.60","1,055.00","1,057.45","1,003.50","1,015.50","1,008.90","1,018.29",1973035,2009128663.25,72018,1050544.0,53.25
2018-11-02,HCLTECH,EQ,"1,008.90","1,016.00","1,029.50",995.15,"1,004.30","1,004.60","1,008.06",2787603,2810075867.1,93523,1749033.0,62.74
2018-11-05,HCLTECH,EQ,"1,004.60","1,005.50","1,024.15","1,003.80","1,021.50","1,020.75","1,017.86",969464,986782029.7,55378,398771.0,41.13
2018-11-06,HCLTECH,EQ,"1,020.75","1,022.75","1,042.00","1,013.60","1,022.20","1,028.90","1,027.76",1460942,1501503460.5,59833,780967.0,53.46
2018-11-07,HCLTECH,EQ,"1,028.90","1,029.00","1,034.85","1,026.75","1,033.00","1,031.55","1,031.21",69627,71799956.7,2337,25599.0,36.77
2018-11-09,HCLTECH,EQ,"1,031.55","1,043.00","1,047.00","1,013.50","1,028.05","1,027.90","1,032.09",3671783,3789619270.1,158884,2706775.0,73.72
2018-11-12,HCLTECH,EQ,"1,027.90","1,032.45","1,059.00","1,032.05","1,039.05","1,036.80","1,047.92",2391227,2505815657.25,82274,1605005.0,67.12
2018-11-13,HCLTECH,EQ,"1,036.80","1,039.85","1,054.85","1,029.35","1,031.00","1,033.20","1,038.59",1368737,1421554781.25,78456,864186.0,63.14
2018-11-14,HCLTECH,EQ,"1,033.20","1,031.00","1,031.40",963.00,997.00,997.10,"1,000.06",1516816,1516910548.05,70064,902778.0,59.52
2018-11-15,HCLTECH,EQ,997.10,999.90,"1,029.00",981.80,988.65,988.75,"1,004.40",1791153,1799032020.0,89278,848246.0,47.36
2018-11-16,HCLTECH,EQ,988.75,997.00,"1,037.80",993.75,"1,022.00","1,022.20","1,016.32",3349117,3403768553.9,84283,1430710.0,42.72
2018-11-19,HCLTECH,EQ,"1,022.20","1,022.20","1,042.80","1,014.25","1,040.00","1,040.10","1,025.51",2090035,2143356743.3,58080,1348991.0,64.54
2018-11-20,HCLTECH,EQ,"1,040.10","1,035.00","1,035.00","1,003.30","1,011.65","1,008.95","1,011.84",1314282,1329838459.55,60545,552296.0,42.02
2018-11-21,HCLTECH,EQ,"1,008.95","1,003.05","1,014.00",979.55,984.35,985.15,986.86,1251532,1235083255.0,46905,582357.0,46.53
2018-11-22,HCLTECH,EQ,985.15,988.00,"1,002.00",975.40,979.05,979.05,992.50,1564940,1553203869.4,77165,753698.0,48.16
2018-11-26,HCLTECH,EQ,979.05,984.50,"1,005.90",963.00,997.05,"1,000.50",980.69,2379281,2333327467.25,101154,1322313.0,55.58
2018-11-27,HCLTECH,EQ,"1,000.50",998.70,"1,029.00",993.00,"1,021.70","1,023.15","1,012.76",2051509,2077685754.9,63422,908822.0,44.3
2018-11-28,HCLTECH,EQ,"1,023.15","1,023.20","1,047.75","1,012.35","1,039.50","1,043.10","1,035.42",1230287,1273867985.6,53198,519906.0,42.26
2018-11-29,HCLTECH,EQ,"1,043.10","1,043.30","1,045.35","1,008.50","1,017.00","1,013.45","1,020.03",1630256,1662911363.3,66187,941233.0,57.74
2018-11-30,HCLTECH,EQ,"1,013.45","1,018.00","1,026.30","1,004.25","1,015.10","1,015.00","1,017.03",2109694,2145617655.65,93884,1368428.0,64.86
2018-12-03,HCLTECH,EQ,"1,015.00","1,021.10","1,025.70","1,004.70","1,019.95","1,018.20","1,013.84",1454449,1474575556.3,49677,909342.0,62.52
2018-12-04,HCLTECH,EQ,"1,018.20","1,018.10","1,043.00","1,017.05","1,037.00","1,036.25","1,033.82",1418143,1466100474.25,55365,612302.0,43.18
2018-12-05,HCLTECH,EQ,"1,036.25","1,036.45","1,058.00","1,022.00","1,046.05","1,051.05","1,044.73",1936706,2023334281.65,68327,802953.0,41.46
2018-12-06,HCLTECH,EQ,"1,051.05","1,049.35","1,065.50","1,009.00","1,012.35","1,012.50","1,030.68",2025631,2087780003.55,106044,527433.0,26.04
2018-12-07,HCLTECH,EQ,"1,012.50","1,000.00","1,000.00",934.45,961.90,961.95,955.66,10546835,10079208245.75,276448,3496014.0,33.15
2018-12-10,HCLTECH,EQ,961.95,959.95,970.70,937.10,938.80,942.00,950.23,3091482,2937621088.7,162206,1360630.0,44.01
2018-12-11,HCLTECH,EQ,942.00,941.00,965.15,930.70,960.00,956.85,953.94,2802924,2673810868.95,117976,1314311.0,46.89
2018-12-12,HCLTECH,EQ,956.85,965.00,974.00,943.30,970.35,971.25,966.37,1826854,1765408080.45,54739,785609.0,43.00
2018-12-13,HCLTECH,EQ,971.25,970.05,982.55,963.45,976.50,978.05,974.64,1378322,1343367183.1,61001,480191.0,34.84
2018-12-14,HCLTECH,EQ,978.05,966.00,968.80,950.00,960.10,961.20,958.85,2305516,2210653628.1,92802,592308.0,25.69
2018-12-17,HCLTECH,EQ,961.20,965.10,974.00,953.90,972.10,971.65,963.39,1396290,1345177939.4,63197,611350.0,43.78
2018-12-18,HCLTECH,EQ,971.65,969.95,988.80,959.40,985.00,985.20,977.64,1937251,1893933694.5,135073,1016341.0,52.46
2018-12-19,HCLTECH,EQ,985.20,980.00,983.60,954.00,958.00,957.15,961.55,3058633,2941041999.0,144832,1941652.0,63.48
2018-12-20,HCLTECH,EQ,957.15,948.30,964.70,948.00,961.50,959.50,958.42,2263977,2169848775.0,80567,1197612.0,52.90
2018-12-21,HCLTECH,EQ,959.50,957.05,964.00,945.00,948.00,954.45,954.50,5219625,4982147694.2,86105,3852929.0,73.82
2018-12-24,HCLTECH,EQ,954.45,955.00,955.90,935.15,938.00,937.85,942.20,1470782,1385775949.3,82841,698377.0,47.48
2018-12-26,HCLTECH,EQ,937.85,938.00,947.70,931.00,941.95,942.80,939.77,1217032,1143732890.1,31647,366267.0,30.10
2018-12-27,HCLTECH,EQ,942.80,949.00,960.00,942.65,952.10,948.80,952.15,2548404,2426456836.25,61527,1245397.0,48.87
2018-12-28,HCLTECH,EQ,948.80,952.10,963.00,950.00,963.00,958.35,956.77,778333,744688577.85,30000,340543.0,43.75
2018-12-31,HCLTECH,EQ,958.35,962.45,966.60,955.60,964.20,964.35,960.58,718502,690177437.65,32221,261223.0,36.36
2019-01-01,HCLTECH,EQ,964.35,962.00,965.00,952.85,960.00,959.85,959.67,358734,344267067.55,13573,157097.0,43.79
2019-01-02,HCLTECH,EQ,959.85,959.00,962.00,939.15,946.10,946.35,951.62,1135048,1080137677.3,54434,515785.0,45.44
2019-01-03,HCLTECH,EQ,946.35,950.00,960.00,945.00,949.00,948.35,951.41,1404612,1336362678.7,94610,768653.0,54.72
2019-01-04,HCLTECH,EQ,948.35,946.00,950.55,925.00,932.00,932.35,933.58,1538639,1436447339.9,75497,634388.0,41.23
2019-01-07,HCLTECH,EQ,932.35,939.90,950.00,935.90,945.00,941.55,943.79,1172376,1106476987.25,42886,699650.0,59.68
2019-01-08,HCLTECH,EQ,941.55,948.00,948.00,933.10,944.10,945.15,939.04,1515788,1423378696.75,50912,956633.0,63.11
2019-01-09,HCLTECH,EQ,945.15,947.00,948.55,932.30,936.25,938.40,939.38,1235860,1160936551.35,57356,628440.0,50.85
2019-01-10,HCLTECH,EQ,938.40,943.00,943.00,932.00,934.00,935.85,934.79,916048,856313909.85,49114,541566.0,59.12
2019-01-11,HCLTECH,EQ,935.85,935.00,941.00,920.00,939.55,940.05,932.75,2165684,2020043026.25,67632,1167320.0,53.90
2019-01-14,HCLTECH,EQ,940.05,941.00,944.00,928.00,939.00,937.20,935.83,978404,915622185.6,63466,526771.0,53.84
2019-01-15,HCLTECH,EQ,937.20,929.00,955.90,929.00,948.00,947.70,944.15,1846946,1743785455.4,54577,726739.0,39.35
2019-01-16,HCLTECH,EQ,947.70,948.00,954.20,936.75,937.40,938.25,942.40,850621,801624750.85,38214,451256.0,53.05
2019-01-17,HCLTECH,EQ,938.25,935.10,957.00,933.10,952.80,954.70,947.05,1845117,1747409014.75,62042,1041087.0,56.42
2019-01-18,HCLTECH,EQ,954.70,948.60,968.75,946.35,968.00,966.30,961.13,2342528,2251469610.1,108597,1408985.0,60.15
2019-01-21,HCLTECH,EQ,966.30,969.05,981.50,962.05,964.00,965.75,970.41,1632709,1584400479.7,94058,856755.0,52.47
2019-01-22,HCLTECH,EQ,965.75,962.00,964.55,937.00,943.50,940.75,945.88,2395796,2266138530.05,132016,1623270.0,67.75
2019-01-23,HCLTECH,EQ,940.75,947.50,949.95,938.70,943.15,944.45,944.14,2820793,2663227157.05,102446,2165767.0,76.78
2019-01-24,HCLTECH,EQ,944.45,944.90,953.70,939.25,948.00,946.45,943.70,1477391,1394212107.25,71894,862992.0,58.41
2019-01-25,HCLTECH,EQ,946.45,949.00,975.70,946.10,975.00,969.40,965.23,2155004,2080070433.35,81191,1266612.0,58.78
2019-01-28,HCLTECH,EQ,969.40,973.00,980.00,963.90,975.60,977.80,972.40,1514965,1473158462.75,52055,,-
2019-01-29,HCLTECH,EQ,977.80,978.00,994.85,961.10,989.60,988.45,977.70,2366569,2313789311.75,81335,1027241.0,43.41
2019-01-30,HCLTECH,EQ,988.45,"1,018.00","1,035.00","1,001.50","1,016.20","1,018.40","1,017.65",7026674,7150722003.85,215504,3588191.0,51.07
2019-01-31,HCLTECH,EQ,"1,018.40","1,019.60","1,023.15",986.75,"1,006.00","1,005.20","1,003.34",4529214,4544338902.65,151145,2742742.0,60.56
2019-02-01,HCLTECH,EQ,"1,005.20","1,010.60","1,050.00","1,010.50","1,041.55","1,043.85","1,032.80",3230111,3336050061.2,120862,1756852.0,54.39
2019-02-04,HCLTECH,EQ,"1,043.85","1,045.00","1,057.80","1,040.30","1,046.00","1,044.80","1,048.49",2066972,2167190804.8,127537,1032733.0,49.96
2019-02-05,HCLTECH,EQ,"1,044.80","1,046.50","1,055.00","1,041.50","1,045.40","1,047.75","1,047.61",1184282,1240670270.0,84616,700357.0,59.14
2019-02-06,HCLTECH,EQ,"1,047.75","1,051.00","1,064.95","1,045.10","1,056.00","1,055.20","1,057.76",1165500,1232823223.55,52531,546494.0,46.89
2019-02-07,HCLTECH,EQ,"1,055.20","1,056.00","1,077.80","1,056.00","1,065.00","1,062.90","1,066.36",1625544,1733407237.55,63949,836225.0,51.44
2019-02-08,HCLTECH,EQ,"1,062.90","1,060.00","1,076.00","1,058.05","1,068.00","1,068.45","1,069.38",1866901,1996420603.95,64517,1232727.0,66.03
2019-02-11,HCLTECH,EQ,"1,068.45","1,068.10","1,084.00","1,063.00","1,077.00","1,079.35","1,073.34",1578943,1694749625.85,66356,951923.0,60.29
2019-02-12,HCLTECH,EQ,"1,079.35","1,076.00","1,078.40","1,052.75","1,061.00","1,058.80","1,060.61",1394441,1478954285.05,76216,781884.0,56.07
2019-02-13,HCLTECH,EQ,"1,058.80","1,060.00","1,073.00","1,047.05","1,069.00","1,070.15","1,061.24",1321888,1402837840.1,67031,745496.0,56.40
2019-02-14,HCLTECH,EQ,"1,070.15","1,070.00","1,070.00","1,057.05","1,060.75","1,061.30","1,062.36",985360,1046805556.2,46074,570457.0,57.89
2019-02-15,HCLTECH,EQ,"1,061.30","1,066.20","1,067.35","1,041.50","1,059.40","1,057.25","1,054.56",1246060,1314040454.15,65290,736928.0,59.14
2019-02-18,HCLTECH,EQ,"1,057.25","1,060.80","1,072.00","1,032.50","1,048.00","1,046.30","1,041.52",1275349,1328300049.15,48439,597113.0,46.82
2019-02-19,HCLTECH,EQ,"1,046.30","1,048.00","1,051.20","1,036.35","1,043.55","1,039.05","1,043.42",918720,958609827.95,35549,463437.0,50.44
2019-02-20,HCLTECH,EQ,"1,039.05","1,042.35","1,061.50","1,026.00","1,060.00","1,057.95","1,042.83",1279177,1333966122.55,56565,610154.0,47.70
2019-02-21,HCLTECH,EQ,"1,057.95","1,060.00","1,061.50","1,042.60","1,053.90","1,053.40","1,052.20",1301577,1369516322.25,103305,645445.0,49.59
2019-02-22,HCLTECH,EQ,"1,053.40","1,044.20","1,070.50","1,044.00","1,069.65","1,066.15","1,063.38",1422246,1512393951.45,85228,905428.0,63.66
2019-02-25,HCLTECH,EQ,"1,066.15","1,070.60","1,085.00","1,062.95","1,083.50","1,082.25","1,075.31",1170470,1258620245.0,57680,544480.0,46.52
2019-02-26,HCLTECH,EQ,"1,082.25","1,080.60","1,095.95","1,054.95","1,058.40","1,058.85","1,073.92",1863185,2000902493.9,74874,905214.0,48.58
2019-02-27,HCLTECH,EQ,"1,058.85","1,060.00","1,066.00","1,038.00","1,061.00","1,060.35","1,052.68",1662555,1750134613.8,86569,858654.0,51.65
2019-02-28,HCLTECH,EQ,"1,060.35","1,069.95","1,069.95","1,047.70","1,050.85","1,053.90","1,056.48",3330830,3518968372.75,126307,2481357.0,74.50
2019-03-01,HCLTECH,EQ,"1,053.90","1,055.00","1,061.40","1,043.75","1,057.00","1,052.60","1,052.58",1147955,1208318807.25,63293,712484.0,62.07
2019-03-05,HCLTECH,EQ,"1,052.60","1,057.70","1,059.80","1,045.20","1,052.05","1,052.55","1,051.25",1058779,1113040032.9,96740,645812.0,61.0
2019-03-06,HCLTECH,EQ,"1,052.55","1,060.60","1,062.00","1,038.60","1,044.60","1,043.25","1,044.73",1403626,1466413472.75,56741,771809.0,54.99
2019-03-07,HCLTECH,EQ,"1,043.25","1,047.60","1,050.50","1,032.00","1,035.00","1,034.55","1,038.32",1036807,1076533892.45,56513,649942.0,62.69
2019-03-08,HCLTECH,EQ,"1,034.55","1,029.40","1,029.95","1,006.00","1,007.00","1,009.05","1,015.18",1588047,1612155942.65,70882,774879.0,48.79
2019-03-11,HCLTECH,EQ,"1,009.05","1,007.00","1,021.75","1,001.00","1,005.05","1,004.40","1,009.90",2273794,2296315320.3,79753,1442621.0,63.45
2019-03-12,HCLTECH,EQ,"1,004.40","1,007.10","1,019.50","1,000.05","1,014.00","1,013.35","1,012.16",2451094,2480901512.7,76243,1618332.0,66.02
2019-03-13,HCLTECH,EQ,"1,013.35","1,018.70","1,043.00","1,014.10","1,025.50","1,028.35","1,030.70",3401670,3506103042.0,117015,2166522.0,63.69
2019-03-14,HCLTECH,EQ,"1,028.35","1,035.00","1,040.55","1,004.10","1,006.00","1,006.75","1,015.22",1896916,1925788264.4,83792,957809.0,50.49
2019-03-15,HCLTECH,EQ,"1,006.75","1,012.00","1,033.85","1,008.80","1,032.00","1,029.30","1,025.36",2603844,2669880585.3,86832,1543242.0,59.27
2019-03-18,HCLTECH,EQ,"1,029.30","1,032.10","1,039.95","1,008.35","1,015.70","1,012.00","1,018.66",1175027,1196950715.05,62165,668156.0,56.86
2019-03-19,HCLTECH,EQ,"1,012.00","1,020.10","1,042.00","1,013.10","1,040.75","1,036.20","1,026.58",1621276,1664373447.35,71972,1038967.0,64.08
2019-03-20,HCLTECH,EQ,"1,036.20","1,042.00","1,054.50","1,031.50","1,036.40","1,037.95","1,042.35",2204401,2297748085.25,88784,1066063.0,48.36
2019-03-22,HCLTECH,EQ,"1,037.95","1,038.00","1,048.00","1,018.00","1,030.45","1,024.85","1,028.34",2618545,2692742284.25,110351,1849206.0,70.62
2019-03-25,HCLTECH,EQ,"1,024.85","1,029.00","1,029.00","1,011.85","1,017.70","1,017.65","1,017.35",1527955,1554460987.5,50323,1057052.0,69.18
2019-03-26,HCLTECH,EQ,"1,017.65","1,013.35","1,043.80","1,011.50","1,038.00","1,034.60","1,027.44",1655723,1701149460.7,75011,1051791.0,63.52
2019-03-27,HCLTECH,EQ,"1,034.60","1,020.00","1,056.35","1,020.00","1,042.50","1,043.15","1,043.39",1455845,1519018505.4,65303,812220.0,55.79
2019-03-28,HCLTECH,EQ,"1,043.15","1,051.40","1,088.35","1,050.00","1,085.00","1,082.90","1,077.27",4313807,4647119585.7,121444,2316435.0,53.7
2019-03-29,HCLTECH,EQ,"1,082.90","1,090.00","1,098.45","1,067.65","1,087.00","1,087.45","1,084.27",2827220,3065473915.55,132698,1535638.0,54.32
2019-04-01,HCLTECH,EQ,"1,087.45","1,090.00","1,120.00","1,082.05","1,110.00","1,110.75","1,109.12",2308865,2560803235.65,87277,1203810.0,52.14
2019-04-02,HCLTECH,EQ,"1,110.75","1,110.00","1,120.00","1,092.50","1,102.05","1,102.60","1,100.15",1393922,1533522832.25,70655,670023.0,48.07
2019-04-03,HCLTECH,EQ,"1,102.60","1,102.60","1,133.30","1,091.55","1,114.65","1,120.60","1,120.14",2648314,2966494874.6,77938,1280139.0,48.34
2019-04-04,HCLTECH,EQ,"1,120.60","1,118.00","1,118.05","1,081.50","1,090.35","1,098.05","1,094.16",4222104,4619649170.9,153461,2467938.0,58.45
2019-04-05,HCLTECH,EQ,"1,098.05","1,090.35","1,104.65","1,085.50","1,092.00","1,092.80","1,093.25",1704522,1863476951.8,71310,982173.0,57.62
2019-04-08,HCLTECH,EQ,"1,092.80","1,095.00","1,101.00","1,080.95","1,096.40","1,096.35","1,089.60",2013924,2194380924.1,98317,1326487.0,65.87
2019-04-09,HCLTECH,EQ,"1,096.35","1,096.35","1,128.85","1,096.20","1,118.00","1,118.15","1,118.64",3250491,3636118272.2,117833,1665620.0,51.24
2019-04-10,HCLTECH,EQ,"1,118.15","1,120.00","1,125.30","1,096.20","1,098.75","1,098.70","1,104.69",2413433,2666090148.1,79204,1536537.0,63.67
2019-04-11,HCLTECH,EQ,"1,098.70","1,092.30","1,101.10","1,085.00","1,088.90","1,088.85","1,092.36",1517790,1657969183.85,112162,1040493.0,68.55
2019-04-12,HCLTECH,EQ,"1,088.85","1,088.80","1,100.85","1,076.60","1,082.70","1,083.45","1,084.56",1419742,1539789063.65,57359,758481.0,53.42
2019-04-15,HCLTECH,EQ,"1,083.45","1,089.00","1,108.00","1,085.00","1,102.00","1,103.25","1,101.44",1934151,2130354590.2,57781,1171051.0,60.55
2019-04-16,HCLTECH,EQ,"1,103.25","1,109.50","1,116.25","1,102.35","1,103.00","1,107.05","1,108.50",1200591,1330850933.0,55163,592041.0,49.31
2019-04-18,HCLTECH,EQ,"1,107.05","1,108.00","1,123.90","1,090.50","1,101.00","1,102.65","1,104.64",2027619,2239785336.55,68087,964953.0,47.59
2019-04-22,HCLTECH,EQ,"1,102.65","1,103.50","1,114.30","1,095.00","1,099.05","1,101.10","1,102.18",1115258,1229218492.85,46449,593041.0,53.18
2019-04-23,HCLTECH,EQ,"1,101.10","1,102.60","1,111.95","1,096.60","1,105.50","1,102.00","1,103.35",1067764,1178119502.35,49466,613698.0,57.48
2019-04-24,HCLTECH,EQ,"1,102.00","1,103.00","1,142.10","1,096.85","1,141.05","1,138.95","1,126.09",2840823,3199024991.3,75797,1445900.0,50.9
2019-04-25,HCLTECH,EQ,"1,138.95","1,141.00","1,151.40","1,129.05","1,136.00","1,133.70","1,137.30",2680549,3048575725.2,76748,1738146.0,64.84
2019-04-26,HCLTECH,EQ,"1,133.70","1,140.00","1,169.85","1,135.00","1,138.40","1,139.75","1,145.04",1732967,1984322619.9,85011,928421.0,53.57
2019-04-30,HCLTECH,EQ,"1,139.75","1,140.05","1,187.60","1,140.00","1,180.00","1,183.35","1,171.60",4155200,4868215324.7,122351,2314128.0,55.69
2019-05-02,HCLTECH,EQ,"1,183.35","1,170.00","1,180.50","1,156.50","1,160.95","1,160.05","1,166.54",2113097,2465002246.1,73551,1318221.0,62.38
2019-05-03,HCLTECH,EQ,"1,160.05","1,144.00","1,149.15","1,126.25","1,142.00","1,143.05","1,136.59",2855158,3245135712.15,72465,1695057.0,59.37
2019-05-06,HCLTECH,EQ,"1,143.05","1,139.90","1,144.40","1,128.05","1,136.00","1,136.05","1,136.15",1413565,1606015284.25,42659,791183.0,55.97
2019-05-07,HCLTECH,EQ,"1,136.05","1,137.35","1,150.00","1,116.00","1,133.90","1,131.75","1,127.52",2344602,2643592796.9,62285,1297248.0,55.33
2019-05-08,HCLTECH,EQ,"1,131.75","1,132.00","1,140.00","1,122.40","1,125.05","1,132.60","1,129.11",1493911,1686788501.8,62867,814787.0,54.54
2019-05-09,HCLTECH,EQ,"1,132.60","1,124.50","1,145.00","1,110.10","1,138.90","1,136.60","1,123.62",2481345,2788100231.85,83849,1390259.0,56.03
2019-05-10,HCLTECH,EQ,"1,136.60","1,111.00","1,111.00","1,072.80","1,085.05","1,086.65","1,086.53",7767725,8439893837.75,254056,3196037.0,41.15
2019-05-13,HCLTECH,EQ,"1,086.65","1,088.30","1,100.75","1,078.00","1,082.00","1,083.65","1,089.95",1684031,1835510420.4,66087,566755.0,33.65
2019-05-14,HCLTECH,EQ,"1,083.65","1,083.65","1,083.65","1,057.00","1,067.15","1,067.85","1,066.86",2194007,2340698213.65,78380,1285719.0,58.6
2019-05-15,HCLTECH,EQ,"1,067.85","1,072.95","1,086.50","1,062.85","1,066.80","1,067.45","1,072.35",1620299,1737535548.4,82611,743992.0,45.92
2019-05-16,HCLTECH,EQ,"1,067.45","1,079.90","1,080.45","1,056.05","1,075.00","1,072.25","1,071.06",1113451,1192573906.0,81884,545182.0,48.96
2019-05-17,HCLTECH,EQ,"1,072.25","1,075.05","1,077.00","1,059.75","1,062.60","1,062.70","1,066.63",1390023,1482641880.95,86938,832445.0,59.89
2019-05-20,HCLTECH,EQ,"1,062.70","1,065.00","1,083.80","1,051.25","1,075.00","1,073.55","1,067.74",1190237,1270858663.2,50780,528853.0,44.43
2019-05-21,HCLTECH,EQ,"1,073.55","1,071.40","1,074.00","1,052.65","1,059.85","1,056.10","1,062.53",806713,857155423.05,36564,490844.0,60.84
2019-05-22,HCLTECH,EQ,"1,056.10","1,057.00","1,075.00","1,053.70","1,063.20","1,061.00","1,061.91",1712432,1818442539.6,67134,1035755.0,60.48
2019-05-23,HCLTECH,EQ,"1,061.00","1,064.00","1,071.00","1,050.25","1,068.40","1,066.40","1,063.74",1942100,2065880423.5,101251,1234098.0,63.54
2019-05-24,HCLTECH,EQ,"1,066.40","1,071.00","1,074.00","1,054.10","1,066.20","1,065.95","1,060.48",2170234,2301491590.2,84505,1571718.0,72.42
2019-05-27,HCLTECH,EQ,"1,065.95","1,072.00","1,081.00","1,058.20","1,066.00","1,064.20","1,067.11",1582207,1688381922.45,58856,910937.0,57.57
2019-05-28,HCLTECH,EQ,"1,064.20","1,071.00","1,089.95","1,055.25","1,068.30","1,071.30","1,070.84",5315844,5692408761.6,120788,4283933.0,80.59
2019-05-29,HCLTECH,EQ,"1,071.30","1,071.40","1,095.00","1,068.20","1,085.00","1,085.00","1,086.29",2177406,2365284474.25,87522,1172138.0,53.83
2019-05-30,HCLTECH,EQ,"1,085.00","1,088.00","1,098.35","1,068.00","1,081.00","1,078.20","1,084.10",2372724,2572263431.4,67177,1358061.0,57.24
2019-05-31,HCLTECH,EQ,"1,078.20","1,085.00","1,099.40","1,080.05","1,090.00","1,092.55","1,090.61",2127547,2320319969.85,79310,1370754.0,64.43
2019-06-03,HCLTECH,EQ,"1,092.55","1,098.85","1,119.00","1,087.15","1,117.10","1,115.20","1,105.53",1700197,1879615665.55,50010,981538.0,57.73
2019-06-04,HCLTECH,EQ,"1,115.20","1,112.40","1,113.40","1,081.00","1,090.00","1,085.85","1,089.74",2064485,2249742192.25,56317,1260865.0,61.07
2019-06-06,HCLTECH,EQ,"1,085.85","1,090.00","1,101.15","1,075.55","1,078.65","1,079.20","1,088.16",2350903,2558156313.6,64776,1668781.0,70.98
2019-06-07,HCLTECH,EQ,"1,079.20","1,083.00","1,087.20","1,071.25","1,079.00","1,079.60","1,079.11",1636403,1765866277.35,39635,1129895.0,69.05
2019-06-10,HCLTECH,EQ,"1,079.60","1,086.90","1,101.80","1,081.40","1,095.00","1,091.20","1,092.93",1028004,1123541224.25,57669,600114.0,58.38
2019-06-11,HCLTECH,EQ,"1,091.20","1,100.00","1,116.95","1,093.90","1,108.00","1,107.90","1,110.06",3242539,3599415436.95,129989,1777347.0,54.81
2019-06-12,HCLTECH,EQ,"1,107.90","1,107.00","1,110.00","1,091.30","1,107.50","1,108.10","1,100.40",1568101,1725541600.8,48261,1045518.0,66.67
2019-06-13,HCLTECH,EQ,"1,108.10","1,103.00","1,106.10","1,093.00","1,097.95","1,100.90","1,099.03",1975925,2171592196.7,89087,1411381.0,71.43
2019-06-14,HCLTECH,EQ,"1,100.90","1,093.10","1,102.35","1,084.00","1,084.00","1,087.00","1,091.45",1733936,1892513069.85,51015,1303242.0,75.16
2019-06-17,HCLTECH,EQ,"1,087.00","1,084.00","1,087.70","1,071.50","1,072.90","1,074.90","1,079.71",1243674,1342805412.9,31190,832846.0,66.01
2019-06-18,HCLTECH,EQ,"1,074.90","1,074.90","1,094.15","1,074.65","1,089.55","1,089.60","1,084.20",706081,765529891.0,40694,365971.0,50.99
2019-06-19,HCLTECH,EQ,"1,089.60","1,090.10","1,096.60","1,077.80","1,083.45","1,084.10","1,088.23",1218939,1326487059.9,47353,796622.0,65.35
2019-06-20,HCLTECH,EQ,"1,084.10","1,070.00","1,091.00","1,065.65","1,089.45","1,087.35","1,083.22",947544,1026402942.9,39786,453582.0,47.87
2019-06-21,HCLTECH,EQ,"1,087.35","1,092.50","1,092.65","1,071.15","1,079.00","1,076.25","1,078.36",2347555,2531519139.5,46909,1892176.0,80.6
2019-06-24,HCLTECH,EQ,"1,076.25","1,079.00","1,084.05","1,068.10","1,077.35","1,077.90","1,075.19",675052,725809231.05,42040,371567.0,55.04
2019-06-25,HCLTECH,EQ,"1,077.90","1,077.90","1,081.10","1,060.15","1,077.30","1,079.00","1,071.04",1101967,1180245423.85,50909,678162.0,61.54
2019-06-26,HCLTECH,EQ,"1,079.00","1,072.20","1,092.65","1,072.20","1,076.60","1,078.75","1,082.24",1638867,1773652129.15,82987,1095068.0,66.82
2019-06-27,HCLTECH,EQ,"1,078.75","1,074.30","1,084.05","1,059.95","1,061.80","1,062.75","1,070.35",1388025,1485677509.4,64999,771852.0,55.61
2019-06-28,HCLTECH,EQ,"1,062.75","1,070.70","1,075.95","1,058.70","1,065.75","1,064.65","1,067.14",1414937,1509929911.25,54879,711723.0,50.3
2019-07-01,HCLTECH,EQ,"1,064.65","1,067.25","1,069.90","1,047.35","1,049.10","1,049.10","1,054.88",1233848,1301562105.5,44414,786828.0,63.77
2019-07-02,HCLTECH,EQ,"1,049.10","1,053.00","1,064.65","1,043.00","1,061.20","1,060.00","1,051.64",1007025,1059031461.05,66175,539409.0,53.56
2019-07-03,HCLTECH,EQ,"1,060.00","1,061.00","1,064.75","1,047.60","1,048.25","1,051.20","1,054.43",606670,639691706.6,28581,257865.0,42.5
2019-07-04,HCLTECH,EQ,"1,051.20","1,048.70","1,051.20","1,033.80","1,039.50","1,040.75","1,039.27",1276519,1326647241.15,53844,605345.0,47.42
2019-07-05,HCLTECH,EQ,"1,040.75","1,043.90","1,049.00","1,012.65","1,019.95","1,016.40","1,030.11",1257176,1295027675.3,52959,495643.0,39.43
2019-07-08,HCLTECH,EQ,"1,016.40","1,011.00","1,045.80","1,010.05","1,035.05","1,039.05","1,036.16",2004112,2076577628.8,86624,1044697.0,52.13
2019-07-09,HCLTECH,EQ,"1,039.05","1,033.45","1,047.80","1,008.00","1,019.00","1,020.75","1,025.38",1602967,1643656046.15,50760,671354.0,41.88
2019-07-10,HCLTECH,EQ,"1,020.75","1,014.00","1,035.00","1,013.10","1,020.00","1,018.90","1,021.42",865800,884349393.45,48102,297692.0,34.38
2019-07-11,HCLTECH,EQ,"1,018.90","1,027.80","1,027.80","1,015.05","1,021.00","1,020.80","1,020.86",775353,791522989.3,54471,416948.0,53.78
2019-07-12,HCLTECH,EQ,"1,020.80","1,016.05","1,029.70","1,009.00","1,022.80","1,023.90","1,021.50",1451643,1482849852.2,80944,884503.0,60.93
2019-07-15,HCLTECH,EQ,"1,023.90","1,034.45","1,038.00","1,020.00","1,027.50","1,027.50","1,027.71",1316603,1353085520.3,96871,814633.0,61.87
2019-07-16,HCLTECH,EQ,"1,027.50","1,031.90","1,032.15","1,013.45","1,019.00","1,019.65","1,019.86",1725251,1759515294.45,68187,1143385.0,66.27
2019-07-17,HCLTECH,EQ,"1,019.65","1,024.40","1,043.00","1,020.90","1,040.00","1,040.75","1,037.48",1145555,1188487273.05,58455,580149.0,50.64
2019-07-18,HCLTECH,EQ,"1,040.75","1,033.40","1,037.00","1,016.00","1,020.40","1,018.55","1,023.34",1304150,1334584642.2,77594,777765.0,59.64
2019-07-19,HCLTECH,EQ,"1,018.55","1,024.00","1,030.80","1,009.20","1,015.00","1,015.60","1,017.16",1069812,1088169619.85,66663,602147.0,56.29
2019-07-22,HCLTECH,EQ,"1,015.60","1,015.60","1,027.25","1,003.25","1,020.55","1,018.95","1,017.14",951078,967376077.1,62627,482225.0,50.7
2019-07-23,HCLTECH,EQ,"1,018.95","1,020.65","1,025.95","1,007.15","1,011.05","1,010.95","1,017.19",1005829,1023114669.55,59845,559355.0,55.61
2019-07-24,HCLTECH,EQ,"1,010.95","1,009.95","1,024.85","1,001.50","1,023.00","1,021.30","1,015.02",1192280,1210190067.7,56995,652240.0,54.71
2019-07-25,HCLTECH,EQ,"1,021.30","1,021.10","1,027.65","1,003.00","1,007.45","1,011.30","1,012.79",3021020,3059643915.85,87196,1777065.0,58.82
2019-07-26,HCLTECH,EQ,"1,011.30","1,007.70","1,012.10",997.40,"1,003.75","1,001.45","1,005.12",1166192,1172162709.95,33436,711944.0,61.05
2019-07-29,HCLTECH,EQ,"1,001.45","1,005.00","1,024.00","1,004.00","1,011.05","1,015.45","1,013.52",912913,925253851.65,41112,345745.0,37.87
2019-07-30,HCLTECH,EQ,"1,015.45","1,015.00","1,027.35","1,010.80","1,023.00","1,023.60","1,019.47",1067237,1088020148.45,34033,531564.0,49.81
2019-07-31,HCLTECH,EQ,"1,023.60","1,022.50","1,037.90","1,002.95","1,034.00","1,034.55","1,021.53",1857018,1896992770.5,50642,991828.0,53.41
2019-08-01,HCLTECH,EQ,"1,034.55","1,029.15","1,042.45","1,015.10","1,016.50","1,021.55","1,026.12",1745006,1790584073.4,72808,1037611.0,59.46
2019-08-02,HCLTECH,EQ,"1,021.55","1,017.00","1,017.90",993.00,"1,009.95","1,010.50","1,002.51",1772429,1776876387.85,63718,770373.0,43.46
2019-08-05,HCLTECH,EQ,"1,010.50","1,003.40","1,017.00",997.10,"1,011.15","1,011.10","1,009.27",1343640,1356094899.8,70902,666344.0,49.59
2019-08-06,HCLTECH,EQ,"1,011.10","1,011.10","1,037.00","1,003.20","1,022.40","1,024.20","1,023.21",1587416,1624256451.05,114859,712476.0,44.88
2019-08-07,HCLTECH,EQ,"1,024.20","1,025.15","1,045.90","1,016.45","1,019.00","1,022.65","1,032.71",1983922,2048814986.05,112177,1055086.0,53.18
2019-08-08,HCLTECH,EQ,"1,022.65","1,035.95","1,095.00","1,028.05","1,090.90","1,088.25","1,070.17",6246649,6685004594.0,194020,2505847.0,40.12
2019-08-09,HCLTECH,EQ,"1,088.25","1,084.80","1,102.45","1,077.80","1,083.15","1,086.30","1,092.88",2822849,3085038166.15,82944,1249604.0,44.27
2019-08-13,HCLTECH,EQ,"1,086.30","1,091.90","1,091.90","1,067.35","1,070.35","1,072.50","1,078.95",1253805,1352792632.05,57081,752421.0,60.01
2019-08-14,HCLTECH,EQ,"1,072.50","1,069.15","1,083.40","1,057.45","1,069.55","1,076.15","1,074.17",1401960,1505937992.45,81870,720488.0,51.39
2019-08-16,HCLTECH,EQ,"1,076.15","1,076.90","1,076.90","1,050.50","1,061.80","1,062.75","1,064.38",1554110,1654168687.5,69363,911765.0,58.67
2019-08-19,HCLTECH,EQ,"1,062.75","1,065.60","1,077.95","1,057.65","1,063.45","1,064.05","1,066.91",841106,897385903.05,42224,397479.0,47.26
2019-08-20,HCLTECH,EQ,"1,064.05","1,067.90","1,090.80","1,065.10","1,085.05","1,084.00","1,080.59",2141154,2313706876.85,85501,1118865.0,52.26
2019-08-21,HCLTECH,EQ,"1,084.00","1,082.95","1,083.55","1,066.05","1,068.10","1,070.15","1,073.43",1277623,1371443228.25,50493,649360.0,50.83
2019-08-22,HCLTECH,EQ,"1,070.15","1,070.50","1,086.35","1,056.05","1,079.00","1,078.90","1,074.87",1290490,1387110818.8,57809,634902.0,49.2
2019-08-23,HCLTECH,EQ,"1,078.90","1,079.00","1,097.45","1,077.60","1,086.00","1,087.00","1,087.55",1659577,1804873496.8,66484,861585.0,51.92
2019-08-26,HCLTECH,EQ,"1,087.00","1,091.60","1,096.00","1,063.65","1,094.00","1,092.85","1,085.94",1157442,1256911316.1,76188,653737.0,56.48
2019-08-27,HCLTECH,EQ,"1,092.85","1,099.00","1,100.00","1,063.80","1,096.50","1,093.10","1,087.30",3302194,3590465632.6,120395,2378927.0,72.04
2019-08-28,HCLTECH,EQ,"1,093.10","1,097.00","1,130.00","1,092.30","1,122.80","1,123.95","1,114.71",3492642,3893271591.25,136951,1816445.0,52.01
2019-08-29,HCLTECH,EQ,"1,123.95","1,113.00","1,125.70","1,110.00","1,117.15","1,117.75","1,116.91",1474019,1646342624.85,52161,614221.0,41.67
2019-08-30,HCLTECH,EQ,"1,117.75","1,115.70","1,115.80","1,083.20","1,101.20","1,100.35","1,098.21",3369035,3699908913.8,132568,2167321.0,64.33
2019-09-03,HCLTECH,EQ,"1,100.35","1,107.00","1,130.60","1,102.85","1,106.00","1,108.35","1,115.67",2043447,2279813405.2,92821,848716.0,41.53
2019-09-04,HCLTECH,EQ,"1,108.35","1,112.35","1,128.50","1,103.90","1,125.45","1,125.65","1,117.81",1212845,1355725323.45,79822,586646.0,48.37
2019-09-05,HCLTECH,EQ,"1,125.65","1,125.45","1,125.45","1,103.75","1,114.55","1,111.95","1,113.15",1387647,1544657708.3,94173,733383.0,52.85
2019-09-06,HCLTECH,EQ,"1,111.95","1,115.50","1,121.15","1,096.95","1,097.05","1,100.40","1,105.74",1037843,1147581305.5,65759,590150.0,56.86
2019-09-09,HCLTECH,EQ,"1,100.40","1,102.00","1,102.00","1,081.00","1,085.00","1,084.40","1,085.11",1760864,1910729435.05,56862,1089946.0,61.90
2019-09-11,HCLTECH,EQ,"1,084.40","1,088.00","1,094.00","1,052.60","1,055.00","1,057.70","1,063.88",2662753,2832855933.8,93255,1399871.0,52.57
2019-09-12,HCLTECH,EQ,"1,057.70","1,057.00","1,064.45","1,048.00","1,055.00","1,054.90","1,056.04",2032367,2146261954.5,65151,1082827.0,53.28
2019-09-13,HCLTECH,EQ,"1,054.90","1,054.90","1,070.00","1,053.90","1,069.55","1,068.50","1,064.22",1545794,1645069498.9,68169,844683.0,54.64
2019-09-16,HCLTECH,EQ,"1,068.50","1,070.00","1,078.95","1,057.00","1,065.55","1,069.90","1,066.19",1944434,2073127370.45,57257,1127246.0,57.97
2019-09-17,HCLTECH,EQ,"1,069.90","1,069.00","1,069.00","1,046.55","1,057.70","1,055.85","1,056.27",1907554,2014897491.35,89470,1130785.0,59.28
2019-09-18,HCLTECH,EQ,"1,055.85","1,059.65","1,066.95","1,050.65","1,058.00","1,058.45","1,060.21",1286336,1363786924.35,54606,767559.0,59.67
2019-09-19,HCLTECH,EQ,"1,058.45","1,058.00","1,058.00","1,032.25","1,046.25","1,049.55","1,043.15",1881136,1962301011.75,94350,1063998.0,56.56
2019-09-20,HCLTECH,EQ,"1,049.55","1,052.00","1,063.55","1,037.30","1,050.00","1,049.10","1,049.58",2868041,3010234619.45,116895,1725255.0,60.15
2019-09-23,HCLTECH,EQ,"1,049.10","1,063.00","1,063.00","1,017.00","1,026.20","1,032.90","1,033.53",2366746,2446091970.95,135491,1453448.0,61.41
2019-09-24,HCLTECH,EQ,"1,032.90","1,023.20","1,051.70","1,023.00","1,049.10","1,047.40","1,042.37",2807226,2926156890.3,101131,1472006.0,52.44
2019-09-25,HCLTECH,EQ,"1,047.40","1,049.50","1,062.00","1,044.20","1,054.95","1,053.85","1,055.15",2156410,2275335941.05,78837,1537886.0,71.32
2019-09-26,HCLTECH,EQ,"1,053.85","1,054.00","1,055.55","1,033.25","1,050.00","1,045.15","1,042.97",3031038,3161275784.4,175174,2071167.0,68.33
2019-09-27,HCLTECH,EQ,"1,045.15","1,045.50","1,053.60","1,034.10","1,042.00","1,041.05","1,041.04",2229167,2320656864.55,88989,1453433.0,65.20
2019-09-30,HCLTECH,EQ,"1,041.05","1,044.00","1,096.50","1,043.05","1,078.65","1,080.60","1,076.65",4279793,4607855379.5,156471,2116899.0,49.46
2019-10-01,HCLTECH,EQ,"1,080.60","1,081.00","1,081.00","1,053.20","1,063.00","1,059.55","1,060.84",2095348,2222828845.0,82920,1260531.0,60.16
2019-10-03,HCLTECH,EQ,"1,059.55","1,058.00","1,090.00","1,054.15","1,076.25","1,076.80","1,078.25",1717651,1852062755.25,65339,823368.0,47.94
2019-10-04,HCLTECH,EQ,"1,076.80","1,076.00","1,081.80","1,064.65","1,078.00","1,079.10","1,075.04",1347094,1448180331.05,95794,819915.0,60.87
2019-10-07,HCLTECH,EQ,"1,079.10","1,085.75","1,091.00","1,068.90","1,074.00","1,074.40","1,076.25",955249,1028083488.6,71994,549426.0,57.52
2019-10-09,HCLTECH,EQ,"1,074.40","1,070.05","1,073.95","1,040.15","1,051.05","1,051.10","1,048.75",1875270,1966692071.95,92823,1170840.0,62.44
2019-10-10,HCLTECH,EQ,"1,051.10","1,051.05","1,066.10","1,041.40","1,064.00","1,063.50","1,056.99",1353776,1430923756.0,41073,616423.0,45.53
2019-10-11,HCLTECH,EQ,"1,063.50","1,050.00","1,090.00","1,048.00","1,078.40","1,079.50","1,077.70",2156390,2323931487.0,58642,1245562.0,57.76
2019-10-14,HCLTECH,EQ,"1,079.50","1,082.40","1,099.80","1,074.00","1,083.05","1,086.80","1,090.51",1390602,1516470396.05,51762,775574.0,55.77
2019-10-15,HCLTECH,EQ,"1,086.80","1,089.10","1,099.15","1,079.45","1,088.00","1,084.50","1,090.36",1501035,1636673556.05,54526,951510.0,63.39
2019-10-16,HCLTECH,EQ,"1,084.50","1,089.00","1,107.00","1,083.10","1,100.80","1,100.90","1,093.42",1509394,1650408577.65,81915,793337.0,52.56
2019-10-17,HCLTECH,EQ,"1,100.90","1,100.00","1,102.20","1,084.55","1,089.20","1,093.05","1,091.08",776139,846831381.65,35914,348532.0,44.91
2019-10-18,HCLTECH,EQ,"1,093.05","1,094.95","1,105.45","1,088.40","1,094.95","1,095.50","1,097.68",823815,904288414.3,37449,378232.0,45.91
2019-10-22,HCLTECH,EQ,"1,095.50","1,090.20","1,095.90","1,051.50","1,064.90","1,064.45","1,065.65",2751243,2931861570.7,75630,1602157.0,58.23
2019-10-23,HCLTECH,EQ,"1,064.45","1,070.00","1,103.95","1,068.00","1,102.00","1,095.15","1,091.75",3914537,4273679915.45,141402,2093059.0,53.47
2019-10-24,HCLTECH,EQ,"1,095.15","1,155.10","1,159.00","1,110.50","1,118.55","1,119.05","1,127.62",6751080,7612674883.85,191806,1824988.0,27.03
2019-10-25,HCLTECH,EQ,"1,119.05","1,121.00","1,137.25","1,098.10","1,134.05","1,134.05","1,123.25",2293610,2576291384.9,73743,1114971.0,48.61
2019-10-27,HCLTECH,EQ,"1,134.05","1,138.00","1,139.65","1,125.10","1,130.90","1,130.50","1,133.62",151960,172264822.0,6614,70109.0,46.14
2019-10-29,HCLTECH,EQ,"1,130.50","1,130.90","1,145.85","1,127.95","1,140.00","1,139.75","1,140.02",1609103,1834411674.45,90464,1042084.0,64.76
2019-10-30,HCLTECH,EQ,"1,139.75","1,150.00","1,150.00","1,138.20","1,143.15","1,146.75","1,144.26",1220876,1396993622.55,75967,796284.0,65.22
2019-10-31,HCLTECH,EQ,"1,146.75","1,145.75","1,170.00","1,138.55","1,156.00","1,162.75","1,155.92",2924499,3380475802.25,104535,1961480.0,67.07
2019-11-01,HCLTECH,EQ,"1,162.75","1,158.90","1,167.00","1,143.40","1,152.05","1,152.00","1,151.56",1065855,1227391292.6,55936,558246.0,52.38
2019-11-04,HCLTECH,EQ,"1,152.00","1,160.05","1,166.30","1,152.05","1,153.70","1,155.90","1,159.20",1511084,1751649932.25,109548,908501.0,60.12
2019-11-05,HCLTECH,EQ,"1,155.90","1,156.10","1,160.60","1,143.35","1,157.00","1,158.70","1,153.54",1439050,1660003836.0,67214,909940.0,63.23
2019-11-06,HCLTECH,EQ,"1,158.70","1,160.00","1,160.05","1,141.20","1,148.55","1,148.35","1,147.34",2288329,2625482771.7,81020,1682433.0,73.52
2019-11-07,HCLTECH,EQ,"1,148.35","1,149.00","1,154.20","1,136.10","1,149.00","1,148.45","1,145.93",1269319,1454554014.15,50615,698359.0,55.02
2019-11-08,HCLTECH,EQ,"1,148.45","1,148.35","1,164.40","1,146.10","1,148.80","1,150.10","1,153.38",2013290,2322086091.55,40596,1423296.0,70.70
2019-11-11,HCLTECH,EQ,"1,150.10","1,150.00","1,153.70","1,130.20","1,145.95","1,145.95","1,139.24",953320,1086056194.05,42428,454632.0,47.69
2019-11-13,HCLTECH,EQ,"1,145.95","1,150.00","1,156.10","1,134.70","1,142.90","1,138.60","1,146.58",1689175,1936772146.05,48195,1113536.0,65.92
2019-11-14,HCLTECH,EQ,"1,138.60","1,141.50","1,157.40","1,135.10","1,149.00","1,147.80","1,147.24",1270462,1457522117.3,67142,629341.0,49.54
2019-11-15,HCLTECH,EQ,"1,147.80","1,150.95","1,159.80","1,140.00","1,143.15","1,142.30","1,149.66",1530856,1759963279.6,39519,1052656.0,68.76
2019-11-18,HCLTECH,EQ,"1,142.30","1,148.00","1,149.70","1,138.80","1,140.50","1,141.10","1,144.22",1242157,1421301716.7,40156,838205.0,67.48
2019-11-19,HCLTECH,EQ,"1,141.10","1,139.00","1,143.50","1,128.65","1,133.90","1,134.65","1,134.93",1182510,1342063644.0,77856,827310.0,69.96
2019-11-20,HCLTECH,EQ,"1,134.65","1,135.00","1,137.70","1,125.50","1,132.20","1,132.80","1,131.89",1112518,1259249505.4,42930,685028.0,61.57
2019-11-21,HCLTECH,EQ,"1,132.80","1,138.60","1,148.50","1,131.55","1,135.50","1,136.60","1,139.32",1938092,2208111035.6,94771,1272728.0,65.67
2019-11-22,HCLTECH,EQ,"1,136.60","1,130.45","1,134.95","1,108.95","1,117.50","1,114.75","1,114.96",1298964,1448296807.55,44429,814156.0,62.68
2019-11-25,HCLTECH,EQ,"1,114.75","1,117.00","1,126.10","1,106.05","1,125.00","1,124.75","1,115.26",846601,944177400.95,28998,422467.0,49.90
2019-11-26,HCLTECH,EQ,"1,124.75","1,126.50","1,134.50","1,098.45","1,109.75","1,108.05","1,115.03",3229962,3601508869.65,92295,2582049.0,79.94
2019-11-27,HCLTECH,EQ,"1,108.05","1,109.00","1,134.40","1,109.00","1,123.70","1,128.25","1,124.50",1677156,1885963778.1,48391,951912.0,56.76
2019-11-28,HCLTECH,EQ,"1,128.25","1,139.00","1,143.40","1,125.50","1,134.00","1,132.65","1,134.07",1206558,1368316978.4,37217,640793.0,53.11
2019-11-29,HCLTECH,EQ,"1,132.65","1,136.00","1,136.85","1,125.10","1,127.50","1,127.65","1,129.76",1193851,1348769175.55,39262,833709.0,69.83
2019-12-02,HCLTECH,EQ,"1,127.65","1,139.00","1,139.00","1,123.50","1,124.90","1,125.30","1,127.38",1497958,1688765769.75,51664,1010813.0,67.48
2019-12-03,HCLTECH,EQ,"1,125.30","1,129.95","1,131.00","1,121.00","1,124.60","1,124.55","1,124.79",1783831,2006442462.45,46112,1347714.0,75.55
2019-12-04,HCLTECH,EQ,"1,124.55","1,127.00","1,130.00","1,116.45","1,125.00","1,125.50","1,125.23",2951568,3321199480.1,86556,2161867.0,73.24
2019-12-05,HCLTECH,EQ,"1,125.50",563.80,567.65,557.15,561.35,560.90,562.67,2683884,1510147684.4,69700,1109518.0,41.34
2019-12-06,HCLTECH,EQ,560.90,563.90,567.05,558.65,560.00,560.30,562.75,1659752,934028296.4,35003,938110.0,56.52
2019-12-09,HCLTECH,EQ,560.30,562.55,563.20,547.00,551.25,552.05,552.09,2192234,1210317817.15,79767,918032.0,41.88
2019-12-10,HCLTECH,EQ,552.05,552.05,554.90,541.80,544.50,544.45,544.73,1628853,887288922.1,48635,918909.0,56.41
2019-12-11,HCLTECH,EQ,544.45,545.00,549.90,539.45,545.00,543.80,545.12,2387958,1301731579.75,54141,1081285.0,45.28
2019-12-12,HCLTECH,EQ,543.80,547.30,547.80,535.05,536.00,536.35,539.17,2061911,1111727746.05,57123,1200734.0,58.23
2019-12-13,HCLTECH,EQ,536.35,538.00,545.00,536.80,544.50,543.15,540.86,2889796,1562986786.3,56876,1846863.0,63.91
2019-12-16,HCLTECH,EQ,543.15,546.00,554.95,545.05,552.15,552.20,551.49,4590144,2531427405.55,88454,2752306.0,59.96
2019-12-17,HCLTECH,EQ,552.20,555.50,559.00,552.50,558.70,557.75,555.97,3852266,2141753097.55,70229,2841301.0,73.76
2019-12-18,HCLTECH,EQ,557.75,560.00,566.95,559.00,565.45,564.70,562.94,4618387,2599886458.95,71520,3263748.0,70.67
2019-12-19,HCLTECH,EQ,564.70,565.50,574.00,564.75,569.55,569.50,569.26,3465644,1972852141.45,87034,2045668.0,59.03
2019-12-20,HCLTECH,EQ,569.50,573.50,573.75,565.50,570.00,569.90,569.67,3135806,1786380355.85,63110,1974049.0,62.95
2019-12-23,HCLTECH,EQ,569.90,567.50,575.55,566.55,570.00,570.95,571.30,1591463,909200256.1,45818,954075.0,59.95
2019-12-24,HCLTECH,EQ,570.95,572.00,572.65,559.30,561.00,560.55,561.30,2354963,1321847185.35,35192,980297.0,41.63
2019-12-26,HCLTECH,EQ,560.55,561.65,565.00,559.55,560.60,560.50,561.97,1848547,1038825505.8,43071,790917.0,42.79
2019-12-27,HCLTECH,EQ,560.50,562.95,569.00,557.00,566.50,567.55,562.77,2786795,1568330379.4,68529,1623093.0,58.24
2019-12-30,HCLTECH,EQ,567.55,567.00,577.50,564.25,569.80,569.30,571.20,1800754,1028582296.7,40239,830028.0,46.09
2019-12-31,HCLTECH,EQ,569.30,569.10,571.50,565.05,569.00,568.10,568.67,1838808,1045684086.85,62191,1241596.0,67.52
2020-01-01,HCLTECH,EQ,568.10,569.40,572.90,566.85,571.10,571.95,570.49,918373,523918302.05,17539,503196.0,54.79
2020-01-02,HCLTECH,EQ,571.95,572.55,575.00,570.50,574.00,573.55,573.24,1075642,616604442.2,52734,523259.0,48.65
2020-01-03,HCLTECH,EQ,573.55,574.00,588.50,572.85,582.00,585.05,584.14,3269446,1909826833.0,77707,1071299.0,32.77
2020-01-06,HCLTECH,EQ,585.05,585.00,592.20,579.45,581.90,582.00,584.22,3589985,2097334940.2,60726,1698341.0,47.31
2020-01-07,HCLTECH,EQ,582.00,582.00,587.75,579.05,583.90,584.25,584.46,3179728,1858421839.65,90166,2016150.0,63.41
2020-01-08,HCLTECH,EQ,584.25,583.00,593.00,578.00,585.00,585.75,587.17,3593096,2109768987.9,100124,2062014.0,57.39
2020-01-09,HCLTECH,EQ,585.75,586.00,588.15,579.25,580.95,580.30,581.99,2313648,1346525671.95,55170,1203611.0,52.02
2020-01-10,HCLTECH,EQ,580.30,582.00,589.80,577.40,580.40,580.35,583.18,2049636,1195316777.85,77150,912075.0,44.5
2020-01-13,HCLTECH,EQ,580.35,583.95,590.00,581.00,587.00,586.50,584.94,4096054,2395926901.9,88858,2557536.0,62.44
2020-01-14,HCLTECH,EQ,586.50,587.20,597.40,587.15,594.00,594.30,592.35,3395378,2011260219.45,100342,1567640.0,46.17
2020-01-15,HCLTECH,EQ,594.30,597.00,598.30,591.70,595.00,595.75,594.99,2348102,1397101271.6,47737,1263518.0,53.81
2020-01-16,HCLTECH,EQ,595.75,597.00,598.30,586.75,594.65,593.25,593.17,2107442,1250064106.35,58134,925645.0,43.92
2020-01-17,HCLTECH,EQ,593.25,585.00,602.00,585.00,600.50,598.80,594.66,4555694,2709100492.25,69220,1932730.0,42.42
2020-01-20,HCLTECH,EQ,598.80,618.00,618.00,584.10,588.95,589.25,594.82,10272118,6110077607.6,124801,2672077.0,26.01
2020-01-21,HCLTECH,EQ,589.25,589.30,593.25,582.35,582.75,584.05,587.79,2640668,1552159511.65,74242,1136410.0,43.03
2020-01-22,HCLTECH,EQ,584.05,585.20,595.00,581.50,590.20,590.65,591.32,4402650,2603383754.65,111318,2198140.0,49.93
2020-01-23,HCLTECH,EQ,590.65,590.10,599.95,587.00,598.00,598.95,596.55,6089397,3632609992.95,97913,4369373.0,71.75
2020-01-24,HCLTECH,EQ,598.95,599.00,609.00,595.50,607.40,607.70,605.57,3551260,2150553376.75,79737,1947518.0,54.84
2020-01-27,HCLTECH,EQ,607.70,607.70,608.00,601.75,605.55,604.35,605.04,2450421,1482591558.95,34778,1638147.0,66.85
2020-01-28,HCLTECH,EQ,604.35,607.30,607.35,592.60,602.85,601.45,598.41,5330709,3189957865.4,122378,4045256.0,75.89
2020-01-29,HCLTECH,EQ,601.45,605.00,611.50,602.20,608.85,608.85,608.53,4281329,2605296082.35,81339,3214524.0,75.08
2020-01-30,HCLTECH,EQ,608.85,612.00,613.85,603.65,607.90,607.85,607.69,3334901,2026594901.4,99651,2341231.0,70.2
2020-01-31,HCLTECH,EQ,607.85,607.85,608.90,589.60,591.60,591.40,595.05,3590768,2136694876.85,100805,2302497.0,64.12
2020-02-01,HCLTECH,EQ,591.40,591.40,597.70,580.75,590.80,590.90,589.72,941425,555181526.4,20264,243753.0,25.89
2020-02-03,HCLTECH,EQ,590.90,591.40,593.65,577.50,579.85,579.10,583.95,4024193,2349921570.35,105851,2708631.0,67.31
2020-02-04,HCLTECH,EQ,579.10,583.00,589.25,582.50,587.80,586.50,586.68,3246094,1904422834.7,70121,2304138.0,70.98
2020-02-05,HCLTECH,EQ,586.50,589.40,598.50,586.00,595.00,595.60,594.34,3006324,1786763873.75,109513,1738594.0,57.83
2020-02-06,HCLTECH,EQ,595.60,598.95,613.00,598.00,601.00,599.70,603.60,4704968,2839896598.15,81356,2808209.0,59.69
2020-02-07,HCLTECH,EQ,599.70,601.65,609.20,599.15,605.00,607.70,605.10,2865379,1733839280.5,57503,1827003.0,63.76
2020-02-10,HCLTECH,EQ,607.70,608.90,611.55,601.65,603.00,604.90,605.70,2286213,1384767003.45,34996,1591595.0,69.62
2020-02-11,HCLTECH,EQ,604.90,606.00,613.75,605.70,610.95,610.65,610.79,2458748,1501768180.25,118909,1671637.0,67.99
2020-02-12,HCLTECH,EQ,610.65,613.00,620.50,610.30,612.20,614.10,614.82,4873027,2996058413.8,108142,3438041.0,70.55
2020-02-13,HCLTECH,EQ,614.10,612.00,613.95,604.05,612.50,612.45,608.15,2090363,1271260965.45,44088,1084025.0,51.86
2020-02-14,HCLTECH,EQ,612.45,612.45,623.25,612.25,622.15,621.65,619.82,3650630,2262731807.85,101590,2322074.0,63.61
2020-02-17,HCLTECH,EQ,621.65,623.00,623.50,612.35,613.45,613.45,615.53,2190578,1348368545.8,73941,1371469.0,62.61
2020-02-18,HCLTECH,EQ,613.45,613.45,615.80,605.15,609.80,607.05,608.11,5237465,3184953678.3,71859,3944951.0,75.32
2020-02-19,HCLTECH,EQ,607.05,614.45,618.25,604.00,604.45,605.75,610.10,3799862,2318282583.1,73152,2634371.0,69.33
2020-02-20,HCLTECH,EQ,605.75,611.00,612.95,605.15,610.00,608.05,608.47,4820313,2932993838.55,115488,3765792.0,78.12
2020-02-24,HCLTECH,EQ,608.05,608.00,609.00,591.50,592.15,595.15,602.49,4070143,2452203952.25,105019,2871001.0,70.54
2020-02-25,HCLTECH,EQ,595.15,595.50,595.70,575.00,583.20,582.45,582.04,5525575,3216091090.5,115367,3351569.0,60.66
2020-02-26,HCLTECH,EQ,582.45,576.90,589.05,575.50,583.25,583.60,582.92,5460070,3182772786.15,100228,3912612.0,71.66
2020-02-27,HCLTECH,EQ,583.60,582.10,582.40,568.00,571.00,573.05,573.13,4078174,2337341544.0,97257,2571171.0,63.05
2020-02-28,HCLTECH,EQ,573.05,560.00,564.00,531.20,539.00,534.35,546.95,7894806,4318041180.3,161062,5641457.0,71.46
2020-03-02,HCLTECH,EQ,534.35,541.05,565.85,537.85,547.60,549.70,553.95,8175982,4529087569.8,166431,4757527.0,58.19
2020-03-03,HCLTECH,EQ,549.70,556.00,568.75,555.00,568.20,565.05,561.76,4682284,2630302017.2,131005,2921488.0,62.39
2020-03-04,HCLTECH,EQ,565.05,569.00,575.40,561.00,562.20,563.10,566.67,5175180,2932609654.3,104336,2995152.0,57.88
2020-03-05,HCLTECH,EQ,563.1,568.0,581.9,563.15,576.0,576.4,578.35,6061347,3505571601.1,89062,3342007.0,55.14
2020-03-06,HCLTECH,EQ,576.4,570.0,573.95,559.55,568.0,566.2,564.49,3288548,1856339904.15,72399,1780941.0,54.16
2020-03-09,HCLTECH,EQ,566.2,555.0,558.0,536.45,542.55,540.45,543.06,3699831,2009218670.1,82357,2008244.0,54.28
2020-03-11,HCLTECH,EQ,540.45,526.75,542.65,514.0,538.05,536.8,533.8,4850036,2588947282.4,105339,2600565.0,53.62
2020-03-12,HCLTECH,EQ,536.8,521.0,527.8,486.35,494.0,493.35,506.11,5321420,2693243988.9,161096,3096516.0,58.19
2020-03-13,HCLTECH,EQ,493.35,460.0,517.25,395.95,497.0,492.9,479.71,6859998,3290807920.4,117288,2869311.0,41.83
2020-03-16,HCLTECH,EQ,492.9,469.0,479.8,446.85,453.25,450.7,464.14,5281596,2451413146.3,126930,2981225.0,56.45
2020-03-17,HCLTECH,EQ,450.7,450.0,478.6,443.35,455.0,450.65,459.39,5148569,2365223532.45,99381,2957732.0,57.45
2020-03-18,HCLTECH,EQ,450.65,455.0,464.8,429.05,437.0,434.25,442.39,4936460,2183860725.15,123650,2901862.0,58.78
2020-03-19,HCLTECH,EQ,434.25,418.9,434.6,375.25,419.0,413.45,413.01,9270054,3828624864.05,184203,4577255.0,49.38
2020-03-20,HCLTECH,EQ,413.45,413.5,461.95,411.85,444.7,444.9,441.91,11916337,5265991518.6,199014,7002639.0,58.77
2020-03-23,HCLTECH,EQ,444.9,415.0,444.0,400.45,425.0,417.15,415.77,9525670,3960473954.45,111898,6474510.0,67.97
2020-03-24,HCLTECH,EQ,417.15,413.0,458.85,411.85,449.0,442.05,442.27,9915954,4385560836.55,142298,6044388.0,60.96
2020-03-25,HCLTECH,EQ,442.05,432.0,468.0,417.75,436.0,457.6,445.12,11976272,5330864585.65,109934,8694881.0,72.60
2020-03-26,HCLTECH,EQ,457.6,461.1,466.75,441.1,445.7,447.7,451.39,9504717,4290299456.1,113214,6559488.0,69.01
2020-03-27,HCLTECH,EQ,447.7,450.25,457.45,420.5,434.0,430.65,431.25,9151132,3946409120.55,145850,5896317.0,64.43
2020-03-30,HCLTECH,EQ,430.65,410.0,438.65,410.0,424.0,419.0,426.61,6325701,2698581018.65,114637,3625106.0,57.31
2020-03-31,HCLTECH,EQ,419.0,433.2,449.4,425.3,433.0,436.4,439.08,6381824,2802104922.9,118664,4308600.0,67.51
2020-04-01,HCLTECH,EQ,436.4,433.0,433.2,408.2,414.65,413.55,421.79,8136746,3431993954.75,112951,5298743.0,65.12
2020-04-03,HCLTECH,EQ,413.55,418.9,428.6,399.3,409.85,405.8,415.48,8166456,3393014502.0,157013,4330439.0,53.03
2020-04-07,HCLTECH,EQ,405.8,425.0,457.95,425.0,456.0,451.15,443.19,5972948,2647166163.2,120075,3101333.0,51.92
2020-04-08,HCLTECH,EQ,451.15,451.0,476.8,449.0,466.25,463.1,467.34,7991062,3734513998.3,111912,4502299.0,56.34
2020-04-09,HCLTECH,EQ,463.1,480.7,481.0,462.0,470.0,469.05,469.6,5069246,2380516357.2,85608,3071039.0,60.58
2020-04-13,HCLTECH,EQ,469.05,470.0,471.0,454.0,461.0,458.25,458.64,2236731,1025850219.3,54865,,-
2020-04-15,HCLTECH,EQ,458.25,470.0,482.0,462.7,481.2,478.75,473.04,6333192,2995860466.25,124242,3809593.0,60.15
2020-04-16,HCLTECH,EQ,478.75,473.0,476.0,456.7,459.8,459.75,464.99,10484847,4875303122.95,225515,6289179.0,59.98
2020-04-17,HCLTECH,EQ,459.75,470.0,475.0,453.65,457.0,455.25,460.6,4706460,2167802342.15,119829,2243641.0,47.67
2020-04-20,HCLTECH,EQ,455.25,458.0,473.6,453.5,469.9,470.0,467.39,4801120,2243978570.55,115539,2034232.0,42.37
2020-04-21,HCLTECH,EQ,470.0,458.0,464.95,447.85,455.05,455.7,455.24,3405204,1550199472.95,60418,1831035.0,53.77
2020-04-22,HCLTECH,EQ,455.7,453.0,469.45,450.0,463.5,462.4,461.49,3768051,1738902050.0,71852,1690529.0,44.86
2020-04-23,HCLTECH,EQ,462.4,465.0,480.75,462.4,480.0,477.7,473.72,3054988,1447212593.15,61297,1315670.0,43.07
2020-04-24,HCLTECH,EQ,477.7,480.0,496.9,465.15,468.1,468.1,479.58,6738441,3231611938.7,104786,1679809.0,24.93
2020-04-27,HCLTECH,EQ,468.1,473.1,485.7,467.25,484.0,483.1,478.49,2914600,1394616385.75,66778,1260373.0,43.24
2020-04-28,HCLTECH,EQ,483.1,489.0,489.0,469.45,474.25,471.1,473.89,4262239,2019852356.35,58064,2063716.0,48.42
2020-04-29,HCLTECH,EQ,471.1,474.8,501.0,470.2,495.0,491.75,481.7,3849156,1854120925.2,74523,1876703.0,48.76
2020-04-30,HCLTECH,EQ,491.75,506.5,565.5,501.0,545.0,543.55,527.51,8035698,4238930037.6,142686,2693252.0,33.52
2020-05-04,HCLTECH,EQ,543.55,527.5,527.5,508.2,514.9,514.25,513.96,7032553,3614482821.4,143067,3993112.0,56.78
2020-05-05,HCLTECH,EQ,514.25,526.0,529.9,515.65,521.3,520.4,522.08,4592833,2397806446.8,93760,2238007.0,48.73
2020-05-06,HCLTECH,EQ,520.4,512.2,526.7,506.2,521.0,519.1,517.81,6921536,3584016691.65,144546,3515933.0,50.80
2020-05-07,HCLTECH,EQ,519.1,530.0,541.8,507.55,510.5,511.75,523.24,19998942,10464165769.05,292085,3467020.0,17.34
2020-05-08,HCLTECH,EQ,511.75,520.85,522.5,502.4,519.0,518.4,515.0,10120968,5212261619.15,161781,2793646.0,27.60
2020-05-11,HCLTECH,EQ,518.4,526.0,534.9,521.2,527.0,527.55,530.01,4425560,2345605221.85,103083,1598921.0,36.13
2020-05-12,HCLTECH,EQ,527.55,525.45,540.0,520.0,527.3,527.4,531.14,6440027,3420566835.55,123687,2135490.0,33.16
2020-05-13,HCLTECH,EQ,527.4,539.85,539.85,521.55,527.0,528.75,530.41,3503019,1858036337.95,65175,1055370.0,30.13
2020-05-14,HCLTECH,EQ,528.75,519.4,527.55,514.35,515.0,517.45,522.0,3741679,1953170071.8,80074,1484762.0,39.68
2020-05-15,HCLTECH,EQ,517.45,517.95,517.95,505.25,512.2,511.25,510.91,4895771,2501283541.55,92194,2238195.0,45.72
2020-05-18,HCLTECH,EQ,511.25,514.7,518.65,507.5,513.0,510.75,512.45,5159670,2644092703.0,88086,2126591.0,41.22
2020-05-19,HCLTECH,EQ,510.75,512.0,520.5,506.2,519.2,518.25,515.32,3967055,2044283724.75,66640,1412137.0,35.60
2020-05-20,HCLTECH,EQ,518.25,515.05,528.65,515.0,526.4,526.75,524.14,3138733,1645122999.5,69200,1187246.0,37.83
2020-05-21,HCLTECH,EQ,526.75,529.8,537.5,523.4,534.9,534.85,531.05,4523685,2402305199.6,85794,2581112.0,57.06
2020-05-22,HCLTECH,EQ,534.85,533.65,535.0,523.0,531.45,530.4,529.42,6410485,3393840793.15,88894,3781198.0,58.98
2020-05-26,HCLTECH,EQ,530.4,530.0,536.5,520.25,527.5,524.0,529.01,4055697,2145521329.15,80198,2143830.0,52.86
2020-05-27,HCLTECH,EQ,524.0,529.7,533.9,516.0,527.2,530.95,524.45,4828848,2532469094.4,85742,2470307.0,51.16
2020-05-28,HCLTECH,EQ,530.95,531.0,546.0,523.0,543.9,542.65,534.35,4492817,2400751811.85,97391,1909764.0,42.51
2020-05-29,HCLTECH,EQ,542.65,540.0,555.0,536.7,552.0,550.25,548.18,7853814,4305327791.8,111025,4201970.0,53.50
2020-06-01,HCLTECH,EQ,550.25,557.0,573.4,555.5,557.0,559.75,565.68,4503607,2547616414.45,80585,1684330.0,37.40
2020-06-02,HCLTECH,EQ,559.75,559.3,567.75,550.0,562.95,560.2,560.98,2930073,1643708343.0,72773,1145041.0,39.08
2020-06-03,HCLTECH,EQ,560.2,564.0,568.4,557.0,565.3,562.8,562.01,4202273,2361720133.05,82210,1877507.0,44.68
2020-06-04,HCLTECH,EQ,562.8,565.0,583.7,559.0,580.75,578.95,570.09,5315354,3030245420.0,157648,2313660.0,43.53
2020-06-05,HCLTECH,EQ,578.95,585.0,587.15,572.5,575.0,575.95,577.45,3995825,2307377577.4,90192,1763915.0,44.14
2020-06-08,HCLTECH,EQ,575.95,579.15,583.5,571.05,578.0,578.25,578.51,3772143,2182208882.35,84820,1782648.0,47.26
2020-06-09,HCLTECH,EQ,578.25,574.15,583.6,570.0,570.0,572.85,576.99,3812757,2199937347.4,127861,2083688.0,54.65
2020-06-10,HCLTECH,EQ,572.85,575.0,587.5,573.6,578.0,578.7,580.68,6491758,3769645787.4,93652,3691681.0,56.87
2020-06-11,HCLTECH,EQ,578.7,580.0,584.9,574.1,576.25,578.05,579.16,4975680,2881695648.5,72961,3461257.0,69.56
2020-06-12,HCLTECH,EQ,578.05,555.2,578.7,555.2,571.0,570.75,568.02,6624056,3762582706.0,118919,4578547.0,69.12
2020-06-15,HCLTECH,EQ,570.75,574.8,581.0,563.7,579.25,578.95,574.52,3787100,2175760975.6,81883,1685663.0,44.51
2020-06-16,HCLTECH,EQ,578.95,585.0,593.5,578.4,579.2,580.9,585.75,4728409,2769651588.95,92201,1598700.0,33.81
2020-06-17,HCLTECH,EQ,580.9,580.0,581.85,573.0,575.6,575.85,577.87,3572362,2064352471.2,93262,2040417.0,57.12
2020-06-18,HCLTECH,EQ,575.85,571.2,583.8,570.1,577.9,578.95,576.2,1918329,1105349680.5,48659,635265.0,33.12
2020-06-19,HCLTECH,EQ,578.95,574.0,578.0,567.2,572.0,569.6,570.92,6182630,3529815538.6,76370,3865331.0,62.52
2020-06-22,HCLTECH,EQ,569.6,575.0,576.65,565.4,569.95,569.6,571.13,2666303,1522815747.2,65666,1353750.0,50.77
2020-06-23,HCLTECH,EQ,569.6,569.7,583.5,563.75,579.0,580.25,577.22,4522086,2610240459.95,106226,2592393.0,57.33
2020-06-24,HCLTECH,EQ,580.25,575.0,579.8,554.4,561.0,559.6,566.23,5339903,3023591331.4,111222,2787822.0,52.21
2020-06-25,HCLTECH,EQ,559.6,557.6,560.7,548.0,548.4,550.05,552.37,6353508,3509501266.95,111681,4003497.0,63.01
2020-06-26,HCLTECH,EQ,550.05,550.05,573.9,545.0,562.8,562.4,562.18,7034881,3954869425.85,118617,3285060.0,46.7
2020-06-29,HCLTECH,EQ,562.4,562.0,565.9,550.3,553.0,553.7,557.41,3857756,2150361998.85,99294,1803671.0,46.75
2020-06-30,HCLTECH,EQ,553.7,558.0,560.8,553.25,557.0,556.85,556.7,3110587,1731648263.85,110486,1838881.0,59.12
2020-07-01,HCLTECH,EQ,556.85,557.95,559.6,551.0,551.2,551.75,553.86,3004728,1664205947.75,61925,1729118.0,57.55
2020-07-02,HCLTECH,EQ,551.75,555.0,572.4,552.9,570.95,569.2,564.57,5243654,2960414869.1,106497,2351675.0,44.85
2020-07-03,HCLTECH,EQ,569.2,572.0,580.55,570.6,578.45,579.15,576.44,3735600,2153332391.75,53512,1353907.0,36.24
2020-07-06,HCLTECH,EQ,579.15,579.15,589.0,577.25,578.55,578.7,584.08,3288423,1920685979.35,76889,1408206.0,42.82
2020-07-07,HCLTECH,EQ,578.7,582.0,594.45,575.15,593.0,592.05,585.73,7255520,4249780977.9,120847,2947762.0,40.63
2020-07-08,HCLTECH,EQ,592.05,594.75,594.75,573.0,574.45,574.9,580.07,4625061,2682849750.6,81989,2005758.0,43.37
2020-07-09,HCLTECH,EQ,574.9,575.65,591.6,575.0,588.0,588.25,585.07,4807935,2812977215.9,73521,2499237.0,51.98
2020-07-10,HCLTECH,EQ,588.25,588.25,588.55,579.85,582.0,582.25,583.68,2376908,1387350540.5,57166,971976.0,40.89
2020-07-13,HCLTECH,EQ,582.25,585.0,605.0,583.35,604.0,602.6,597.94,5443995,3255206313.1,75578,1197298.0,21.99
2020-07-14,HCLTECH,EQ,602.6,604.6,613.75,588.1,590.25,591.35,602.11,6212718,3740749506.55,101537,1207574.0,19.44
2020-07-15,HCLTECH,EQ,591.35,593.65,627.95,592.5,618.95,615.2,616.35,9928037,6119148156.75,139453,2996904.0,30.19
2020-07-16,HCLTECH,EQ,615.2,630.0,652.2,607.15,634.0,627.75,631.15,20771278,13109803014.05,304276,4958086.0,23.87
2020-07-17,HCLTECH,EQ,627.75,629.5,644.65,613.4,624.7,623.15,630.82,26830689,16925468925.35,365141,3503426.0,13.06
2020-07-20,HCLTECH,EQ,623.15,633.0,652.0,626.85,649.4,648.6,639.34,10543170,6740680411.15,178170,3265071.0,30.97
2020-07-21,HCLTECH,EQ,648.6,652.0,662.35,643.3,652.3,652.35,652.33,8801064,5741191833.1,150497,3021322.0,34.33
2020-07-22,HCLTECH,EQ,652.35,657.0,658.0,643.1,650.65,650.15,648.94,3837969,2490598440.35,72222,1026236.0,26.74
2020-07-23,HCLTECH,EQ,650.15,650.0,656.95,643.55,650.95,652.85,651.15,3173126,2066179589.45,76991,953269.0,30.04
2020-07-24,HCLTECH,EQ,652.85,641.0,684.8,640.9,683.5,679.95,665.76,12365729,8232573071.1,160216,3651246.0,29.53
2020-07-27,HCLTECH,EQ,679.95,684.0,704.4,676.5,700.85,701.1,693.12,11349061,7866239651.95,206079,2637998.0,23.24
2020-07-28,HCLTECH,EQ,701.1,702.0,716.05,695.7,711.0,712.45,706.79,8469643,5986235040.2,182016,2753238.0,32.51
2020-07-29,HCLTECH,EQ,712.45,710.0,710.75,692.5,694.4,694.4,698.86,7142688,4991707650.85,121239,3689633.0,51.66
2020-07-30,HCLTECH,EQ,694.4,698.0,712.55,692.65,696.0,695.45,704.44,7966921,5612223034.45,138161,3109461.0,39.03
2020-07-31,HCLTECH,EQ,695.45,701.85,716.7,696.0,706.0,705.2,707.58,6322672,4473786956.25,115232,976633.0,15.45
2020-08-03,HCLTECH,EQ,705.2,709.1,718.0,700.55,707.7,705.95,707.54,5546348,3924282897.8,102748,1897692.0,34.22
2020-08-04,HCLTECH,EQ,705.95,709.5,711.0,687.05,692.5,692.65,693.47,6683186,4634576579.45,127895,2792574.0,41.79
2020-08-05,HCLTECH,EQ,692.65,692.65,702.4,681.0,689.5,688.4,691.03,6052234,4182298931.7,92508,1796430.0,29.68
2020-08-06,HCLTECH,EQ,688.4,692.0,707.6,686.4,703.4,704.9,699.71,5133012,3591600807.65,69136,1417266.0,27.61
2020-08-07,HCLTECH,EQ,704.9,699.9,699.9,685.0,689.9,690.3,691.26,7371589,5095682983.85,96981,3393887.0,46.04
2020-08-10,HCLTECH,EQ,690.3,694.95,694.95,685.1,693.25,692.05,690.25,3769575,2601948470.75,55235,1828355.0,48.5
2020-08-11,HCLTECH,EQ,692.05,694.0,700.95,681.5,684.0,683.8,690.04,3956472,2730127036.5,55301,1533728.0,38.77
2020-08-12,HCLTECH,EQ,683.8,680.6,719.0,677.05,715.65,717.1,704.18,13085422,9214491849.1,154176,4924999.0,37.64
2020-08-13,HCLTECH,EQ,717.1,717.0,729.0,713.05,718.55,724.6,723.6,8850424,6404185126.95,105881,2789616.0,31.52
2020-08-14,HCLTECH,EQ,724.6,727.9,727.9,707.25,708.95,709.1,715.41,3887303,2781032992.3,65815,1320368.0,33.97
2020-08-17,HCLTECH,EQ,709.1,711.1,720.8,709.25,719.0,718.85,715.87,3344102,2393926077.3,86749,1296375.0,38.77
2020-08-18,HCLTECH,EQ,718.85,718.95,721.7,712.4,714.8,714.45,716.61,3634311,2604383946.5,55841,2002825.0,55.11
2020-08-19,HCLTECH,EQ,714.45,713.8,714.2,705.0,711.0,709.85,709.03,4858027,3444485075.75,69223,2184844.0,44.97
2020-08-20,HCLTECH,EQ,709.85,708.5,715.85,706.05,709.8,710.1,710.84,3025769,2150840175.85,46933,1116815.0,36.91
2020-08-21,HCLTECH,EQ,710.1,715.0,715.0,702.7,705.6,705.9,707.21,4164686,2945297038.05,64644,2147805.0,51.57
2020-08-24,HCLTECH,EQ,705.9,706.05,708.45,695.6,707.9,705.7,702.77,4066936,2858138431.7,62460,1764814.0,43.39
2020-08-25,HCLTECH,EQ,705.7,705.0,711.55,694.7,701.0,701.6,700.41,3982510,2789372797.8,61808,1841978.0,46.25
2020-08-26,HCLTECH,EQ,701.6,704.7,717.75,697.0,713.5,712.8,709.35,4511551,3200252379.2,76393,1491500.0,33.06
2020-08-27,HCLTECH,EQ,712.8,713.55,720.0,706.5,711.9,710.15,711.92,3917059,2788614388.35,62402,1784995.0,45.57
2020-08-28,HCLTECH,EQ,710.15,713.7,716.65,703.2,705.55,706.45,709.69,5416682,3844192015.25,115684,2385918.0,44.05
2020-08-31,HCLTECH,EQ,706.45,705.0,725.0,686.0,688.65,694.4,704.98,7787176,5489794792.9,140233,3098915.0,39.8
2020-09-01,HCLTECH,EQ,694.4,695.0,704.0,682.4,692.25,689.6,695.04,6377322,4432514477.35,70102,2079031.0,32.6
2020-09-02,HCLTECH,EQ,689.6,689.9,704.8,689.1,702.7,701.95,698.09,4090511,2855545336.95,69906,1706000.0,41.71
2020-09-03,HCLTECH,EQ,701.95,704.8,716.4,697.6,707.8,706.75,708.45,5468161,3873914728.0,100811,2726008.0,49.85
2020-09-04,HCLTECH,EQ,706.75,695.15,704.5,692.05,702.0,700.8,698.83,3354844,2344480521.35,49600,1477280.0,44.03
2020-09-07,HCLTECH,EQ,700.8,696.35,712.4,689.05,707.05,708.8,702.03,4238823,2975801272.85,89393,1263444.0,29.81
2020-09-08,HCLTECH,EQ,708.8,708.8,738.9,703.2,721.85,725.9,727.72,11522742,8385341841.85,186330,2280527.0,19.79
2020-09-09,HCLTECH,EQ,725.9,712.1,730.9,710.2,722.6,721.95,721.31,5514179,3977432747.85,101369,1686948.0,30.59
2020-09-10,HCLTECH,EQ,721.95,728.65,728.95,713.8,720.7,722.4,720.77,3366359,2426371004.05,67465,1288354.0,38.27
2020-09-11,HCLTECH,EQ,722.4,712.0,734.0,710.15,720.05,721.65,723.23,7221687,5222954988.8,120764,2114049.0,29.27
2020-09-14,HCLTECH,EQ,721.65,745.0,825.1,744.15,793.0,794.95,783.61,32312531,25320377282.45,415569,4486846.0,13.89
2020-09-15,HCLTECH,EQ,794.95,791.05,809.85,783.05,791.8,792.7,795.47,14024787,11156311755.85,192773,2683002.0,19.13
2020-09-16,HCLTECH,EQ,792.7,790.05,796.3,779.25,788.45,789.25,788.92,7471542,5894465481.45,168914,2895993.0,38.76
2020-09-17,HCLTECH,EQ,789.25,794.95,817.5,789.5,806.3,808.3,807.67,19972987,16131626946.25,266753,2808136.0,14.06
2020-09-18,HCLTECH,EQ,808.3,808.3,824.0,804.0,810.0,810.6,814.69,8847758,7208201598.45,134982,2514486.0,28.42
2020-09-21,HCLTECH,EQ,810.6,823.0,849.9,793.45,801.15,802.6,830.79,24911675,20696285172.9,403669,3082914.0,12.38
2020-09-22,HCLTECH,EQ,802.6,813.95,831.5,790.55,825.8,821.0,815.42,21882919,17843764685.35,399486,3386625.0,15.48
2020-09-23,HCLTECH,EQ,821.0,832.0,844.8,810.15,815.0,814.1,827.51,18070371,14953462393.55,280008,3646062.0,20.18
2020-09-24,HCLTECH,EQ,814.1,811.0,811.45,784.0,788.0,788.3,797.32,10553632,8414580211.6,165353,2775146.0,26.3
2020-09-25,HCLTECH,EQ,788.3,795.25,836.0,792.6,830.1,827.7,821.94,19813372,16285368271.7,337042,2120908.0,10.7
2020-09-28,HCLTECH,EQ,827.7,838.4,844.75,820.8,834.0,835.25,835.22,11146342,9309666828.5,180648,3412216.0,30.61
2020-09-29,HCLTECH,EQ,835.25,837.4,841.1,810.2,815.35,812.75,825.53,10554255,8712807901.35,173071,3216406.0,30.47
2020-09-30,HCLTECH,EQ,812.75,818.0,820.5,807.1,810.0,811.6,812.95,9470277,7698857123.65,173273,3805927.0,40.19
2020-10-01,HCLTECH,EQ,811.6,819.9,820.95,811.2,813.7,812.95,815.73,4321350,3525035142.45,85705,1643182.0,38.02
2020-10-05,HCLTECH,EQ,812.95,828.8,839.2,815.1,823.3,824.2,826.77,11890211,9830483480.5,174768,4830511.0,40.63
2020-10-06,HCLTECH,EQ,824.2,830.0,834.5,822.7,828.0,829.15,828.17,7848520,6499912047.05,121003,3285334.0,41.86
2020-10-07,HCLTECH,EQ,829.15,830.0,830.6,823.0,829.9,828.05,826.72,6980002,5770534151.2,118532,3597370.0,51.54
2020-10-08,HCLTECH,EQ,828.05,857.5,879.0,844.5,849.5,849.55,862.06,25860578,22293263288.1,347607,8916746.0,34.48
2020-10-09,HCLTECH,EQ,849.55,852.9,862.5,849.3,857.0,855.75,856.14,7286954,6238655498.2,116290,2614159.0,35.87
2020-10-12,HCLTECH,EQ,855.75,860.8,871.95,857.15,866.2,865.8,864.97,8717565,7540451283.15,117629,3622810.0,41.56
2020-10-13,HCLTECH,EQ,865.8,866.3,906.6,863.3,900.9,900.4,892.77,18948688,16916814839.5,230425,3777633.0,19.94
2020-10-14,HCLTECH,EQ,900.4,904.0,910.7,882.0,887.0,890.45,893.4,15441223,13795233299.15,191846,4692865.0,30.39
2020-10-15,HCLTECH,EQ,890.45,899.95,903.7,833.45,863.45,860.0,864.0,15648849,13520650712.0,233161,3534511.0,22.59
2020-10-16,HCLTECH,EQ,860.0,859.0,877.0,820.6,830.05,827.15,836.13,28983265,24233758849.9,413675,4612604.0,15.91
2020-10-19,HCLTECH,EQ,827.15,839.8,861.7,833.0,846.95,844.75,848.3,15671737,13294274079.85,258268,3766826.0,24.04
2020-10-20,HCLTECH,EQ,844.75,846.95,886.0,843.6,881.0,879.65,875.71,21564064,18883832254.25,291297,5543370.0,25.71
2020-10-21,HCLTECH,EQ,879.65,881.0,891.65,860.0,866.0,871.05,874.89,11162084,9765638802.0,155501,2598830.0,23.28
2020-10-22,HCLTECH,EQ,871.05,858.9,878.0,851.55,866.0,866.25,866.76,9607800,8327620040.7,168926,3455330.0,35.96
2020-10-23,HCLTECH,EQ,866.25,871.0,875.45,850.6,852.5,852.45,860.3,5447502,4686496350.1,115601,1678794.0,30.82
2020-10-26,HCLTECH,EQ,852.45,853.0,860.9,842.05,847.45,847.8,852.83,6614014,5640636211.15,120624,1935295.0,29.26
2020-10-27,HCLTECH,EQ,847.8,848.95,857.45,838.7,850.0,847.25,846.32,5807905,4915324316.85,109755,2185781.0,37.63
2020-10-28,HCLTECH,EQ,847.25,852.0,852.0,821.6,829.9,829.6,833.36,6853043,5711054678.0,139980,2092608.0,30.54
2020-10-29,HCLTECH,EQ,829.6,825.0,842.5,818.95,836.4,840.05,833.08,6691023,5574154054.95,116800,2006222.0,29.98
2020-10-30,HCLTECH,EQ,840.05,842.8,859.7,833.0,844.75,841.95,846.09,8727295,7384043618.6,134890,2721901.0,31.19
2020-11-02,HCLTECH,EQ,841.95,841.95,843.85,819.2,822.15,822.4,825.74,5953172,4915797446.6,111715,2486530.0,41.77
2020-11-03,HCLTECH,EQ,822.4,828.0,832.0,812.35,813.5,814.05,821.95,7011687,5763248341.75,140829,3162215.0,45.1
2020-11-04,HCLTECH,EQ,814.05,812.2,841.75,810.6,817.95,815.15,824.78,10077502,8311730455.3,206966,3282751.0,32.58
2020-11-05,HCLTECH,EQ,815.15,834.0,851.1,830.05,845.0,842.9,841.02,8903859,7488298537.7,156095,2434153.0,27.34
2020-11-06,HCLTECH,EQ,842.9,846.0,855.8,836.4,854.8,850.1,843.11,5871913,4950663909.4,113621,2072252.0,35.29
2020-11-09,HCLTECH,EQ,850.1,866.8,872.8,847.1,858.95,855.0,856.87,7505062,6430873335.15,141970,1598782.0,21.3
2020-11-10,HCLTECH,EQ,855.0,848.5,848.5,805.75,812.15,809.7,819.11,10397497,8516693853.3,230164,3525031.0,33.9
2020-11-11,HCLTECH,EQ,809.7,813.0,829.0,805.35,827.0,826.05,816.15,9779484,7981504358.4,209931,3684201.0,37.67
2020-11-12,HCLTECH,EQ,826.05,827.15,837.0,822.0,824.8,824.7,827.32,4699639,3888103545.35,143412,1573995.0,33.49
2020-11-13,HCLTECH,EQ,824.7,822.9,831.45,818.15,827.85,828.1,826.38,3918289,3238010484.85,67486,1213640.0,30.97
2020-11-14,HCLTECH,EQ,828.1,834.0,834.0,829.0,830.5,830.5,831.16,475390,395126484.6,16338,184801.0,38.87
2020-11-17,HCLTECH,EQ,830.5,837.95,837.95,814.0,816.2,815.0,818.56,5977903,4893292336.45,121111,2813891.0,47.07
2020-11-18,HCLTECH,EQ,815.0,819.0,819.9,800.25,814.0,814.3,808.06,5816221,4699836405.3,132705,2252640.0,38.73
2020-11-19,HCLTECH,EQ,814.3,815.0,820.45,803.0,804.6,804.55,811.27,7170339,5817114544.55,121823,2904711.0,40.51
2020-11-20,HCLTECH,EQ,804.55,813.95,823.5,804.0,820.0,819.25,816.68,7455575,6088810391.3,123101,2452646.0,32.9
2020-11-23,HCLTECH,EQ,819.25,825.0,842.0,816.25,838.5,839.2,832.35,7116516,5923458911.95,139507,2607441.0,36.64
2020-11-24,HCLTECH,EQ,839.2,843.9,857.4,835.35,841.0,840.5,847.95,8465615,7178405737.3,169850,2882146.0,34.05
2020-11-25,HCLTECH,EQ,840.5,840.5,846.0,822.5,825.0,824.7,829.08,5610232,4651324787.35,124023,2224611.0,39.65
2020-11-26,HCLTECH,EQ,824.7,824.1,845.0,819.6,841.2,842.05,834.43,8414555,7021383073.75,138751,2752455.0,32.71
2020-11-27,HCLTECH,EQ,842.05,842.0,847.8,814.35,823.15,822.1,827.29,11723771,9698926529.75,154427,6387431.0,54.48
2020-12-01,HCLTECH,EQ,822.1,824.0,835.7,815.1,835.0,834.1,825.89,8078785,6672227499.75,170411,3862085.0,47.81
2020-12-02,HCLTECH,EQ,834.1,836.15,847.45,831.3,844.0,843.15,839.26,7062229,5927067927.4,174376,3252973.0,46.06
2020-12-03,HCLTECH,EQ,843.15,848.5,864.0,843.3,862.05,862.2,857.58,9633229,8261241361.2,149310,5415957.0,56.22
2020-12-04,HCLTECH,EQ,862.2,866.0,867.85,854.45,858.0,858.5,860.55,5577388,4799641241.4,147987,2412945.0,43.26
2020-12-07,HCLTECH,EQ,858.5,858.0,859.95,850.4,855.0,855.3,854.22,5314265,4539560113.05,83690,2665422.0,50.16
2020-12-08,HCLTECH,EQ,855.30,859.00,875.70,856.00,863.20,863.80,865.60,8722526,7550238411.2,190746,2994089.0,34.33
2020-12-09,HCLTECH,EQ,863.80,866.10,880.00,864.10,871.35,870.55,874.48,5952003,5204889086.5,122920,2424014.0,40.73
2020-12-10,HCLTECH,EQ,870.55,870.55,877.80,865.00,869.50,866.75,869.90,4641898,4037996033.8,98691,1835828.0,39.55
2020-12-11,HCLTECH,EQ,866.75,871.00,881.80,855.20,865.15,862.25,867.59,5637035,4890608092.65,123619,2055758.0,36.47
2020-12-14,HCLTECH,EQ,862.25,866.10,875.65,858.10,873.70,873.00,866.62,5143894,4457809158.1,114180,2491901.0,48.44
2020-12-15,HCLTECH,EQ,873.00,874.70,889.00,870.00,885.10,886.00,883.14,7527270,6647642107.8,144698,3378280.0,44.88
2020-12-16,HCLTECH,EQ,886.00,886.25,892.00,878.45,882.00,885.05,883.95,4378179,3870092023.85,105667,1891475.0,43.2
2020-12-17,HCLTECH,EQ,885.05,887.00,887.00,877.00,878.00,879.35,882.14,4863371,4290169955.0,133920,2865075.0,58.91
2020-12-18,HCLTECH,EQ,879.35,894.75,905.00,886.65,890.35,890.65,897.36,11568187,10380782845.0,196000,3667745.0,31.71
2020-12-21,HCLTECH,EQ,890.65,886.65,910.50,850.00,872.00,870.45,892.43,8875855,7921082596.25,201257,3359266.0,37.85
2020-12-22,HCLTECH,EQ,870.45,879.15,919.25,872.00,917.00,913.80,892.93,10251896,9154186077.65,196248,2464715.0,24.04
2020-12-23,HCLTECH,EQ,913.80,920.00,935.00,914.80,921.90,922.60,925.27,10723068,9921735580.65,176400,2681683.0,25.01
2020-12-24,HCLTECH,EQ,922.60,927.95,928.25,910.70,917.00,919.35,919.19,4390561,4035768678.4,85401,1482546.0,33.77
2020-12-28,HCLTECH,EQ,919.35,925.00,927.50,913.50,922.70,921.80,921.16,3884750,3578479998.2,88769,1484793.0,38.22
2020-12-29,HCLTECH,EQ,921.80,929.00,945.00,925.25,936.00,935.90,936.61,6760167,6331637870.85,121535,1939725.0,28.69
2020-12-30,HCLTECH,EQ,935.90,938.00,950.00,931.00,941.15,940.70,940.88,6382809,6005437042.05,129019,1795890.0,28.14
2020-12-31,HCLTECH,EQ,940.70,939.05,949.85,935.00,946.40,946.15,942.19,3468390,3267889419.3,63219,1199748.0,34.59
2021-01-01,HCLTECH,EQ,946.15,942.00,955.50,942.00,950.25,950.50,950.65,3142822,2987712518.1,52922,650483.0,20.7
2021-01-04,HCLTECH,EQ,950.50,959.00,984.70,952.65,978.30,980.40,968.71,5259092,5094523210.9,96212,1516329.0,28.83
2021-01-05,HCLTECH,EQ,980.40,967.20,995.80,967.20,992.50,991.35,985.02,7150252,7043170176.5,121058,2090745.0,29.24
2021-01-06,HCLTECH,EQ,991.35,997.90,998.00,966.10,976.00,978.20,984.98,5995748,5905668068.15,142578,1618747.0,27.0
2021-01-07,HCLTECH,EQ,978.20,988.00,988.20,959.40,963.90,962.55,969.71,5261000,5101642454.65,104038,2179991.0,41.44
2021-01-08,HCLTECH,EQ,962.55,974.90,"1,003.50",970.00,994.15,994.65,986.68,8034775,7927736978.75,112810,2810366.0,34.98
2021-01-11,HCLTECH,EQ,994.65,"1,015.00","1,059.05","1,008.00","1,053.25","1,055.10","1,033.95",13384331,13838751594.3,259727,3310390.0,24.73
2021-01-12,HCLTECH,EQ,"1,055.10","1,052.00","1,065.05","1,038.70","1,064.00","1,062.10","1,049.24",6700542,7030502202.05,183794,2256014.0,33.67
2021-01-13,HCLTECH,EQ,"1,062.10","1,064.00","1,067.00","1,041.00","1,057.00","1,055.95","1,054.37",6691409,7055244429.8,139957,2642687.0,39.49
2021-01-14,HCLTECH,EQ,"1,055.95","1,049.00","1,049.00","1,006.60","1,031.00","1,027.70","1,026.49",15021108,15419088647.25,349280,6044427.0,40.24
2021-01-15,HCLTECH,EQ,"1,027.70","1,047.65","1,052.85",984.00,989.00,989.80,"1,009.81",23769415,24002697489.25,463474,6898115.0,29.02
2021-01-18,HCLTECH,EQ,989.80,"1,000.00","1,004.95",976.90,978.10,981.50,990.09,12947569,12819240554.9,256612,3795828.0,29.32
2021-01-19,HCLTECH,EQ,981.50,988.00,997.00,979.35,987.00,983.85,985.98,6387923,6298346813.15,168528,2324669.0,36.39
2021-01-20,HCLTECH,EQ,983.85,991.75,"1,009.65",987.55,997.50,999.25,"1,001.18",7444118,7452887783.0,153672,2855089.0,38.35
2021-01-21,HCLTECH,EQ,999.25,"1,009.00","1,020.00",982.95,991.50,993.30,"1,003.92",8857975,8892726373.6,185089,3298387.0,37.24
2021-01-22,HCLTECH,EQ,993.30,991.70,"1,004.00",981.40,985.95,985.80,990.00,5379466,5325689212.6,182218,2499181.0,46.46
2021-01-25,HCLTECH,EQ,985.80,997.00,997.00,941.00,948.00,947.50,966.54,7731883,7473144666.95,325690,3314036.0,42.86
2021-01-27,HCLTECH,EQ,947.50,952.10,963.25,942.50,957.40,955.50,955.55,7531736,7196966517.55,247705,3221736.0,42.78
2021-01-28,HCLTECH,EQ,955.50,948.80,952.40,930.10,932.00,933.95,941.03,6960905,6550446434.55,191909,3198715.0,45.95
2021-01-29,HCLTECH,EQ,933.95,941.00,949.50,909.50,914.50,914.00,927.73,7692663,7136714192.85,160581,3442797.0,44.75
2021-02-01,HCLTECH,EQ,914.00,919.00,933.75,896.35,932.10,928.35,915.30,8651478,7918681533.35,208551,4001582.0,46.25
2021-02-02,HCLTECH,EQ,928.35,947.00,963.00,935.55,956.10,954.65,948.74,7690178,7296013605.45,152162,3437900.0,44.71
2021-02-03,HCLTECH,EQ,954.65,966.00,973.30,952.55,961.95,959.90,964.84,6354619,6131162758.05,142811,2857279.0,44.96
2021-02-04,HCLTECH,EQ,959.90,964.70,970.45,950.15,957.00,957.65,959.52,4623148,4435996887.05,129604,1939632.0,41.95
2021-02-05,HCLTECH,EQ,957.65,960.80,963.90,940.05,947.85,946.15,949.12,4631703,4396026613.25,104547,1957789.0,42.27
2021-02-08,HCLTECH,EQ,946.15,955.00,964.40,941.35,959.50,957.75,954.03,6509526,6210315010.0,172264,2599006.0,39.93
2021-02-09,HCLTECH,EQ,957.75,965.00,981.90,946.60,955.00,951.60,966.24,7557977,7302790839.05,147283,2150239.0,28.45
2021-02-10,HCLTECH,EQ,951.60,955.05,965.10,946.15,960.70,959.45,955.87,4896963,4680840478.2,113186,1728568.0,35.3
2021-02-11,HCLTECH,EQ,959.45,959.45,972.50,953.05,972.00,970.40,964.93,3745595,3614239422.25,107544,1333671.0,35.61
2021-02-12,HCLTECH,EQ,970.40,975.00,986.50,957.60,962.80,960.40,974.32,8045740,7839128738.95,152352,1838062.0,22.85
2021-02-15,HCLTECH,EQ,960.40,970.00,971.25,950.10,955.80,954.65,957.08,4643228,4443954017.15,196711,1883653.0,40.57
2021-02-16,HCLTECH,EQ,954.65,957.00,962.25,944.10,953.20,952.30,952.29,3277086,3120729721.75,100939,1081792.0,33.01
2021-02-17,HCLTECH,EQ,952.30,952.00,958.40,941.00,943.00,943.20,946.95,3643176,3449887496.3,98699,1551623.0,42.59
2021-02-18,HCLTECH,EQ,943.20,944.00,956.75,938.35,950.00,948.10,947.26,5133094,4862356031.0,160532,2427129.0,47.28
2021-02-19,HCLTECH,EQ,948.10,950.00,958.00,944.45,949.90,950.15,951.79,5494816,5229937782.5,127863,2041991.0,37.16
2021-02-22,HCLTECH,EQ,950.15,949.50,951.45,916.05,918.60,920.15,930.32,5043203,4691780610.25,154368,2073660.0,41.12
2021-02-23,HCLTECH,EQ,920.15,924.00,930.00,906.55,911.45,909.95,916.56,5916942,5423238918.8,154991,2659120.0,44.94
2021-02-24,HCLTECH,EQ,909.95,918.00,919.45,905.50,913.00,916.00,913.47,3435827,3138512395.5,97531,1484104.0,43.19
2021-02-25,HCLTECH,EQ,916.00,925.90,934.05,922.15,931.80,929.25,929.63,6234947,5796172592.5,203430,4088415.0,65.57
2021-02-26,HCLTECH,EQ,929.25,908.00,925.00,905.10,911.00,909.45,914.25,9198218,8409490272.5,215577,5082547.0,55.26
2021-03-01,HCLTECH,EQ,909.45,916.00,934.45,915.65,931.00,930.35,929.18,5397960,5015649590.6,133976,2777607.0,51.46
2021-03-02,HCLTECH,EQ,930.35,933.85,957.90,928.60,952.00,953.75,945.40,6715548,6348872636.5,141499,2925252.0,43.56
2021-03-03,HCLTECH,EQ,953.75,965.00,968.00,947.00,963.35,965.25,959.91,5742015,5511805742.25,123910,2663131.0,46.38
2021-03-04,HCLTECH,EQ,965.25,952.00,969.90,951.35,960.25,958.00,961.42,6268541,6026676809.75,140258,2769131.0,44.18
2021-03-05,HCLTECH,EQ,958.00,956.10,972.00,936.30,943.75,941.50,958.30,5992152,5742263104.9,122836,2359058.0,39.37
2021-03-08,HCLTECH,EQ,941.50,952.50,973.00,944.00,964.10,961.90,962.03,5621823,5408357440.4,112495,2006147.0,35.68
2021-03-09,HCLTECH,EQ,961.90,964.10,976.90,949.10,976.10,973.15,964.46,5440319,5246947170.85,142977,2873015.0,52.81
2021-03-10,HCLTECH,EQ,973.15,985.70,995.10,979.70,987.00,988.50,988.27,7694950,7604716573.9,183049,2968905.0,38.58
2021-03-12,HCLTECH,EQ,988.50,988.50,"1,002.80",973.60,980.00,979.25,989.42,6447010,6378779711.9,189085,2999479.0,46.53
2021-03-15,HCLTECH,EQ,979.25,977.50,994.35,967.35,992.85,992.35,987.45,5321081,5254306042.35,141690,2406753.0,45.23
2021-03-16,HCLTECH,EQ,992.35,993.00,"1,018.80",990.45,"1,008.05","1,007.25","1,008.92",8094575,8166798678.25,180173,3657490.0,45.18
2021-03-17,HCLTECH,EQ,"1,007.25","1,012.00","1,023.90",982.70,990.50,987.45,"1,005.80",6758901,6798122996.0,166390,3002221.0,44.42
2021-03-18,HCLTECH,EQ,987.45,995.00,999.75,932.40,953.15,947.75,965.46,8269566,7983906382.4,187399,3152298.0,38.12
2021-03-19,HCLTECH,EQ,947.75,950.00,969.00,937.70,962.00,960.45,959.16,9004154,8636397808.0,173072,3079837.0,34.2
2021-03-22,HCLTECH,EQ,960.45,960.45,982.45,944.60,977.05,978.75,967.35,4745254,4590319099.4,118618,1890607.0,39.84
2021-03-23,HCLTECH,EQ,978.75,983.65,992.90,971.80,981.00,980.85,982.19,5158305,5066421078.55,135696,2022448.0,39.21
2021-03-24,HCLTECH,EQ,980.85,971.05,984.75,965.80,974.55,975.65,977.25,3874331,3786179051.65,88387,1527159.0,39.42
2021-03-25,HCLTECH,EQ,975.65,970.00,974.50,950.00,962.00,957.05,965.24,4879437,4709828579.65,110892,2225205.0,45.6
2021-03-26,HCLTECH,EQ,957.05,965.00,975.00,953.80,960.00,958.55,962.80,4271178,4112272425.6,96782,2107168.0,49.33
2021-03-30,HCLTECH,EQ,958.55,965.00,"1,000.80",964.45,995.10,995.80,986.21,5475051,5399551432.65,121367,2381501.0,43.5
2021-03-31,HCLTECH,EQ,995.80,"1,000.00","1,000.00",978.65,984.10,982.65,988.70,4445140,4394922519.45,91412,1481223.0,33.32
2021-04-01,HCLTECH,EQ,982.65,992.00,"1,013.50",990.60,"1,000.60","1,002.60","1,004.36",5269079,5292029105.0,97439,1518707.0,28.82
2021-04-05,HCLTECH,EQ,"1,002.60","1,007.00","1,040.00","1,002.60","1,034.55","1,033.50","1,022.68",9452833,9667201514.45,235092,3361126.0,35.56
2021-04-06,HCLTECH,EQ,"1,033.50","1,039.00","1,040.60","1,020.25","1,029.00","1,028.40","1,028.99",4260257,4383777397.65,126271,1757118.0,41.24
2021-04-07,HCLTECH,EQ,"1,028.40","1,031.00","1,045.00","1,024.70","1,037.00","1,037.20","1,034.68",3551106,3674264937.8,105511,1629345.0,45.88
2021-04-08,HCLTECH,EQ,"1,037.20","1,044.00","1,054.40","1,031.65","1,037.15","1,037.50","1,041.24",4852068,5052173109.2,120480,2184456.0,45.02
2021-04-09,HCLTECH,EQ,"1,037.50","1,042.10","1,054.80","1,034.15","1,043.05","1,045.40","1,044.97",3708082,3874842000.0,82356,1637896.0,44.17
2021-04-12,HCLTECH,EQ,"1,045.40","1,042.95","1,042.95","1,001.20","1,012.95","1,009.40","1,015.97",5976427,6071895752.75,141109,2890337.0,48.36
2021-04-13,HCLTECH,EQ,"1,009.40","1,012.50","1,020.80",972.20,988.30,983.40,991.02,7773994,7704218737.95,191456,3429972.0,44.12
2021-04-15,HCLTECH,EQ,983.40,968.00,994.70,958.75,994.00,991.90,976.91,7430279,7258737461.05,210308,3553281.0,47.82
2021-04-16,HCLTECH,EQ,991.90,"1,000.00","1,016.80",994.50,"1,016.00","1,012.75","1,009.97",4677808,4724444556.45,80815,2120186.0,45.32
2021-04-19,HCLTECH,EQ,"1,012.75",996.00,"1,028.45",987.85,990.00,994.60,"1,008.95",6239343,6295207034.3,141513,1916983.0,30.72
2021-04-20,HCLTECH,EQ,994.60,"1,006.00","1,006.00",957.00,960.90,961.30,972.08,9742418,9470362573.4,211611,3459107.0,35.51
2021-04-22,HCLTECH,EQ,961.30,966.00,971.90,955.30,960.80,961.90,963.72,4970596,4790276448.65,124163,1915843.0,38.54
2021-04-23,HCLTECH,EQ,961.90,964.00,974.85,950.20,956.50,955.65,962.69,6023490,5798744595.95,125365,1708688.0,28.37
2021-04-26,HCLTECH,EQ,955.65,940.00,954.50,923.05,930.00,928.80,931.70,19619972,18279965685.85,311431,9218485.0,46.99
2021-04-27,HCLTECH,EQ,928.80,931.00,938.55,923.40,930.30,928.85,928.06,6406825,5945938317.2,180458,3233276.0,50.47
2021-04-28,HCLTECH,EQ,928.85,931.20,935.85,921.75,925.90,923.80,926.63,6845677,6343402929.7,228230,3890178.0,56.83
2021-04-29,HCLTECH,EQ,923.80,929.70,929.70,907.10,910.30,909.55,914.34,8588734,7852987703.4,363122,4041614.0,47.06
2021-04-30,HCLTECH,EQ,909.55,905.00,915.00,895.40,900.10,898.95,904.98,10921664,9883911213.8,465056,6189272.0,56.67
2021-05-03,HCLTECH,EQ,898.95,898.75,910.45,891.00,909.90,907.70,903.47,6871176,6207872991.15,192077,3707743.0,53.96
2021-05-04,HCLTECH,EQ,907.70,910.00,915.00,899.25,902.95,900.95,907.88,6217026,5644301124.0,168209,4062318.0,65.34
2021-05-05,HCLTECH,EQ,900.95,903.95,910.80,900.60,910.15,909.40,906.28,2696835,2444085189.35,101282,1203503.0,44.63
2021-05-06,HCLTECH,EQ,909.40,912.00,923.90,901.25,915.20,916.00,911.90,6319104,5762420235.55,143748,3197706.0,50.6
2021-05-07,HCLTECH,EQ,916.00,918.00,921.40,913.70,915.55,916.40,917.07,3651558,3348726455.4,78952,2114655.0,57.91
2021-05-10,HCLTECH,EQ,916.40,918.05,921.60,910.20,913.95,913.95,914.15,4029147,3683235546.45,124563,2413906.0,59.91
2021-05-11,HCLTECH,EQ,913.95,908.50,912.45,905.10,907.40,907.30,908.42,3818154,3468499141.5,123163,2375253.0,62.21
2021-05-12,HCLTECH,EQ,907.30,906.15,908.95,895.00,908.90,906.10,901.92,4076940,3677058688.45,121902,2118015.0,51.95
2021-05-14,HCLTECH,EQ,906.10,909.00,912.00,896.50,910.60,910.35,903.96,5184569,4686626714.1,141247,3088910.0,59.58
2021-05-17,HCLTECH,EQ,910.35,914.60,927.20,910.10,922.00,922.15,921.02,7956551,7328107486.65,163399,4544019.0,57.11
2021-05-18,HCLTECH,EQ,922.15,928.00,939.50,924.50,932.90,931.60,933.07,5913426,5517668114.0,150926,3107120.0,52.54
2021-05-19,HCLTECH,EQ,931.60,928.00,941.00,925.15,932.95,931.40,934.46,4178834,3904960882.15,88976,2303193.0,55.12
2021-05-20,HCLTECH,EQ,931.40,932.00,934.80,922.05,925.45,924.40,925.34,4753782,4398878266.8,131917,3191642.0,67.14
2021-05-21,HCLTECH,EQ,924.40,925.50,934.65,923.00,932.00,930.65,929.64,4161547,3868735162.35,123901,2431471.0,58.43
2021-05-24,HCLTECH,EQ,930.65,931.50,939.00,927.70,933.05,932.80,934.27,4191877,3916339863.65,82909,2261626.0,53.95
2021-05-25,HCLTECH,EQ,932.80,938.00,943.80,935.15,941.00,940.60,940.33,5032874,4732549771.05,130222,2970901.0,59.03
2021-05-26,HCLTECH,EQ,940.60,940.00,948.95,932.55,946.00,945.80,941.45,5017674,4723912196.55,122694,2496338.0,49.75
2021-05-27,HCLTECH,EQ,945.80,949.00,956.90,938.10,943.00,942.40,946.84,9078274,8595671031.9,147589,5206707.0,57.35
2021-05-28,HCLTECH,EQ,942.40,940.05,949.75,937.40,944.00,942.55,943.91,4098094,3868244727.5,100104,2333102.0,56.93
2021-05-31,HCLTECH,EQ,942.55,941.55,947.85,932.60,946.00,945.20,942.12,4171524,3930085610.05,78150,2356232.0,56.48
2021-06-01,HCLTECH,EQ,945.20,948.00,952.00,942.05,950.00,950.70,948.05,2944472,2791513542.6,83295,1433875.0,48.7
2021-06-02,HCLTECH,EQ,950.70,947.00,950.70,937.60,945.00,943.75,941.48,3657189,3443152840.55,78053,2142916.0,58.59
2021-06-03,HCLTECH,EQ,943.75,945.00,949.80,937.00,939.00,939.45,940.11,4164240,3914851063.65,100377,2775056.0,66.64
2021-06-04,HCLTECH,EQ,939.45,940.10,944.20,934.75,935.45,936.55,939.17,3550303,3334341915.25,76212,2178569.0,61.36
2021-06-07,HCLTECH,EQ,936.55,939.00,951.95,937.10,951.45,949.60,945.78,3282517,3104553113.1,85146,2075799.0,63.24
2021-06-08,HCLTECH,EQ,949.60,952.00,972.00,951.45,967.00,967.20,965.92,6385642,6168041606.5,152721,3206836.0,50.22
2021-06-09,HCLTECH,EQ,967.20,973.90,985.00,965.10,972.00,971.30,974.13,5521459,5378643321.2,128350,2575831.0,46.65
2021-06-10,HCLTECH,EQ,971.30,979.50,981.65,966.55,968.25,968.55,972.12,3878256,3770140244.6,95725,2397460.0,61.82
2021-06-11,HCLTECH,EQ,968.55,976.00,990.00,970.50,982.80,983.35,983.47,4777035,4698075395.3,107510,2467967.0,51.66
2021-06-14,HCLTECH,EQ,983.35,983.00,988.45,976.00,984.90,984.20,983.06,2236373,2198499290.4,61546,1011745.0,45.24
2021-06-15,HCLTECH,EQ,984.20,985.10,993.00,983.20,985.00,985.45,987.85,2559001,2527917580.65,77275,1295910.0,50.64
2021-06-16,HCLTECH,EQ,985.45,984.05,986.00,974.00,983.00,979.40,980.33,3138753,3077000647.45,111172,1675644.0,53.39
2021-06-17,HCLTECH,EQ,979.40,980.00,988.95,978.55,985.00,986.40,983.95,3609989,3552053853.05,121395,2065523.0,57.22
2021-06-18,HCLTECH,EQ,986.40,990.00,996.70,970.10,974.80,975.25,980.63,5622783,5513859655.75,134661,3107908.0,55.27
2021-06-21,HCLTECH,EQ,975.25,968.00,983.45,961.25,981.50,982.00,974.13,1639495,1597089098.95,47795,718432.0,43.82
2021-06-22,HCLTECH,EQ,982.00,982.10,988.20,976.25,978.10,980.10,983.26,2529648,2487308325.15,55440,1283799.0,50.75
2021-06-23,HCLTECH,EQ,980.10,985.00,985.00,971.00,974.25,972.90,975.46,2395543,2336759070.05,66794,1455130.0,60.74
2021-06-24,HCLTECH,EQ,972.90,972.00,994.60,969.10,984.90,989.70,986.32,4686567,4622470234.1,97696,2361695.0,50.39
2021-06-25,HCLTECH,EQ,989.70,995.00,"1,010.00",989.25,993.35,995.65,998.92,5196000,5190368868.15,134545,2583936.0,49.73
2021-06-28,HCLTECH,EQ,995.65,"1,000.00","1,000.00",984.20,985.70,985.30,988.18,1844159,1822352749.85,58687,1018287.0,55.22
2021-06-29,HCLTECH,EQ,985.30,986.95,993.90,980.50,985.05,983.60,986.04,1895170,1868717748.1,72654,1073880.0,56.66
2021-06-30,HCLTECH,EQ,983.60,981.00,991.45,981.00,985.45,983.50,985.32,2682591,2643208523.8,78993,1673182.0,62.37
2021-07-01,HCLTECH,EQ,983.50,987.00,988.00,975.15,985.00,985.50,983.35,2861509,2813869270.9,58045,1841596.0,64.36
2021-07-02,HCLTECH,EQ,985.50,983.55,987.60,977.25,985.70,984.65,982.40,1646631,1617648294.25,57280,898143.0,54.54
2021-07-05,HCLTECH,EQ,984.65,991.70,995.90,978.00,979.50,979.75,983.59,2598033,2555389039.1,99632,1604549.0,61.76
2021-07-06,HCLTECH,EQ,979.75,980.00,982.20,970.20,974.00,972.05,975.16,2486069,2424324001.85,69860,1664939.0,66.97
2021-07-07,HCLTECH,EQ,972.05,970.00,977.60,960.30,975.00,975.35,968.88,3014899,2921075434.5,114845,1769650.0,58.70
2021-07-08,HCLTECH,EQ,975.35,975.00,982.00,970.00,976.40,976.80,975.64,2555624,2493362417.6,77865,1672664.0,65.45
2021-07-09,HCLTECH,EQ,976.80,972.00,979.50,966.60,977.95,976.85,974.31,3218471,3135783152.05,82149,2192438.0,68.12
2021-07-12,HCLTECH,EQ,976.85,980.00,983.05,975.00,978.50,979.45,979.03,2037878,1995151315.85,62011,1368419.0,67.15
2021-07-13,HCLTECH,EQ,979.45,983.00,983.00,964.00,970.00,967.95,968.91,2997764,2904563104.7,100217,1948396.0,64.99
2021-07-14,HCLTECH,EQ,967.95,968.25,992.95,968.10,987.90,989.45,985.86,4371180,4309390837.25,88494,2335164.0,53.42
2021-07-15,HCLTECH,EQ,989.45,993.00,"1,052.50",990.80,"1,039.05","1,039.75","1,030.77",12701032,13091895740.75,270612,4266287.0,33.59
2021-07-16,HCLTECH,EQ,"1,039.75","1,044.90","1,048.75",998.05,"1,006.00","1,005.00","1,011.30",8665827,8763752609.7,233510,3993191.0,46.08
2021-07-19,HCLTECH,EQ,"1,005.00","1,005.00","1,018.30",992.50,"1,001.90","1,000.20","1,001.97",4644600,4653727315.3,118571,1537560.0,33.10
2021-07-20,HCLTECH,EQ,"1,000.20",999.00,"1,012.20",969.35,977.00,977.20,978.64,10216774,9998558947.0,269005,5289887.0,51.78
2021-07-22,HCLTECH,EQ,977.20,970.00,981.50,970.00,979.00,978.60,976.39,6156400,6011038549.95,204204,4255785.0,69.13
2021-07-23,HCLTECH,BL,"1,000.20",978.60,978.60,978.60,978.60,978.60,978.60,307307,300730630.2,1,,-
2021-07-26,HCLTECH,EQ,994.00,994.00,"1,004.00",987.25,"1,000.70","1,000.30",999.34,2477027,2475385447.1,70649,1426774.0,57.60
2021-07-27,HCLTECH,EQ,"1,000.30","1,000.00","1,002.20",983.85,993.65,992.00,991.25,2883514,2858285474.0,61114,1732542.0,60.08
2021-07-28,HCLTECH,EQ,992.00,995.00,995.95,977.30,984.85,983.10,985.31,2952249,2908879896.7,98430,2036157.0,68.97
2021-07-29,HCLTECH,EQ,983.10,985.55,"1,009.00",985.55,"1,008.95","1,007.60","1,003.94",4732101,4750730526.4,150281,2697633.0,57.01
2021-07-30,HCLTECH,EQ,"1,007.60","1,013.00","1,049.95","1,009.90","1,022.30","1,024.95","1,035.19",9330054,9658362635.2,212993,4374449.0,46.89
2021-08-02,HCLTECH,EQ,"1,024.95","1,034.00","1,039.00","1,023.05","1,036.35","1,035.40","1,032.35",2536478,2618534297.0,109469,1725146.0,68.01
2021-08-03,HCLTECH,EQ,"1,035.40","1,030.00","1,042.95","1,024.00","1,039.00","1,039.45","1,035.03",3359006,3476682062.1,137638,2134209.0,63.54
2021-08-04,HCLTECH,EQ,"1,039.45","1,041.10","1,047.75","1,034.60","1,040.00","1,039.95","1,040.39",3122161,3248279309.35,99846,2086423.0,66.83
2021-08-05,HCLTECH,EQ,"1,039.95","1,040.00","1,073.00","1,033.70","1,058.80","1,061.15","1,059.48",7896314,8365971131.55,183010,3980906.0,50.41
2021-08-06,HCLTECH,EQ,"1,061.15","1,061.15","1,070.00","1,043.00","1,049.25","1,049.95","1,055.34",11584782,12225836727.95,107623,9463712.0,81.69
2021-08-09,HCLTECH,EQ,"1,049.95","1,057.80","1,066.75","1,043.50","1,047.15","1,050.55","1,054.05",6321578,6663274510.95,117124,4533502.0,71.71
2021-08-10,HCLTECH,EQ,"1,050.55","1,052.50","1,072.30","1,048.00","1,061.75","1,063.70","1,059.02",5871606,6218168316.7,99218,3550896.0,60.48
2021-08-11,HCLTECH,EQ,"1,063.70","1,070.95","1,079.00","1,057.15","1,067.00","1,066.95","1,068.80",5011239,5356026313.3,150291,2560672.0,51.10
2021-08-12,HCLTECH,EQ,"1,066.95","1,071.00","1,101.15","1,068.00","1,093.00","1,096.50","1,087.15",6540144,7110138443.15,189459,3560573.0,54.44
2021-08-13,HCLTECH,EQ,"1,096.50","1,099.00","1,123.95","1,090.20","1,123.95","1,119.45","1,113.54",7270809,8096318621.8,171773,4097514.0,56.36
2021-08-16,HCLTECH,EQ,"1,119.45","1,120.95","1,129.35","1,114.35","1,122.00","1,123.65","1,123.81",3159376,3550527603.2,96215,1530271.0,48.44
2021-08-17,HCLTECH,EQ,"1,123.65","1,119.25","1,151.95","1,112.55","1,141.80","1,142.95","1,140.03",5295838,6037439530.7,187468,2381840.0,44.98
2021-08-18,HCLTECH,EQ,"1,142.95","1,157.90","1,157.90","1,131.60","1,133.00","1,134.25","1,140.27",4871006,5554276904.2,154948,2723727.0,55.92
2021-08-20,HCLTECH,EQ,"1,134.25","1,107.50","1,140.75","1,107.20","1,120.00","1,117.35","1,124.09",3467046,3897264185.25,148461,2037229.0,58.76
2021-08-23,HCLTECH,EQ,"1,117.35","1,129.00","1,178.20","1,126.05","1,165.00","1,163.10","1,159.05",9383780,10876299203.55,244369,3304609.0,35.22
2021-08-24,HCLTECH,EQ,"1,163.10","1,167.95","1,173.00","1,150.00","1,151.90","1,152.90","1,156.46",3947317,4564929779.5,154289,2021478.0,51.21
2021-08-25,HCLTECH,EQ,"1,152.90","1,159.90","1,169.90","1,140.30","1,154.00","1,154.35","1,155.42",3447912,3983780287.0,108757,1498826.0,43.47
2021-08-26,HCLTECH,EQ,"1,154.35","1,159.90","1,172.00","1,155.00","1,168.10","1,167.45","1,165.28",4654833,5424192591.5,100869,2391178.0,51.37
2021-08-27,HCLTECH,EQ,"1,167.45","1,167.45","1,169.75","1,159.50","1,162.00","1,162.95","1,163.84",3050466,3550259409.95,153227,1933525.0,63.38
2021-08-30,HCLTECH,EQ,"1,162.95","1,164.00","1,170.35","1,154.55","1,166.05","1,163.40","1,161.33",2956868,3433885270.35,89203,1874758.0,63.40
2021-08-31,HCLTECH,EQ,"1,163.40","1,166.00","1,193.40","1,162.05","1,179.30","1,182.30","1,177.07",7199002,8473727643.65,148654,3982843.0,55.32
2021-09-01,HCLTECH,EQ,"1,182.30","1,190.00","1,190.50","1,161.75","1,165.00","1,164.65","1,171.62",3200410,3749663773.35,121286,2037053.0,63.65
2021-09-02,HCLTECH,EQ,"1,164.65","1,172.00","1,182.00","1,154.00","1,174.60","1,172.75","1,168.08",5224479,6102623586.45,98271,3688291.0,70.60
2021-09-03,HCLTECH,EQ,"1,172.75","1,173.50","1,180.60","1,158.25","1,174.60","1,174.75","1,169.97",4533364,5303902851.45,106635,2868614.0,63.28
2021-09-06,HCLTECH,EQ,"1,174.75","1,175.00","1,210.10","1,174.00","1,206.00","1,200.15","1,189.27",4331916,5151835506.3,111753,2463066.0,56.86
2021-09-07,HCLTECH,EQ,"1,200.15","1,214.00","1,214.95","1,180.10","1,184.00","1,182.20","1,194.05",3721585,4443764214.65,136991,1780382.0,47.84
2021-09-08,HCLTECH,EQ,"1,182.20","1,185.00","1,191.15","1,167.05","1,188.25","1,188.80","1,182.63",3118518,3688056632.8,99819,1678071.0,53.81
2021-09-09,HCLTECH,EQ,"1,188.80","1,192.00","1,204.95","1,183.00","1,198.95","1,198.55","1,191.75",3388292,4038003547.3,106361,2089217.0,61.66
2021-09-13,HCLTECH,EQ,"1,198.55","1,192.00","1,215.00","1,176.45","1,208.75","1,208.40","1,201.05",3723138,4471690464.55,119966,2021003.0,54.28
2021-09-14,HCLTECH,EQ,"1,208.40","1,216.00","1,240.60","1,207.00","1,237.00","1,238.65","1,229.99",5593286,6879708217.85,185674,3339205.0,59.70
2021-09-15,HCLTECH,EQ,"1,238.65","1,238.65","1,288.95","1,230.25","1,273.00","1,273.25","1,264.14",6063895,7665637393.75,185098,3140860.0,51.80
2021-09-16,HCLTECH,EQ,"1,273.25","1,287.20","1,295.30","1,255.20","1,264.00","1,263.10","1,267.99",3616292,4585435867.8,138406,2013510.0,55.68
2021-09-17,HCLTECH,EQ,"1,263.10","1,265.00","1,281.00","1,258.50","1,262.95","1,263.30","1,265.93",4817180,6098226768.0,130166,2935615.0,60.94
2021-09-20,HCLTECH,EQ,"1,263.30","1,258.00","1,298.80","1,250.00","1,270.40","1,276.15","1,283.55",5453683,7000061545.85,116200,2694469.0,49.41
2021-09-21,HCLTECH,EQ,"1,276.15","1,289.00","1,315.00","1,277.00","1,298.80","1,299.50","1,295.88",4645597,6020131269.4,167229,1664606.0,35.83
2021-09-22,HCLTECH,EQ,"1,299.50","1,300.00","1,328.65","1,299.60","1,316.00","1,315.50","1,316.75",5367303,7067377021.85,161948,2673325.0,49.81
2021-09-23,HCLTECH,EQ,"1,315.50","1,326.85","1,336.45","1,313.90","1,327.00","1,328.30","1,324.93",3037295,4024211207.0,146997,1678148.0,55.25
2021-09-24,HCLTECH,EQ,"1,328.30","1,340.00","1,377.75","1,337.00","1,359.75","1,358.20","1,362.58",7951730,10834881018.6,196697,4552036.0,57.25
2021-09-27,HCLTECH,EQ,"1,358.20","1,366.00","1,367.95","1,290.05","1,299.00","1,295.20","1,313.55",7653504,10053262686.3,260249,5199330.0,67.93
2021-09-28,HCLTECH,EQ,"1,295.20","1,304.95","1,304.95","1,254.00","1,272.50","1,269.00","1,268.51",8572321,10874087040.75,301114,5862044.0,68.38
2021-09-29,HCLTECH,EQ,"1,269.00","1,270.00","1,301.45","1,258.80","1,282.60","1,281.20","1,277.58",4639821,5927735738.95,169421,2295061.0,49.46
2021-09-30,HCLTECH,EQ,"1,281.20","1,291.45","1,291.45","1,268.85","1,280.00","1,279.55","1,278.45",3589722,4589288115.35,145222,2297485.0,64.00
2021-10-01,HCLTECH,EQ,"1,279.55","1,274.00","1,284.00","1,260.65","1,273.00","1,273.75","1,273.54",3372796,4295405419.35,125070,2006146.0,59.48
2021-10-04,HCLTECH,EQ,"1,273.75","1,281.50","1,293.60","1,273.75","1,281.70","1,278.65","1,282.68",2706626,3471723487.45,93753,1708223.0,63.11
2021-10-05,HCLTECH,EQ,"1,278.65","1,270.00","1,313.60","1,262.20","1,307.90","1,305.15","1,286.01",3710314,4771492722.3,111886,1974620.0,53.22
2021-10-06,HCLTECH,EQ,"1,305.15","1,312.00","1,319.85","1,271.80","1,274.55","1,275.45","1,290.27",2861608,3692243990.85,109635,1340570.0,46.85
2021-10-07,HCLTECH,EQ,"1,275.45","1,284.05","1,317.85","1,284.05","1,305.00","1,306.30","1,305.81",2421641,3162193681.2,89401,1176187.0,48.57
2021-10-08,HCLTECH,EQ,"1,306.30","1,306.30","1,338.00","1,294.05","1,323.50","1,322.15","1,320.38",5197831,6863132702.45,151205,2611719.0,50.25
2021-10-11,HCLTECH,EQ,"1,322.15","1,300.00","1,324.90","1,235.65","1,304.30","1,302.90","1,301.10",5264998,6850314422.4,154328,2526334.0,47.98
2021-10-12,HCLTECH,EQ,"1,302.90","1,306.95","1,309.00","1,236.30","1,254.00","1,250.35","1,254.57",12811641,16073160657.35,414669,6494039.0,50.69
2021-10-13,HCLTECH,EQ,"1,250.35","1,263.00","1,270.80","1,243.45","1,265.00","1,265.35","1,254.84",5705730,7159799588.3,153786,3121837.0,54.71
2021-10-14,HCLTECH,EQ,"1,265.35","1,289.40","1,293.25","1,244.05","1,246.00","1,251.15","1,260.29",10360519,13057263101.6,252915,5246553.0,50.64
2021-10-18,HCLTECH,EQ,"1,251.15","1,240.00","1,272.50","1,215.00","1,224.85","1,221.40","1,231.58",23861603,29387543018.9,436447,16805980.0,70.43
2021-10-19,HCLTECH,EQ,"1,221.40","1,230.00","1,253.00","1,225.00","1,232.00","1,232.10","1,237.26",10189780,12607418050.55,176380,6207983.0,60.92
2021-10-20,HCLTECH,EQ,"1,232.10","1,239.00","1,263.40","1,220.40","1,232.90","1,232.90","1,242.97",8222562,10220360301.85,189811,4402812.0,53.55
2021-10-21,HCLTECH,EQ,"1,232.90","1,238.90","1,238.90","1,189.00","1,214.00","1,210.70","1,206.94",5998795,7240170471.5,168030,2842462.0,47.38
2021-10-22,HCLTECH,EQ,"1,210.70","1,203.25","1,223.35","1,186.00","1,192.80","1,194.00","1,198.90",3812305,4570569132.35,119329,1931363.0,50.66
2021-10-25,HCLTECH,EQ,"1,194.00","1,184.05","1,190.00","1,157.15","1,168.00","1,165.40","1,166.40",6690819,7804141931.05,159478,4412401.0,65.95
2021-10-26,HCLTECH,EQ,"1,165.40","1,170.00","1,182.00","1,153.25","1,168.00","1,166.80","1,163.88",5126660,5966798956.5,111561,3266658.0,63.72
2021-10-27,HCLTECH,EQ,"1,166.80","1,170.00","1,181.35","1,161.50","1,177.45","1,177.15","1,170.39",3536653,4139277581.0,91737,2353568.0,66.55
2021-10-28,HCLTECH,EQ,"1,177.15","1,183.30","1,185.00","1,146.80","1,153.60","1,152.00","1,162.12",4096585,4760707263.35,163152,2569596.0,62.73
2021-10-29,HCLTECH,EQ,"1,152.00","1,152.00","1,173.00","1,138.00","1,145.00","1,143.75","1,155.88",3558520,4113214806.3,127439,1752399.0,49.25
2021-11-01,HCLTECH,EQ,"1,143.75","1,143.50","1,191.45","1,143.50","1,189.00","1,189.20","1,177.09",4511112,5309977855.2,132281,2620633.0,58.09
2021-11-02,HCLTECH,EQ,"1,189.20","1,191.00","1,195.10","1,168.85","1,172.20","1,170.65","1,180.96",3016082,3561862430.6,96802,1841826.0,61.07
2021-11-03,HCLTECH,EQ,"1,170.65","1,175.00","1,187.70","1,171.70","1,177.00","1,176.35","1,178.99",2063067,2432327289.95,57776,1036057.0,50.22
2021-11-04,HCLTECH,EQ,"1,176.35","1,185.00","1,187.15","1,178.00","1,183.50","1,183.10","1,183.16",256369,303325401.5,15663,170417.0,66.47
2021-11-08,HCLTECH,EQ,"1,183.10","1,187.45","1,192.80","1,168.55","1,183.00","1,182.85","1,178.89",3808317,4489589096.25,80192,2815208.0,73.92
2021-11-09,HCLTECH,EQ,"1,182.85","1,188.00","1,191.00","1,170.45","1,172.30","1,172.80","1,177.76",3565461,4199264233.05,148010,2610615.0,73.22
2021-11-10,HCLTECH,EQ,"1,172.80","1,164.00","1,175.00","1,162.10","1,171.20","1,169.15","1,168.82",2401325,2806720850.6,83449,1639074.0,68.26
2021-11-11,HCLTECH,EQ,"1,169.15","1,166.00","1,167.80","1,152.25","1,161.25","1,160.70","1,160.33",2861259,3320001450.6,69185,1862248.0,65.08
2021-11-12,HCLTECH,EQ,"1,160.70","1,168.90","1,178.15","1,163.00","1,174.40","1,172.35","1,171.56",3812518,4466575627.35,81204,2510876.0,65.86
2021-11-15,HCLTECH,EQ,"1,172.35","1,171.00","1,181.60","1,163.50","1,168.00","1,170.85","1,173.72",3619915,4248759630.95,58921,2534056.0,70.00
2021-11-16,HCLTECH,EQ,"1,170.85","1,170.90","1,175.50","1,160.45","1,161.95","1,163.40","1,165.95",3141207,3662500831.65,89551,2167694.0,69.01
2021-11-17,HCLTECH,EQ,"1,163.40","1,160.50","1,164.75","1,150.00","1,150.30","1,152.45","1,156.81",3172985,3670546247.65,109730,2376571.0,74.90
2021-11-18,HCLTECH,EQ,"1,152.45","1,148.00","1,155.00","1,113.50","1,118.00","1,120.20","1,124.78",5384530,6056436424.55,194719,3465588.0,64.36
2021-11-22,HCLTECH,EQ,"1,120.20","1,120.20","1,125.85","1,102.00","1,113.00","1,110.10","1,111.00",3961223,4400920118.15,116792,2280847.0,57.58
2021-11-23,HCLTECH,EQ,"1,110.10","1,105.00","1,120.00","1,090.00","1,115.75","1,112.60","1,109.58",4545069,5043131371.75,93913,3083234.0,67.84
2021-11-24,HCLTECH,EQ,"1,112.60","1,120.00","1,132.65","1,112.95","1,115.95","1,119.45","1,123.89",2675632,3007103782.9,80404,1680209.0,62.80
2021-11-25,HCLTECH,EQ,"1,119.45","1,116.50","1,131.00","1,111.00","1,125.70","1,124.80","1,125.72",3106454,3497009820.4,95903,2105999.0,67.79
2021-11-26,HCLTECH,EQ,"1,124.80","1,120.00","1,126.00","1,103.30","1,111.65","1,110.05","1,114.79",2207274,2460641343.1,98604,1196442.0,54.20
2021-11-29,HCLTECH,EQ,"1,110.05","1,101.10","1,145.00","1,100.10","1,134.00","1,133.15","1,131.49",3661152,4142561741.55,144471,1214350.0,33.17
2021-11-30,HCLTECH,EQ,"1,133.15","1,133.00","1,157.90","1,133.00","1,139.35","1,138.65","1,143.27",7421904,8485239216.15,159613,4949933.0,66.69
2021-12-01,HCLTECH,EQ,"1,138.65","1,146.00","1,163.00","1,145.20","1,159.55","1,156.70","1,156.90",2918586,3376501071.95,115314,1759540.0,60.29
2021-12-02,HCLTECH,EQ,"1,156.70","1,161.90","1,186.40","1,153.00","1,183.00","1,184.70","1,172.47",4011279,4703119501.3,120697,2431883.0,60.63
2021-12-03,HCLTECH,EQ,"1,184.70","1,188.00","1,189.70","1,169.65","1,170.40","1,171.40","1,175.90",2571036,3023286791.3,89550,1665549.0,64.78
2021-12-06,HCLTECH,EQ,"1,171.40","1,169.90","1,172.65","1,134.85","1,137.80","1,136.55","1,146.37",2493755,2858757331.0,107240,1300001.0,52.13
2021-12-07,HCLTECH,EQ,"1,136.55","1,150.00","1,155.00","1,131.40","1,148.10","1,149.65","1,145.55",2299958,2634724153.6,80940,1155749.0,50.25
2021-12-08,HCLTECH,EQ,"1,149.65","1,157.40","1,181.60","1,157.05","1,170.05","1,171.60","1,173.09",2525711,2962881207.2,87948,1178518.0,46.66
2021-12-09,HCLTECH,EQ,"1,171.60","1,179.80","1,179.80","1,155.00","1,168.00","1,168.55","1,164.84",1734844,2020807372.7,69721,795501.0,45.85
2021-12-10,HCLTECH,EQ,"1,168.55","1,155.20","1,167.00","1,155.20","1,161.00","1,162.20","1,160.64",957733,1111586754.55,39617,442994.0,46.25
2021-12-13,HCLTECH,EQ,"1,162.20","1,166.00","1,173.45","1,153.25","1,159.30","1,159.10","1,163.71",2225682,2590052041.8,63854,1285715.0,57.77
2021-12-14,HCLTECH,EQ,"1,159.10","1,156.00","1,165.90","1,145.50","1,161.60","1,162.35","1,160.17",1972685,2288640906.15,89671,1094511.0,55.48
2021-12-15,HCLTECH,EQ,"1,162.35","1,158.25","1,161.95","1,142.30","1,146.90","1,148.90","1,148.82",1604301,1843050867.25,66975,895802.0,55.84
2021-12-16,HCLTECH,EQ,"1,148.90","1,156.00","1,167.90","1,149.55","1,161.80","1,159.75","1,158.07",2121810,2457209441.8,93551,1076492.0,50.73
2021-12-17,HCLTECH,EQ,"1,159.75","1,172.00","1,182.90","1,165.00","1,170.00","1,171.40","1,174.47",6373455,7485441960.95,200853,3998994.0,62.74
2021-12-20,HCLTECH,EQ,"1,171.40","1,160.00","1,172.35","1,145.50","1,160.00","1,159.90","1,156.48",3091768,3575562245.25,111409,1722596.0,55.72
2021-12-21,HCLTECH,EQ,"1,159.90","1,168.90","1,214.95","1,165.05","1,210.00","1,205.00","1,201.33",6217986,7469844223.35,175877,3213910.0,51.69
2021-12-22,HCLTECH,EQ,"1,205.00","1,218.00","1,226.00","1,210.10","1,222.60","1,222.80","1,218.10",3809814,4640740336.75,130597,1861448.0,48.86
2021-12-23,HCLTECH,EQ,"1,222.80","1,229.90","1,230.70","1,215.60","1,226.50","1,227.45","1,225.49",2814281,3448885287.9,102711,1717841.0,61.04
2021-12-24,HCLTECH,EQ,"1,227.45","1,262.15","1,283.80","1,246.15","1,262.60","1,265.20","1,267.39",15952929,20218651707.9,231975,7541986.0,47.28
2021-12-27,HCLTECH,EQ,"1,265.20","1,268.00","1,277.00","1,254.05","1,267.50","1,267.20","1,265.86",3372907,4269618338.3,107525,1532778.0,45.44
2021-12-28,HCLTECH,EQ,"1,267.20","1,270.00","1,289.00","1,270.00","1,280.00","1,283.90","1,283.42",3446067,4422737066.9,132069,2144998.0,62.24
2021-12-29,HCLTECH,EQ,"1,283.90","1,283.00","1,299.00","1,277.10","1,291.50","1,291.90","1,291.30",2254162,2910804070.6,67484,1255543.0,55.7
2021-12-30,HCLTECH,EQ,"1,291.90","1,291.90","1,326.45","1,282.70","1,317.00","1,317.05","1,313.44",4518139,5934307349.7,132717,2097827.0,46.43
2021-12-31,HCLTECH,EQ,"1,317.05","1,320.00","1,329.45","1,308.95","1,319.45","1,319.10","1,319.49",2231508,2944453254.5,79174,1088485.0,48.78
2022-01-03,HCLTECH,EQ,"1,319.10","1,316.35","1,339.90","1,314.10","1,324.00","1,326.15","1,328.98",2661272,3536784044.25,108928,1392322.0,52.32
2022-01-04,HCLTECH,EQ,"1,326.15","1,329.50","1,336.70","1,307.25","1,335.50","1,333.45","1,324.18",3367100,4458636097.1,115098,1706702.0,50.69
2022-01-05,HCLTECH,EQ,"1,333.45","1,329.00","1,330.00","1,302.00","1,311.35","1,310.75","1,310.08",3510253,4598710306.1,150826,1887370.0,53.77
2022-01-06,HCLTECH,EQ,"1,310.75","1,290.00","1,297.80","1,277.00","1,286.90","1,284.90","1,284.53",4409632,5664290563.5,126001,2788037.0,63.23
2022-01-07,HCLTECH,EQ,"1,284.90","1,297.55","1,298.50","1,282.20","1,289.00","1,290.55","1,290.34",3898684,5030614404.5,110043,2491086.0,63.9
2022-01-10,HCLTECH,EQ,"1,290.55","1,304.85","1,304.85","1,280.00","1,290.00","1,288.10","1,289.91",2529949,3263415640.1,87323,1474383.0,58.28
2022-01-11,HCLTECH,EQ,"1,288.10","1,288.65","1,348.00","1,280.00","1,346.00","1,343.65","1,330.01",6772189,9007051760.9,223289,3182227.0,46.99
2022-01-12,HCLTECH,EQ,"1,343.65","1,354.00","1,357.10","1,331.40","1,348.45","1,352.15","1,347.69",3162044,4261441300.45,133426,1524503.0,48.21
2022-01-13,HCLTECH,EQ,"1,352.15","1,340.00","1,359.40","1,321.15","1,327.00","1,334.25","1,341.95",4598005,6170288792.45,190827,2014879.0,43.82
2022-01-14,HCLTECH,EQ,"1,334.25","1,320.00","1,342.95","1,293.00","1,330.00","1,337.20","1,317.46",5636243,7425547840.1,175711,2031569.0,36.04
2022-01-17,HCLTECH,EQ,"1,337.20","1,273.00","1,273.00","1,243.40","1,260.55","1,258.75","1,260.40",11973283,15091116271.7,454426,5247421.0,43.83
2022-01-18,HCLTECH,EQ,"1,258.75","1,269.95","1,269.95","1,217.00","1,220.10","1,219.75","1,238.78",7799487,9661874151.85,312619,4266208.0,54.7
2022-01-19,HCLTECH,EQ,"1,219.75","1,220.00","1,220.50","1,191.00","1,201.75","1,199.20","1,200.23",8464215,10158971743.65,282454,6033376.0,71.28
2022-01-20,HCLTECH,EQ,"1,199.20","1,200.00","1,201.40","1,170.00","1,175.00","1,175.35","1,179.30",6172404,7279122049.8,254903,3789927.0,61.4
2022-01-21,HCLTECH,EQ,"1,175.35","1,175.35","1,179.85","1,155.00","1,169.00","1,167.95","1,167.54",5514748,6438705407.8,193527,2966664.0,53.8
2022-01-24,HCLTECH,EQ,"1,167.95","1,162.50","1,164.50","1,111.00","1,122.80","1,124.90","1,134.94",5878438,6671700359.95,247857,3279629.0,55.79
2022-01-25,HCLTECH,EQ,"1,124.90","1,115.00","1,139.65","1,088.40","1,124.00","1,123.70","1,122.20",4725254,5302697120.4,211750,2411120.0,51.03
2022-01-27,HCLTECH,EQ,"1,123.70","1,115.00","1,115.95","1,070.20","1,079.55","1,077.75","1,083.76",8304735,9000375381.85,311621,5070305.0,61.05
2022-01-28,HCLTECH,EQ,"1,077.75","1,079.00","1,102.20","1,077.25","1,080.90","1,080.45","1,090.26",7654724,8345674347.05,333051,4680638.0,61.15
2022-01-31,HCLTECH,EQ,"1,080.45","1,100.65","1,113.95","1,092.85","1,099.70","1,099.40","1,101.30",7572995,8340115747.6,166985,4760907.0,62.87
2022-02-01,HCLTECH,EQ,"1,099.40","1,116.70","1,136.50","1,101.25","1,134.80","1,132.80","1,119.90",6783774,7597149269.15,146913,4309693.0,63.53
2022-02-02,HCLTECH,EQ,"1,132.80","1,142.90","1,173.85","1,133.30","1,172.50","1,170.95","1,161.55",6982539,8110564261.65,148087,4472371.0,64.05
2022-02-03,HCLTECH,EQ,"1,170.95","1,162.00","1,170.85","1,151.00","1,158.05","1,156.75","1,163.30",4169794,4850738858.35,94552,2386842.0,57.24
2022-02-04,HCLTECH,EQ,"1,156.75","1,160.00","1,167.10","1,137.35","1,163.50","1,163.80","1,159.13",3625482,4202410186.95,108136,1977007.0,54.53
2022-02-07,HCLTECH,EQ,"1,163.80","1,157.00","1,171.35","1,146.00","1,158.95","1,157.35","1,158.49",3824483,4430629495.05,102739,2329668.0,60.91
2022-02-08,HCLTECH,EQ,"1,157.35","1,158.95","1,169.85","1,148.55","1,161.90","1,161.95","1,159.92",3267641,3790188536.05,98059,2081413.0,63.7
2022-02-09,HCLTECH,EQ,"1,161.95","1,172.00","1,189.00","1,166.00","1,179.00","1,180.90","1,183.92",3772972,4466882845.35,111046,2220882.0,58.86
2022-02-10,HCLTECH,EQ,"1,180.90","1,184.95","1,191.90","1,174.10","1,190.15","1,190.35","1,184.45",2053245,2431972917.35,106669,1202738.0,58.58
2022-02-11,HCLTECH,EQ,"1,190.35","1,179.00","1,179.00","1,158.05","1,161.95","1,163.70","1,165.77",3912397,4560951120.0,108734,2714179.0,69.37
2022-02-14,HCLTECH,EQ,"1,163.70","1,135.35","1,164.35","1,133.60","1,141.05","1,146.45","1,151.96",3243813,3736752790.5,86827,1775136.0,54.72
2022-02-15,HCLTECH,EQ,"1,146.45","1,153.50","1,174.00","1,148.10","1,173.00","1,168.55","1,163.24",3000492,3490295462.8,124581,1720064.0,57.33
2022-02-16,HCLTECH,EQ,"1,168.55","1,178.00","1,182.65","1,160.00","1,164.80","1,167.80","1,170.98",1885868,2208319006.4,80567,921556.0,48.87
2022-02-17,HCLTECH,EQ,"1,167.80","1,174.00","1,174.00","1,160.00","1,161.90","1,163.05","1,166.30",1644055,1917455288.8,52253,783671.0,47.67
2022-02-18,HCLTECH,EQ,"1,163.05","1,152.85","1,170.10","1,150.10","1,165.60","1,165.00","1,160.52",2166690,2514478357.9,58646,1186112.0,54.74
2022-02-21,HCLTECH,EQ,"1,165.00","1,153.10","1,169.50","1,150.20","1,164.00","1,164.75","1,160.94",1706058,1980633912.15,48258,843155.0,49.42
2022-02-22,HCLTECH,EQ,"1,164.75","1,132.00","1,154.15","1,132.00","1,152.90","1,149.55","1,146.92",3254855,3733068563.1,117879,1910853.0,58.71
2022-02-23,HCLTECH,EQ,"1,149.55","1,156.00","1,159.00","1,148.05","1,151.00","1,153.00","1,153.42",1937649,2234926126.25,59302,1156511.0,59.69
2022-02-24,HCLTECH,EQ,"1,153.00","1,106.00","1,134.95","1,092.00","1,099.00","1,098.55","1,106.09",5469084,6049293188.9,176157,3668530.0,67.08
2022-02-25,HCLTECH,EQ,"1,098.55","1,115.60","1,141.00","1,115.00","1,131.35","1,129.70","1,132.07",3213276,3637643643.7,121008,1958649.0,60.95
2022-02-28,HCLTECH,EQ,"1,129.70","1,119.60","1,133.30","1,107.00","1,126.00","1,126.95","1,124.15",4571884,5139505921.6,132686,3016656.0,65.98
2022-03-02,HCLTECH,EQ,"1,126.95","1,124.65","1,124.65","1,109.00","1,114.00","1,115.55","1,114.89",3867328,4311635432.35,147696,2726839.0,70.51
2022-03-03,HCLTECH,EQ,"1,115.55","1,125.00","1,152.00","1,120.50","1,137.15","1,139.70","1,141.11",3969380,4529517582.0,114308,2399250.0,60.44
2022-03-04,HCLTECH,EQ,"1,139.70","1,128.00","1,154.85","1,122.65","1,139.95","1,138.45","1,141.58",3522375,4021074439.9,152935,2038595.0,57.88
2022-03-07,HCLTECH,EQ,"1,138.45","1,111.00","1,161.40","1,110.50","1,153.75","1,154.20","1,143.22",5249845,6001732268.25,207700,3057448.0,58.24
2022-03-08,HCLTECH,EQ,"1,154.20","1,156.00","1,179.60","1,155.00","1,172.95","1,175.30","1,170.63",3805165,4454423680.6,186833,1854217.0,48.73
2022-03-09,HCLTECH,EQ,"1,175.30","1,180.00","1,195.00","1,161.10","1,179.95","1,182.70","1,187.04",3781326,4488577495.4,150570,1974930.0,52.23
2022-03-10,HCLTECH,EQ,"1,182.70","1,198.20","1,198.20","1,175.00","1,190.90","1,192.15","1,186.24",3834327,4548441978.0,174344,2223024.0,57.98
2022-03-11,HCLTECH,EQ,"1,192.15","1,180.00","1,207.15","1,176.30","1,193.95","1,193.45","1,194.47",2770879,3309730336.05,106304,1431009.0,51.64
2022-03-14,HCLTECH,EQ,"1,193.45","1,193.45","1,214.80","1,177.65","1,207.50","1,202.85","1,200.58",5740660,6892121741.6,180125,3430086.0,59.75
2022-03-15,HCLTECH,EQ,"1,202.85","1,207.00","1,214.30","1,168.10","1,179.40","1,176.85","1,188.64",3003066,3569570380.85,135033,1676167.0,55.82
2022-03-16,HCLTECH,EQ,"1,176.85","1,190.15","1,202.95","1,185.00","1,197.00","1,199.50","1,192.73",1894018,2259058308.8,86173,1054971.0,55.7
2022-03-17,HCLTECH,EQ,"1,199.50","1,215.00","1,215.00","1,190.80","1,194.50","1,196.90","1,197.56",6987787,8368324122.3,154666,4368831.0,62.52
2022-03-21,HCLTECH,EQ,"1,196.90","1,199.90","1,209.90","1,165.10","1,167.00","1,168.05","1,184.45",4046440,4792824708.9,117759,2526139.0,62.43
2022-03-22,HCLTECH,EQ,"1,168.05","1,170.00","1,181.75","1,162.30","1,180.00","1,176.40","1,173.35",4516870,5299875376.1,97208,2942684.0,65.15
2022-03-23,HCLTECH,EQ,"1,176.40","1,190.00","1,190.85","1,170.00","1,179.50","1,180.70","1,181.77",2338886,2764030874.6,90625,1263390.0,54.02
2022-03-24,HCLTECH,EQ,"1,180.70","1,169.00","1,194.00","1,169.00","1,191.90","1,192.10","1,185.76",2351703,2788547931.75,72402,1292633.0,54.97
2022-03-25,HCLTECH,EQ,"1,192.10","1,199.00","1,199.00","1,175.40","1,184.00","1,179.35","1,185.74",2489854,2952317174.9,80994,1357167.0,54.51
2022-03-28,HCLTECH,EQ,"1,179.35","1,184.90","1,187.60","1,158.20","1,163.00","1,163.95","1,165.10",3406258,3968629732.85,114018,2296356.0,67.42
2022-03-29,HCLTECH,EQ,"1,163.95","1,167.00","1,175.00","1,163.65","1,169.10","1,167.70","1,168.94",2443230,2855991651.1,81545,1658588.0,67.89
2022-03-30,HCLTECH,EQ,"1,167.70","1,177.35","1,181.95","1,162.10","1,164.25","1,165.20","1,172.10",3073672,3602643919.85,87726,2169859.0,70.6
2022-03-31,HCLTECH,EQ,"1,165.20","1,174.80","1,174.80","1,161.00","1,163.00","1,163.75","1,165.74",3006639,3504946171.2,78084,2120877.0,70.54
2022-04-01,HCLTECH,EQ,"1,163.75","1,161.00","1,174.00","1,152.05","1,173.20","1,169.65","1,163.84",2479745,2886036219.55,90890,1498583.0,60.43
2022-04-04,HCLTECH,EQ,"1,169.65","1,173.20","1,188.95","1,168.00","1,187.00","1,187.05","1,178.86",2282137,2690316420.35,91235,1510366.0,66.18
2022-04-05,HCLTECH,EQ,"1,187.05","1,190.00","1,203.00","1,184.10","1,194.90","1,195.45","1,196.58",2634464,3152351353.6,110920,1557718.0,59.13
2022-04-06,HCLTECH,EQ,"1,195.45","1,190.00","1,194.90","1,167.50","1,171.90","1,170.50","1,174.73",2838968,3335018699.05,106160,1753378.0,61.76
2022-04-07,HCLTECH,EQ,"1,170.50","1,165.60","1,180.75","1,163.00","1,174.65","1,173.30","1,173.29",3391918,3979699620.0,106479,2285719.0,67.39
2022-04-08,HCLTECH,EQ,"1,173.30","1,179.00","1,180.00","1,162.55","1,166.35","1,165.35","1,170.39",2656091,3108674139.95,67268,1836160.0,69.13
2022-04-11,HCLTECH,EQ,"1,165.35","1,164.00","1,164.00","1,131.75","1,134.50","1,133.50","1,138.92",5679058,6468014720.65,251238,3601397.0,63.42
2022-04-12,HCLTECH,EQ,"1,133.50","1,129.80","1,141.70","1,119.55","1,131.50","1,131.15","1,133.98",2906617,3296034820.45,111379,1416772.0,48.74
2022-04-13,HCLTECH,EQ,"1,131.15","1,135.00","1,143.10","1,123.00","1,127.00","1,125.10","1,132.33",1971580,2232473060.55,79409,1025999.0,52.04
2022-04-18,HCLTECH,EQ,"1,125.10","1,110.00","1,112.75","1,084.60","1,105.00","1,101.75","1,098.11",4391701,4822571835.35,192011,2594489.0,59.08
2022-04-19,HCLTECH,EQ,"1,101.75","1,115.90","1,115.95","1,058.75","1,067.00","1,070.25","1,090.34",3422431,3731617278.8,142595,2069762.0,60.48
2022-04-20,HCLTECH,EQ,"1,070.25","1,075.00","1,094.80","1,064.70","1,090.00","1,089.40","1,081.25",2573318,2782389121.85,86606,1383132.0,53.75
2022-04-21,HCLTECH,EQ,"1,089.40","1,095.00","1,105.05","1,081.10","1,102.30","1,099.20","1,094.44",2547848,2788468358.65,89134,1433936.0,56.28
2022-04-22,HCLTECH,EQ,"1,099.20","1,086.60","1,134.95","1,081.10","1,102.50","1,102.05","1,113.66",9567571,10655040152.6,236066,3832354.0,40.06
2022-04-25,HCLTECH,EQ,"1,102.05","1,096.90","1,098.00","1,077.30","1,092.00","1,089.85","1,089.22",3565801,3883934617.5,129018,1821396.0,51.08
2022-04-26,HCLTECH,EQ,"1,089.85","1,104.00","1,107.00","1,085.05","1,095.00","1,094.30","1,097.25",3213714,3526260606.6,111425,2177631.0,67.76
2022-04-27,HCLTECH,EQ,"1,094.30","1,087.00","1,099.90","1,074.60","1,099.00","1,095.60","1,084.88",3288792,3567939652.9,147267,2164422.0,65.81
2022-04-28,HCLTECH,EQ,"1,095.60","1,092.00","1,102.30","1,073.30","1,092.00","1,092.50","1,086.95",5202061,5654404663.0,129605,3460860.0,66.53
2022-04-29,HCLTECH,EQ,"1,092.50","1,094.00","1,100.50","1,074.35","1,085.80","1,079.25","1,088.78",2988180,3253459406.85,70277,1609488.0,53.86
2022-05-02,HCLTECH,EQ,"1,079.25","1,073.00","1,082.00","1,062.00","1,067.35","1,066.90","1,068.71",2584604,2762179667.35,119347,1619368.0,62.65
2022-05-04,HCLTECH,EQ,"1,066.90","1,075.90","1,076.00","1,035.80","1,048.00","1,044.95","1,055.35",3385725,3573133332.45,117458,1937178.0,57.22
2022-05-05,HCLTECH,EQ,"1,044.95","1,059.00","1,075.20","1,047.10","1,072.50","1,072.05","1,065.38",2982126,3177088068.7,111945,1715637.0,57.53
2022-05-06,HCLTECH,EQ,"1,072.05","1,049.90","1,056.65","1,028.95","1,052.90","1,050.20","1,045.61",4075606,4261494345.0,122220,2342183.0,57.47
2022-05-09,HCLTECH,EQ,"1,050.20","1,044.00","1,082.90","1,034.10","1,082.90","1,076.10","1,066.84",4207192,4488396758.35,137671,2208834.0,52.5
2022-05-10,HCLTECH,EQ,"1,076.10","1,073.00","1,085.00","1,066.60","1,069.00","1,072.55","1,077.02",2473518,2664027345.6,97900,1420841.0,57.44
2022-05-11,HCLTECH,EQ,"1,072.55","1,069.00","1,079.30","1,054.05","1,062.55","1,060.90","1,063.10",2895668,3078380431.15,111165,1655764.0,57.18
2022-05-12,HCLTECH,EQ,"1,060.90","1,050.10","1,070.95","1,043.75","1,062.00","1,059.40","1,061.79",3195189,3392615351.4,92049,1635357.0,51.18
2022-05-13,HCLTECH,EQ,"1,059.40","1,070.00","1,078.00","1,045.10","1,050.05","1,052.15","1,064.35",2496626,2657283641.35,81165,1426750.0,57.15
2022-05-16,HCLTECH,EQ,"1,052.15","1,054.00","1,066.95","1,040.20","1,045.00","1,044.55","1,048.66",1415370,1484245113.15,56421,708056.0,50.03
2022-05-17,HCLTECH,EQ,"1,044.55","1,058.20","1,086.00","1,045.35","1,083.55","1,082.90","1,072.20",2620776,2809985250.25,90961,1450701.0,55.35
2022-05-18,HCLTECH,EQ,"1,082.90","1,083.55","1,097.35","1,070.80","1,073.00","1,073.70","1,085.73",2865869,3111559303.7,86787,1667915.0,58.2
2022-05-19,HCLTECH,EQ,"1,073.70","1,055.10","1,058.30","1,004.60","1,011.40","1,009.40","1,023.73",4729354,4841604334.1,166504,3127242.0,66.12
2022-05-20,HCLTECH,EQ,"1,009.40","1,029.00","1,034.50","1,016.80","1,026.55","1,028.85","1,027.27",2005622,2060316713.85,81665,1091119.0,54.4
2022-05-23,HCLTECH,EQ,"1,028.85","1,023.00","1,037.00","1,014.75","1,016.00","1,018.30","1,025.49",2285466,2343722306.2,78917,1408050.0,61.61
2022-05-24,HCLTECH,EQ,"1,018.30","1,022.05","1,022.40",987.00,993.00,991.75,997.82,3418456,3411011764.35,149665,2180214.0,63.78
2022-05-25,HCLTECH,EQ,991.75,992.00,992.80,963.00,974.50,974.45,973.38,3904551,3800595296.7,114710,2558640.0,65.53
2022-05-26,HCLTECH,EQ,974.45,977.00,986.00,969.05,984.00,980.70,978.63,4278059,4186622021.6,122236,2743164.0,64.12
2022-05-27,HCLTECH,EQ,980.70,989.00,"1,010.45",989.00,"1,006.50","1,003.90","1,001.60",2795530,2800009407.45,94270,1345961.0,48.15
2022-05-30,HCLTECH,EQ,"1,003.90","1,019.00","1,053.35","1,015.65","1,042.00","1,039.90","1,041.84",3562969,3712032699.75,102257,1825869.0,51.25
2022-05-31,HCLTECH,EQ,"1,039.90","1,045.00","1,045.80","1,020.45","1,041.25","1,040.75","1,038.05",5185485,5382818513.45,72295,3324457.0,64.11
2022-06-01,HCLTECH,EQ,"1,040.75","1,040.75","1,045.45","1,011.55","1,023.90","1,017.90","1,028.76",2554081,2627536506.35,101665,1542165.0,60.38
2022-06-02,HCLTECH,EQ,"1,017.90","1,011.40","1,048.90","1,007.30","1,039.00","1,039.70","1,030.21",3560227,3667780335.0,104912,1934821.0,54.35
2022-06-03,HCLTECH,EQ,"1,039.70","1,053.95","1,069.65","1,040.20","1,046.70","1,043.00","1,058.60",3556955,3765402079.7,92391,1646648.0,46.29
2022-06-06,HCLTECH,EQ,"1,043.00","1,038.00","1,047.35","1,021.15","1,039.50","1,037.30","1,035.29",1997494,2067982844.4,78033,1121204.0,56.13
2022-06-07,HCLTECH,EQ,"1,037.30","1,030.00","1,033.75","1,013.15","1,022.05","1,022.90","1,022.32",1839248,1880299819.3,52438,838751.0,45.6
2022-06-08,HCLTECH,EQ,"1,022.90","1,023.10","1,033.80","1,016.00","1,030.80","1,030.20","1,027.78",1665512,1711772843.0,76299,845294.0,50.75
2022-06-09,HCLTECH,EQ,"1,030.20","1,024.95","1,031.70","1,011.70","1,027.95","1,028.65","1,024.48",1654005,1694493673.35,47138,888080.0,53.69
2022-06-10,HCLTECH,EQ,"1,028.65","1,012.00","1,023.75","1,008.20","1,019.90","1,015.35","1,015.34",2260855,2295544801.55,78380,1405678.0,62.17
2022-06-13,HCLTECH,EQ,"1,015.35",996.00,"1,002.00",982.50,995.85,991.80,991.46,1738804,1723946231.55,80834,1137175.0,65.4
2022-06-14,HCLTECH,EQ,991.80,988.00,"1,000.95",978.15,995.50,996.90,993.34,2461791,2445400502.15,85586,1413958.0,57.44
2022-06-15,HCLTECH,EQ,996.90,989.00,"1,007.00",988.0,991.35,989.90,994.74,2408630,2395972458.5,67579,1360198.0,56.47
2022-06-16,HCLTECH,EQ,989.90,"1,007.00","1,007.00",961.65,970.15,964.95,984.23,3198618,3148190647.65,106996,1988375.0,62.16
2022-06-17,HCLTECH,EQ,964.95,952.40,963.15,944.05,960.85,958.75,955.12,4302066,4108993453.75,111429,2642150.0,61.42
2022-06-20,HCLTECH,EQ,958.75,965.00,966.00,952.1,962.20,960.05,959.35,1305407,1252346158.6,55205,462730.0,35.45
2022-06-21,HCLTECH,EQ,960.05,971.70,999.90,963.65,987.00,986.60,986.87,2128325,2100383492.95,85507,881971.0,41.44
2022-06-22,HCLTECH,EQ,986.60,977.95,979.00,959.15,960.05,961.30,967.52,2575065,2491423641.05,125916,1486456.0,57.72
2022-06-23,HCLTECH,EQ,961.30,962.10,977.50,958.6,974.45,971.25,970.81,2169033,2105717786.3,76307,1243383.0,57.32
2022-06-24,HCLTECH,EQ,971.25,984.00,984.55,960.0,967.85,966.70,968.41,1922313,1861591700.7,54769,863512.0,44.92
2022-06-27,HCLTECH,EQ,966.70,986.15,"1,006.80",984.2,992.80,992.35,997.71,3626024,3617708370.55,102282,1497913.0,41.31
2022-06-28,HCLTECH,EQ,992.35,989.90,"1,007.00",983.25,"1,004.00","1,001.95",995.52,2702471,2690351175.2,73021,1616279.0,59.81
2022-06-29,HCLTECH,EQ,"1,001.95",985.10,"1,000.25",985.0,985.90,987.55,991.91,3150015,3124528255.45,119768,2083227.0,66.13
2022-06-30,HCLTECH,EQ,987.55,990.00,996.55,969.95,971.25,973.25,978.24,3741119,3659703077.05,147066,2443166.0,65.31
2022-07-01,HCLTECH,EQ,973.25,964.50,981.45,964.2,979.05,975.35,971.39,2827579,2746691656.2,79046,1919483.0,67.88
2022-07-04,HCLTECH,EQ,975.35,975.35,989.50,973.45,985.00,984.60,983.22,2738846,2692895093.4,70194,1879408.0,68.62
2022-07-05,HCLTECH,EQ,984.60,987.40,"1,002.65",978.45,982.20,982.15,992.64,2476050,2457837341.1,76113,1605773.0,64.85
2022-07-06,HCLTECH,EQ,982.15,982.00,999.00,980.05,988.25,986.60,990.49,2998254,2969754923.35,91642,1957413.0,65.29
2022-07-07,HCLTECH,EQ,986.60,997.00,"1,000.90",984.95,992.00,989.85,992.95,2985141,2964085866.55,113519,2016110.0,67.54
2022-07-08,HCLTECH,EQ,989.85,999.00,999.00,979.15,985.20,983.55,989.83,3141642,3109676444.7,158389,2260870.0,71.96
2022-07-11,HCLTECH,EQ,983.55,975.00,979.15,940.0,941.00,943.55,950.96,5787815,5503954219.25,215958,3682643.0,63.63
2022-07-12,HCLTECH,EQ,943.55,935.00,948.55,924.4,926.10,927.80,935.08,5305354,4960950247.6,193772,2407360.0,45.38
2022-07-13,HCLTECH,EQ,927.80,930.00,936.00,905.0,918.40,917.75,914.64,12874342,11775420178.75,199366,6281115.0,48.79
2022-07-14,HCLTECH,EQ,917.75,926.15,927.55,892.3,903.20,903.00,907.27,4916497,4460576245.35,157284,2712016.0,55.16
2022-07-15,HCLTECH,EQ,903.00,896.00,905.00,877.35,882.90,883.15,887.14,5591590,4960495949.85,218256,3104140.0,55.51
2022-07-18,HCLTECH,EQ,883.15,895.00,907.50,888.85,901.00,900.30,899.92,5156225,4640202544.7,115010,3052498.0,59.20
2022-07-19,HCLTECH,EQ,900.30,890.00,897.50,885.0,889.05,889.70,890.51,4636293,4128646862.7,126441,2484597.0,53.59
2022-07-20,HCLTECH,EQ,889.70,904.60,918.80,895.1,914.50,917.40,909.91,4827089,4392202372.8,161895,2848301.0,59.01
2022-07-21,HCLTECH,EQ,917.40,921.00,926.95,913.55,924.55,924.45,922.93,3498709,3229056760.95,121030,2144433.0,61.29
2022-07-22,HCLTECH,EQ,924.45,929.40,931.90,909.0,918.40,920.25,917.73,3514659,3225514410.55,96950,1947846.0,55.42
2022-07-25,HCLTECH,EQ,920.25,920.25,932.00,914.0,929.95,930.65,924.91,2120224,1961015672.6,62381,1098875.0,51.83
2022-07-26,HCLTECH,EQ,930.65,928.50,929.65,911.1,913.70,913.50,916.79,2780103,2548771625.6,77967,1536708.0,55.28
2022-07-27,HCLTECH,EQ,913.50,912.10,929.35,911.1,928.50,928.45,923.43,1742497,1609065331.45,59339,1041876.0,59.79
2022-07-28,HCLTECH,EQ,928.45,935.90,949.00,932.7,948.00,946.10,942.62,2843497,2680339188.4,107523,1570034.0,55.21
2022-07-29,HCLTECH,EQ,946.10,957.00,965.70,947.15,948.00,948.40,955.27,3617725,3455897602.35,109292,2116564.0,58.51
2022-08-01,HCLTECH,EQ,948.40,954.00,956.50,945.2,952.65,952.15,952.25,2489519,2370656241.35,156568,1553023.0,62.38
2022-08-02,HCLTECH,EQ,952.15,952.15,953.85,941.05,950.00,951.05,947.51,2545241,2411632715.15,76310,1540425.0,60.52
2022-08-03,HCLTECH,EQ,951.05,951.00,961.80,950.05,957.00,957.20,956.56,4119614,3940642322.3,115023,2271996.0,55.15
2022-08-04,HCLTECH,EQ,957.20,965.00,969.95,945.8,956.50,958.10,959.87,3513266,3372295493.4,122258,1953495.0,55.60
2022-08-05,HCLTECH,EQ,958.10,962.90,964.95,955.0,956.65,957.75,959.19,2565683,2460981491.8,101848,1551732.0,60.48
2022-08-08,HCLTECH,EQ,957.75,957.75,968.00,950.05,965.80,966.05,960.58,1746911,1678052920.3,73916,983510.0,56.30
2022-08-10,HCLTECH,EQ,966.05,966.05,967.00,948.1,952.00,952.05,952.82,3271939,3117565292.65,104532,2278556.0,69.64
2022-08-11,HCLTECH,EQ,952.05,965.00,968.50,958.75,961.70,962.35,963.83,3594584,3464583744.6,92074,2491819.0,69.32
2022-08-12,HCLTECH,EQ,962.35,964.00,964.00,954.0,956.00,956.40,957.71,3022304,2894482192.3,90824,2277363.0,75.35
2022-08-16,HCLTECH,EQ,956.40,969.00,969.00,952.65,958.75,958.20,957.78,2784861,2667294165.45,65242,1877429.0,67.42
2022-08-17,HCLTECH,EQ,958.20,963.00,982.90,955.0,978.00,980.60,972.66,4649125,4522019143.15,101892,2817713.0,60.61
2022-08-18,HCLTECH,EQ,980.60,983.45,983.45,968.1,973.75,973.50,973.33,2829269,2753800183.4,83548,1531014.0,54.11
2022-08-19,HCLTECH,EQ,973.50,974.50,987.05,966.8,967.70,970.05,978.35,2880969,2818588316.15,78784,1325291.0,46.00
2022-08-22,HCLTECH,EQ,970.05,965.00,970.00,955.2,961.00,959.45,963.09,3616799,3483299532.6,91826,2628426.0,72.67
2022-08-23,HCLTECH,EQ,959.45,949.95,951.00,939.0,950.00,946.90,944.55,3753715,3545582514.75,107819,2290336.0,61.02
2022-08-24,HCLTECH,EQ,946.90,949.90,953.80,944.15,949.20,949.15,948.82,1494361,1417872525.4,60196,758254.0,50.74
2022-08-25,HCLTECH,EQ,949.15,953.90,953.90,942.65,945.00,943.80,946.24,3316314,3138043263.25,90660,2342363.0,70.63
2022-08-26,HCLTECH,EQ,943.80,948.55,956.00,943.75,946.70,945.65,947.06,2195046,2078839413.55,55546,1322544.0,60.25
2022-08-29,HCLTECH,EQ,945.65,912.60,922.00,900.1,919.80,917.50,912.09,4974880,4537519243.7,154640,3087997.0,62.07
2022-08-30,HCLTECH,EQ,917.50,926.90,945.25,923.7,936.85,938.95,936.97,2998417,2809422606.85,66700,1942348.0,64.78
2022-09-01,HCLTECH,EQ,938.95,917.30,931.00,916.25,926.75,926.05,924.19,2953921,2729980605.45,88315,2014274.0,68.19
2022-09-02,HCLTECH,EQ,926.05,931.20,937.00,919.0,924.85,924.45,925.35,1750283,1619616787.15,61266,919612.0,52.54
2022-09-05,HCLTECH,EQ,924.45,926.00,942.30,922.5,935.00,936.00,936.97,2279812,2136105998.25,67670,1206758.0,52.93
2022-09-06,HCLTECH,EQ,936.00,936.00,942.90,927.05,937.65,937.80,935.6,2108615,1972815124.8,51634,1311531.0,62.20
2022-09-07,HCLTECH,EQ,937.80,927.00,932.55,923.1,931.95,931.70,929.14,2709547,2517546447.8,67988,1490703.0,55.02
2022-09-08,HCLTECH,EQ,931.70,936.40,940.90,928.0,931.50,931.05,932.68,3214686,2998264538.25,67529,2136492.0,66.46
2022-09-09,HCLTECH,EQ,931.05,939.00,953.00,934.3,950.10,948.50,944.34,2206526,2083720180.5,68233,1056499.0,47.88
2022-09-12,HCLTECH,EQ,948.50,955.15,963.50,953.5,954.10,955.55,958.67,2517615,2413570284.4,96910,1437100.0,57.08
2022-09-13,HCLTECH,EQ,955.55,955.00,959.80,950.45,955.40,955.40,955.15,2442828,2333269865.25,71591,1460592.0,59.79
2022-09-14,HCLTECH,EQ,955.40,933.30,938.45,926.55,932.60,932.00,933.31,6761712,6310806366.0,142625,4882499.0,72.21
2022-09-15,HCLTECH,EQ,932.00,936.50,936.70,916.30,919.00,919.90,922.45,2995215,2762933094.3,94212,1873598.0,62.55
2022-09-16,HCLTECH,EQ,919.90,915.10,918.00,893.40,898.40,896.90,900.99,5095937,4591401334.4,130716,3354318.0,65.82
2022-09-19,HCLTECH,EQ,896.90,897.95,907.15,887.50,898.90,897.80,898.31,2686561,2413356186.0,78929,1454130.0,54.13
2022-09-20,HCLTECH,EQ,897.80,902.30,920.85,902.00,913.35,914.00,916.28,1836721,1682942839.45,98689,1011679.0,55.08
2022-09-21,HCLTECH,EQ,914.00,909.00,913.75,898.85,902.00,900.95,904.72,1819649,1646278882.75,104503,1099545.0,60.43
2022-09-22,HCLTECH,EQ,900.95,897.60,904.90,889.75,899.45,897.65,897.88,2315711,2079236656.9,80500,1353027.0,58.43
2022-09-23,HCLTECH,EQ,897.65,896.50,912.60,892.00,896.00,895.85,900.73,2569608,2314525031.65,92862,1159980.0,45.14
2022-09-26,HCLTECH,EQ,895.85,891.25,917.40,882.00,908.00,906.70,902.94,4182702,3776735193.55,142810,2092502.0,50.03
2022-09-27,HCLTECH,EQ,906.70,911.25,921.45,907.60,919.65,918.75,916.07,3545337,3247788706.25,102044,2135086.0,60.22
2022-09-28,HCLTECH,EQ,918.75,913.00,926.95,911.85,919.70,920.80,920.15,4154139,3822441998.35,102979,2851492.0,68.64
2022-09-29,HCLTECH,EQ,920.80,927.00,931.00,916.60,923.00,923.05,924.87,2928360,2708342886.45,92095,1910032.0,65.23
2022-09-30,HCLTECH,EQ,923.05,921.90,935.55,910.05,932.10,932.35,926.35,3229901,2992017121.35,103638,2181633.0,67.54
2022-10-03,HCLTECH,EQ,932.35,932.35,932.85,916.00,928.35,930.25,926.30,1598950,1481113659.35,54730,791144.0,49.48
2022-10-04,HCLTECH,EQ,930.25,942.50,951.00,937.05,949.10,946.00,945.59,2331351,2204492799.15,80031,1289010.0,55.29
2022-10-06,HCLTECH,EQ,946.00,955.50,967.95,955.50,964.00,964.55,963.62,3713623,3578536272.6,115383,2627530.0,70.75
2022-10-07,HCLTECH,EQ,964.55,965.00,972.95,955.00,955.20,957.70,964.52,2174327,2097179136.85,113083,1092970.0,50.27
2022-10-10,HCLTECH,EQ,957.70,942.20,967.15,942.20,963.95,963.25,954.49,2758812,2633250846.05,91895,1661270.0,60.22
2022-10-11,HCLTECH,EQ,963.25,968.10,972.00,936.00,945.00,938.60,950.99,3134969,2981312216.9,117831,1699751.0,54.22
2022-10-12,HCLTECH,EQ,938.60,943.30,963.90,943.30,953.00,952.00,955.41,3502390,3346224668.6,125690,1453032.0,41.49
2022-10-13,HCLTECH,EQ,952.00,972.05,989.05,969.30,981.05,982.10,979.59,9698562,9500659940.95,218462,4424071.0,45.62
2022-10-14,HCLTECH,EQ,982.10,"1,005.00","1,023.00",994.00,"1,003.40","1,002.55","1,010.90",7424383,7505312112.2,191268,3257618.0,43.88
2022-10-17,HCLTECH,EQ,"1,002.55","1,005.70","1,006.80",991.10,995.30,994.60,997.68,2136170,2131214873.4,81596,1006161.0,47.10
2022-10-18,HCLTECH,EQ,994.60,"1,000.00","1,013.65",999.10,"1,009.50","1,009.20","1,008.02",2487826,2507778794.1,89996,1498413.0,60.23
2022-10-19,HCLTECH,EQ,"1,009.20","1,006.50","1,006.50",994.00,995.95,995.65,999.10,2517099,2514836782.2,90778,1681843.0,66.82
2022-10-20,HCLTECH,EQ,995.65,990.00,"1,019.30",988.00,"1,017.90","1,017.40","1,010.55",3931399,3972879338.45,103932,2577265.0,65.56
2022-10-21,HCLTECH,EQ,"1,017.40","1,022.50","1,029.90","1,011.60","1,025.00","1,027.20","1,022.83",2071897,2119199627.35,70757,1166146.0,56.28
2022-10-24,HCLTECH,EQ,"1,027.20","1,035.00","1,038.85","1,030.00","1,030.90","1,031.60","1,033.16",398105,411305783.55,15960,235517.0,59.16
2022-10-25,HCLTECH,EQ,"1,031.60","1,036.00","1,037.25","1,020.90","1,030.00","1,026.50","1,028.91",3068136,3156848137.2,84948,2182434.0,71.13
2022-10-27,HCLTECH,EQ,"1,026.50","1,031.00","1,037.45","1,019.60","1,030.00","1,032.05","1,028.98",3313674,3409717014.55,88020,2448198.0,73.88
2022-10-28,HCLTECH,EQ,"1,032.05","1,031.95","1,039.75","1,025.50","1,030.10","1,030.00","1,032.75",2423629,2502995035.1,76648,1611964.0,66.51
2022-10-31,HCLTECH,EQ,"1,030.00","1,039.00","1,052.50","1,036.40","1,038.65","1,041.15","1,043.27",2418565,2523225949.35,104419,1616294.0,66.83
2022-11-01,HCLTECH,EQ,"1,041.15","1,049.00","1,061.85","1,045.00","1,060.00","1,060.05","1,053.76",2275488,2397812288.25,92133,1586386.0,69.72
2022-11-02,HCLTECH,EQ,"1,060.05","1,064.95","1,066.35","1,042.50","1,046.00","1,045.20","1,055.39",2799322,2954365410.6,81506,1751437.0,62.57
2022-11-03,HCLTECH,EQ,"1,045.20","1,034.00","1,049.20","1,033.10","1,046.00","1,045.15","1,043.66",2396164,2500782646.65,54343,1506300.0,62.86
2022-11-04,HCLTECH,EQ,"1,045.15","1,045.15","1,049.00","1,033.45","1,046.70","1,045.35","1,041.78",1709158,1780562367.65,66918,1162110.0,67.99
2022-11-07,HCLTECH,EQ,"1,045.35","1,048.10","1,055.70","1,038.65","1,048.45","1,047.15","1,046.47",2213508,2316380391.3,77625,1481863.0,66.95
2022-11-09,HCLTECH,EQ,"1,047.15","1,060.90","1,061.45","1,049.20","1,051.00","1,053.45","1,056.45",2307691,2437968858.55,76029,1632482.0,70.74
2022-11-10,HCLTECH,EQ,"1,053.45","1,050.00","1,062.40","1,047.05","1,051.00","1,052.45","1,054.83",2321667,2448968257.95,77697,1403634.0,60.46
2022-11-11,HCLTECH,EQ,"1,052.45","1,071.00","1,098.70","1,069.10","1,089.00","1,090.65","1,089.62",3923101,4274689419.15,113408,2342346.0,59.71
2022-11-14,HCLTECH,EQ,"1,090.65","1,095.00","1,102.95","1,090.05","1,095.00","1,099.00","1,098.68",2170007,2384138333.7,53536,1474159.0,67.93
2022-11-15,HCLTECH,EQ,"1,099.00","1,093.50","1,106.10","1,088.90","1,103.00","1,103.90","1,097.23",2172420,2383639280.95,66887,1554851.0,71.57
2022-11-16,HCLTECH,EQ,"1,103.90","1,107.50","1,112.45","1,099.35","1,104.60","1,105.20","1,106.68",2213697,2449846935.7,74347,1411678.0,63.77
2022-11-17,HCLTECH,EQ,"1,105.20","1,095.10","1,100.60","1,089.10","1,095.00","1,092.55","1,095.08",2460883,2694875911.6,57325,1657773.0,67.36
2022-11-18,HCLTECH,EQ,"1,092.55","1,098.05","1,106.00","1,084.00","1,105.00","1,103.15","1,091.95",2623894,2865151353.15,63634,1516528.0,57.80
2022-11-21,HCLTECH,EQ,"1,103.15","1,098.90","1,106.35","1,092.60","1,096.00","1,095.50","1,098.76",1733741,1904962277.5,54294,1022615.0,58.98
2022-11-22,HCLTECH,EQ,"1,095.50","1,091.10","1,105.90","1,088.00","1,105.35","1,103.40","1,098.16",2529146,2777396642.1,62070,1830385.0,72.37
2022-11-23,HCLTECH,EQ,"1,103.40","1,108.95","1,111.50","1,099.75","1,102.00","1,103.40","1,107.21",2217599,2455350124.45,59877,1639422.0,73.93
2022-11-24,HCLTECH,EQ,"1,103.40","1,106.00","1,135.00","1,103.50","1,133.00","1,129.60","1,124.81",3295202,3706484053.05,102681,1865277.0,56.61
2022-11-25,HCLTECH,EQ,"1,129.60","1,135.20","1,137.55","1,120.65","1,129.00","1,128.20","1,125.80",1977441,2226209016.55,61727,1162417.0,58.78
2022-11-28,HCLTECH,EQ,"1,128.20","1,125.00","1,132.75","1,117.00","1,118.25","1,118.80","1,124.85",2368293,2663984051.05,76589,1600950.0,67.60
2022-11-29,HCLTECH,EQ,"1,118.80","1,118.80","1,138.75","1,118.05","1,127.60","1,128.95","1,130.76",1785948,2019484400.3,81489,1112082.0,62.27
2022-11-30,HCLTECH,EQ,"1,128.95","1,127.00","1,129.90","1,117.00","1,122.00","1,120.80","1,120.99",6053488,6785925130.85,135652,4316034.0,71.30
2022-12-01,HCLTECH,EQ,"1,120.80","1,130.00","1,150.65","1,128.40","1,134.00","1,136.40","1,141.90",3919684,4475872743.1,125943,2126140.0,54.24
2022-12-02,HCLTECH,EQ,"1,136.40","1,136.40","1,140.40","1,123.85","1,140.00","1,135.55","1,131.24",2944923,3331402240.45,94701,2215207.0,75.22
2022-12-05,HCLTECH,EQ,"1,135.55","1,133.25","1,141.95","1,127.20","1,130.00","1,130.85","1,131.03",2646466,2993245071.5,69731,1722717.0,65.09
2022-12-06,HCLTECH,EQ,"1,130.85","1,121.60","1,125.00","1,107.00","1,121.45","1,120.95","1,115.47",2807894,3132130999.8,74078,1772787.0,63.14
2022-12-07,HCLTECH,EQ,"1,120.95","1,114.00","1,116.60","1,102.00","1,105.00","1,105.90","1,107.12",2399879,2656945032.0,81855,1536122.0,64.01
2022-12-08,HCLTECH,EQ,"1,105.90","1,113.75","1,113.75","1,098.80","1,099.50","1,101.35","1,103.18",1752350,1933154990.85,96453,1175478.0,67.08
2022-12-09,HCLTECH,EQ,"1,101.35","1,075.00","1,075.00","1,020.70","1,029.80","1,027.50","1,036.44",12415478,12867913939.85,376687,6562881.0,52.86
2022-12-12,HCLTECH,EQ,"1,027.50","1,025.00","1,039.15","1,012.45","1,029.80","1,028.40","1,026.70",4275785,4389965757.35,131414,1904150.0,44.53
2022-12-13,HCLTECH,EQ,"1,028.40","1,032.10","1,046.90","1,031.10","1,044.10","1,044.70","1,041.11",2284909,2378834168.35,67800,1160562.0,50.79
2022-12-14,HCLTECH,EQ,"1,044.70","1,045.00","1,057.30","1,045.00","1,055.00","1,056.20","1,053.58",2425507,2555466756.35,85480,1429297.0,58.93
2022-12-15,HCLTECH,EQ,"1,056.20","1,051.55","1,051.80","1,037.10","1,044.80","1,042.35","1,043.80",1906369,1989865085.6,61459,1053542.0,55.26
2022-12-16,HCLTECH,EQ,"1,042.35","1,030.00","1,046.45","1,022.35","1,031.70","1,029.65","1,033.92",5159215,5334233596.45,75545,3533185.0,68.48
2022-12-19,HCLTECH,EQ,"1,029.65","1,029.65","1,037.50","1,023.35","1,031.30","1,033.25","1,028.65",3328172,3423526890.75,71094,2452782.0,73.7
2022-12-20,HCLTECH,EQ,"1,033.25","1,027.00","1,033.35","1,011.50","1,032.40","1,029.70","1,024.20",2629849,2693480432.95,73347,1669347.0,63.48
2022-12-21,HCLTECH,EQ,"1,029.70","1,035.00","1,053.25","1,035.00","1,038.50","1,040.35","1,041.46",2878658,2997998212.9,124746,1585798.0,55.09
2022-12-22,HCLTECH,EQ,"1,040.35","1,046.00","1,054.65","1,033.60","1,036.00","1,039.10","1,041.95",2623451,2733496511.0,90875,1521521.0,58.0
2022-12-23,HCLTECH,EQ,"1,039.10","1,029.50","1,044.10","1,027.10","1,032.00","1,030.60","1,033.63",2177675,2250905772.75,83722,1180939.0,54.23
2022-12-26,HCLTECH,EQ,"1,030.60","1,031.00","1,041.75","1,029.00","1,031.90","1,031.70","1,033.61",1680715,1737196270.0,35872,1128169.0,67.12
2022-12-27,HCLTECH,EQ,"1,031.70","1,039.00","1,040.75","1,030.35","1,035.90","1,036.35","1,036.15",554319,574356206.15,35656,252215.0,45.5
2022-12-28,HCLTECH,EQ,"1,036.35","1,030.00","1,038.30","1,026.50","1,035.50","1,035.45","1,034.94",1397806,1446650834.25,73188,789590.0,56.49
2022-12-29,HCLTECH,EQ,"1,035.45","1,030.00","1,046.00","1,028.10","1,045.00","1,044.45","1,039.34",1277244,1327493685.2,54909,748408.0,58.6
2022-12-30,HCLTECH,EQ,"1,044.45","1,050.00","1,055.25","1,034.30","1,037.00","1,039.30","1,042.13",1860560,1938950019.0,45340,1039513.0,55.87
2023-01-02,HCLTECH,EQ,"1,039.30","1,039.10","1,042.50","1,031.50","1,040.00","1,039.45","1,037.65",701880,728302578.75,44293,343818.0,48.99
2023-01-03,HCLTECH,EQ,"1,039.45","1,039.00","1,045.80","1,033.50","1,041.50","1,041.35","1,041.49",2484372,2587457931.55,63081,1944736.0,78.28
2023-01-04,HCLTECH,EQ,"1,041.35","1,036.20","1,042.00","1,031.50","1,036.50","1,036.60","1,036.34",1219170,1263469737.8,66112,780222.0,64.0
2023-01-05,HCLTECH,EQ,"1,036.60","1,041.80","1,049.80","1,033.10","1,043.60","1,044.10","1,042.99",2294943,2393596289.4,77635,1641855.0,71.54
2023-01-06,HCLTECH,EQ,"1,044.10","1,044.00","1,047.90","1,025.25","1,033.00","1,032.80","1,036.15",1887689,1955930218.4,48750,1397403.0,74.03
2023-01-09,HCLTECH,EQ,"1,032.80","1,044.95","1,071.00","1,040.05","1,064.00","1,067.45","1,060.28",4562242,4837255672.15,162320,2871591.0,62.94
2023-01-10,HCLTECH,EQ,"1,067.45","1,061.00","1,072.60","1,056.30","1,069.00","1,063.85","1,062.54",2297082,2440740834.5,61481,1617663.0,70.42
2023-01-11,HCLTECH,EQ,"1,063.85","1,069.00","1,079.60","1,050.55","1,058.00","1,054.80","1,063.91",3594167,3823863428.7,97897,2439255.0,67.87
2023-01-12,HCLTECH,EQ,"1,054.80","1,061.00","1,074.50","1,061.00","1,072.50","1,071.65","1,069.50",4748542,5078543907.95,120034,3160712.0,66.56
2023-01-13,HCLTECH,EQ,"1,071.65","1,043.90","1,084.00","1,041.00","1,077.00","1,077.80","1,063.52",8253765,8778070462.75,164436,3742386.0,45.34
2023-01-16,HCLTECH,EQ,"1,077.80","1,087.00","1,100.45","1,078.55","1,093.80","1,093.70","1,093.92",4508538,4932002137.25,124755,2611142.0,57.92
2023-01-17,HCLTECH,EQ,"1,093.70","1,097.90","1,113.95","1,095.00","1,111.00","1,111.05","1,109.84",4390338,4872559053.4,144343,2847277.0,64.85
2023-01-18,HCLTECH,EQ,"1,111.05","1,118.95","1,125.85","1,114.10","1,115.00","1,115.15","1,119.70",6905092,7731604768.35,139197,5531056.0,80.1
2023-01-19,HCLTECH,EQ,"1,115.15","1,102.35","1,113.35","1,098.75","1,108.05","1,111.40","1,110.11",2298287,2551354056.3,82245,1583315.0,68.89
2023-01-20,HCLTECH,EQ,"1,111.40","1,111.05","1,121.40","1,107.05","1,108.00","1,107.80","1,116.28",4747128,5299135383.4,92006,3699743.0,77.94
2023-01-23,HCLTECH,EQ,"1,107.80","1,111.00","1,122.90","1,108.15","1,122.00","1,121.20","1,114.32",1696834,1890813072.5,64903,1136786.0,66.99
2023-01-24,HCLTECH,EQ,"1,121.20","1,125.90","1,143.70","1,121.20","1,136.30","1,137.85","1,135.41",4861107,5519373238.2,105080,3575965.0,73.56
2023-01-25,HCLTECH,EQ,"1,137.85","1,134.85","1,134.85","1,116.75","1,121.45","1,122.75","1,123.98",2692236,3026013455.55,111721,2036462.0,75.64
2023-01-27,HCLTECH,EQ,"1,122.75","1,122.75","1,134.30","1,105.00","1,112.90","1,115.60","1,124.35",3864525,4345065120.35,122687,2893480.0,74.87
2023-01-30,HCLTECH,EQ,"1,115.60","1,115.60","1,139.95","1,105.80","1,135.00","1,134.75","1,126.00",3508427,3950491624.5,123886,2630253.0,74.97
2023-01-31,HCLTECH,EQ,"1,134.75","1,136.00","1,137.70","1,113.00","1,123.55","1,122.20","1,121.62",4582858,5140206302.5,115608,3299434.0,72.0
2023-02-01,HCLTECH,EQ,"1,122.20","1,137.00","1,137.00","1,114.45","1,127.40","1,132.10","1,128.63",2393911,2701844990.25,86744,1651054.0,68.97
2023-02-02,HCLTECH,EQ,"1,132.10","1,137.80","1,155.50","1,135.00","1,149.00","1,149.60","1,147.38",3048359,3497626434.7,133617,2031044.0,66.63
2023-02-03,HCLTECH,EQ,"1,149.60","1,154.00","1,156.65","1,138.60","1,145.00","1,146.15","1,146.37",1814055,2079570969.0,77381,1171406.0,64.57
2023-02-06,HCLTECH,EQ,"1,146.15","1,135.20","1,149.85","1,128.00","1,145.00","1,145.70","1,141.29",2070175,2362661258.3,101211,1401278.0,67.69
2023-02-07,HCLTECH,EQ,"1,145.70","1,147.85","1,153.00","1,125.90","1,128.90","1,128.25","1,135.18",1931191,2192241382.6,45888,1305066.0,67.58
2023-02-08,HCLTECH,EQ,"1,128.25","1,133.90","1,149.00","1,132.70","1,144.00","1,145.00","1,144.35",2848255,3259405356.95,66187,2149431.0,75.46
2023-02-09,HCLTECH,EQ,"1,145.00","1,144.00","1,152.00","1,138.00","1,143.90","1,146.35","1,147.12",1501083,1721919846.8,64833,1007561.0,67.12
2023-02-10,HCLTECH,EQ,"1,146.35","1,125.80","1,130.00","1,100.00","1,116.00","1,115.65","1,116.44",3185163,3556058646.15,95753,2033916.0,63.86
2023-02-13,HCLTECH,EQ,"1,115.65","1,121.25","1,121.25","1,105.00","1,113.00","1,113.00","1,111.98",2009185,2234167850.9,55252,1361912.0,67.78
2023-02-14,HCLTECH,EQ,"1,113.00","1,121.00","1,142.40","1,118.00","1,123.50","1,125.45","1,133.48",3938046,4463690981.25,93554,2774936.0,70.46
2023-02-15,HCLTECH,EQ,"1,125.45","1,125.00","1,134.60","1,119.60","1,132.10","1,132.90","1,127.70",1648954,1859533039.65,50296,976150.0,59.2
2023-02-16,HCLTECH,EQ,"1,132.90","1,138.60","1,152.15","1,124.00","1,127.50","1,128.15","1,139.88",2369355,2700781965.6,111635,1513748.0,63.89
2023-02-17,HCLTECH,EQ,"1,128.15","1,121.70","1,121.70","1,107.55","1,109.95","1,109.55","1,112.87",1958807,2179900485.45,72982,1200579.0,61.29
2023-02-20,HCLTECH,EQ,"1,109.55","1,109.55","1,134.70","1,107.60","1,115.75","1,115.70","1,121.92",1706036,1914032513.05,68229,651124.0,38.17
2023-02-21,HCLTECH,EQ,"1,115.70","1,121.00","1,122.05","1,103.10","1,105.00","1,105.20","1,111.77",1313278,1460068420.7,61305,826705.0,62.95
2023-02-22,HCLTECH,EQ,"1,105.20","1,095.00","1,105.55","1,090.05","1,094.00","1,092.60","1,096.99",2212194,2426749219.65,118301,1559008.0,70.47
2023-02-23,HCLTECH,EQ,"1,092.60","1,104.80","1,111.95","1,092.50","1,094.65","1,094.35","1,100.16",2139983,2354332881.65,77977,1175078.0,54.91
2023-02-24,HCLTECH,EQ,"1,094.35","1,097.00","1,104.50","1,082.00","1,095.80","1,094.85","1,093.51",1684570,1842098940.0,50674,990043.0,58.77
2023-02-27,HCLTECH,EQ,"1,094.85","1,090.00","1,090.00","1,076.00","1,082.70","1,083.95","1,082.03",1834553,1985046185.2,74276,1103551.0,60.15
2023-02-28,HCLTECH,EQ,"1,083.95","1,083.50","1,096.90","1,068.10","1,085.00","1,077.60","1,077.92",20793703,22413955277.35,160292,15353640.0,73.84
2023-03-01,HCLTECH,EQ,"1,077.60","1,077.35","1,104.00","1,077.35","1,100.00","1,101.10","1,095.38",1655100,1812956336.6,77974,982481.0,59.36
2023-03-02,HCLTECH,EQ,"1,101.10","1,090.30","1,117.00","1,090.30","1,107.05","1,105.95","1,105.51",4074162,4504019446.65,95541,2779589.0,68.22
2023-03-03,HCLTECH,EQ,"1,105.95","1,115.00","1,129.70","1,111.05","1,119.90","1,119.00","1,122.59",3253621,3652487506.3,78860,1846735.0,56.76
2023-03-06,HCLTECH,EQ,"1,119.00","1,129.00","1,148.00","1,123.30","1,128.00","1,126.70","1,133.86",4091674,4639365710.4,134046,2566849.0,62.73
2023-03-08,HCLTECH,EQ,"1,126.70","1,112.00","1,124.00","1,107.30","1,121.00","1,120.65","1,117.51",3209393,3586533072.35,84619,2110839.0,65.77
2023-03-09,HCLTECH,EQ,"1,120.65","1,121.95","1,126.70","1,114.05","1,115.70","1,116.65","1,117.89",1834324,2050567520.35,63381,1269114.0,69.19
2023-03-10,HCLTECH,EQ,"1,116.65","1,105.00","1,118.15","1,105.00","1,114.00","1,116.30","1,112.07",1193681,1327462585.1,74665,728776.0,61.05
2023-03-13,HCLTECH,EQ,"1,116.30","1,120.95","1,133.60","1,095.00","1,100.95","1,098.60","1,107.88",3028387,3355081159.7,70531,2004586.0,66.19
2023-03-14,HCLTECH,EQ,"1,098.60","1,098.55","1,103.40","1,066.00","1,085.00","1,084.05","1,081.21",3683544,3982696683.95,104803,2443601.0,66.34
2023-03-15,HCLTECH,EQ,"1,084.05","1,095.05","1,097.90","1,075.50","1,085.00","1,079.65","1,081.72",1528510,1653425666.0,70792,956080.0,62.55
2023-03-16,HCLTECH,EQ,"1,079.65","1,083.95","1,087.55","1,069.65","1,072.15","1,072.40","1,077.46",1812907,1953341323.1,97334,1167355.0,64.39
2023-03-17,HCLTECH,EQ,"1,072.40","1,088.20","1,117.10","1,084.05","1,111.90","1,108.45","1,105.26",5350523,5913729156.85,134500,3233746.0,60.44
2023-03-20,HCLTECH,EQ,"1,108.45","1,105.00","1,108.30","1,086.25","1,094.00","1,090.85","1,091.87",2066169,2255992930.25,89776,1365719.0,66.1
2023-03-21,HCLTECH,EQ,"1,090.85","1,099.00","1,102.40","1,077.10","1,085.00","1,083.90","1,083.16",2421127,2622476614.85,103171,1533733.0,63.35
2023-03-22,HCLTECH,EQ,"1,083.90","1,091.95","1,105.75","1,079.05","1,082.00","1,081.45","1,087.88",1382329,1503810823.45,53984,691299.0,50.01
2023-03-23,HCLTECH,EQ,"1,081.45","1,077.00","1,080.40","1,061.00","1,065.25","1,065.90","1,067.83",2178855,2326655095.25,80340,1398722.0,64.2
2023-03-24,HCLTECH,EQ,"1,065.90","1,073.00","1,090.00","1,047.05","1,050.00","1,051.75","1,060.03",2688253,2849623447.9,136946,1432397.0,53.28
2023-03-27,HCLTECH,EQ,"1,051.75","1,053.30","1,065.50","1,044.80","1,052.85","1,051.50","1,056.52",1459887,1542401342.35,63945,750103.0,51.38
2023-03-28,HCLTECH,EQ,"1,051.50","1,056.80","1,063.80","1,039.35","1,042.00","1,041.10","1,049.94",2965015,3113093992.4,84117,2259411.0,76.2
2023-03-29,HCLTECH,EQ,"1,041.10","1,046.00","1,070.00","1,042.10","1,069.35","1,067.50","1,057.22",2478745,2620566395.8,100674,1593179.0,64.27
2023-03-31,HCLTECH,EQ,"1,067.50","1,083.40","1,096.90","1,069.40","1,085.45","1,085.25","1,087.13",3131614,3404479874.6,82359,1994164.0,63.68
2023-04-03,HCLTECH,EQ,"1,085.25","1,089.95","1,099.25","1,088.00","1,098.40","1,098.15","1,094.12",1540702,1685713240.7,66045,1009847.0,65.54
2023-04-05,HCLTECH,EQ,"1,098.15","1,085.35","1,113.00","1,066.15","1,108.05","1,111.20","1,101.70",3342291,3682197795.1,62971,2296769.0,68.72
2023-04-06,HCLTECH,EQ,"1,111.20","1,109.05","1,109.05","1,085.45","1,093.05","1,091.85","1,095.65",2378264,2605745056.8,77690,1248026.0,52.48
2023-04-10,HCLTECH,EQ,"1,091.85","1,091.85","1,105.00","1,091.50","1,101.70","1,103.10","1,100.74",711625,783315057.8,33361,369554.0,51.93
2023-04-11,HCLTECH,EQ,"1,103.10","1,104.00","1,109.90","1,085.00","1,087.30","1,087.00","1,091.82",2318905,2531835012.75,69449,1688477.0,72.81
2023-04-12,HCLTECH,EQ,"1,087.00","1,092.00","1,097.45","1,080.10","1,095.00","1,094.50","1,089.49",2715967,2959011929.7,73968,1864745.0,68.66
2023-04-13,HCLTECH,EQ,"1,094.50","1,089.00","1,089.00","1,063.00","1,072.50","1,071.85","1,071.86",3071057,3291754263.75,110142,1866237.0,60.77
2023-04-17,HCLTECH,EQ,"1,071.85","1,055.00","1,055.00","1,016.25","1,042.30","1,042.20","1,033.90",9509446,9831776989.95,264451,6586221.0,69.26
2023-04-18,HCLTECH,EQ,"1,042.20","1,049.55","1,066.40","1,045.20","1,065.85","1,063.85","1,057.71",3686404,3899141032.95,138362,2274170.0,61.69
2023-04-19,HCLTECH,EQ,"1,063.85","1,073.95","1,073.95","1,036.45","1,037.50","1,038.70","1,044.63",4322881,4515820685.35,133955,2112729.0,48.87
2023-04-20,HCLTECH,EQ,"1,038.70","1,040.00","1,047.20","1,031.85","1,037.00","1,037.50","1,040.20",3057560,3180483133.7,79672,1769645.0,57.88
2023-04-21,HCLTECH,EQ,"1,037.50","1,054.00","1,074.00","1,037.75","1,048.20","1,048.95","1,050.19",7708194,8095034951.85,190714,2914966.0,37.82
2023-04-24,HCLTECH,EQ,"1,048.95","1,057.00","1,058.90","1,046.00","1,054.00","1,054.05","1,053.32",2033625,2142052974.65,63509,1165206.0,57.3
2023-04-25,HCLTECH,EQ,"1,054.05","1,050.45","1,058.80","1,044.40","1,054.60","1,053.45","1,053.49",1237595,1303796456.65,46491,636448.0,51.43
2023-04-26,HCLTECH,EQ,"1,053.45","1,055.00","1,067.00","1,048.00","1,065.05","1,065.55","1,061.49",1647101,1748383034.7,47551,991588.0,60.2
2023-04-27,HCLTECH,EQ,"1,065.55","1,065.55","1,075.00","1,061.00","1,072.00","1,071.25","1,068.69",1654910,1768581761.9,55958,1098733.0,66.39
2023-04-28,HCLTECH,EQ,"1,071.25","1,059.95","1,068.75","1,053.75","1,063.00","1,064.10","1,062.22",2629188,2792764742.4,72550,1639289.0,62.35
2023-05-02,HCLTECH,EQ,"1,064.10","1,064.10","1,074.80","1,064.00","1,069.00","1,067.55","1,068.55",1905168,2035771158.6,65543,1155923.0,60.67
2023-05-03,HCLTECH,EQ,"1,067.55","1,062.00","1,064.00","1,055.00","1,059.00","1,058.95","1,058.91",1649820,1747015012.85,69457,999843.0,60.6
2023-05-04,HCLTECH,EQ,"1,058.95","1,056.05","1,067.95","1,048.30","1,065.55","1,066.80","1,057.62",1403672,1484555564.3,44132,696871.0,49.65
2023-05-05,HCLTECH,EQ,"1,066.80","1,066.80","1,069.95","1,052.10","1,054.70","1,055.55","1,057.98",1641673,1736851871.0,62772,933830.0,56.88
2023-05-08,HCLTECH,EQ,"1,055.55","1,058.00","1,077.50","1,055.00","1,075.00","1,075.75","1,069.79",1389075,1486013592.85,57546,797433.0,57.41
2023-05-09,HCLTECH,EQ,"1,075.75","1,071.00","1,082.60","1,066.05","1,080.00","1,079.00","1,076.88",2981949,3211215169.85,65999,2275415.0,76.31
2023-05-10,HCLTECH,EQ,"1,079.00","1,084.15","1,088.80","1,072.10","1,079.00","1,078.30","1,078.23",2091411,2255015815.65,64334,1161236.0,55.52
2023-05-11,HCLTECH,EQ,"1,078.30","1,082.15","1,092.60","1,080.05","1,085.35","1,088.10","1,087.76",2653108,2885933373.3,106379,1619040.0,61.02
2023-05-12,HCLTECH,EQ,"1,088.10","1,086.00","1,103.40","1,077.45","1,098.00","1,095.50","1,094.29",1585037,1734483908.15,74591,822865.0,51.91
2023-05-15,HCLTECH,EQ,"1,095.50","1,098.95","1,105.95","1,092.80","1,099.00","1,099.75","1,100.81",1523466,1677051002.45,69752,959387.0,62.97
2023-05-16,HCLTECH,EQ,"1,099.75","1,100.20","1,105.30","1,088.10","1,089.70","1,090.70","1,097.44",1166324,1279973836.95,53041,782287.0,67.07
2023-05-17,HCLTECH,EQ,"1,090.70","1,090.50","1,093.95","1,062.70","1,075.95","1,074.55","1,073.08",3602382,3865647209.3,115827,2523444.0,70.05
2023-05-18,HCLTECH,EQ,"1,074.55","1,081.95","1,085.00","1,073.00","1,080.75","1,079.90","1,079.37",1515743,1636042687.3,60625,1055687.0,69.65
2023-05-19,HCLTECH,EQ,"1,079.90","1,088.60","1,104.00","1,082.45","1,094.00","1,095.35","1,096.99",1984436,2176913033.2,63515,887248.0,44.71
2023-05-22,HCLTECH,EQ,"1,095.35","1,095.35","1,121.90","1,088.95","1,119.50","1,119.85","1,111.68",1864932,2073206300.2,75538,1194094.0,64.03
2023-05-23,HCLTECH,EQ,"1,119.85","1,120.00","1,131.35","1,104.00","1,105.00","1,107.35","1,120.40",2138096,2395512529.25,104026,1366344.0,63.9
2023-05-24,HCLTECH,EQ,"1,107.35","1,099.05","1,115.00","1,098.00","1,109.15","1,111.95","1,109.86",1302744,1445866136.65,55272,768688.0,59.01
2023-05-25,HCLTECH,EQ,"1,111.95","1,109.20","1,118.25","1,103.05","1,116.90","1,116.00","1,112.59",1124803,1251442829.8,52223,636370.0,56.58
2023-05-26,HCLTECH,EQ,"1,116.00","1,115.00","1,140.35","1,114.00","1,138.00","1,139.20","1,133.77",1635167,1853897610.15,85626,948166.0,57.99
2023-05-29,HCLTECH,EQ,"1,139.20","1,146.00","1,147.95","1,124.40","1,127.80","1,126.20","1,131.15",1288914,1457953796.9,62890,706288.0,54.8
2023-05-30,HCLTECH,EQ,"1,126.20","1,129.00","1,144.00","1,128.05","1,135.00","1,135.85","1,137.70",1983735,2256904373.1,106415,1140731.0,57.5
2023-05-31,HCLTECH,EQ,"1,135.85","1,134.80","1,153.35","1,132.10","1,144.00","1,145.10","1,145.58",5967930,6836737975.45,133776,4575927.0,76.68
2023-06-01,HCLTECH,EQ,"1,145.10","1,148.00","1,155.15","1,137.65","1,140.85","1,141.90","1,144.37",1445692,1654411967.75,82196,933031.0,64.54
2023-06-02,HCLTECH,EQ,"1,141.90","1,148.00","1,151.10","1,131.60","1,137.70","1,137.05","1,138.67",1336554,1521892024.8,91376,888316.0,66.46
2023-06-05,HCLTECH,EQ,"1,137.05","1,144.00","1,148.50","1,136.00","1,136.00","1,138.30","1,142.25",1435758,1639994941.15,69180,1047933.0,72.99
2023-06-06,HCLTECH,EQ,"1,138.30","1,130.00","1,132.30","1,113.75","1,127.50","1,128.60","1,122.72",1943605,2182129397.75,87648,1300773.0,66.93
2023-06-07,HCLTECH,EQ,"1,128.60","1,133.80","1,133.80","1,116.20","1,130.55","1,129.05","1,127.38",2459039,2772280815.05,69720,1607718.0,65.38
2023-06-08,HCLTECH,EQ,"1,129.05","1,129.05","1,131.25","1,118.30","1,125.00","1,126.75","1,125.63",1385218,1559239429.55,68946,862289.0,62.25
2023-06-09,HCLTECH,EQ,"1,126.75","1,129.10","1,131.00","1,105.95","1,110.00","1,109.75","1,120.05",1824218,2043216157.85,64775,1334606.0,73.16
2023-06-12,HCLTECH,EQ,"1,109.75","1,112.95","1,140.95","1,111.50","1,137.80","1,139.65","1,134.44",1670970,1895608384.1,75522,876478.0,52.45
2023-06-13,HCLTECH,EQ,"1,139.65","1,144.95","1,144.95","1,129.30","1,131.20","1,131.30","1,134.57",2014656,2285767398.2,86868,1397652.0,69.37
2023-06-14,HCLTECH,EQ,"1,131.30","1,138.00","1,138.40","1,126.05","1,132.05","1,135.85","1,132.38",836964,947761448.55,65017,476569.0,56.94
2023-06-15,HCLTECH,EQ,"1,135.85","1,140.00","1,147.00","1,136.55","1,144.25","1,143.60","1,143.22",2109652,2411793128.7,131631,1435297.0,68.03
2023-06-16,HCLTECH,EQ,"1,143.60","1,150.00","1,154.25","1,132.45","1,147.05","1,148.20","1,146.53",2909817,3336179844.45,83190,1566532.0,53.84
2023-06-19,HCLTECH,EQ,"1,148.20","1,148.20","1,153.90","1,135.45","1,138.00","1,137.55","1,142.01",1278608,1460188915.2,80080,791185.0,61.88
2023-06-20,HCLTECH,EQ,"1,137.55","1,133.00","1,170.75","1,132.50","1,170.00","1,168.65","1,158.98",3504867,4062076507.75,123942,2026202.0,57.81
2023-06-21,HCLTECH,EQ,"1,168.65","1,175.00","1,175.70","1,161.65","1,173.00","1,170.45","1,168.14",2019683,2359276029.5,170894,1305508.0,64.64
2023-06-22,HCLTECH,EQ,"1,170.45","1,170.15","1,170.45","1,158.85","1,161.65","1,163.40","1,163.93",972005,1131347499.2,74931,532046.0,54.74
2023-06-23,HCLTECH,EQ,"1,163.40","1,161.90","1,170.55","1,151.00","1,168.00","1,165.15","1,161.67",1699790,1974593261.05,100522,978556.0,57.57
2023-06-26,HCLTECH,EQ,"1,165.15","1,167.25","1,175.95","1,163.05","1,166.90","1,167.50","1,168.77",1190307,1391195506.75,79546,705254.0,59.25
2023-06-27,HCLTECH,EQ,"1,167.50","1,167.00","1,174.45","1,160.20","1,167.00","1,170.00","1,168.65",1504039,1757697164.75,89554,1008883.0,67.08
2023-06-28,HCLTECH,EQ,"1,170.00","1,173.45","1,173.95","1,166.50","1,171.00","1,170.25","1,170.47",1424076,1666842998.95,98574,952723.0,66.9
2023-06-30,HCLTECH,EQ,"1,170.25","1,170.35","1,194.00","1,165.00","1,184.85","1,187.95","1,183.76",3036648,3594666678.65,130653,1471888.0,48.47
2023-07-03,HCLTECH,EQ,"1,187.95","1,190.00","1,195.00","1,174.50","1,183.00","1,181.60","1,182.52",1749952,2069354371.4,119304,1186499.0,67.8
2023-07-04,HCLTECH,EQ,"1,181.60","1,182.00","1,193.00","1,178.55","1,189.00","1,190.60","1,185.70",1094468,1297711589.35,74354,610202.0,55.75
2023-07-05,HCLTECH,EQ,"1,190.60","1,194.00","1,202.60","1,187.60","1,195.00","1,194.80","1,194.95",1653610,1975977352.1,91141,913758.0,55.26
2023-07-06,HCLTECH,EQ,"1,194.80","1,194.80","1,198.00","1,174.95","1,182.35","1,180.65","1,183.89",2334220,2763467175.55,102582,1550014.0,66.4
2023-07-07,HCLTECH,EQ,"1,180.65","1,178.15","1,182.95","1,153.80","1,157.95","1,157.60","1,166.35",2159585,2518822313.4,107426,1256812.0,58.2
2023-07-10,HCLTECH,EQ,"1,157.60","1,160.00","1,161.90","1,120.00","1,122.00","1,124.50","1,128.65",3960400,4469893472.9,152578,2235620.0,56.45
2023-07-11,HCLTECH,EQ,"1,124.50","1,131.75","1,131.75","1,112.00","1,113.85","1,114.90","1,117.15",4982603,5566301233.9,202781,3435427.0,68.95
2023-07-12,HCLTECH,EQ,"1,114.90","1,119.70","1,124.50","1,102.45","1,106.40","1,110.55","1,111.94",3824027,4252101931.85,164847,1922440.0,50.27
2023-07-13,HCLTECH,EQ,"1,110.55","1,100.00","1,124.40","1,087.05","1,112.00","1,108.80","1,105.64",12294227,13593022758.55,279876,5902441.0,48.01
2023-07-14,HCLTECH,EQ,"1,108.80","1,114.20","1,157.10","1,111.55","1,150.00","1,150.95","1,139.55",6605038,7526743864.75,237301,3009070.0,45.56
2023-07-17,HCLTECH,EQ,"1,150.95","1,151.95","1,172.00","1,143.65","1,155.10","1,153.75","1,160.40",3159479,3666266112.6,156864,1510220.0,47.8
2023-07-18,HCLTECH,EQ,"1,153.75","1,158.95","1,170.00","1,146.40","1,165.30","1,167.20","1,160.62",2431478,2822019054.7,149220,1334523.0,54.89
2023-07-19,HCLTECH,EQ,"1,167.20","1,165.00","1,174.90","1,157.00","1,167.95","1,169.05","1,167.08",2242397,2617063268.05,119933,1241661.0,55.37
2023-07-20,HCLTECH,EQ,"1,169.05","1,160.00","1,162.80","1,148.00","1,155.95","1,155.80","1,153.08",1990001,2294634346.2,129618,883260.0,44.38
2023-07-21,HCLTECH,EQ,"1,155.80","1,110.00","1,139.90","1,095.00","1,119.20","1,115.45","1,119.65",5259150,5888381334.0,216222,2829642.0,53.8
2023-07-24,HCLTECH,EQ,"1,115.45","1,120.00","1,127.70","1,111.00","1,111.60","1,112.90","1,119.28",2672505,2991284864.2,107857,2057208.0,76.98
2023-07-25,HCLTECH,EQ,"1,112.90","1,118.50","1,119.00","1,105.10","1,111.50","1,111.55","1,110.93",2506726,2784790934.6,102668,1720709.0,68.64
2023-07-26,HCLTECH,EQ,"1,111.55","1,110.20","1,120.85","1,110.10","1,114.00","1,115.00","1,115.19",1969964,2196889727.8,93653,1308348.0,66.41
2023-07-27,HCLTECH,EQ,"1,115.00","1,115.00","1,122.70","1,108.95","1,115.50","1,117.35","1,115.83",1769815,1974810753.9,97529,1121664.0,63.38
2023-07-28,HCLTECH,EQ,"1,117.35","1,114.05","1,118.50","1,097.45","1,103.50","1,103.55","1,105.77",2031899,2246811350.15,112848,1356974.0,66.78
2023-07-31,HCLTECH,EQ,"1,103.55","1,108.00","1,119.50","1,096.00","1,115.65","1,116.70","1,110.30",2526624,2805306265.45,131400,1596565.0,63.19
2023-08-01,HCLTECH,EQ,"1,116.70","1,120.00","1,142.00","1,111.90","1,138.00","1,138.50","1,128.58",2710536,3059043763.05,123102,1626355.0,60.0
2023-08-02,HCLTECH,EQ,"1,138.50","1,137.00","1,137.00","1,121.50","1,127.00","1,130.90","1,130.19",2701150,3052813702.5,129632,1981228.0,73.35
2023-08-03,HCLTECH,EQ,"1,130.90","1,126.00","1,135.55","1,115.05","1,123.40","1,125.50","1,124.57",1608187,1808517480.2,68064,818973.0,50.93
2023-08-04,HCLTECH,EQ,"1,125.50","1,130.45","1,152.35","1,126.00","1,142.50","1,144.35","1,145.33",3315303,3797127841.6,100505,2062245.0,62.2
2023-08-07,HCLTECH,EQ,"1,144.35","1,154.55","1,155.75","1,143.15","1,151.00","1,150.80","1,150.89",1655404,1905194925.45,100770,949949.0,57.38
2023-08-08,HCLTECH,EQ,"1,150.80","1,154.90","1,156.90","1,137.00","1,140.00","1,141.35","1,144.60",1667697,1908843348.5,98052,994247.0,59.62
2023-08-09,HCLTECH,EQ,"1,141.35","1,140.95","1,146.00","1,125.00","1,141.55","1,144.15","1,137.23",1559337,1773320835.35,100961,892054.0,57.21
2023-08-10,HCLTECH,EQ,"1,144.15","1,140.00","1,144.80","1,128.65","1,134.90","1,134.30","1,134.81",1676669,1902705079.75,95658,904776.0,53.96
2023-08-11,HCLTECH,EQ,"1,134.30","1,160.00","1,186.95","1,154.30","1,167.55","1,171.45","1,175.12",7391806,8686245319.7,271731,2995400.0,40.52
2023-08-14,HCLTECH,EQ,"1,171.45","1,170.65","1,177.00","1,154.00","1,170.00","1,171.00","1,167.10",1720940,2008502293.4,144674,819599.0,47.63
2023-08-16,HCLTECH,EQ,"1,171.00","1,175.75","1,186.25","1,170.10","1,175.50","1,177.15","1,178.84",2567226,3026354742.1,169058,1489112.0,58.0
2023-08-17,HCLTECH,EQ,"1,177.15","1,176.85","1,180.95","1,163.95","1,174.95","1,176.70","1,174.65",2331256,2738408350.5,133531,1539585.0,66.04
2023-08-18,HCLTECH,EQ,"1,176.70","1,173.00","1,177.85","1,158.65","1,173.00","1,173.70","1,170.23",3406088,3985911384.7,155879,2475218.0,72.67
2023-08-21,HCLTECH,EQ,"1,173.70","1,172.95","1,188.90","1,168.95","1,177.95","1,179.25","1,180.73",1661946,1962305473.05,127751,1039337.0,62.54
2023-08-22,HCLTECH,EQ,"1,179.25","1,182.00","1,187.00","1,176.15","1,180.00","1,179.50","1,180.42",1805887,2131708724.8,182300,1296041.0,71.77
2023-08-23,HCLTECH,EQ,"1,179.50","1,192.95","1,195.00","1,178.65","1,182.85","1,182.50","1,183.73",2347850,2779228768.6,143492,1557811.0,66.35
2023-08-24,HCLTECH,EQ,"1,182.50","1,188.95","1,189.00","1,169.00","1,172.95","1,171.25","1,181.69",2464221,2911936913.7,158164,1816223.0,73.7
2023-08-25,HCLTECH,EQ,"1,171.25","1,165.00","1,170.80","1,150.00","1,153.00","1,153.95","1,158.89",2105159,2439650896.4,115977,1105326.0,52.51
2023-08-28,HCLTECH,EQ,"1,153.95","1,155.00","1,159.70","1,139.30","1,151.00","1,146.45","1,147.95",2571967,2952500890.4,163195,1642695.0,63.87
2023-08-29,HCLTECH,EQ,"1,146.45","1,153.90","1,163.30","1,148.30","1,159.00","1,157.55","1,155.40",1794652,2073544535.75,113850,1193506.0,66.5
2023-08-30,HCLTECH,EQ,"1,157.55","1,166.00","1,175.15","1,161.65","1,170.00","1,170.50","1,170.64",1497356,1752864102.35,96719,952764.0,63.63
2023-08-31,HCLTECH,EQ,"1,170.50","1,179.50","1,188.10","1,165.90","1,175.00","1,172.15","1,176.10",4483967,5273612689.4,118762,2922549.0,65.18
2023-09-01,HCLTECH,EQ,"1,172.15","1,173.00","1,188.00","1,171.10","1,185.10","1,185.80","1,181.94",1669640,1973416748.55,99889,1112744.0,66.65
2023-09-04,HCLTECH,EQ,"1,185.80","1,186.00","1,235.00","1,185.00","1,232.00","1,232.50","1,217.25",4517935,5499434616.7,184099,2782579.0,61.59
2023-09-05,HCLTECH,EQ,"1,232.50","1,236.75","1,241.70","1,225.20","1,233.60","1,235.55","1,234.95",2842400,3510216150.2,115240,1899650.0,66.83
2023-09-06,HCLTECH,EQ,"1,235.55","1,239.85","1,242.40","1,222.70","1,236.00","1,235.85","1,233.14",1767709,2179839681.75,125649,1154271.0,65.3
2023-09-07,HCLTECH,EQ,"1,235.85","1,238.00","1,257.00","1,230.30","1,255.00","1,254.00","1,248.74",2582004,3224250353.85,135132,1393999.0,53.99
2023-09-08,HCLTECH,EQ,"1,254.00","1,259.00","1,269.55","1,254.30","1,262.00","1,262.05","1,262.49",2280777,2879448337.2,138497,1456974.0,63.88
2023-09-11,HCLTECH,EQ,"1,262.05","1,276.55","1,284.30","1,270.40","1,278.80","1,281.55","1,279.09",2691836,3443089267.3,153639,1916741.0,71.21
2023-09-12,HCLTECH,EQ,"1,281.55","1,285.00","1,291.75","1,265.50","1,280.00","1,282.40","1,279.20",2140769,2738467990.45,118421,1110787.0,51.89
2023-09-13,HCLTECH,EQ,"1,282.40","1,282.00","1,282.40","1,266.10","1,274.00","1,275.25","1,274.83",2275523,2900895636.35,142696,1446416.0,63.56
2023-09-14,HCLTECH,EQ,"1,275.25","1,280.85","1,290.70","1,275.60","1,285.00","1,283.60","1,283.14",2655172,3406957951.5,201055,1401457.0,52.78
2023-09-15,HCLTECH,EQ,"1,283.60","1,294.00","1,310.00","1,291.05","1,304.15","1,304.60","1,303.25",4286280,5586105589.45,134461,2772523.0,64.68
2023-09-18,HCLTECH,EQ,"1,304.60","1,302.00","1,311.30","1,289.70","1,303.00","1,305.00","1,303.79",2761885,3600908541.05,115143,1978922.0,71.65
2023-09-20,HCLTECH,EQ,"1,305.00","1,281.50","1,304.00","1,281.50","1,295.50","1,293.40","1,295.12",2220756,2876136593.25,93995,1575192.0,70.93
2023-09-21,HCLTECH,EQ,"1,293.40","1,284.00","1,285.00","1,259.30","1,279.05","1,278.00","1,272.71",3112700,3961551242.75,153306,1678229.0,53.92
2023-09-22,HCLTECH,EQ,"1,278.00","1,272.45","1,283.60","1,265.10","1,274.80","1,273.70","1,273.80",1321467,1683287530.4,105323,747994.0,56.6
2023-09-25,HCLTECH,EQ,"1,273.70","1,270.00","1,280.00","1,256.60","1,266.05","1,263.45","1,263.54",1246703,1575262446.1,96705,694453.0,55.7
2023-09-26,HCLTECH,EQ,"1,263.45","1,264.00","1,268.95","1,257.10","1,261.00","1,261.45","1,260.77",903152,1138669677.9,70275,540693.0,59.87
2023-09-27,HCLTECH,EQ,"1,261.45","1,258.50","1,267.65","1,253.30","1,261.10","1,261.10","1,260.00",1670373,2104669090.55,90732,1112040.0,66.57
2023-09-28,HCLTECH,EQ,"1,261.10","1,261.10","1,266.00","1,238.55","1,248.35","1,241.90","1,248.21",1807072,2255611176.1,126712,952986.0,52.74
2023-09-29,HCLTECH,EQ,"1,241.90","1,235.10","1,249.70","1,227.25","1,237.00","1,234.80","1,237.55",2338327,2893800905.0,112112,1165655.0,49.85
2023-10-03,HCLTECH,EQ,"1,234.80","1,232.50","1,256.70","1,222.70","1,239.00","1,238.70","1,244.10",2162636,2690533738.35,135661,1008857.0,46.65
2023-10-04,HCLTECH,EQ,"1,238.70","1,234.00","1,244.80","1,225.00","1,241.80","1,239.55","1,234.83",2253785,2783044030.4,106752,1524372.0,67.64
2023-10-05,HCLTECH,EQ,"1,239.55","1,249.00","1,253.95","1,227.80","1,235.40","1,235.45","1,237.05",2995200,3705198852.9,165652,1654580.0,55.24
2023-10-06,HCLTECH,EQ,"1,235.45","1,252.00","1,256.00","1,230.10","1,235.80","1,237.70","1,242.85",2497711,3104279274.2,107097,1375285.0,55.06
2023-10-09,HCLTECH,EQ,"1,237.70","1,236.00","1,266.65","1,231.15","1,249.30","1,249.60","1,254.97",3430211,4304812960.15,133837,1396410.0,40.71
2023-10-10,HCLTECH,EQ,"1,249.60","1,255.55","1,264.75","1,248.20","1,260.05","1,261.80","1,257.63",1532394,1927191227.75,112722,890540.0,58.11
2023-10-11,HCLTECH,EQ,"1,261.80","1,266.00","1,274.45","1,241.00","1,241.00","1,245.60","1,259.09",2186131,2752526426.15,112606,1330250.0,60.85
2023-10-12,HCLTECH,EQ,"1,245.60","1,245.00","1,248.55","1,215.15","1,223.40","1,223.75","1,228.10",3921609,4816127996.75,167582,2251274.0,57.41
2023-10-13,HCLTECH,EQ,"1,223.75","1,211.00","1,266.50","1,208.55","1,257.00","1,255.90","1,250.82",5740821,7180716441.15,182364,1940994.0,33.81
2023-10-16,HCLTECH,EQ,"1,255.90","1,263.00","1,279.30","1,260.30","1,272.00","1,270.65","1,271.83",2527113,3214061610.45,114518,1088372.0,43.07
2023-10-17,HCLTECH,EQ,"1,270.65","1,278.90","1,279.00","1,271.00","1,276.70","1,277.15","1,276.34",1687345,2153619351.9,84614,1186208.0,70.3
2023-10-18,HCLTECH,EQ,"1,277.15","1,278.00","1,281.50","1,267.40","1,271.35","1,269.45","1,275.00",1743126,2222478701.6,111684,1105101.0,63.4
2023-10-19,HCLTECH,EQ,"1,269.45","1,266.80","1,274.75","1,264.90","1,265.70","1,267.35","1,269.73",2279726,2894641255.5,129111,1307323.0,57.35
2023-10-20,HCLTECH,EQ,"1,267.35","1,252.00","1,261.35","1,245.45","1,257.00","1,258.60","1,255.92",1625449,2041430193.2,113288,860983.0,52.97
2023-10-23,HCLTECH,EQ,"1,258.60","1,248.00","1,260.50","1,232.30","1,234.95","1,236.65","1,248.93",1646367,2056198621.1,95597,1028941.0,62.5
2023-10-25,HCLTECH,EQ,"1,236.65","1,231.20","1,252.90","1,225.30","1,230.00","1,229.00","1,236.54",1420065,1755965935.7,93077,807020.0,56.83
2023-10-26,HCLTECH,EQ,"1,229.00","1,215.00","1,238.20","1,212.05","1,230.85","1,231.80","1,231.27",4617424,5685314389.85,274640,3037087.0,65.77
2023-10-27,HCLTECH,EQ,"1,231.80","1,237.00","1,270.00","1,233.45","1,267.50","1,268.70","1,258.10",2675348,3365845997.1,124996,1695675.0,63.38
2023-10-30,HCLTECH,EQ,"1,268.70","1,270.00","1,274.80","1,256.00","1,262.10","1,264.75","1,264.57",1158770,1465344795.8,94026,650521.0,56.14
2023-10-31,HCLTECH,EQ,"1,264.75","1,272.00","1,279.85","1,256.70","1,275.50","1,276.00","1,272.06",2525870,3213053147.2,137978,1771521.0,70.14
2023-11-01,HCLTECH,EQ,"1,276.00","1,280.00","1,285.95","1,255.30","1,257.80","1,258.95","1,270.88",1572719,1998738737.0,104541,915674.0,58.22
2023-11-02,HCLTECH,EQ,"1,258.95","1,266.00","1,275.00","1,265.00","1,273.50","1,273.40","1,271.47",1368604,1740136004.4,112504,589721.0,43.09
2023-11-03,HCLTECH,EQ,"1,273.40","1,282.60","1,287.30","1,263.00","1,266.00","1,266.25","1,272.37",2052536,2611579530.4,116787,1129723.0,55.04
2023-11-06,HCLTECH,EQ,"1,266.25","1,276.25","1,279.50","1,265.15","1,269.40","1,269.70","1,270.01",1175823,1493304060.3,86769,787537.0,66.98
2023-11-07,HCLTECH,EQ,"1,269.70","1,269.00","1,277.70","1,267.10","1,275.00","1,273.95","1,272.87",1385282,1763283816.9,86178,809500.0,58.44
2023-11-08,HCLTECH,EQ,"1,273.95","1,280.00","1,280.80","1,265.90","1,267.50","1,267.65","1,271.91",937671,1192633390.65,57290,490620.0,52.32
2023-11-09,HCLTECH,EQ,"1,267.65","1,267.65","1,275.80","1,261.80","1,267.00","1,267.50","1,269.05",1483749,1882956322.45,92394,790203.0,53.26
2023-11-10,HCLTECH,EQ,"1,267.50","1,262.30","1,271.00","1,250.65","1,256.00","1,255.45","1,256.56",1469902,1847016185.9,80555,908865.0,61.83
2023-11-12,HCLTECH,EQ,"1,255.45","1,265.00","1,265.45","1,256.35","1,260.10","1,260.20","1,260.36",132650,167187230.75,10864,64702.0,48.78
2023-11-13,HCLTECH,EQ,"1,260.20","1,260.00","1,263.60","1,253.30","1,261.00","1,261.00","1,257.67",730991,919345878.1,75634,467403.0,63.94
2023-11-15,HCLTECH,EQ,"1,261.00","1,275.00","1,283.00","1,268.40","1,278.20","1,276.65","1,275.67",2410620,3075144612.8,152539,1727741.0,71.67
2023-11-16,HCLTECH,EQ,"1,276.65","1,283.80","1,317.95","1,278.00","1,313.00","1,311.05","1,300.47",3936945,5119867315.85,191509,1990403.0,50.56
2023-11-17,HCLTECH,EQ,"1,311.05","1,313.40","1,325.75","1,306.40","1,308.00","1,309.15","1,315.72",2882039,3791946118.05,145369,1714018.0,59.47
2023-11-20,HCLTECH,EQ,"1,309.15","1,314.95","1,331.70","1,314.00","1,322.85","1,325.40","1,325.34",2831858,3753171398.75,165908,1701867.0,60.1
2023-11-21,HCLTECH,EQ,"1,325.40","1,335.60","1,336.00","1,321.80","1,326.05","1,326.60","1,327.78",1514256,2010603670.6,98808,975705.0,64.43
2023-11-22,HCLTECH,EQ,"1,326.60","1,326.60","1,335.75","1,320.40","1,330.00","1,329.70","1,328.05",1535630,2039390224.1,93354,933929.0,60.82
2023-11-23,HCLTECH,EQ,"1,329.70","1,333.95","1,335.25","1,325.70","1,328.10","1,329.00","1,330.21",1307344,1739038326.1,112663,735475.0,56.26
2023-11-24,HCLTECH,EQ,"1,329.00","1,328.90","1,332.65","1,305.65","1,308.40","1,309.15","1,312.56",1795933,2357272781.35,81099,1037468.0,57.77
2023-11-28,HCLTECH,EQ,"1,309.15","1,309.15","1,319.90","1,295.30","1,319.90","1,316.65","1,306.17",2152951,2812111385.4,132967,1527308.0,70.94
2023-11-29,HCLTECH,EQ,"1,316.65","1,324.00","1,338.80","1,321.50","1,330.20","1,333.95","1,333.80",1835524,2448225586.45,131138,947344.0,51.61
2023-11-30,HCLTECH,EQ,"1,333.95","1,337.00","1,346.80","1,329.70","1,340.00","1,340.90","1,338.50",4104385,5493721502.6,157597,2742606.0,66.82
2023-12-01,HCLTECH,EQ,"1,340.90","1,346.00","1,349.00","1,328.00","1,339.00","1,336.70","1,335.66",1854324,2476738543.6,146939,1119705.0,60.38
2023-12-04,HCLTECH,EQ,"1,336.70","1,350.00","1,350.00","1,331.00","1,335.00","1,337.95","1,338.79",1547057,2071180347.25,127005,1004510.0,64.93
2023-12-05,HCLTECH,EQ,"1,337.95","1,347.00","1,347.00","1,308.30","1,319.70","1,317.55","1,315.92",3932040,5174243989.8,155978,2268087.0,57.68
2023-12-06,HCLTECH,EQ,"1,317.55","1,325.00","1,339.95","1,319.55","1,329.00","1,329.55","1,327.03",2077245,2756566969.7,108479,1165711.0,56.12
2023-12-07,HCLTECH,EQ,"1,329.55","1,331.00","1,337.00","1,325.35","1,329.00","1,328.00","1,330.85",1985003,2641750209.6,164472,1203444.0,60.63
2023-12-08,HCLTECH,EQ,"1,328.00","1,333.00","1,369.95","1,329.00","1,365.90","1,364.10","1,356.80",4509751,6118808045.65,216667,1961042.0,43.48
2023-12-11,HCLTECH,EQ,"1,364.10","1,370.10","1,383.00","1,366.05","1,374.50","1,375.30","1,374.50",2824656,3882485251.65,149396,1740672.0,61.62
2023-12-12,HCLTECH,EQ,"1,375.30","1,377.00","1,387.00","1,370.00","1,372.00","1,375.30","1,379.93",2730422,3767783992.2,158776,2004725.0,73.42
2023-12-13,HCLTECH,EQ,"1,375.30","1,379.35","1,382.80","1,357.05","1,367.15","1,369.20","1,366.11",1896931,2591410834.05,179469,1288765.0,67.94
2023-12-14,HCLTECH,EQ,"1,369.20","1,391.00","1,419.25","1,382.00","1,413.50","1,414.60","1,411.44",5145574,7262686279.25,272921,3130796.0,60.84
2023-12-15,HCLTECH,EQ,"1,414.60","1,422.00","1,497.00","1,422.00","1,493.65","1,491.30","1,470.71",7374290,10845426561.75,300988,3805722.0,51.61
2023-12-18,HCLTECH,EQ,"1,491.30","1,489.85","1,509.90","1,481.00","1,503.05","1,504.30","1,500.49",3075527,4614798520.85,121001,1718028.0,55.86
2023-12-19,HCLTECH,EQ,"1,504.30","1,501.50","1,504.65","1,477.70","1,487.00","1,488.30","1,486.42",2590417,3850436795.45,158494,1539509.0,59.43
2023-12-20,HCLTECH,EQ,"1,488.30","1,485.00","1,503.05","1,435.00","1,437.95","1,439.95","1,470.95",4368383,6425677292.85,154976,2795035.0,63.98
2023-12-21,HCLTECH,EQ,"1,439.95","1,421.15","1,447.05","1,420.10","1,424.00","1,422.05","1,430.37",2841508,4064405014.5,133478,1832094.0,64.48
2023-12-22,HCLTECH,EQ,"1,422.05","1,431.00","1,467.35","1,423.00","1,459.20","1,462.70","1,444.47",2303438,3327243757.3,135386,896927.0,38.94
2023-12-26,HCLTECH,EQ,"1,462.70","1,462.70","1,467.35","1,442.15","1,459.90","1,458.15","1,457.91",1363265,1987524001.7,95516,673498.0,49.40
2023-12-27,HCLTECH,EQ,"1,458.15","1,465.45","1,476.00","1,457.55","1,470.00","1,472.05","1,468.79",1402329,2059720063.55,93058,759866.0,54.19
2023-12-28,HCLTECH,EQ,"1,472.05","1,470.60","1,482.70","1,468.45","1,472.00","1,472.45","1,474.24",1928616,2843234182.15,112734,1161373.0,60.22
2023-12-29,HCLTECH,EQ,"1,472.45","1,473.95","1,481.85","1,457.55","1,468.00","1,466.10","1,466.79",1481617,2173224444.55,135316,898773.0,60.66
2024-01-01,HCLTECH,EQ,"1,466.10","1,460.00","1,495.75","1,455.05","1,480.00","1,483.75","1,478.54",1222315,1807238199.8,75119,561899.0,45.97
2024-01-02,HCLTECH,EQ,"1,483.75","1,484.05","1,488.80","1,461.35","1,470.00","1,469.55","1,470.30",1440888,2118539637.65,86286,948862.0,65.85
2024-01-03,HCLTECH,EQ,"1,469.55","1,460.00","1,465.00","1,435.50","1,438.00","1,437.75","1,443.14",1651716,2383657451.05,118608,1040960.0,63.02
2024-01-04,HCLTECH,EQ,"1,437.75","1,437.00","1,444.80","1,417.15","1,420.50","1,419.95","1,424.37",3392241,4831790108.7,162397,2274718.0,67.06
2024-01-05,HCLTECH,EQ,"1,419.95","1,425.00","1,438.85","1,421.90","1,434.95","1,432.80","1,431.99",1776925,2544539928.15,137999,885295.0,49.82
2024-01-08,HCLTECH,EQ,"1,432.80","1,435.00","1,452.60","1,430.55","1,439.90","1,447.90","1,444.18",2025264,2924845473.25,117018,1251213.0,61.78
2024-01-09,HCLTECH,EQ,"1,447.90","1,460.60","1,480.95","1,452.35","1,468.75","1,460.40","1,466.87",3119270,4575563612.9,121184,1857461.0,59.55
2024-01-10,HCLTECH,EQ,"1,460.40","1,474.90","1,508.00","1,466.05","1,490.00","1,492.10","1,489.22",4368914,6506283463.8,186456,2044251.0,46.79
2024-01-11,HCLTECH,EQ,"1,492.10","1,500.00","1,500.00","1,474.00","1,486.00","1,484.80","1,485.37",2271368,3373822859.3,123255,1185634.0,52.20
2024-01-12,HCLTECH,EQ,"1,484.80","1,505.00","1,555.00","1,498.50","1,553.90","1,540.80","1,528.08",5862043,8957682273.5,198262,2945030.0,50.24
2024-01-15,HCLTECH,EQ,"1,540.80","1,610.00","1,619.60","1,575.50","1,588.00","1,588.20","1,591.97",9712071,15461278232.3,267395,4351395.0,44.80
2024-01-16,HCLTECH,EQ,"1,588.20","1,587.00","1,587.00","1,538.00","1,555.00","1,555.45","1,552.95",4459799,6925845489.05,225742,2473986.0,55.47
2024-01-17,HCLTECH,EQ,"1,555.45","1,520.00","1,585.00","1,516.55","1,572.95","1,575.90","1,567.32",3846289,6028380135.15,190637,1815254.0,47.19
2024-01-18,HCLTECH,EQ,"1,575.90","1,577.00","1,584.20","1,537.05","1,569.95","1,567.55","1,565.24",3205598,5017518002.35,188018,1544460.0,48.18
2024-01-19,HCLTECH,EQ,"1,567.55","1,570.00","1,590.00","1,558.05","1,570.50","1,567.95","1,570.57",2374099,3728687187.75,142271,1179852.0,49.70
2024-01-20,HCLTECH,EQ,"1,567.95","1,580.00","1,580.00","1,537.05","1,544.00","1,544.00","1,553.42",961332,1493352912.05,40281,391753.0,40.75
2024-01-23,HCLTECH,EQ,"1,544.00","1,558.90","1,567.90","1,517.05","1,522.00","1,523.65","1,542.66",3196630,4931305852.55,185210,1911600.0,59.80
2024-01-24,HCLTECH,EQ,"1,523.65","1,530.10","1,581.20","1,523.70","1,576.75","1,576.40","1,553.01",2136023,3317265702.65,108065,1206124.0,56.47
2024-01-25,HCLTECH,EQ,"1,576.40","1,570.00","1,570.00","1,536.75","1,549.50","1,550.25","1,548.19",2641656,4089783921.05,160140,1307629.0,49.50
2024-01-29,HCLTECH,EQ,"1,550.25","1,565.00","1,588.60","1,550.25","1,575.00","1,574.55","1,573.51",2521598,3967755881.6,96974,1609537.0,63.83
2024-01-30,HCLTECH,EQ,"1,574.55","1,580.00","1,592.45","1,555.00","1,559.80","1,559.30","1,575.56",1939386,3055616775.5,92025,1212226.0,62.51
2024-01-31,HCLTECH,EQ,"1,559.30","1,559.30","1,581.30","1,546.35","1,570.80","1,576.00","1,559.28",7025931,10955386297.95,159792,6154013.0,87.59
2024-02-01,HCLTECH,EQ,"1,576.00","1,576.00","1,597.00","1,566.35","1,578.00","1,577.40","1,578.89",2845408,4492583650.5,143248,1584579.0,55.69
2024-02-02,HCLTECH,EQ,"1,577.40","1,584.80","1,613.90","1,575.00","1,583.90","1,583.75","1,591.79",2337374,3720598643.55,152348,1060370.0,45.37
2024-02-05,HCLTECH,EQ,"1,583.75","1,584.95","1,588.50","1,551.45","1,555.10","1,555.35","1,572.02",1452864,2283926744.95,84055,986101.0,67.87
2024-02-06,HCLTECH,EQ,"1,555.35","1,566.00","1,627.00","1,558.05","1,623.80","1,623.75","1,601.09",4988311,7986729089.3,152291,3193531.0,64.02
2024-02-07,HCLTECH,EQ,"1,623.75","1,628.00","1,629.90","1,598.95","1,614.95","1,615.35","1,616.19",3320199,5366075378.65,157339,2190800.0,65.98
2024-02-08,HCLTECH,EQ,"1,615.35","1,626.00","1,647.70","1,617.30","1,634.55","1,633.80","1,634.12",3496692,5714026846.2,190396,1478057.0,42.27
2024-02-09,HCLTECH,EQ,"1,633.80","1,640.00","1,646.75","1,614.65","1,624.90","1,630.60","1,628.00",3341297,5439629745.6,125491,2089821.0,62.55
2024-02-12,HCLTECH,EQ,"1,630.60","1,639.00","1,685.00","1,639.00","1,659.40","1,666.95","1,667.07",4885445,8144367155.0,150456,2669175.0,54.64
2024-02-13,HCLTECH,EQ,"1,666.95","1,675.00","1,675.00","1,648.60","1,665.50","1,665.60","1,660.27",3129897,5196481115.3,141353,2146080.0,68.57
2024-02-14,HCLTECH,EQ,"1,665.60","1,649.75","1,676.90","1,625.45","1,666.00","1,671.50","1,653.78",1386643,2293197365.15,105498,803650.0,57.96
2024-02-15,HCLTECH,EQ,"1,671.50","1,678.00","1,696.50","1,650.10","1,665.00","1,662.55","1,666.16",2555162,4257299951.3,148684,1575090.0,61.64
2024-02-16,HCLTECH,EQ,"1,662.55","1,675.00","1,677.00","1,650.05","1,670.00","1,667.45","1,665.90",1776881,2960110318.5,111680,1096611.0,61.72
2024-02-19,HCLTECH,EQ,"1,667.45","1,670.00","1,682.95","1,659.65","1,675.00","1,675.25","1,674.03",762624,1276654232.6,53067,431585.0,56.59
2024-02-20,HCLTECH,EQ,"1,675.25","1,661.00","1,672.75","1,645.00","1,662.80","1,663.05","1,657.11",2240414,3712616181.8,188797,1576142.0,70.35
2024-02-21,HCLTECH,EQ,"1,663.05","1,655.55","1,664.80","1,632.05","1,635.50","1,636.30","1,644.06",2890991,4752954051.4,163085,2089109.0,72.26
2024-02-22,HCLTECH,EQ,"1,636.30","1,644.00","1,691.40","1,639.00","1,683.00","1,686.40","1,669.63",3820901,6379489693.5,195419,1840236.0,48.16
2024-02-23,HCLTECH,EQ,"1,686.40","1,697.00","1,697.35","1,663.45","1,664.40","1,665.75","1,678.55",2191549,3678625919.6,113363,1273662.0,58.12
2024-02-26,HCLTECH,EQ,"1,665.75","1,665.75","1,668.85","1,639.50","1,646.90","1,649.80","1,649.49",1844253,3042081195.6,94604,1304865.0,70.75
2024-02-27,HCLTECH,EQ,"1,649.80","1,649.00","1,673.40","1,648.00","1,659.25","1,658.80","1,662.60",2049420,3407369533.9,131877,1226202.0,59.83
2024-02-28,HCLTECH,EQ,"1,658.80","1,664.70","1,672.00","1,644.20","1,648.00","1,651.90","1,654.30",936575,1549378100.35,78192,518900.0,55.40
2024-02-29,HCLTECH,EQ,"1,651.90","1,642.15","1,677.75","1,636.65","1,673.00","1,663.85","1,661.14",3532888,5868609557.55,112176,2305260.0,65.25
2024-03-01,HCLTECH,EQ,"1,663.85","1,675.45","1,679.20","1,639.10","1,646.45","1,644.10","1,652.98",2371138,3919446154.0,111352,1484153.0,62.59
2024-03-02,HCLTECH,EQ,"1,644.10","1,656.00","1,663.00","1,643.00","1,648.50","1,646.30","1,649.19",74513,122886202.2,5146,44611.0,59.87
2024-03-04,HCLTECH,EQ,"1,646.30","1,649.00","1,654.00","1,635.00","1,638.25","1,637.95","1,641.46",1788071,2935044078.75,93583,1250221.0,69.92
2024-03-05,HCLTECH,EQ,"1,637.95","1,624.00","1,629.95","1,607.05","1,617.40","1,619.35","1,618.46",3339546,5404905305.8,144790,2101108.0,62.92
2024-03-06,HCLTECH,EQ,"1,619.35","1,613.00","1,650.00","1,603.85","1,648.00","1,644.20","1,627.97",2366177,3852064887.4,134024,1473164.0,62.26
2024-03-07,HCLTECH,EQ,"1,644.20","1,650.00","1,654.55","1,630.10","1,635.70","1,637.65","1,641.58",3181239,5222270233.9,142521,2062685.0,64.84
2024-03-11,HCLTECH,EQ,"1,637.65","1,655.00","1,659.80","1,632.05","1,636.00","1,638.65","1,645.94",2970902,4889916154.0,184547,1972701.0,66.40
2024-03-12,HCLTECH,EQ,"1,638.65","1,635.90","1,665.00","1,633.05","1,635.00","1,635.60","1,643.09",2414182,3966729545.2,149058,1426509.0,59.09
2024-03-13,HCLTECH,EQ,"1,635.60","1,638.75","1,651.25","1,610.35","1,624.50","1,631.50","1,628.02",2564135,4174473316.25,124965,1576063.0,61.47
2024-03-14,HCLTECH,EQ,"1,631.50","1,634.00","1,683.00","1,610.00","1,677.00","1,679.25","1,659.36",3513306,5829825101.4,184961,2150389.0,61.21
2024-03-15,HCLTECH,EQ,"1,679.25","1,677.00","1,677.00","1,642.85","1,648.60","1,647.30","1,651.84",3931561,6494301411.9,173447,2713514.0,69.02
2024-03-18,HCLTECH,EQ,"1,647.30","1,649.90","1,663.30","1,634.25","1,645.90","1,643.40","1,652.20",1183544,1955447026.2,101674,703180.0,59.41
2024-03-19,HCLTECH,EQ,"1,643.40","1,641.55","1,641.55","1,594.10","1,595.00","1,599.15","1,609.77",1915379,3083317994.65,144339,1294719.0,67.60
2024-03-20,HCLTECH,EQ,"1,599.15","1,604.75","1,619.10","1,578.10","1,592.00","1,587.10","1,594.53",1815178,2894354711.65,99156,1121769.0,61.80
2024-03-21,HCLTECH,EQ,"1,587.10","1,608.00","1,619.95","1,583.35","1,600.00","1,595.80","1,600.05",2684744,4295731267.05,182199,1650772.0,61.49
2024-03-22,HCLTECH,EQ,"1,595.80","1,560.00","1,571.45","1,508.20","1,556.80","1,557.85","1,541.30",7468824,11511708198.65,325010,3265244.0,43.72
2024-03-26,HCLTECH,EQ,"1,557.85","1,562.25","1,592.55","1,555.55","1,563.00","1,562.25","1,563.70",4496344,7030927961.05,229783,3033526.0,67.47
2024-03-27,HCLTECH,EQ,"1,562.25","1,569.00","1,576.85","1,540.00","1,549.00","1,546.20","1,561.15",2589697,4042903387.8,169182,1891803.0,73.05
2024-03-28,HCLTECH,EQ,"1,546.20","1,549.00","1,561.05","1,531.00","1,547.05","1,543.55","1,543.54",5301493,8183048059.05,202835,3260127.0,61.49
2024-04-01,HCLTECH,EQ,"1,543.55","1,549.00","1,569.00","1,548.00","1,558.00","1,556.70","1,559.34",1014857,1582508449.65,76671,539652.0,53.18
2024-04-02,HCLTECH,EQ,"1,556.70","1,559.00","1,565.00","1,525.10","1,531.95","1,528.30","1,540.21",2031775,3129366803.0,104995,1414675.0,69.63
2024-04-03,HCLTECH,EQ,"1,528.30","1,525.35","1,558.45","1,518.00","1,534.60","1,535.85","1,541.40",3343884,5154258795.15,145875,1935932.0,57.89
2024-04-04,HCLTECH,EQ,"1,535.85","1,540.80","1,552.50","1,518.70","1,539.95","1,539.65","1,534.90",3388449,5200914121.85,236099,1471018.0,43.41
2024-04-05,HCLTECH,EQ,"1,539.65","1,542.45","1,547.70","1,523.80","1,545.40","1,545.25","1,537.74",2773570,4265036685.15,145373,1843558.0,66.47
2024-04-08,HCLTECH,EQ,"1,545.25","1,554.00","1,554.00","1,537.65","1,540.75","1,540.05","1,544.56",1820136,2811307179.3,89956,1181536.0,64.91
2024-04-09,HCLTECH,EQ,"1,540.05","1,540.00","1,561.80","1,534.55","1,543.00","1,540.50","1,544.53",2432095,3756444152.0,87544,1651201.0,67.89
2024-04-10,HCLTECH,EQ,"1,540.50","1,541.05","1,552.15","1,536.20","1,539.00","1,539.15","1,542.94",1829986,2823558097.0,129530,1172410.0,64.07
2024-04-12,HCLTECH,EQ,"1,539.15","1,537.00","1,542.95","1,516.20","1,521.30","1,521.50","1,527.00",4319991,6596607573.1,161633,2699532.0,62.49
2024-04-15,HCLTECH,EQ,"1,521.50","1,507.10","1,530.50","1,494.00","1,508.35","1,505.05","1,508.32",3295684,4970945167.4,131879,2112838.0,64.11
2024-04-16,HCLTECH,EQ,"1,505.05","1,486.35","1,501.60","1,467.30","1,474.10","1,477.30","1,482.93",2446933,3628638290.5,123989,1574142.0,64.33
2024-04-18,HCLTECH,EQ,"1,477.30","1,477.05","1,480.90","1,452.10","1,468.00","1,466.85","1,464.37",5180223,7585783641.4,190762,2896813.0,55.92
2024-04-19,HCLTECH,EQ,"1,466.85","1,442.00","1,455.50","1,435.00","1,449.90","1,447.50","1,446.26",5219506,7548765708.7,204044,3556402.0,68.14
2024-04-22,HCLTECH,EQ,"1,447.50","1,452.20","1,473.30","1,450.50","1,472.00","1,465.90","1,464.48",1939632,2840557681.75,97893,1281464.0,66.07
2024-04-23,HCLTECH,EQ,"1,465.90","1,474.90","1,501.45","1,471.10","1,485.55","1,486.65","1,489.90",2783858,4147659199.3,150576,1726335.0,62.01
2024-04-24,HCLTECH,EQ,"1,486.65","1,490.00","1,496.95","1,476.30","1,482.00","1,479.25","1,484.83",1321471,1962157781.4,76061,864033.0,65.38
2024-04-25,HCLTECH,EQ,"1,479.25","1,479.95","1,515.05","1,479.95","1,502.00","1,504.15","1,501.34",4558032,6843154779.7,200790,2307329.0,50.62
2024-04-26,HCLTECH,EQ,"1,504.15","1,516.85","1,531.45","1,464.95","1,477.00","1,473.85","1,495.58",4328477,6473597804.7,197018,2329378.0,53.82
2024-04-29,HCLTECH,EQ,"1,473.85","1,415.00","1,436.00","1,381.00","1,388.30","1,387.40","1,395.77",11493223,16041843499.55,403074,5965961.0,51.91
2024-04-30,HCLTECH,EQ,"1,387.40","1,376.40","1,397.90","1,362.45","1,367.45","1,366.60","1,375.70",7606726,10464572127.15,301824,5744795.0,75.52
2024-05-02,HCLTECH,EQ,"1,366.60","1,358.00","1,377.90","1,358.00","1,362.20","1,360.70","1,363.91",6555505,8941107185.35,243441,4281650.0,65.31
2024-05-03,HCLTECH,EQ,"1,360.70","1,370.00","1,370.00","1,333.55","1,347.20","1,348.05","1,348.33",5964228,8041750320.15,235234,3721744.0,62.40
2024-05-06,HCLTECH,EQ,"1,348.05","1,358.00","1,365.00","1,348.50","1,360.00","1,358.80","1,357.74",2504082,3399887484.6,99672,1541981.0,61.58
2024-05-07,HCLTECH,EQ,"1,358.80","1,347.95","1,348.90","1,326.15","1,329.90","1,330.95","1,333.27",5096525,6795022822.5,171783,3577659.0,70.20
2024-05-08,HCLTECH,EQ,"1,330.95","1,330.95","1,334.00","1,307.30","1,314.00","1,313.65","1,315.44",6832455,8987696232.0,197401,5254760.0,76.91
2024-05-09,HCLTECH,EQ,"1,313.65","1,315.00","1,339.00","1,314.50","1,319.00","1,320.05","1,325.65",5653762,7494893286.85,280796,3803371.0,67.27
2024-05-10,HCLTECH,EQ,"1,320.05","1,320.10","1,322.90","1,303.60","1,319.35","1,316.20","1,316.08",3357203,4418337910.75,123871,2215710.0,66.00
2024-05-13,HCLTECH,EQ,"1,316.20","1,316.20","1,321.90","1,301.65","1,314.40","1,312.90","1,311.49",2316566,3038141623.0,95535,1721834.0,74.33
2024-05-14,HCLTECH,EQ,"1,312.90","1,322.00","1,326.95","1,308.70","1,319.25","1,321.05","1,319.25",3200462,4222199274.4,154053,2232401.0,69.75
2024-05-15,HCLTECH,EQ,"1,321.05","1,319.25","1,340.30","1,318.25","1,335.00","1,332.90","1,332.16",2975965,3964464002.25,86136,1804391.0,60.63
2024-05-16,HCLTECH,EQ,"1,332.90","1,345.00","1,357.80","1,328.50","1,347.15","1,348.15","1,347.60",5055915,6813360286.1,192332,2720195.0,53.80
2024-05-17,HCLTECH,EQ,"1,348.15","1,351.00","1,351.00","1,330.20","1,331.95","1,333.20","1,339.47",2487831,3332378779.2,111842,1557889.0,62.62
2024-05-18,HCLTECH,EQ,"1,333.20","1,335.05","1,340.00","1,333.05","1,339.20","1,338.90","1,337.28",107491,143745625.95,7051,62366.0,58.02
2024-05-21,HCLTECH,EQ,"1,338.90","1,314.00","1,349.85","1,314.00","1,342.00","1,341.90","1,334.81",4966721,6629641494.25,189322,3660879.0,73.71
2024-05-22,HCLTECH,EQ,"1,341.90","1,348.95","1,352.90","1,340.00","1,342.00","1,343.05","1,345.26",2390777,3216220627.35,125238,1737748.0,72.69
2024-05-23,HCLTECH,EQ,"1,343.05","1,346.65","1,358.45","1,338.00","1,352.45","1,353.55","1,350.51",3326149,4492008668.2,187740,1915401.0,57.59
2024-05-24,HCLTECH,EQ,"1,353.55","1,360.00","1,360.00","1,340.85","1,342.50","1,345.20","1,349.46",1769966,2388505812.9,98183,991297.0,56.01
2024-05-27,HCLTECH,EQ,"1,345.20","1,351.00","1,359.60","1,338.00","1,352.10","1,353.30","1,352.17",1942325,2626349899.85,86870,1192905.0,61.42
2024-05-28,HCLTECH,EQ,"1,353.30","1,357.85","1,363.30","1,345.60","1,359.00","1,358.40","1,356.78",2147233,2913322745.45,67829,1564781.0,72.87
2024-05-29,HCLTECH,EQ,"1,358.40","1,366.00","1,366.60","1,346.95","1,347.95","1,353.10","1,356.53",3845920,5217110202.8,96972,2957524.0,76.90
2024-05-30,HCLTECH,EQ,"1,353.10","1,346.00","1,351.55","1,325.10","1,338.55","1,331.85","1,335.32",4150461,5542202983.9,157172,2806445.0,67.62
2024-05-31,HCLTECH,EQ,"1,331.85","1,331.85","1,340.90","1,315.75","1,324.00","1,324.10","1,327.65",10319045,13700055709.05,187148,6799942.0,65.90
2024-06-03,HCLTECH,EQ,"1,324.10","1,350.55","1,354.75","1,309.85","1,316.50","1,314.45","1,321.70",5384064,7116093523.45,174269,4217940.0,78.34
2024-06-04,HCLTECH,EQ,"1,314.45","1,325.00","1,325.00","1,235.00","1,319.95","1,303.55","1,300.77",5447244,7085634447.55,179504,2887206.0,53.00
2024-06-05,HCLTECH,EQ,"1,303.55","1,320.00","1,356.90","1,316.10","1,347.15","1,343.70","1,343.16",3005139,4036369064.3,152334,1718448.0,57.18
2024-06-06,HCLTECH,EQ,"1,343.70","1,354.00","1,399.80","1,350.90","1,396.00","1,397.50","1,384.80",5936709,8221149382.4,255514,3270136.0,55.08
2024-06-07,HCLTECH,EQ,"1,397.50","1,407.00","1,438.65","1,398.00","1,428.50","1,431.50","1,423.72",5884025,8377201153.75,215600,2941320.0,49.99
2024-06-10,HCLTECH,EQ,"1,431.50","1,440.00","1,442.00","1,397.50","1,418.30","1,418.75","1,414.21",3293739,4658040431.3,164903,1656233.0,50.28
2024-06-11,HCLTECH,EQ,"1,418.75","1,425.00","1,437.95","1,415.40","1,428.00","1,428.80","1,428.46",2269082,3241286078.85,88902,1526783.0,67.29
2024-06-12,HCLTECH,EQ,"1,428.80","1,472.00","1,472.00","1,434.50","1,437.00","1,438.75","1,448.95",5990861,8680448340.65,177302,3107518.0,51.87
2024-06-13,HCLTECH,EQ,"1,438.75","1,447.75","1,457.70","1,437.10","1,445.20","1,444.15","1,446.24",4232861,6121713027.6,133122,3114067.0,73.57
2024-06-14,HCLTECH,EQ,"1,444.15","1,444.15","1,446.00","1,424.40","1,431.20","1,431.05","1,431.54",3065114,4387833488.55,128656,1746319.0,56.97
2024-06-18,HCLTECH,EQ,"1,431.05","1,431.05","1,439.75","1,427.05","1,438.90","1,437.20","1,434.35",2223029,3188597282.15,80280,1455461.0,65.47
2024-06-19,HCLTECH,EQ,"1,437.20","1,440.05","1,451.90","1,430.30","1,444.00","1,445.85","1,442.93",3117522,4498364806.75,81219,2185696.0,70.11
2024-06-20,HCLTECH,EQ,"1,445.85","1,448.95","1,448.95","1,429.55","1,445.00","1,443.45","1,439.07",3163919,4553108647.8,137696,1878993.0,59.39
2024-06-21,HCLTECH,EQ,"1,443.45","1,462.00","1,481.95","1,439.20","1,440.45","1,447.85","1,455.75",6489262,9446737707.25,202739,3230587.0,49.78
2024-06-24,HCLTECH,EQ,"1,447.85","1,437.85","1,443.95","1,426.60","1,439.15","1,440.85","1,438.81",1988692,2861353221.7,62740,1261513.0,63.43
2024-06-25,HCLTECH,EQ,"1,440.85","1,440.95","1,450.10","1,426.45","1,445.00","1,447.95","1,441.29",2079037,2996490413.95,68902,1253248.0,60.28
2024-06-26,HCLTECH,EQ,"1,447.95","1,447.95","1,453.30","1,438.20","1,442.00","1,443.70","1,443.99",1917424,2768732492.45,78747,1244979.0,64.93
2024-06-27,HCLTECH,EQ,"1,443.70","1,435.00","1,460.55","1,423.50","1,455.00","1,454.90","1,442.53",6613193,9539710419.25,197315,3764464.0,56.92
2024-06-28,HCLTECH,BL,"1,540.05","1,440.50","1,440.50","1,440.50","1,440.50","1,440.50","1,440.50",12414228,17882695434.0,12,,-
2024-07-01,HCLTECH,EQ,"1,459.60","1,465.00","1,478.60","1,455.00","1,467.00","1,468.85","1,469.49",3723295,5471339747.75,136363,2318671.0,62.27
2024-07-02,HCLTECH,EQ,"1,468.85","1,475.00","1,492.45","1,473.00","1,479.00","1,480.80","1,483.06",3811366,5652501019.95,148852,2349040.0,61.63
2024-07-03,HCLTECH,EQ,"1,480.80","1,489.00","1,489.00","1,471.20","1,482.10","1,481.00","1,481.18",2070876,3067339631.65,96911,1259426.0,60.82
2024-07-04,HCLTECH,EQ,"1,481.00","1,485.00","1,534.55","1,485.00","1,520.00","1,522.35","1,519.71",6822557,10368305782.8,227299,3657188.0,53.60
2024-07-05,HCLTECH,EQ,"1,522.35","1,523.00","1,529.25","1,505.55","1,517.10","1,519.40","1,520.04",3061687,4653881379.7,144035,1803511.0,58.91
2024-07-08,HCLTECH,EQ,"1,519.40","1,528.00","1,540.00","1,506.20","1,537.95","1,533.40","1,520.96",2939620,4471046099.7,124735,1953997.0,66.47
2024-07-09,HCLTECH,EQ,"1,533.40","1,533.40","1,546.30","1,525.00","1,530.00","1,531.10","1,536.13",2658608,4083958660.0,117369,1466060.0,55.14
2024-07-10,HCLTECH,EQ,"1,531.10","1,531.10","1,532.60","1,487.85","1,506.10","1,509.95","1,504.92",3507096,5277889868.85,143838,2248560.0,64.11
2024-07-11,HCLTECH,EQ,"1,509.95","1,515.00","1,534.00","1,508.05","1,516.75","1,511.90","1,518.68",3304053,5017800547.7,209418,2043899.0,61.86
2024-07-12,HCLTECH,EQ,"1,511.90","1,530.00","1,566.00","1,510.50","1,561.75","1,560.20","1,550.48",6430647,9970557888.85,298826,3405204.0,52.95
2024-07-15,HCLTECH,EQ,"1,560.20","1,580.00","1,636.40","1,567.40","1,568.00","1,569.60","1,596.87",10337489,16507600461.0,369261,3952424.0,38.23
2024-07-16,HCLTECH,EQ,"1,569.60","1,565.00","1,583.00","1,555.00","1,567.40","1,569.55","1,570.01",3540661,5558878229.8,169358,1989565.0,56.19
2024-07-18,HCLTECH,EQ,"1,569.55","1,558.05","1,599.25","1,557.00","1,589.00","1,594.55","1,583.50",4399468,6966536295.5,205545,2714674.0,61.70
2024-07-19,HCLTECH,EQ,"1,594.55","1,610.50","1,616.45","1,588.60","1,592.00","1,594.55","1,600.49",5633838,9016906921.05,170456,3526000.0,62.59
2024-07-22,HCLTECH,EQ,"1,594.55","1,588.60","1,594.50","1,570.90","1,579.90","1,577.10","1,580.31",2704495,4273948571.75,77514,1858408.0,68.72
2024-07-23,HCLTECH,EQ,"1,577.10","1,574.00","1,600.80","1,551.10","1,596.00","1,598.35","1,581.04",2907674,4597157706.0,137508,1746999.0,60.08
2024-07-24,HCLTECH,EQ,"1,598.35","1,594.00","1,598.00","1,576.85","1,586.00","1,583.70","1,586.33",2484299,3940929243.2,92391,1606544.0,64.67
2024-07-25,HCLTECH,EQ,"1,583.70","1,570.00","1,594.00","1,562.85","1,586.50","1,587.60","1,585.63",2934731,4653408233.55,109691,1902447.0,64.83
2024-07-26,HCLTECH,EQ,"1,587.60","1,602.80","1,640.00","1,594.00","1,638.80","1,635.35","1,625.00",2814159,4573003827.5,118711,1599562.0,56.84
2024-07-29,HCLTECH,EQ,"1,635.35","1,640.20","1,645.00","1,620.00","1,628.05","1,632.35","1,629.09",1639491,2670877664.75,87552,1093159.0,66.68
2024-07-30,HCLTECH,EQ,"1,632.35","1,629.00","1,633.00","1,618.00","1,630.15","1,630.25","1,625.65",1783877,2899966633.6,112185,1244298.0,69.75
2024-07-31,HCLTECH,EQ,"1,630.25","1,621.00","1,645.00","1,619.20","1,640.85","1,642.60","1,637.39",1984986,3250190509.6,130193,1260317.0,63.49
2024-08-01,HCLTECH,EQ,"1,642.60","1,640.05","1,655.50","1,636.10","1,639.50","1,640.55","1,643.63",1785188,2934190917.8,105718,1118789.0,62.67
2024-08-02,HCLTECH,EQ,"1,640.55","1,620.05","1,639.00","1,601.15","1,605.00","1,609.30","1,615.64",1692851,2735042921.1,95389,897635.0,53.03
2024-08-05,HCLTECH,EQ,"1,609.30","1,575.00","1,595.70","1,537.00","1,557.95","1,562.40","1,560.90",3279717,5119323144.55,153044,2074700.0,63.26
2024-08-06,HCLTECH,EQ,"1,562.40","1,563.00","1,605.00","1,563.00","1,583.00","1,582.75","1,591.48",2138704,3403707528.9,133680,1057396.0,49.44
2024-08-07,HCLTECH,EQ,"1,582.75","1,605.00","1,615.00","1,590.00","1,598.00","1,594.60","1,599.27",1897787,3035073860.95,78453,1147109.0,60.44
2024-08-08,HCLTECH,EQ,"1,594.60","1,597.00","1,602.00","1,554.55","1,558.00","1,557.85","1,574.02",2373805,3736427385.65,110668,1378724.0,58.08
2024-08-09,HCLTECH,EQ,"1,557.85","1,584.90","1,602.00","1,575.85","1,589.05","1,589.95","1,593.85",2021762,3222380643.2,136303,1074751.0,53.16
2024-08-12,HCLTECH,EQ,"1,589.95","1,590.00","1,600.50","1,573.85","1,583.25","1,585.25","1,590.02",1273739,2025264965.7,96709,745952.0,58.56
2024-08-13,HCLTECH,EQ,"1,585.25","1,578.00","1,608.40","1,577.65","1,594.00","1,592.65","1,594.35",1973825,3146966163.85,120834,1187265.0,60.15
2024-08-14,HCLTECH,EQ,"1,592.65","1,600.10","1,629.75","1,598.25","1,623.90","1,626.15","1,614.49",3932148,6348429631.1,119652,2579395.0,65.60
2024-08-16,HCLTECH,EQ,"1,626.15","1,635.00","1,674.00","1,632.70","1,668.70","1,668.25","1,657.02",3101056,5138498722.6,155943,1526687.0,49.23
2024-08-19,HCLTECH,EQ,"1,668.25","1,665.00","1,685.00","1,659.05","1,677.20","1,678.50","1,674.01",1631947,2731900621.1,68733,1008521.0,61.80
2024-08-20,HCLTECH,EQ,"1,678.50","1,680.00","1,695.05","1,669.20","1,688.65","1,686.75","1,681.80",2786109,4685688913.85,87014,2130591.0,76.47
2024-08-21,HCLTECH,EQ,"1,686.75","1,686.00","1,688.85","1,673.75","1,679.00","1,677.25","1,678.49",1410370,2367289464.25,72539,1012067.0,71.76
2024-08-22,HCLTECH,EQ,"1,677.25","1,687.00","1,687.00","1,673.00","1,675.00","1,676.15","1,678.52",1749127,2935942084.1,108937,1193186.0,68.22
2024-08-23,HCLTECH,EQ,"1,676.15","1,676.05","1,685.95","1,657.15","1,662.90","1,661.45","1,667.32",2158185,3598384728.9,122406,1459740.0,67.64
2024-08-26,HCLTECH,EQ,"1,661.45","1,671.00","1,734.00","1,667.10","1,731.95","1,719.45","1,704.59",2672708,4555872150.3,114075,1287563.0,48.17
2024-08-27,HCLTECH,EQ,"1,719.45","1,725.85","1,756.85","1,705.10","1,706.00","1,711.60","1,729.29",3556487,6150206994.95,157952,1217190.0,34.22
2024-08-28,HCLTECH,EQ,"1,711.60","1,712.55","1,737.75","1,693.05","1,714.00","1,719.45","1,724.11",2516461,4338661403.9,83998,1368577.0,54.38
2024-08-29,HCLTECH,EQ,"1,719.45","1,714.00","1,756.00","1,697.25","1,750.45","1,751.85","1,743.29",5112407,8912413845.35,204310,2763465.0,54.05
2024-08-30,HCLTECH,EQ,"1,751.85","1,751.85","1,766.30","1,742.20","1,749.10","1,753.25","1,754.62",4792561,8409117094.05,138406,3052364.0,63.69
2024-09-02,HCLTECH,EQ,"1,753.25","1,764.20","1,812.00","1,760.00","1,800.00","1,806.65","1,795.29",4445349,7980704030.95,171323,2385200.0,53.66
2024-09-03,HCLTECH,EQ,"1,806.65","1,806.00","1,817.15","1,787.05","1,788.20","1,790.45","1,803.69",2553290,4605355003.8,105975,1339587.0,52.47
2024-09-04,HCLTECH,EQ,"1,790.45","1,765.10","1,795.65","1,765.00","1,785.00","1,785.25","1,784.30",2644961,4719412132.7,115768,1906639.0,72.09
2024-09-05,HCLTECH,EQ,"1,785.25","1,792.00","1,797.70","1,767.30","1,794.60","1,790.55","1,780.29",2878565,5124687722.0,152776,1971289.0,68.48
2024-09-06,HCLTECH,EQ,"1,790.55","1,788.00","1,795.75","1,740.05","1,754.00","1,756.10","1,757.91",3351716,5892017836.9,164239,1730384.0,51.63
2024-09-09,HCLTECH,EQ,"1,756.10","1,758.35","1,766.30","1,741.15","1,748.50","1,746.75","1,753.07",1418238,2486268121.15,73263,862237.0,60.80
2024-09-10,HCLTECH,EQ,"1,746.75","1,749.45","1,789.30","1,747.15","1,781.60","1,779.10","1,771.97",2307528,4088868154.35,125459,1394325.0,60.43
2024-09-11,HCLTECH,EQ,"1,779.10","1,778.20","1,796.85","1,773.70","1,783.20","1,778.75","1,783.36",2303930,4108731238.35,131347,1425814.0,61.89
2024-09-12,HCLTECH,EQ,"1,778.75","1,800.00","1,814.20","1,777.10","1,795.60","1,807.60","1,796.86",3349489,6018567432.9,138145,1692297.0,50.52
2024-09-13,HCLTECH,EQ,"1,807.60","1,805.00","1,820.00","1,795.65","1,809.25","1,812.80","1,811.69",1599349,2897516998.2,71229,815253.0,50.97
2024-09-16,HCLTECH,EQ,"1,812.80","1,819.00","1,824.25","1,808.20","1,812.00","1,811.85","1,814.13",836199,1516973904.8,47463,477350.0,57.09
2024-09-17,HCLTECH,EQ,"1,811.85","1,811.95","1,828.00","1,807.20","1,811.00","1,813.75","1,819.44",830317,1510715373.85,75446,454301.0,54.71
2024-09-18,HCLTECH,EQ,"1,813.75","1,808.10","1,808.10","1,740.10","1,758.10","1,756.50","1,760.86",2629136,4629529684.15,136563,1445397.0,54.98
2024-09-19,HCLTECH,EQ,"1,756.50","1,776.00","1,776.00","1,721.50","1,741.85","1,736.50","1,740.10",4167373,7251657873.6,184832,1995434.0,47.88
2024-09-20,HCLTECH,EQ,"1,736.50","1,748.00","1,766.10","1,721.40","1,763.00","1,760.05","1,751.98",4644317,8136760094.6,188906,2163949.0,46.59
2024-09-23,HCLTECH,EQ,"1,760.05","1,764.00","1,764.00","1,732.50","1,750.70","1,752.80","1,746.23",1541597,2691975774.5,74031,813435.0,52.77
2024-09-24,HCLTECH,EQ,"1,752.80","1,750.00","1,783.50","1,738.35","1,779.05","1,775.60","1,763.55",1907389,3363767481.3,87644,1130530.0,59.27
2024-09-25,HCLTECH,EQ,"1,775.60","1,778.80","1,784.05","1,755.00","1,780.00","1,782.40","1,770.87",2240579,3967763596.25,128880,1407601.0,62.82
2024-09-26,HCLTECH,EQ,"1,782.40","1,782.25","1,808.40","1,778.90","1,782.00","1,783.85","1,790.40",4303250,7704544331.2,145204,2706660.0,62.9
2024-09-27,HCLTECH,EQ,"1,783.85","1,810.00","1,828.55","1,796.55","1,809.00","1,808.40","1,810.62",4099016,7421772241.7,175739,2604660.0,63.54
2024-09-30,HCLTECH,EQ,"1,808.40","1,808.00","1,820.70","1,789.15","1,796.00","1,796.10","1,804.46",2117894,3821662432.3,94065,1308140.0,61.77
2024-10-01,HCLTECH,EQ,"1,796.10","1,790.00","1,822.45","1,790.00","1,816.45","1,816.50","1,804.79",1642542,2964450145.75,86150,975309.0,59.38
2024-10-03,HCLTECH,EQ,"1,816.50","1,778.00","1,809.30","1,770.00","1,779.00","1,778.55","1,784.40",3552386,6338888981.55,142185,2464339.0,69.37
2024-10-04,HCLTECH,EQ,"1,778.55","1,778.00","1,807.90","1,767.25","1,782.25","1,776.60","1,787.14",2982759,5330611423.9,148375,1318267.0,44.2
2024-10-07,HCLTECH,EQ,"1,776.60","1,784.95","1,804.20","1,767.90","1,773.65","1,776.95","1,777.65",3419048,6077878236.55,121516,2408203.0,70.43
2024-10-08,HCLTECH,EQ,"1,776.95","1,774.00","1,794.00","1,743.00","1,784.00","1,789.45","1,773.74",2353030,4173669588.9,155794,1535441.0,65.25
2024-10-09,HCLTECH,EQ,"1,789.45","1,793.05","1,825.00","1,790.15","1,812.00","1,809.70","1,811.77",2499596,4528700959.05,102612,1584791.0,63.4
2024-10-10,HCLTECH,EQ,"1,809.70","1,820.00","1,839.95","1,797.00","1,812.00","1,808.65","1,816.44",3753869,6818669363.5,146791,2109799.0,56.2
2024-10-11,HCLTECH,EQ,"1,808.65","1,804.00","1,852.80","1,800.65","1,839.95","1,839.65","1,834.51",2977110,5461546850.35,150170,1194918.0,40.14
2024-10-14,HCLTECH,EQ,"1,839.65","1,846.05","1,865.50","1,832.40","1,865.00","1,855.90","1,849.67",1751092,3238947129.65,161598,940046.0,53.68
2024-10-15,HCLTECH,EQ,"1,855.90","1,830.00","1,882.75","1,829.95","1,866.00","1,870.10","1,865.18",5696544,10625094067.6,200838,2492366.0,43.75
2024-10-16,HCLTECH,EQ,"1,870.10","1,869.00","1,885.00","1,854.05","1,857.00","1,865.25","1,868.86",2144442,4007651519.85,141225,1326700.0,61.87
2024-10-17,HCLTECH,EQ,"1,865.25","1,869.90","1,877.05","1,851.45","1,865.75","1,867.80","1,863.97",2399099,4471844146.05,128951,1404033.0,58.52
2024-10-18,HCLTECH,EQ,"1,867.80","1,867.00","1,873.90","1,843.00","1,856.55","1,857.70","1,856.03",2366406,4392118496.65,111867,1408093.0,59.5
2024-10-21,HCLTECH,EQ,"1,857.70","1,875.30","1,888.50","1,840.00","1,840.10","1,843.60","1,856.27",1284980,2385271606.0,73937,676824.0,52.67
2024-10-22,HCLTECH,EQ,"1,843.60","1,829.80","1,852.00","1,819.50","1,822.25","1,822.75","1,831.24",2089660,3826670412.3,136405,1364637.0,65.3
2024-10-23,HCLTECH,EQ,"1,822.75","1,793.50","1,865.00","1,793.50","1,845.00","1,845.75","1,844.93",2522186,4653267602.55,110585,1636373.0,64.88
2024-10-24,HCLTECH,EQ,"1,845.75","1,845.00","1,862.95","1,837.70","1,842.80","1,844.90","1,847.66",1621637,2996229658.5,109635,1047420.0,64.59
2024-10-25,HCLTECH,EQ,"1,844.90","1,860.00","1,871.55","1,840.20","1,852.00","1,852.35","1,854.69",4078295,7563968059.0,191615,2649137.0,64.96
2024-10-28,HCLTECH,EQ,"1,852.35","1,845.10","1,876.80","1,845.10","1,875.00","1,871.75","1,864.88",2418907,4510979856.6,118401,1618138.0,66.9
2024-10-29,HCLTECH,EQ,"1,871.75","1,871.75","1,875.90","1,851.20","1,872.00","1,871.75","1,864.34",1719955,3206578443.05,129857,1111398.0,64.62
2024-10-30,HCLTECH,EQ,"1,871.75","1,861.00","1,869.45","1,835.30","1,853.75","1,838.80","1,849.50",1732047,3203417310.45,112672,1167415.0,67.4
2024-10-31,HCLTECH,EQ,"1,838.80","1,840.00","1,843.90","1,756.55","1,772.50","1,766.05","1,779.72",3616088,6435611576.5,180549,1986870.0,54.95
2024-11-01,HCLTECH,EQ,"1,766.05","1,777.00","1,781.30","1,751.00","1,757.00","1,757.40","1,764.86",242223,427489632.45,19223,97349.0,40.19
2024-11-04,HCLTECH,EQ,"1,757.40","1,763.00","1,782.10","1,745.00","1,761.15","1,762.95","1,762.43",2843690,5011802039.45,149650,1503547.0,52.87
2024-11-05,HCLTECH,EQ,"1,762.95","1,769.00","1,783.35","1,761.50","1,773.65","1,773.55","1,771.22",1818350,3220690381.9,102840,1118713.0,61.52
2024-11-06,HCLTECH,EQ,"1,773.55","1,791.10","1,853.00","1,783.00","1,843.00","1,838.40","1,830.61",3477029,6365096214.8,181751,1556125.0,44.75
2024-11-07,HCLTECH,EQ,"1,838.40","1,850.05","1,862.55","1,814.20","1,826.35","1,831.95","1,834.05",2173869,3986986329.2,104269,1306087.0,60.08
2024-11-08,HCLTECH,EQ,"1,831.95","1,838.95","1,854.15","1,828.05","1,838.00","1,837.50","1,840.42",1521324,2799875589.8,121856,956002.0,62.84
2024-11-11,HCLTECH,EQ,"1,837.50","1,846.70","1,874.00","1,834.00","1,870.00","1,867.30","1,861.34",1679869,3126813029.2,108116,972734.0,57.91
2024-11-12,HCLTECH,EQ,"1,867.30","1,891.00","1,892.95","1,864.45","1,868.35","1,872.85","1,879.42",2711052,5095195896.95,154222,1833755.0,67.64
2024-11-13,HCLTECH,EQ,"1,872.85","1,866.00","1,879.60","1,859.10","1,864.35","1,864.75","1,867.41",1254074,2341865743.15,114428,788930.0,62.91
2024-11-14,HCLTECH,EQ,"1,864.75","1,872.00","1,897.00","1,846.35","1,865.00","1,858.95","1,867.12",2462563,4597896307.25,221440,1385264.0,56.25
2024-11-18,HCLTECH,EQ,"1,858.95","1,858.95","1,865.05","1,815.00","1,835.65","1,835.00","1,837.49",2483933,4564205632.75,125829,1678657.0,67.58
2024-11-19,HCLTECH,EQ,"1,835.00","1,837.00","1,865.00","1,817.30","1,824.00","1,820.55","1,842.69",2354204,4338061517.1,105514,1540404.0,65.43
2024-11-21,HCLTECH,EQ,"1,820.55","1,835.00","1,839.55","1,820.20","1,833.30","1,836.35","1,831.91",1841245,3372991677.25,122858,978536.0,53.15
2024-11-22,HCLTECH,EQ,"1,836.35","1,846.35","1,902.00","1,836.50","1,897.10","1,898.40","1,882.01",2765950,5205540179.95,128070,1525701.0,55.16
2024-11-25,HCLTECH,EQ,"1,898.40","1,919.00","1,919.95","1,878.50","1,896.00","1,891.70","1,892.76",6531524,12362633619.4,162447,4705865.0,72.05
2024-11-26,HCLTECH,EQ,"1,891.70","1,890.10","1,914.95","1,889.15","1,900.00","1,899.55","1,902.16",2079873,3956258453.0,82089,1314779.0,63.21
2024-11-27,HCLTECH,EQ,"1,899.55","1,896.75","1,917.00","1,887.10","1,891.10","1,891.05","1,903.10",1631975,3105808405.25,62337,978423.0,59.95
2024-11-28,HCLTECH,EQ,"1,891.05","1,885.10","1,900.50","1,835.00","1,844.00","1,840.90","1,852.26",3631255,6726037001.55,167802,2424016.0,66.75
2024-11-29,HCLTECH,EQ,"1,840.90","1,842.00","1,872.30","1,833.95","1,850.00","1,848.05","1,855.83",2482280,4606701269.5,137062,1719037.0,69.25
2024-12-02,HCLTECH,EQ,"1,848.05","1,848.05","1,878.55","1,835.45","1,872.75","1,871.50","1,863.05",2014744,3753567689.45,91103,1307495.0,64.9
2024-12-03,HCLTECH,EQ,"1,871.50","1,884.00","1,896.30","1,872.05","1,888.95","1,890.75","1,887.37",2954648,5576507461.25,165181,2295819.0,77.7
2024-12-04,HCLTECH,EQ,"1,890.75","1,882.00","1,911.00","1,877.60","1,894.60","1,897.65","1,895.92",3730643,7073013391.6,184460,2525400.0,67.69
2024-12-05,HCLTECH,EQ,"1,897.65","1,885.00","1,938.10","1,884.00","1,920.00","1,924.00","1,912.31",3881814,7423216155.95,181152,2205733.0,56.82
2024-12-06,HCLTECH,EQ,"1,924.00","1,926.00","1,939.35","1,915.30","1,915.55","1,922.70","1,923.49",2250408,4328634514.3,136345,1479045.0,65.72
2024-12-09,HCLTECH,EQ,"1,922.70","1,915.00","1,926.05","1,901.00","1,909.95","1,909.90","1,910.47",1379520,2635527110.2,71773,922987.0,66.91
2024-12-10,HCLTECH,EQ,"1,909.90","1,916.45","1,942.80","1,912.20","1,937.00","1,936.35","1,931.39",2695207,5205483157.65,117737,1903845.0,70.64
2024-12-11,HCLTECH,EQ,"1,936.35","1,926.25","1,934.80","1,916.00","1,930.00","1,930.90","1,926.41",1387117,2672156722.65,86037,869940.0,62.72
2024-12-12,HCLTECH,EQ,"1,930.90","1,924.95","1,949.00","1,921.50","1,937.00","1,936.20","1,936.91",2306173,4466851339.3,138423,1243955.0,53.94
2024-12-13,HCLTECH,EQ,"1,936.20","1,939.00","1,975.00","1,912.35","1,965.00","1,968.80","1,954.97",2569918,5024119849.5,153874,1366673.0,53.18
2024-12-16,HCLTECH,EQ,"1,968.80","1,970.85","1,980.00","1,950.25","1,954.25","1,954.40","1,958.66",1371189,2685693402.7,78075,887936.0,64.76
2024-12-17,HCLTECH,EQ,"1,954.40","1,945.30","1,963.20","1,938.00","1,948.05","1,950.60","1,948.84",1987909,3874113572.75,100983,1252469.0,63.0
2024-12-18,HCLTECH,EQ,"1,950.60","1,949.00","1,971.95","1,946.75","1,958.85","1,960.35","1,963.41",3460812,6794995543.2,108768,2702400.0,78.09
2024-12-19,HCLTECH,EQ,"1,960.35","1,910.00","1,946.20","1,910.00","1,936.15","1,934.25","1,934.20",1916115,3706151475.75,101525,1126470.0,58.79
2024-12-20,HCLTECH,EQ,"1,934.25","1,954.60","1,957.65","1,896.40","1,917.70","1,911.35","1,916.10",3786921,7256119157.7,159211,2133349.0,56.33
2024-12-23,HCLTECH,EQ,"1,911.35","1,918.50","1,939.40","1,899.15","1,900.80","1,903.00","1,910.92",2058339,3933325777.05,104426,1298879.0,63.1
2024-12-24,HCLTECH,EQ,"1,903.00","1,908.60","1,923.65","1,889.25","1,892.05","1,896.95","1,900.82",1310301,2490650721.6,77013,852523.0,65.06
2024-12-26,HCLTECH,EQ,"1,896.95","1,905.60","1,908.90","1,886.30","1,900.00","1,900.75","1,898.23",1065107,2021813031.15,78206,566463.0,53.18
2024-12-27,HCLTECH,EQ,"1,900.75","1,900.00","1,902.90","1,882.70","1,891.00","1,892.00","1,892.73",1328546,2514579848.7,67732,856004.0,64.43
2024-12-30,HCLTECH,EQ,"1,892.00","1,888.00","1,968.95","1,865.65","1,910.65","1,928.95","1,921.33",6262203,12031786092.0,127109,4881138.0,77.95
2024-12-31,HCLTECH,EQ,"1,928.95","1,915.20","1,927.80","1,878.55","1,924.80","1,917.40","1,908.87",1968650,3757895094.25,148818,1214798.0,61.71
2025-01-01,HCLTECH,EQ,"1,917.40","1,917.40","1,936.95","1,907.90","1,911.60","1,911.95","1,918.88",880695,1689945501.45,53268,442399.0,50.23
2025-01-02,HCLTECH,EQ,"1,911.95","1,911.95","1,976.30","1,910.05","1,966.45","1,972.20","1,956.30",3487645,6822864745.3,172843,2321689.0,66.57
2025-01-03,HCLTECH,EQ,"1,972.20","1,980.00","1,992.10","1,941.00","1,943.00","1,946.65","1,956.95",2853344,5583862264.8,148177,1813441.0,63.55
2025-01-06,HCLTECH,EQ,"1,946.65","1,951.25","1,973.40","1,930.00","1,948.60","1,953.05","1,951.88",1789037,3491988428.35,105379,1079773.0,60.35
2025-01-07,HCLTECH,EQ,"1,953.05","1,960.00","1,981.00","1,908.90","1,916.75","1,915.90","1,930.16",2494547,4814870548.3,117446,1513882.0,60.69
2025-01-08,HCLTECH,EQ,"1,915.90","1,906.30","1,938.50","1,894.55","1,932.90","1,932.25","1,915.00",2372138,4542649572.2,161359,1484307.0,62.57
2025-01-09,HCLTECH,EQ,"1,932.25","1,926.80","1,944.45","1,920.00","1,934.00","1,934.80","1,935.70",2742139,5307958003.95,127128,1754355.0,63.98
2025-01-10,HCLTECH,EQ,"1,934.80","1,936.00","2,002.35","1,935.25","1,997.10","1,995.10","1,977.11",4802079,9494250831.6,234018,2676052.0,55.73
2025-01-13,HCLTECH,EQ,"1,995.10","1,994.90","2,012.20","1,965.40","1,975.00","1,989.40","1,992.36",5694121,11344760287.75,180247,3758232.0,66.0
2025-01-14,HCLTECH,EQ,"1,989.40","1,936.10","1,939.00","1,797.75","1,819.95","1,813.55","1,824.43",15819311,28861217134.4,600156,8771029.0,55.45
2025-01-15,HCLTECH,EQ,"1,813.55","1,836.00","1,843.55","1,812.55","1,825.70","1,825.70","1,824.99",3350594,6114802982.45,221654,1953517.0,58.3
2025-01-16,HCLTECH,EQ,"1,825.70","1,833.00","1,837.95","1,785.30","1,790.15","1,792.25","1,796.66",5362008,9633692689.4,260626,3736218.0,69.68
2025-01-17,HCLTECH,EQ,"1,792.25","1,773.00","1,793.10","1,750.05","1,789.45","1,788.90","1,776.06",2424374,4305821954.95,176981,1290597.0,53.23
2025-01-20,HCLTECH,EQ,"1,788.90","1,790.10","1,799.00","1,762.60","1,794.95","1,796.20","1,785.22",3401004,6071550248.55,156557,2359404.0,69.37
2025-01-21,HCLTECH,EQ,"1,796.20","1,791.40","1,820.75","1,791.40","1,804.05","1,802.40","1,805.77",4005357,7232759540.35,200700,2386736.0,59.59
2025-01-22,HCLTECH,EQ,"1,802.40","1,808.20","1,831.45","1,804.05","1,828.00","1,827.70","1,820.11",3009261,5477174600.45,176695,1890946.0,62.84
2025-01-23,HCLTECH,EQ,"1,827.70","1,817.05","1,828.95","1,804.20","1,806.95","1,807.00","1,814.54",3750930,6806227425.65,146553,2400408.0,64.0
2025-01-24,HCLTECH,EQ,"1,807.00","1,800.00","1,829.40","1,791.10","1,796.00","1,792.85","1,803.18",3171259,5718348831.8,98899,2271693.0,71.63
2025-01-27,HCLTECH,EQ,"1,792.85","1,775.00","1,779.75","1,707.30","1,710.55","1,711.95","1,734.65",4174844,7241906323.3,143422,3110786.0,74.51
2025-01-28,HCLTECH,EQ,"1,711.95","1,711.95","1,730.50","1,691.00","1,694.50","1,693.25","1,707.81",5079829,8675376616.75,194141,3411572.0,67.16
2025-01-29,HCLTECH,EQ,"1,693.25","1,696.00","1,724.10","1,696.00","1,720.65","1,719.00","1,715.29",3733620,6404245749.2,117810,2728087.0,73.07
2025-01-30,HCLTECH,EQ,"1,719.00","1,722.00","1,732.95","1,697.85","1,717.90","1,713.10","1,716.41",2543744,4366105666.3,125674,1776644.0,69.84
2025-01-31,HCLTECH,EQ,"1,713.10","1,709.05","1,738.20","1,709.05","1,730.00","1,725.45","1,724.09",2033832,3506506163.3,79215,1358376.0,66.79
2025-02-01,HCLTECH,EQ,"1,725.45","1,726.00","1,731.95","1,688.00","1,694.70","1,694.00","1,704.35",569018,969808246.15,39652,220309.0,38.72
2025-02-03,HCLTECH,EQ,"1,694.00","1,665.00","1,700.60","1,661.50","1,693.00","1,692.00","1,686.67",2659929,4486418428.45,150634,1972069.0,74.14
2025-02-04,HCLTECH,EQ,"1,692.00","1,695.10","1,735.90","1,692.05","1,732.45","1,732.55","1,712.68",3647768,6247459080.9,159207,2436600.0,66.8
2025-02-05,HCLTECH,EQ,"1,732.55","1,730.00","1,746.80","1,710.00","1,712.00","1,712.85","1,718.44",2681942,4608759100.85,106585,1952755.0,72.81
2025-02-06,HCLTECH,EQ,"1,712.85","1,723.85","1,728.45","1,712.85","1,724.10","1,723.50","1,719.71",2057798,3538821096.4,135442,1303627.0,63.35
2025-02-07,HCLTECH,EQ,"1,723.50","1,723.15","1,731.00","1,700.65","1,724.00","1,725.65","1,720.82",2428098,4178325236.5,76538,1755400.0,72.3
2025-02-10,HCLTECH,EQ,"1,725.65","1,723.95","1,740.00","1,712.10","1,734.00","1,733.85","1,728.54",1823071,3151248711.7,68108,1225170.0,67.2
2025-02-11,HCLTECH,EQ,"1,733.85","1,742.80","1,749.00","1,715.00","1,723.90","1,723.20","1,732.76",1702553,2950109312.05,90830,962369.0,56.53
2025-02-12,HCLTECH,EQ,"1,723.20","1,723.90","1,742.40","1,699.15","1,716.05","1,717.30","1,717.61",2214307,3803306655.25,142727,1458550.0,65.87
2025-02-13,HCLTECH,EQ,"1,717.30","1,712.00","1,729.95","1,700.25","1,704.80","1,703.10","1,712.75",1838463,3148828257.85,91677,1044420.0,56.81
2025-02-14,HCLTECH,EQ,"1,703.10","1,711.00","1,723.40","1,699.95","1,711.60","1,711.25","1,709.15",1460459,2496148466.25,80952,879075.0,60.19
2025-02-17,HCLTECH,EQ,"1,711.25","1,711.25","1,720.15","1,694.10","1,709.60","1,709.90","1,707.80",1127023,1924733916.9,126871,598961.0,53.15
2025-02-18,HCLTECH,EQ,"1,709.90","1,706.00","1,728.50","1,701.25","1,725.00","1,725.50","1,719.23",1511900,2599301789.6,81098,986185.0,65.23
2025-02-19,HCLTECH,EQ,"1,725.50","1,723.20","1,731.60","1,703.45","1,710.00","1,712.30","1,714.19",1294110,2218347233.65,76094,737905.0,57.02
2025-02-20,HCLTECH,EQ,"1,712.30","1,705.20","1,714.55","1,683.55","1,690.90","1,687.55","1,696.15",1681532,2852128062.35,127006,1064858.0,63.33
2025-02-21,HCLTECH,EQ,"1,687.55","1,690.00","1,704.15","1,685.15","1,695.65","1,700.70","1,696.62",1222563,2074229080.55,113308,769058.0,62.91
2025-02-24,HCLTECH,EQ,"1,700.70","1,685.00","1,690.00","1,637.60","1,642.75","1,644.05","1,649.63",4455420,7349803888.05,253025,2820504.0,63.31
2025-02-25,HCLTECH,EQ,"1,644.05","1,636.00","1,651.95","1,631.25","1,635.10","1,636.10","1,640.84",1951519,3202123013.9,102638,1131656.0,57.99
2025-02-27,HCLTECH,EQ,"1,636.10","1,620.00","1,660.00","1,615.20","1,621.00","1,629.20","1,626.13",2266866,3686219278.0,123330,1571739.0,69.34
2025-02-28,HCLTECH,EQ,"1,629.20","1,612.00","1,614.95","1,562.45","1,576.70","1,575.05","1,574.60",4910121,7731460507.5,257806,3421981.0,69.69
2025-03-03,HCLTECH,EQ,"1,575.05","1,575.05","1,603.40","1,568.45","1,573.80","1,572.40","1,579.48",1784684,2818878989.7,113522,1135514.0,63.63
2025-03-04,HCLTECH,EQ,"1,572.40","1,560.00","1,560.00","1,523.00","1,536.50","1,535.50","1,539.73",3246644,4998968940.2,143743,2109800.0,64.98
2025-03-05,HCLTECH,EQ,"1,535.50","1,532.00","1,581.40","1,531.05","1,573.00","1,572.95","1,569.69",3112003,4884879584.8,132849,1925025.0,61.86
2025-03-06,HCLTECH,EQ,"1,572.95","1,580.00","1,594.70","1,575.15","1,582.65","1,585.45","1,584.44",2011489,3187093190.95,107474,1169543.0,58.14
2025-03-07,HCLTECH,EQ,"1,585.45","1,582.65","1,587.00","1,555.60","1,558.60","1,557.95","1,564.26",2091986,3272406893.85,117645,1366548.0,65.32
2025-03-10,HCLTECH,EQ,"1,557.95","1,557.00","1,572.45","1,547.00","1,549.80","1,549.30","1,558.35",1855766,2891926346.1,111573,1128126.0,60.79
2025-03-11,HCLTECH,EQ,"1,549.30","1,529.95","1,573.95","1,522.60","1,567.00","1,567.85","1,553.21",1846190,2867523976.0,116653,1170180.0,63.38
2025-03-12,HCLTECH,EQ,"1,567.85","1,556.00","1,565.00","1,507.10","1,537.60","1,540.60","1,526.42",3113860,4753043277.9,127422,1803672.0,57.92
2025-03-13,HCLTECH,EQ,"1,540.60","1,540.60","1,547.95","1,529.15","1,532.00","1,534.75","1,536.04",1983351,3046509090.2,109012,1139537.0,57.46
2025-03-17,HCLTECH,EQ,"1,534.75","1,528.00","1,547.55","1,519.05","1,545.00","1,545.15","1,532.81",2029100,3110221525.2,102852,1010711.0,49.81
2025-03-18,HCLTECH,EQ,"1,545.15","1,545.15","1,560.95","1,530.65","1,560.95","1,558.20","1,553.11",2930865,4551948771.15,110392,1813788.0,61.89
2025-03-19,HCLTECH,EQ,"1,558.20","1,558.50","1,561.35","1,525.10","1,547.00","1,544.45","1,536.19",4522829,6947916763.1,163793,3201717.0,70.79
2025-03-20,HCLTECH,EQ,"1,544.45","1,547.85","1,582.10","1,547.05","1,555.00","1,562.00","1,568.78",4608677,7229982395.5,183935,3103344.0,67.34
2025-03-21,HCLTECH,EQ,"1,562.00","1,535.10","1,592.05","1,521.50","1,565.00","1,566.70","1,567.64",8109210,12712307970.7,157465,5757983.0,71.01
2025-03-24,HCLTECH,EQ,"1,566.70","1,591.00","1,610.90","1,560.00","1,602.85","1,604.15","1,590.29",2487843,3956391435.8,100840,1563534.0,62.85
2025-03-25,HCLTECH,EQ,"1,604.15","1,622.00","1,658.95","1,618.95","1,621.05","1,624.90","1,633.44",4906013,8013690211.65,175718,2247553.0,45.81
2025-03-26,HCLTECH,EQ,"1,624.90","1,624.90","1,644.95","1,622.00","1,625.65","1,633.40","1,634.48",3096513,5061183927.45,106271,1991362.0,64.31
2025-03-27,HCLTECH,EQ,"1,633.40","1,625.65","1,645.00","1,613.55","1,637.25","1,630.15","1,626.44",3383080,5502369601.75,112017,2283013.0,67.48
2025-03-28,HCLTECH,EQ,"1,630.15","1,616.10","1,625.55","1,581.60","1,591.00","1,592.50","1,603.17",2211077,3544737955.45,80891,1399939.0,63.31
2025-04-01,HCLTECH,EQ,"1,592.50","1,577.00","1,585.00","1,526.10","1,534.50","1,530.35","1,549.26",4126827,6393517652.35,191916,2602484.0,63.06
2025-04-02,HCLTECH,EQ,"1,530.35","1,515.00","1,538.55","1,506.40","1,531.00","1,527.55","1,524.27",3167863,4828663976.4,108710,1916205.0,60.49
2025-04-03,HCLTECH,EQ,"1,527.55","1,500.00","1,500.00","1,465.00","1,468.40","1,470.10","1,477.26",3966161,5859047298.7,214252,2644416.0,66.67
2025-04-04,HCLTECH,EQ,"1,470.10","1,449.00","1,456.20","1,419.10","1,427.00","1,422.10","1,433.64",4421312,6338587669.2,196195,3017389.0,68.25
2025-04-07,HCLTECH,EQ,"1,422.10","1,345.00","1,383.75","1,302.75","1,377.95","1,374.10","1,341.53",6484139,8698642588.85,266089,3908703.0,60.28
2025-04-08,HCLTECH,EQ,"1,374.10","1,380.00","1,424.25","1,372.00","1,402.90","1,403.35","1,396.09",3938359,5498293565.6,147712,1843790.0,46.82
2025-04-09,HCLTECH,EQ,"1,403.35","1,380.65","1,388.70","1,357.05","1,380.70","1,380.00","1,377.67",3306801,4555685085.35,135840,2036176.0,61.58
2025-04-11,HCLTECH,EQ,"1,380.00","1,360.00","1,425.00","1,360.00","1,393.50","1,390.55","1,399.73",4859622,6802145997.6,185045,3035049.0,62.45
2025-04-15,HCLTECH,EQ,"1,390.55","1,420.00","1,428.80","1,406.00","1,426.00","1,426.50","1,420.09",3265147,4636787070.1,94027,2176695.0,66.66
2025-04-16,HCLTECH,EQ,"1,426.50","1,415.00","1,436.10","1,405.50","1,434.00","1,431.70","1,424.34",2553111,3636487592.8,93892,1630935.0,63.88
2025-04-17,HCLTECH,EQ,"1,431.70","1,420.00","1,442.10","1,384.00","1,439.00","1,438.00","1,409.58",3549969,5003973557.2,168356,1298225.0,36.57
2025-04-21,HCLTECH,EQ,"1,438.00","1,435.00","1,499.00","1,430.00","1,478.00","1,482.00","1,473.95",2840104,4186173438.6,97809,1312655.0,46.22
2025-04-22,HCLTECH,EQ,"1,482.00","1,490.00","1,499.90","1,464.50","1,485.90","1,479.90","1,480.59",2608145,3861596452.8,95264,1101800.0,42.24
2025-04-23,HCLTECH,EQ,"1,479.90","1,555.00","1,600.00","1,543.70","1,594.40","1,594.00","1,583.28",13293318,21046993578.6,329993,4277627.0,32.18
2025-04-24,HCLTECH,EQ,"1,594.00","1,595.00","1,603.30","1,576.10","1,590.30","1,586.70","1,587.95",3193118,5070521059.3,123766,1485597.0,46.52
2025-04-25,HCLTECH,EQ,"1,586.70","1,590.00","1,618.00","1,568.10","1,576.40","1,578.20","1,583.92",3800415,6019563732.6,118647,2063047.0,54.28
2025-04-28,HCLTECH,EQ,"1,578.20","1,565.00","1,569.40","1,537.10","1,550.00","1,549.30","1,548.84",2618810,4056115149.7,107060,1391581.0,53.14
2025-04-29,HCLTECH,EQ,"1,549.30","1,555.00","1,580.80","1,548.10","1,570.00","1,569.00","1,564.53",2231069,3490564859.9,89109,1150090.0,51.55
2025-04-30,HCLTECH,EQ,"1,569.00","1,571.00","1,587.90","1,554.00","1,556.50","1,567.50","1,569.92",3682256,5780840520.3,129457,2472386.0,67.14
2025-05-02,HCLTECH,EQ,"1,567.50","1,567.00","1,581.00","1,557.10","1,572.40","1,576.50","1,573.44",1895904,2983089247.2,93227,1116189.0,58.87
2025-05-05,HCLTECH,EQ,"1,576.50","1,580.00","1,597.70","1,563.30","1,569.00","1,568.60","1,577.67",1012225,1596953874.3,59357,498312.0,49.23
2025-05-06,HCLTECH,EQ,"1,568.60","1,576.80","1,583.80","1,565.10","1,570.00","1,579.10","1,575.07",2055057,3236859717.6,86060,1493252.0,72.66
2025-05-07,HCLTECH,EQ,"1,579.10","1,552.00","1,578.40","1,545.00","1,565.30","1,563.30","1,562.62",5469936,8547406780.5,128223,4037497.0,73.81
2025-05-08,HCLTECH,EQ,"1,563.30","1,561.90","1,598.00","1,555.80","1,572.10","1,580.70","1,581.65",2789018,4411248439.0,98946,1174930.0,42.13
2025-05-09,HCLTECH,EQ,"1,580.70","1,566.00","1,577.70","1,557.30","1,572.50","1,569.40","1,569.43",2035161,3194047826.1,85397,1036140.0,50.91
2025-05-12,HCLTECH,EQ,"1,569.40","1,598.80","1,675.00","1,594.00","1,663.00","1,670.30","1,651.26",4028207,6651610416.0,133071,2433966.0,60.42
2025-05-13,HCLTECH,EQ,"1,670.30","1,685.00","1,688.10","1,615.20","1,619.90","1,619.60","1,632.90",3118470,5092158125.3,119292,1726720.0,55.37
2025-05-14,HCLTECH,EQ,"1,619.60","1,630.00","1,642.30","1,617.00","1,641.30","1,637.70","1,632.79",1569126,2562050834.1,83272,806695.0,51.41
2025-05-15,HCLTECH,EQ,"1,637.70","1,650.00","1,702.60","1,625.00","1,692.00","1,696.00","1,671.48",4961582,8293207213.5,184925,2469090.0,49.76
2025-05-16,HCLTECH,EQ,"1,696.00","1,691.90","1,693.50","1,658.00","1,661.00","1,659.90","1,667.09",2586263,4311543189.2,99649,1534279.0,59.32
2025-05-19,HCLTECH,EQ,"1,659.90","1,661.00","1,664.00","1,638.10","1,651.00","1,649.60","1,648.41",1642018,2706723262.2,91252,924996.0,56.33
2025-05-20,HCLTECH,EQ,"1,649.60","1,660.80","1,666.00","1,636.40","1,640.00","1,638.30","1,645.92",2421580,3985723342.7,80612,1612934.0,66.61
2025-05-21,HCLTECH,EQ,"1,638.30","1,645.00","1,657.50","1,628.40","1,649.00","1,652.00","1,648.03",1420835,2341573076.5,51082,859736.0,60.51
2025-05-22,HCLTECH,EQ,"1,652.00","1,638.40","1,640.70","1,614.00","1,640.00","1,633.00","1,629.60",2202093,3588534592.5,87046,1183194.0,53.73
2025-05-23,HCLTECH,EQ,"1,633.00","1,633.00","1,670.80","1,622.50","1,649.50","1,648.20","1,655.65",1459454,2416346063.6,52849,841321.0,57.65
2025-05-26,HCLTECH,EQ,"1,648.20","1,652.40","1,675.80","1,645.60","1,673.80","1,673.60","1,669.56",1078813,1801147339.4,46732,620376.0,57.51
2025-05-27,HCLTECH,EQ,"1,673.60","1,673.80","1,675.50","1,641.50","1,654.90","1,652.10","1,654.27",2740015,4532722727.3,97349,1561156.0,56.98
2025-05-28,HCLTECH,EQ,"1,652.10","1,664.00","1,666.80","1,647.00","1,660.00","1,657.30","1,654.59",1775441,2937633522.5,59437,1096223.0,61.74
2025-05-29,HCLTECH,EQ,"1,657.30","1,670.00","1,675.50","1,655.60","1,665.50","1,664.70","1,663.36",2374051,3948895883.2,81223,1318367.0,55.53
2025-05-30,HCLTECH,EQ,"1,664.70","1,664.70","1,664.70","1,627.30","1,631.50","1,636.60","1,640.93",4408910,7234713454.0,100975,3248094.0,73.67
2025-06-02,HCLTECH,EQ,"1,636.60","1,625.10","1,635.20","1,605.70","1,628.00","1,631.50","1,624.66",1883100,3059394023.1,87270,1087043.0,57.73
2025-06-03,HCLTECH,EQ,"1,631.50","1,646.90","1,651.70","1,617.00","1,630.50","1,630.40","1,631.03",2380133,3882076505.0,117240,1307867.0,54.95
2025-06-04,HCLTECH,EQ,"1,630.40","1,631.00","1,644.60","1,622.20","1,625.40","1,626.10","1,631.91",1659720,2708512287.1,70129,1202438.0,72.45
2025-06-05,HCLTECH,EQ,"1,626.10","1,634.90","1,653.90","1,624.60","1,632.30","1,632.40","1,634.36",1409322,2303345799.8,67216,765287.0,54.3
2025-06-06,HCLTECH,EQ,"1,632.40","1,631.20","1,639.80","1,622.00","1,638.00","1,637.70","1,633.47",1261281,2060270888.7,46092,829485.0,65.77
2025-06-09,HCLTECH,EQ,"1,637.70","1,648.00","1,658.00","1,639.00","1,648.50","1,648.30","1,650.60",1299786,2145421805.0,78967,889322.0,68.42
2025-06-10,HCLTECH,EQ,"1,648.30","1,653.30","1,684.90","1,649.00","1,670.70","1,668.10","1,671.68",3055223,5107346354.5,117723,1631493.0,53.4
2025-06-11,HCLTECH,EQ,"1,668.10","1,676.00","1,725.40","1,666.00","1,721.30","1,721.90","1,707.99",5085821,8686517262.7,151276,3222725.0,63.37
2025-06-12,HCLTECH,EQ,"1,721.90","1,725.00","1,726.00","1,695.00","1,702.40","1,701.20","1,706.01",3607962,6155229559.9,139910,1784690.0,49.47
2025-06-13,HCLTECH,EQ,"1,701.20","1,666.00","1,711.00","1,664.60","1,697.40","1,695.30","1,693.86",1988422,3368100354.5,73815,1077659.0,54.2
2025-06-16,HCLTECH,EQ,"1,695.30","1,692.00","1,729.40","1,683.40","1,722.00","1,723.00","1,719.53",2116100,3638696112.5,80549,1205922.0,56.99
2025-06-17,HCLTECH,EQ,"1,723.00","1,728.00","1,738.80","1,720.00","1,728.00","1,729.60","1,731.35",1777245,3077026497.5,89362,950192.0,53.46
2025-06-18,HCLTECH,EQ,"1,729.60","1,727.90","1,745.00","1,710.00","1,719.70","1,715.90","1,720.55",1794428,3087397101.0,73006,978447.0,54.53
2025-06-19,HCLTECH,EQ,"1,715.90","1,719.70","1,719.70","1,697.20","1,706.80","1,713.90","1,707.25",2514527,4292931949.0,110611,1409660.0,56.06
2025-06-20,HCLTECH,EQ,"1,713.90","1,713.90","1,742.60","1,709.10","1,736.90","1,739.90","1,735.97",2719770,4721430011.8,77792,1973494.0,72.56
2025-06-23,HCLTECH,EQ,"1,739.90","1,729.20","1,729.80","1,699.20","1,699.90","1,703.20","1,709.85",2221446,3798348110.0,78517,1374480.0,61.87
2025-06-24,HCLTECH,EQ,"1,703.20","1,719.90","1,732.60","1,689.20","1,691.00","1,691.80","1,704.45",3601071,6137832585.5,131869,2221730.0,61.7
2025-06-25,HCLTECH,EQ,"1,691.80","1,702.00","1,720.70","1,701.00","1,713.90","1,717.10","1,714.03",1307518,2241127887.5,67381,763080.0,58.36
2025-06-26,HCLTECH,EQ,"1,717.10","1,710.00","1,726.90","1,702.70","1,722.00","1,724.10","1,719.14",2971055,5107646173.4,109096,1877946.0,63.21
2025-06-27,HCLTECH,EQ,"1,724.10","1,735.00","1,752.50","1,710.80","1,728.70","1,723.30","1,725.28",6478283,11176867159.6,150371,5096400.0,78.67
2025-06-30,HCLTECH,EQ,"1,723.30","1,725.00","1,734.80","1,713.30","1,732.00","1,728.60","1,725.82",1855229,3201797967.0,79062,1252270.0,67.50
2025-07-01,HCLTECH,EQ,"1,728.60","1,728.60","1,745.00","1,714.00","1,718.00","1,718.30","1,724.90",1639826,2828538647.3,87719,982563.0,59.92
2025-07-02,HCLTECH,EQ,"1,718.30","1,722.00","1,738.50","1,711.00","1,715.00","1,718.60","1,721.52",2069447,3562584157.8,80448,1218294.0,58.87
2025-07-03,HCLTECH,EQ,"1,718.60","1,716.00","1,730.50","1,706.50","1,710.00","1,711.90","1,718.24",1839063,3159957227.3,75766,950675.0,51.69
2025-07-04,HCLTECH,EQ,"1,711.90","1,715.00","1,729.00","1,706.20","1,725.90","1,725.90","1,719.03",768500,1321075472.4,30997,471916.0,61.41
2025-07-07,HCLTECH,EQ,"1,725.90","1,725.50","1,725.50","1,703.30","1,707.00","1,710.40","1,711.09",1366412,2338060639.9,56478,818448.0,59.90
2025-07-08,HCLTECH,EQ,"1,710.40","1,700.00","1,718.90","1,687.50","1,700.10","1,708.10","1,704.55",2139193,3646356920.9,78574,1313911.0,61.42
2025-07-09,HCLTECH,EQ,"1,708.10","1,710.00","1,714.30","1,671.00","1,673.00","1,674.00","1,680.92",2894808,4865926573.8,107899,1631824.0,56.37
2025-07-10,HCLTECH,EQ,"1,674.00","1,675.00","1,679.90","1,649.00","1,660.10","1,663.70","1,661.89",2740853,4554994008.7,87108,1760644.0,64.24
2025-07-11,HCLTECH,EQ,"1,663.70","1,643.20","1,655.50","1,630.00","1,633.30","1,638.30","1,640.55",2548153,4180370504.4,91088,1554714.0,61.01
2025-07-14,HCLTECH,EQ,"1,638.30","1,640.00","1,642.40","1,607.00","1,613.50","1,619.80","1,617.76",3334703,5394743355.0,100025,2081780.0,62.43
2025-07-15,HCLTECH,EQ,"1,619.80","1,590.00","1,621.40","1,550.00","1,567.00","1,566.40","1,573.16",14685607,23102790220.9,326840,8290891.0,56.46
2025-07-16,HCLTECH,EQ,"1,566.40","1,566.40","1,574.00","1,560.00","1,562.00","1,562.80","1,567.13",5218099,8177462798.5,98177,4084687.0,78.28
2025-07-17,HCLTECH,EQ,"1,562.80","1,563.60","1,566.80","1,542.40","1,544.20","1,543.90","1,555.40",4966082,7724220966.7,127217,3854834.0,77.62
2025-07-18,HCLTECH,EQ,"1,543.90","1,544.00","1,550.00","1,530.00","1,549.10","1,548.80","1,541.04",3902458,6013841093.8,88894,2711465.0,69.48
2025-07-21,HCLTECH,EQ,"1,548.80","1,548.80","1,550.70","1,526.00","1,530.80","1,530.40","1,532.77",3368842,5163643439.5,90546,2390317.0,70.95
2025-07-22,HCLTECH,EQ,"1,530.40","1,533.10","1,539.80","1,518.30","1,520.50","1,520.10","1,528.68",3218227,4919633245.0,72081,2570923.0,79.89
2025-07-23,HCLTECH,EQ,"1,520.10","1,524.10","1,536.00","1,518.00","1,528.80","1,529.80","1,527.16",3471536,5301591458.2,75211,2647634.0,76.27
2025-07-24,HCLTECH,EQ,"1,529.80","1,530.00","1,537.90","1,501.60","1,510.10","1,507.20","1,515.11",4654421,7051940202.5,99951,3598396.0,77.31
2025-07-25,HCLTECH,EQ,"1,507.20","1,501.10","1,512.20","1,486.60","1,490.00","1,490.10","1,499.87",2733655,4100140037.4,100304,1989448.0,72.78
2025-07-28,HCLTECH,EQ,"1,490.10","1,490.10","1,494.20","1,463.50","1,468.00","1,466.10","1,474.52",4404841,6495043431.3,158378,3464328.0,78.65
2025-07-29,HCLTECH,EQ,"1,466.10","1,466.10","1,477.50","1,461.00","1,475.00","1,472.40","1,470.00",6223556,9148599091.1,120183,5223631.0,83.93
2025-07-30,HCLTECH,EQ,"1,472.40","1,480.50","1,484.30","1,468.80","1,478.00","1,476.50","1,474.63",1642426,2421970361.7,67844,1147192.0,69.85
2025-07-31,HCLTECH,EQ,"1,476.50","1,465.00","1,482.70","1,459.50","1,465.20","1,467.90","1,469.99",2306285,3390207270.5,85966,1541710.0,66.85
2025-08-01,HCLTECH,EQ,"1,467.90","1,465.00","1,466.90","1,450.00","1,450.20","1,452.10","1,455.75",2152783,3133915241.6,68532,1458011.0,67.73
2025-08-04,HCLTECH,EQ,"1,452.10","1,452.10","1,475.40","1,440.60","1,470.40","1,474.40","1,460.11",2384774,3482029698.0,89707,1635637.0,68.59
2025-08-05,HCLTECH,EQ,"1,474.40","1,479.90","1,485.40","1,471.20","1,480.90","1,482.70","1,480.25",2614394,3869964552.1,99995,1934487.0,73.99
2025-08-06,HCLTECH,EQ,"1,482.70","1,480.90","1,483.70","1,456.40","1,459.90","1,463.20","1,465.98",1735697,2544501469.2,93730,1146399.0,66.05
2025-08-07,HCLTECH,EQ,"1,463.20","1,458.00","1,479.20","1,451.00","1,479.10","1,475.50","1,462.90",1495363,2187569625.5,70071,869473.0,58.14
2025-08-08,HCLTECH,EQ,"1,475.50","1,474.80","1,482.20","1,459.00","1,476.30","1,475.70","1,473.68",2815614,4149299969.9,82918,2076969.0,73.77
2025-08-11,HCLTECH,EQ,"1,475.70","1,475.00","1,531.00","1,465.60","1,484.10","1,488.00","1,484.68",2374556,3525455889.2,92769,1718265.0,72.36
2025-08-12,HCLTECH,EQ,"1,488.00","1,490.00","1,509.90","1,489.00","1,498.00","1,499.10","1,501.89",3422656,5140444209.4,120984,2423206.0,70.80
2025-08-13,HCLTECH,EQ,"1,499.10","1,500.00","1,507.50","1,489.00","1,498.80","1,501.10","1,500.00",2916128,4374180694.8,63563,2009241.0,68.90
2025-08-14,HCLTECH,EQ,"1,501.10","1,501.00","1,516.20","1,485.80","1,489.00","1,489.80","1,501.41",4227538,6347285518.5,111160,2860915.0,67.67
2025-08-18,HCLTECH,EQ,"1,489.80","1,498.10","1,501.90","1,475.90","1,481.60","1,485.00","1,483.48",2795155,4146546206.9,82653,1850950.0,66.22
2025-08-19,HCLTECH,EQ,"1,485.00","1,476.30","1,482.60","1,469.20","1,479.70","1,476.10","1,476.27",2515817,3714033649.0,119284,1623251.0,64.52
2025-08-20,HCLTECH,EQ,"1,476.10","1,468.00","1,500.30","1,458.00","1,496.00","1,496.00","1,478.37",10219330,15107972962.9,135680,7399393.0,72.41
2025-08-21,HCLTECH,EQ,"1,496.00","1,500.00","1,505.00","1,486.10","1,495.00","1,493.50","1,495.28",2157601,3226215087.9,83784,1314294.0,60.91
2025-08-22,HCLTECH,EQ,"1,493.50","1,489.60","1,491.50","1,464.00","1,467.10","1,466.30","1,470.96",2802805,4122818257.1,97554,1767418.0,63.06
2025-08-25,HCLTECH,EQ,"1,466.30","1,480.00","1,509.70","1,476.20","1,505.00","1,504.20","1,500.79",2764914,4149544169.5,131390,1867799.0,67.55
2025-08-26,HCLTECH,EQ,"1,504.20","1,501.90","1,506.50","1,485.00","1,489.30","1,492.80","1,495.22",4092265,6118849339.2,90975,2796523.0,68.34
2025-08-28,HCLTECH,EQ,"1,492.80","1,488.00","1,488.00","1,446.00","1,450.20","1,449.80","1,457.19",4367902,6364870712.1,170218,2356177.0,53.94
2025-08-29,HCLTECH,EQ,"1,449.80","1,449.80","1,462.60","1,439.20","1,453.70","1,454.80","1,455.83",3404604,4956533680.8,82963,2034701.0,59.76
2025-09-01,HCLTECH,EQ,"1,454.80","1,446.00","1,472.50","1,446.00","1,469.00","1,468.40","1,466.84",2105254,3088075836.5,70246,1208174.0,57.39
2025-09-02,HCLTECH,EQ,"1,468.40","1,469.00","1,477.40","1,459.70","1,465.00","1,465.70","1,467.23",1295198,1900348772.3,68937,598492.0,46.21
2025-09-03,HCLTECH,EQ,"1,465.70","1,475.00","1,475.00","1,452.60","1,465.20","1,466.10","1,460.87",1800307,2630020249.2,67692,1280150.0,71.11
2025-09-04,HCLTECH,EQ,"1,466.10","1,465.10","1,465.90","1,440.90","1,444.20","1,443.30","1,452.76",2192155,3184676714.7,140871,1451614.0,66.22
2025-09-05,HCLTECH,EQ,"1,443.30","1,448.00","1,452.30","1,402.80","1,420.10","1,419.00","1,423.20",3895199,5543657851.2,174752,2260336.0,58.03
2025-09-08,HCLTECH,EQ,"1,419.00","1,423.90","1,428.60","1,401.00","1,403.30","1,403.00","1,412.11",2929976,4137443516.0,82764,2085022.0,71.16
2025-09-09,HCLTECH,EQ,"1,403.00","1,410.20","1,431.80","1,409.10","1,425.00","1,427.10","1,424.97",2906889,4142226337.1,120265,1523397.0,52.41
2025-09-10,HCLTECH,EQ,"1,427.10","1,434.90","1,471.90","1,432.10","1,464.20","1,463.90","1,462.85",3205017,4688445299.6,108930,1792448.0,55.93
2025-09-11,HCLTECH,EQ,"1,463.90","1,463.90","1,470.40","1,458.30","1,468.30","1,467.70","1,464.18",1982922,2903348006.6,104762,1401426.0,70.67
2025-09-12,HCLTECH,EQ,"1,467.70","1,475.00","1,480.00","1,463.00","1,466.00","1,467.20","1,467.45",2110883,3097622960.6,63606,1527924.0,72.38
2025-09-15,HCLTECH,EQ,"1,467.20","1,467.20","1,468.30","1,452.00","1,465.40","1,466.50","1,461.11",1725617,2521324464.3,47559,1105534.0,64.07
2025-09-16,HCLTECH,EQ,"1,466.50","1,463.90","1,485.20","1,461.10","1,483.00","1,483.10","1,474.82",1724524,2543354258.8,50634,1178515.0,68.34
2025-09-17,HCLTECH,EQ,"1,483.10","1,490.80","1,499.00","1,475.30","1,480.60","1,481.50","1,486.66",2656774,3949730390.5,86652,1667509.0,62.76
2025-09-18,HCLTECH,EQ,"1,481.50","1,492.60","1,502.90","1,486.10","1,491.90","1,493.80","1,494.93",2792406,4174450282.1,85648,1808019.0,64.75
2025-09-19,HCLTECH,EQ,"1,493.80","1,493.80","1,493.80","1,464.00","1,470.00","1,467.40","1,470.86",3197957,4703762937.1,76807,2289331.0,71.59
2025-09-22,HCLTECH,EQ,"1,467.40","1,423.00","1,449.20","1,415.00","1,442.00","1,439.90","1,438.15",4457129,6410038721.7,194507,2656233.0,59.60
2025-09-23,HCLTECH,EQ,"1,439.90","1,444.20","1,444.20","1,420.40","1,431.40","1,429.80","1,429.61",3106480,4441066491.5,105156,2172888.0,69.95
2025-09-24,HCLTECH,EQ,"1,429.80","1,425.10","1,444.70","1,420.00","1,440.20","1,442.30","1,437.54",2894044,4160304912.3,117797,1953465.0,67.50
2025-09-25,HCLTECH,EQ,"1,442.30","1,440.20","1,442.50","1,416.00","1,427.40","1,423.80","1,424.63",2713246,3865379487.8,103007,1830448.0,67.46
2025-09-26,HCLTECH,EQ,"1,423.80","1,420.00","1,426.50","1,392.00","1,395.10","1,395.30","1,399.93",2568054,3595094521.8,103184,1876593.0,73.07
2025-09-29,HCLTECH,EQ,"1,395.30","1,397.10","1,402.60","1,383.00","1,388.00","1,387.40","1,389.77",2990852,4156595729.7,104613,2195904.0,73.42
2025-09-30,HCLTECH,EQ,"1,387.40","1,392.10","1,405.00","1,381.90","1,385.90","1,385.10","1,391.55",2782077,3871398044.6,102039,1961127.0,70.49
2025-10-01,HCLTECH,EQ,"1,385.10","1,386.10","1,396.80","1,382.00","1,391.00","1,389.50","1,387.87",2253527,3127607459.9,84091,1438695.0,63.84
2025-10-03,HCLTECH,EQ,"1,389.50","1,396.50","1,399.80","1,380.40","1,392.80","1,393.50","1,389.62",2793839,3882364004.7,83212,1847305.0,66.12
2025-10-06,HCLTECH,EQ,"1,393.50","1,393.50","1,421.00","1,390.80","1,416.90","1,417.70","1,414.89",1970901,2788611506.4,80533,1275851.0,64.73
2025-10-07,HCLTECH,BL,"1,403.00","1,439.00","1,439.00","1,439.00","1,439.00","1,439.00","1,439.00",200818,288977102.0,1,,-
2025-10-08,HCLTECH,EQ,"1,433.40","1,433.20","1,458.70","1,427.20","1,452.50","1,453.20","1,449.94",1735807,2516818477.2,75825,818047.0,47.13
2025-10-09,HCLTECH,EQ,"1,453.20","1,453.20","1,491.10","1,452.50","1,484.50","1,486.50","1,481.66",2681316,3972805972.5,93076,1207654.0,45.04
2025-10-10,HCLTECH,EQ,"1,486.50","1,491.00","1,498.50","1,473.90","1,492.80","1,495.50","1,490.52",2129445,3173972712.6,93770,960347.0,45.10
2025-10-13,HCLTECH,EQ,"1,495.50","1,490.00","1,502.20","1,476.50","1,494.10","1,494.70","1,489.55",1820492,2711717243.1,63174,894373.0,49.13
2025-10-14,HCLTECH,EQ,"1,494.70","1,515.40","1,535.00","1,490.20","1,492.00","1,495.40","1,509.47",5802489,8758711572.1,153143,2040294.0,35.16
2025-10-15,HCLTECH,EQ,"1,495.40","1,497.90","1,509.40","1,486.10","1,496.10","1,495.70","1,497.08",1710696,2561046198.6,86922,899024.0,52.55
2025-10-16,HCLTECH,EQ,"1,495.70","1,499.90","1,519.90","1,498.00","1,514.30","1,515.00","1,512.81",2021043,3057456460.9,82924,1264159.0,62.55
2025-10-17,HCLTECH,EQ,"1,515.00","1,499.00","1,501.30","1,479.20","1,484.90","1,486.20","1,492.04",3210161,4789678562.6,104856,2152928.0,67.07
2025-10-20,HCLTECH,EQ,"1,486.20","1,489.90","1,509.90","1,489.10","1,496.00","1,495.40","1,498.57",2354881,3528962542.7,66924,1470897.0,62.46
2025-10-21,HCLTECH,EQ,"1,495.40","1,502.70","1,503.00","1,481.00","1,486.50","1,486.00","1,490.39",274400,408963318.2,10319,186574.0,68.00
2025-10-23,HCLTECH,EQ,"1,486.00","1,510.00","1,547.50","1,505.50","1,524.90","1,523.90","1,531.37",5011470,7674406767.7,149624,2533689.0,50.56
2025-10-24,HCLTECH,EQ,"1,523.90","1,525.00","1,532.60","1,516.40","1,524.90","1,523.80","1,523.82",1491451,2272701215.8,54165,945961.0,63.43
2025-10-27,HCLTECH,EQ,"1,523.80","1,531.40","1,549.50","1,526.80","1,534.50","1,533.50","1,539.22",1394846,2146971249.6,84284,832393.0,59.68
2025-10-28,HCLTECH,EQ,"1,533.50","1,535.00","1,542.00","1,512.00","1,522.00","1,522.10","1,522.39",1936466,2948058041.5,76051,1119172.0,57.79
2025-10-29,HCLTECH,EQ,"1,522.10","1,530.00","1,559.00","1,522.00","1,556.50","1,557.30","1,549.69",2596355,4023535238.6,71502,1773422.0,68.30
2025-10-30,HCLTECH,EQ,"1,557.30","1,557.70","1,559.90","1,538.10","1,549.90","1,549.80","1,547.65",2183395,3379123069.4,70828,1361115.0,62.34
2025-10-31,HCLTECH,EQ,"1,549.80","1,549.80","1,558.20","1,537.60","1,540.00","1,541.50","1,545.71",1723467,2663984409.2,58952,1107505.0,64.26
2025-11-03,HCLTECH,EQ,"1,541.50","1,540.10","1,549.70","1,528.20","1,544.00","1,543.50","1,540.77",2252136,3470015025.4,54640,1388810.0,61.67
2025-11-04,HCLTECH,EQ,"1,543.50","1,536.40","1,541.90","1,525.00","1,525.00","1,529.10","1,530.36",1666863,2550892564.3,56491,1027164.0,61.62
2025-11-06,HCLTECH,EQ,"1,529.10","1,529.10","1,531.90","1,514.30","1,527.00","1,526.40","1,525.70",2474769,3775746001.7,83301,1582516.0,63.95
2025-11-07,HCLTECH,EQ,"1,526.40","1,515.10","1,518.80","1,490.50","1,511.00","1,512.40","1,508.39",2238714,3376849701.4,69134,1430918.0,63.92
2025-11-10,HCLTECH,EQ,"1,512.40","1,518.00","1,544.90","1,511.40","1,540.00","1,540.50","1,538.01",1558896,2397603291.6,79181,823136.0,52.80
2025-11-11,HCLTECH,EQ,"1,540.50","1,547.80","1,572.50","1,541.20","1,571.50","1,570.00","1,558.43",2270763,3538816232.9,74960,1363854.0,60.06
2025-11-12,HCLTECH,EQ,"1,570.00","1,575.00","1,600.00","1,573.50","1,593.00","1,594.00","1,591.30",2331564,3710213658.8,113539,1477434.0,63.37
2025-11-13,HCLTECH,EQ,"1,594.00","1,599.40","1,605.00","1,580.00","1,597.30","1,598.50","1,596.49",1944022,3103616363.1,76589,1249265.0,64.26
2025-11-14,HCLTECH,EQ,"1,598.50","1,590.00","1,598.00","1,574.10","1,596.90","1,594.60","1,588.33",2543918,4040586657.3,105226,1809622.0,71.14
2025-11-17,HCLTECH,EQ,"1,594.60","1,594.00","1,607.70","1,585.50","1,605.50","1,606.40","1,599.95",2000978,3201465766.6,65072,1427021.0,71.32
2025-11-18,HCLTECH,EQ,"1,606.40","1,604.00","1,604.00","1,590.10","1,592.50","1,595.20","1,595.15",1640123,2616243523.7,52117,1109368.0,67.64
2025-11-19,HCLTECH,EQ,"1,595.20","1,595.30","1,669.50","1,588.60","1,662.00","1,662.60","1,650.37",6342672,10467760788.2,159231,3419711.0,53.92
2025-11-20,HCLTECH,EQ,"1,662.60","1,662.60","1,668.40","1,642.60","1,644.40","1,645.40","1,652.84",2724035,4502400178.9,97466,1710690.0,62.80
2025-11-21,HCLTECH,EQ,"1,645.40","1,636.00","1,643.50","1,606.00","1,608.80","1,608.00","1,622.45",2958835,4800551729.2,81557,2022536.0,68.36
2025-11-24,HCLTECH,EQ,"1,608.00","1,614.30","1,640.00","1,602.90","1,612.00","1,610.40","1,617.14",6392688,10337878943.4,119732,4705091.0,73.60
2025-11-25,HCLTECH,EQ,"1,610.40","1,618.30","1,618.90","1,592.60","1,598.90","1,601.10","1,601.61",2285950,3661209695.5,99411,1608036.0,70.34
2025-11-26,HCLTECH,EQ,"1,601.10","1,601.10","1,627.50","1,601.10","1,620.00","1,617.90","1,618.84",1243303,2012714636.5,71530,700079.0,56.31
2025-11-27,HCLTECH,EQ,"1,617.90","1,619.10","1,633.20","1,614.00","1,630.20","1,629.00","1,625.43",2106176,3423437408.1,61398,1401129.0,66.52
2025-11-28,HCLTECH,EQ,"1,629.00","1,629.00","1,636.90","1,619.00","1,623.80","1,624.20","1,627.54",1841289,2996771288.1,51177,1161817.0,63.10
2025-12-01,HCLTECH,EQ,"1,624.20","1,630.00","1,646.50","1,628.00","1,642.50","1,642.90","1,639.51",2034350,3335341377.1,80611,1418189.0,69.71
2025-12-02,HCLTECH,EQ,"1,642.90","1,651.00","1,652.90","1,624.00","1,634.60","1,635.50","1,635.10",2326220,3803611581.7,77081,1541240.0,66.26
2025-12-03,HCLTECH,EQ,"1,635.50","1,635.50","1,654.60","1,628.80","1,639.20","1,640.50","1,638.68",2371611,3886315623.6,74755,1474264.0,62.16
2025-12-04,HCLTECH,EQ,"1,640.50","1,650.00","1,672.00","1,645.10","1,655.50","1,654.60","1,658.55",3935708,6527574096.4,136665,2220796.0,56.43
2025-12-05,HCLTECH,EQ,"1,654.60","1,662.70","1,691.00","1,651.00","1,681.00","1,683.00","1,679.98",3391204,5697168485.4,69175,2136069.0,62.99
2025-12-08,HCLTECH,EQ,"1,683.00","1,683.00","1,695.40","1,676.90","1,685.00","1,688.60","1,688.85",2702407,4563966285.6,99082,1721389.0,63.70
2025-12-09,HCLTECH,EQ,"1,688.60","1,687.00","1,687.00","1,656.40","1,657.90","1,657.60","1,666.53",2817704,4695782243.5,81151,1793290.0,63.64
2025-12-10,HCLTECH,EQ,"1,657.60","1,663.30","1,671.00","1,657.00","1,665.90","1,666.00","1,664.38",1482249,2467027638.1,62506,938334.0,63.30
2025-12-11,HCLTECH,EQ,"1,666.00","1,667.50","1,677.40","1,649.00","1,672.40","1,672.40","1,666.62",1408684,2347743572.8,57108,781957.0,55.51
2025-12-12,HCLTECH,EQ,"1,672.40","1,677.40","1,677.90","1,660.00","1,670.00","1,673.20","1,669.69",1284337,2144444642.2,44240,843637.0,65.69
2025-12-15,HCLTECH,EQ,"1,673.20","1,673.20","1,688.00","1,660.00","1,686.40","1,684.00","1,681.83",1689723,2841819619.1,67813,1142528.0,67.62
2025-12-16,HCLTECH,EQ,"1,684.00","1,681.00","1,682.00","1,645.40","1,651.80","1,651.70","1,653.45",1929309,3190010112.7,80374,1234129.0,63.97
2025-12-17,HCLTECH,EQ,"1,651.70","1,651.00","1,664.50","1,646.30","1,655.10","1,655.00","1,654.82",1394918,2308338881.1,60273,911322.0,65.33
2025-12-18,HCLTECH,EQ,"1,655.00","1,657.00","1,673.90","1,651.20","1,663.00","1,661.40","1,660.82",1822056,3026099482.7,94524,1062386.0,58.31
2025-12-19,HCLTECH,EQ,"1,661.40","1,675.00","1,681.00","1,632.50","1,641.80","1,642.40","1,644.84",3487150,5735798131.4,105652,2118195.0,60.74
2025-12-22,HCLTECH,EQ,"1,642.40","1,651.90","1,673.50","1,644.00","1,665.00","1,670.30","1,665.51",1339691,2231264930.0,62953,752237.0,56.15
2025-12-23,HCLTECH,EQ,"1,670.30","1,675.10","1,686.90","1,656.20","1,674.80","1,679.90","1,674.59",1614314,2703308179.2,60466,948080.0,58.73
2025-12-24,HCLTECH,EQ,"1,679.90","1,676.00","1,680.00","1,665.10","1,675.50","1,674.70","1,674.72",989858,1657731133.3,48783,594881.0,60.10
2025-12-26,HCLTECH,EQ,"1,674.70","1,668.00","1,676.40","1,650.50","1,661.20","1,660.90","1,660.76",921138,1529784855.2,53805,553166.0,60.05
2025-12-29,HCLTECH,EQ,"1,660.90","1,659.70","1,660.80","1,625.40","1,630.60","1,630.80","1,642.60",1516288,2490651496.0,68600,861939.0,56.85
2025-12-30,HCLTECH,EQ,"1,630.80","1,630.80","1,635.70","1,611.10","1,621.50","1,615.20","1,619.83",3323273,5383130430.8,112154,2279686.0,68.6
2025-12-31,HCLTECH,EQ,"1,615.20","1,624.50","1,631.70","1,616.80","1,620.10","1,623.30","1,624.23",1359963,2208891261.3,44369,831762.0,61.16
2026-01-01,HCLTECH,EQ,"1,623.30","1,622.90","1,645.70","1,618.40","1,632.00","1,634.50","1,636.32",773806,1266196099.8,37755,386921.0,50.0
2026-01-02,HCLTECH,EQ,"1,634.50","1,632.00","1,643.00","1,625.10","1,640.00","1,640.20","1,636.46",950573,1555576603.5,51428,450570.0,47.4
2026-01-05,HCLTECH,EQ,"1,640.20","1,625.00","1,633.50","1,580.10","1,605.00","1,607.60","1,602.85",3245802,5202535373.3,111403,1758734.0,54.18
2026-01-06,HCLTECH,EQ,"1,607.60","1,600.30","1,626.00","1,597.30","1,615.40","1,616.30","1,616.64",2112043,3414422351.7,74528,1367734.0,64.76
2026-01-07,HCLTECH,EQ,"1,616.30","1,620.80","1,654.50","1,616.70","1,654.50","1,647.70","1,638.36",3816569,6252915761.9,119727,2454143.0,64.3
2026-01-08,HCLTECH,EQ,"1,647.70","1,653.30","1,660.60","1,635.40","1,643.00","1,646.70","1,649.47",3266398,5387828055.5,137914,1930804.0,59.11
2026-01-09,HCLTECH,EQ,"1,646.70","1,647.10","1,675.00","1,647.10","1,662.10","1,661.40","1,664.49",3281306,5461702648.9,122218,1916808.0,58.42
2026-01-12,HCLTECH,EQ,"1,661.40","1,659.20","1,677.20","1,641.50","1,667.00","1,667.60","1,657.06",4175707,6919407713.1,92791,2491602.0,59.67
2026-01-13,HCLTECH,EQ,"1,667.60","1,685.00","1,697.60","1,626.00","1,664.00","1,665.00","1,657.40",7149266,11849185678.5,163224,3108155.0,43.48
2026-01-14,HCLTECH,EQ,"1,665.00","1,665.00","1,677.90","1,649.20","1,669.90","1,668.50","1,667.72",2470615,4120285043.9,85398,1660046.0,67.19
2026-01-16,HCLTECH,EQ,"1,668.50","1,670.00","1,700.90","1,664.80","1,696.50","1,698.00","1,690.44",3098089,5237120915.2,113028,1679933.0,54.22
2026-01-19,HCLTECH,EQ,"1,698.00","1,698.00","1,719.00","1,685.10","1,714.20","1,716.80","1,706.84",2087629,3563252131.1,78456,1294148.0,61.99
2026-01-20,HCLTECH,EQ,"1,716.80","1,720.00","1,720.00","1,681.80","1,685.00","1,687.30","1,692.73",1739341,2944230507.2,80668,1000569.0,57.53
2026-01-21,HCLTECH,EQ,"1,687.30","1,687.60","1,694.90","1,668.90","1,680.90","1,682.50","1,678.69",1728435,2901502854.3,92357,961399.0,55.62
2026-01-22,HCLTECH,EQ,"1,682.50","1,690.60","1,709.00","1,681.50","1,700.00","1,703.10","1,696.66",1853439,3144647811.4,85689,1089098.0,58.76
2026-01-23,HCLTECH,EQ,"1,703.10","1,712.70","1,721.00","1,698.80","1,706.60","1,707.00","1,710.03",1874357,3205198154.2,54617,1193066.0,63.65
2026-01-27,HCLTECH,EQ,"1,707.00","1,720.00","1,725.50","1,700.50","1,720.20","1,720.20","1,714.93",2671530,4581497733.6,103569,1534352.0,57.43
2026-01-28,HCLTECH,EQ,"1,720.20","1,705.10","1,734.40","1,691.00","1,722.80","1,729.60","1,719.01",2713867,4665155949.3,79816,1764996.0,65.04
2026-01-29,HCLTECH,EQ,"1,729.60","1,722.80","1,725.00","1,696.10","1,719.90","1,721.60","1,712.49",2235602,3828446965.8,78660,1373855.0,61.45
2026-01-30,HCLTECH,EQ,"1,721.60","1,713.20","1,713.20","1,683.00","1,691.40","1,695.60","1,696.74",4448681,7548272966.6,129782,3119486.0,70.12
2026-02-01,HCLTECH,EQ,"1,695.60","1,692.40","1,710.10","1,613.10","1,674.30","1,666.20","1,673.91",1846014,3090066323.0,88087,603182.0,32.67
2026-02-02,HCLTECH,EQ,"1,666.20","1,670.00","1,688.50","1,653.60","1,675.00","1,676.80","1,674.91",1916380,3209755549.5,85140,1123190.0,58.61
2026-02-03,HCLTECH,EQ,"1,676.80","1,780.00","1,780.10","1,689.10","1,692.20","1,695.30","1,712.72",3200948,5482320734.5,110557,1895809.0,59.23
2026-02-04,HCLTECH,EQ,"1,695.30","1,642.00","1,645.00","1,586.00","1,617.60","1,621.80","1,609.09",5834470,9388178234.0,227405,3467098.0,59.42
2026-02-05,HCLTECH,EQ,"1,621.80","1,613.70","1,631.80","1,600.20","1,607.40","1,610.00","1,612.10",3184531,5133797457.8,152717,1890115.0,59.35
2026-02-06,HCLTECH,EQ,"1,610.00","1,612.00","1,612.00","1,574.10","1,592.60","1,593.70","1,592.41",3342992,5323408036.6,145738,2125052.0,63.57
2026-02-09,HCLTECH,EQ,"1,593.70","1,600.40","1,619.90","1,594.40","1,595.10","1,602.00","1,601.57",1863558,2984621931.3,63524,1305446.0,70.05
2026-02-10,HCLTECH,EQ,"1,602.00","1,595.00","1,602.40","1,567.80","1,569.50","1,573.10","1,586.43",3234785,5131770634.1,101563,2105729.0,65.1
2026-02-11,HCLTECH,EQ,"1,573.10","1,574.00","1,578.10","1,546.10","1,549.00","1,551.60","1,556.12",2944646,4582231790.7,146047,1885739.0,64.04
2026-02-12,HCLTECH,EQ,"1,551.60","1,529.00","1,535.00","1,469.50","1,470.90","1,476.10","1,492.68",5397659,8057003574.6,282325,3098753.0,57.41
2026-02-13,HCLTECH,EQ,"1,476.10","1,423.00","1,476.80","1,396.00","1,458.00","1,455.20","1,439.36",7214938,10384873283.3,258495,3634405.0,50.37
2026-02-16,HCLTECH,EQ,"1,455.20","1,451.10","1,467.00","1,446.80","1,465.60","1,461.80","1,456.22",2388700,3478478232.4,100918,1384394.0,57.96
2026-02-17,HCLTECH,EQ,"1,461.80","1,464.00","1,510.70","1,458.00","1,483.70","1,482.60","1,490.04",2840341,4232226281.3,87279,1281453.0,45.12
2026-02-18,HCLTECH,EQ,"1,482.60","1,483.20","1,483.20","1,443.40","1,464.90","1,467.20","1,462.49",2036245,2977989599.6,68672,1101059.0,54.07
2026-02-19,HCLTECH,EQ,"1,467.20","1,470.00","1,501.80","1,443.00","1,452.30","1,450.40","1,473.32",2397127,3531742519.9,85422,1064022.0,44.39
2026-02-20,HCLTECH,EQ,"1,450.40","1,443.00","1,455.00","1,431.00","1,438.80","1,436.50","1,441.10",2392491,3447829192.3,66868,1426951.0,59.64
2026-02-23,HCLTECH,EQ,"1,436.50","1,438.20","1,441.60","1,415.50","1,425.00","1,426.20","1,427.48",2629763,3753943985.1,75977,1579000.0,60.04
2026-02-24,HCLTECH,EQ,"1,426.20","1,402.30","1,406.70","1,322.50","1,343.00","1,339.20","1,346.66",10004684,13472934540.5,262757,5583981.0,55.81
2026-02-25,HCLTECH,EQ,"1,339.20","1,355.00","1,391.40","1,354.00","1,375.90","1,378.20","1,379.33",5703505,7866989822.4,119569,3411861.0,59.82
2026-02-26,HCLTECH,EQ,"1,378.20","1,391.00","1,405.00","1,368.00","1,373.00","1,373.50","1,383.22",2329520,3222234403.1,125163,1015695.0,43.6
2026-02-27,HCLTECH,EQ,"1,373.50","1,398.00","1,404.80","1,382.00","1,382.00","1,389.10","1,390.09",8651443,12026316595.1,162388,6447547.0,74.53
2026-03-02,HCLTECH,EQ,"1,389.10","1,351.00","1,386.00","1,350.00","1,370.80","1,371.00","1,369.50",2088938,2860802041.6,108564,889845.0,42.6
2026-03-04,HCLTECH,EQ,"1,371.00","1,356.00","1,382.00","1,356.00","1,364.00","1,364.00","1,367.86",3161598,4324610721.3,151012,1880428.0,59.48
2026-03-05,HCLTECH,EQ,"1,364.00","1,378.20","1,378.20","1,332.50","1,355.70","1,354.10","1,346.61",2217963,2986738309.2,131063,1078525.0,48.63
2026-03-06,HCLTECH,EQ,"1,354.10","1,356.00","1,380.80","1,354.20","1,358.00","1,356.70","1,364.05",1871596,2552957099.2,74907,1053576.0,56.29
2026-03-09,HCLTECH,EQ,"1,356.70","1,330.00","1,372.70","1,328.00","1,362.40","1,358.60","1,355.54",2256550,3058842317.9,110627,1080613.0,47.89
2026-03-10,HCLTECH,EQ,"1,358.60","1,361.00","1,364.40","1,345.00","1,362.50","1,361.50","1,356.02",1671877,2267103442.2,88793,924421.0,55.29
2026-03-11,HCLTECH,EQ,"1,361.50","1,367.20","1,376.00","1,346.90","1,350.60","1,350.30","1,355.40",1837000,2489870483.0,92591,1185972.0,64.56
2026-03-12,HCLTECH,EQ,"1,350.30","1,350.00","1,363.40","1,341.00","1,357.00","1,358.10","1,355.47",2616965,3547225863.1,125512,1616687.0,61.78
2026-03-13,HCLTECH,EQ,"1,358.10","1,350.00","1,356.70","1,321.00","1,329.10","1,325.40","1,336.25",2190786,2927429024.8,97539,1407589.0,64.25
2026-03-16,HCLTECH,EQ,"1,325.40","1,312.80","1,337.70","1,302.40","1,328.30","1,328.60","1,322.95",3618375,4786935170.6,125684,2263105.0,62.54
2026-03-17,HCLTECH,EQ,"1,328.60","1,328.60","1,328.60","1,297.70","1,320.80","1,321.10","1,318.68",2285672,3014068844.4,109302,1307984.0,57.23
2026-03-18,HCLTECH,EQ,"1,321.10","1,326.50","1,378.40","1,326.50","1,358.00","1,357.20","1,362.83",2564106,3494441703.8,142744,1392122.0,54.29
2026-03-19,HCLTECH,EQ,"1,357.20","1,341.40","1,354.20","1,309.20","1,318.00","1,311.80","1,325.85",1663249,2205217342.8,98485,946909.0,56.93
2026-03-20,HCLTECH,EQ,"1,311.80","1,334.90","1,352.50","1,328.90","1,339.90","1,333.70","1,337.81",5050431,6756539286.1,144232,3215584.0,63.67
2026-03-23,HCLTECH,EQ,"1,333.70","1,314.80","1,365.00","1,310.00","1,357.10","1,358.60","1,352.36",5166409,6986833334.7,173461,2384879.0,46.16
2026-03-24,HCLTECH,EQ,"1,358.60","1,380.00","1,394.00","1,360.00","1,375.00","1,373.30","1,378.06",3555664,4899927997.3,117264,1751248.0,49.25
2026-03-25,HCLTECH,EQ,"1,373.30","1,348.00","1,411.40","1,348.00","1,385.60","1,381.30","1,383.83",4167275,5766802478.8,215488,2252380.0,54.05
2026-03-27,HCLTECH,EQ,"1,381.30","1,377.00","1,407.40","1,359.80","1,360.10","1,364.40","1,376.50",8956139,12328167695.8,195122,6072450.0,67.8
2026-03-30,HCLTECH,EQ,"1,364.40","1,350.00","1,359.20","1,336.20","1,345.10","1,341.60","1,345.87",5541018,7457495502.0,115344,3391943.0,61.22
2026-04-01,HCLTECH,EQ,"1,341.60","1,399.70","1,399.70","1,349.00","1,356.00","1,354.40","1,367.96",2469237,3377810450.8,105006,1392371.0,56.39
2026-04-02,HCLTECH,EQ,"1,354.40","1,347.00","1,412.80","1,341.20","1,395.00","1,402.20","1,384.54",6509389,9012495302.3,156129,3065773.0,47.1
2026-04-06,HCLTECH,EQ,"1,402.20","1,397.00","1,422.30","1,394.10","1,400.00","1,403.30","1,406.71",2134581,3002730845.6,89590,892905.0,41.83
2026-04-07,HCLTECH,EQ,"1,403.30","1,391.00","1,446.50","1,388.10","1,440.50","1,441.60","1,435.93",3459049,4966967193.8,130355,1578866.0,45.64
2026-04-08,HCLTECH,EQ,"1,441.60","1,449.90","1,466.00","1,431.90","1,453.90","1,461.00","1,450.32",4239052,6147986493.0,176059,2307919.0,54.44
2026-04-09,HCLTECH,EQ,"1,461.00","1,458.90","1,469.00","1,436.00","1,465.80","1,464.90","1,453.12",3101205,4506426555.8,122283,1723538.0,55.58
2026-04-10,HCLTECH,EQ,"1,464.90","1,452.00","1,457.60","1,421.10","1,451.00","1,451.20","1,438.64",3450066,4963415693.4,227938,1988724.0,57.64
2026-04-13,HCLTECH,EQ,"1,451.20","1,441.00","1,447.80","1,417.50","1,428.50","1,429.40","1,427.35",2252652,3215316491.6,106276,1168901.0,51.89
2026-04-15,HCLTECH,EQ,"1,429.40","1,445.00","1,474.90","1,437.10","1,450.30","1,451.30","1,450.85",3993858,5794470556.2,125253,2295626.0,57.48
2026-04-16,HCLTECH,EQ,"1,451.30","1,460.00","1,468.70","1,435.10","1,448.50","1,450.20","1,446.11",5229848,7562935607.2,152645,2961588.0,56.63
2026-04-17,HCLTECH,EQ,"1,450.20","1,443.30","1,458.00","1,430.00","1,443.00","1,442.30","1,438.28",3319268,4774045020.3,104096,1852702.0,55.82
2026-04-20,HCLTECH,EQ,"1,442.30","1,445.90","1,451.90","1,424.00","1,424.40","1,428.30","1,434.33",2352656,3374486762.1,99253,1240988.0,52.75
2026-04-21,HCLTECH,EQ,"1,428.30","1,430.00","1,455.00","1,422.40","1,439.00","1,441.20","1,440.59",3091487,4453559346.0,96067,1754233.0,56.74
2026-04-22,HCLTECH,EQ,"1,441.20","1,345.00","1,358.00","1,281.00","1,286.40","1,285.30","1,304.43",33066256,43132618848.4,685701,14960919.0,45.25
2026-04-23,HCLTECH,EQ,"1,285.30","1,290.00","1,294.30","1,272.00","1,276.20","1,277.60","1,279.21",8304759,10623555874.3,210855,3992294.0,48.07
2026-04-24,HCLTECH,EQ,"1,277.60","1,264.40","1,264.80","1,198.10","1,202.50","1,203.20","1,217.49",10903519,13274909643.6,340026,4967012.0,45.55
2026-04-27,HCLTECH,EQ,"1,203.20","1,209.00","1,232.00","1,201.00","1,230.20","1,228.20","1,218.15",6066942,7390475443.7,197227,3011825.0,49.64
2026-04-28,HCLTECH,EQ,"1,228.20","1,227.90","1,232.70","1,192.30","1,199.80","1,196.00","1,202.59",6643295,7989144451.3,147386,3979377.0,59.9
2026-04-29,HCLTECH,EQ,"1,196.00","1,200.00","1,210.80","1,192.10","1,198.00","1,200.20","1,202.38",4777201,5743997313.8,128407,2472024.0,51.75
2026-04-30,HCLTECH,EQ,"1,200.20","1,200.00","1,213.70","1,184.00","1,201.40","1,199.10","1,200.95",5070033,6088837497.7,127757,2700518.0,53.26
2026-05-04,HCLTECH,EQ,"1,199.10","1,208.00","1,213.50","1,191.40","1,200.00","1,200.50","1,199.30",3318673,3980081359.6,120491,1639631.0,49.41
2026-05-05,HCLTECH,EQ,"1,200.50","1,200.00","1,205.40","1,190.00","1,200.30","1,200.20","1,199.40",2459953,2950467173.2,100748,1257250.0,51.11
2026-05-06,HCLTECH,EQ,"1,200.20","1,208.00","1,212.00","1,186.40","1,190.90","1,189.10","1,194.87",3541520,4231660348.1,89971,1900079.0,53.65
2026-05-07,HCLTECH,EQ,"1,189.10","1,195.00","1,196.00","1,181.10","1,182.40","1,183.40","1,185.93",3725309,4417958582.6,94392,2016234.0,54.12
2026-05-08,HCLTECH,EQ,"1,183.40","1,179.80","1,202.80","1,176.80","1,199.00","1,198.40","1,194.90",2813749,3362135322.5,79508,1451556.0,51.59
2026-05-11,HCLTECH,EQ,"1,198.40","1,196.90","1,206.30","1,191.10","1,195.00","1,194.90","1,200.25",2505962,3007773889.2,95624,1302335.0,51.97
2026-05-12,HCLTECH,EQ,"1,194.90","1,183.00","1,184.00","1,142.60","1,147.00","1,145.80","1,154.12",3959561,4569791458.0,127002,1935224.0,48.87
2026-05-13,HCLTECH,EQ,"1,145.80","1,146.30","1,154.60","1,137.10","1,145.00","1,143.20","1,145.70",2635034,3018964420.8,82384,1496507.0,56.79
2026-05-14,HCLTECH,EQ,"1,143.20","1,139.00","1,143.20","1,103.40","1,123.90","1,124.00","1,119.60",5837032,6535136410.0,150084,2536154.0,43.45
2026-05-15,HCLTECH,EQ,"1,124.00","1,121.90","1,152.00","1,121.80","1,131.00","1,132.60","1,136.80",3729249,4239413697.9,70408,1760041.0,47.2
2026-05-18,HCLTECH,EQ,"1,132.60","1,129.00","1,149.50","1,121.40","1,146.50","1,146.60","1,138.54",2588569,2947180022.0,98631,1185393.0,45.79
