Date,"ï»¿""Symbol""",Series,PrevClose,OpenPrice,HighPrice,LowPrice,LastPrice,ClosePrice,AveragePrice,TotalTradedQuantity,TurnoverInRs,No.ofTrades,DeliverableQty,%DlyQttoTradedQty
2016-05-19,M&M,EQ,"1,326.00","1,326.00","1,329.30","1,305.50","1,305.50","1,311.05","1,320.82",655804,866202174.05,12946,482707.0,73.61
2016-05-20,M&M,EQ,"1,311.05","1,312.80","1,322.05","1,288.30","1,296.95","1,293.10","1,310.25",779047,1020743995.25,18111,600830.0,77.12
2016-05-23,M&M,EQ,"1,293.10","1,301.00","1,301.05","1,280.15","1,286.00","1,284.95","1,290.47",366074,472408676.65,15197,141349.0,38.61
2016-05-24,M&M,EQ,"1,284.95","1,271.75","1,302.90","1,259.25","1,289.00","1,294.80","1,288.19",695522,895967608.6,42885,296812.0,42.67
2016-05-25,M&M,EQ,"1,294.80","1,301.90","1,318.00","1,300.00","1,314.00","1,311.75","1,309.66",877614,1149372674.25,17550,565529.0,64.44
2016-05-26,M&M,EQ,"1,311.75","1,317.95","1,349.95","1,306.00","1,337.30","1,339.10","1,331.92",1406410,1873223396.85,54701,1009881.0,71.81
2016-05-27,M&M,EQ,"1,339.10","1,339.00","1,362.00","1,327.55","1,334.00","1,333.70","1,341.36",736776,988278939.25,37409,350616.0,47.59
2016-05-30,M&M,EQ,"1,333.70","1,334.00","1,351.70","1,312.80","1,329.60","1,330.85","1,333.53",2412447,3217063093.55,72987,715088.0,29.64
2016-05-31,M&M,EQ,"1,330.85","1,334.70","1,345.30","1,314.25","1,324.00","1,322.30","1,324.18",1478893,1958316584.65,49885,1068127.0,72.22
2016-06-01,M&M,EQ,"1,322.30","1,329.00","1,349.00","1,326.25","1,333.50","1,333.75","1,337.82",945217,1264528678.45,34649,447706.0,47.37
2016-06-02,M&M,EQ,"1,333.75","1,342.00","1,345.85","1,330.60","1,332.00","1,333.25","1,335.90",761985,1017938234.5,35337,518546.0,68.05
2016-06-03,M&M,EQ,"1,333.25","1,345.00","1,358.60","1,342.75","1,353.00","1,354.20","1,351.85",1688254,2282267959.9,42915,1214951.0,71.96
2016-06-06,M&M,EQ,"1,354.20","1,362.50","1,386.60","1,361.05","1,369.50","1,369.70","1,375.65",1217362,1674665486.55,47351,752028.0,61.78
2016-06-07,M&M,EQ,"1,369.70","1,375.00","1,386.95","1,373.00","1,378.50","1,377.95","1,379.52",1764547,2434221518.05,46567,1411399.0,79.99
2016-06-08,M&M,EQ,"1,377.95","1,379.95","1,398.00","1,379.95","1,383.00","1,386.30","1,387.61",1133281,1572553117.05,39737,793596.0,70.03
2016-06-09,M&M,EQ,"1,386.30","1,383.00","1,393.20","1,365.20","1,367.10","1,373.40","1,382.54",693334,958564386.45,23352,403025.0,58.13
2016-06-10,M&M,EQ,"1,373.40","1,368.75","1,404.90","1,363.55","1,375.20","1,375.85","1,390.49",1417540,1971075901.5,45684,856756.0,60.44
2016-06-13,M&M,EQ,"1,375.85","1,358.25","1,376.50","1,335.25","1,352.00","1,357.35","1,361.39",1190433,1620647270.05,50656,684858.0,57.53
2016-06-14,M&M,EQ,"1,357.35","1,361.00","1,366.85","1,349.10","1,353.50","1,355.60","1,357.32",587453,797359905.2,25209,391607.0,66.66
2016-06-15,M&M,EQ,"1,355.60","1,358.00","1,368.80","1,350.20","1,353.40","1,355.55","1,355.91",682796,925807900.45,18907,489270.0,71.66
2016-06-16,M&M,EQ,"1,355.55","1,357.00","1,364.20","1,339.20","1,342.00","1,343.95","1,345.28",999467,1344563541.5,25791,647558.0,64.79
2016-06-17,M&M,EQ,"1,343.95","1,350.30","1,359.80","1,339.20","1,344.05","1,344.00","1,349.18",965815,1303062640.4,58809,719693.0,74.52
2016-06-20,M&M,EQ,"1,344.00","1,340.05","1,354.00","1,330.05","1,349.15","1,350.85","1,349.58",1072024,1446784880.05,46347,779727.0,72.73
2016-06-21,M&M,EQ,"1,350.85","1,354.80","1,371.60","1,354.80","1,366.00","1,366.85","1,366.51",993252,1357292233.35,28971,607825.0,61.2
2016-06-22,M&M,EQ,"1,366.85","1,365.80","1,380.75","1,349.10","1,358.00","1,359.50","1,366.20",609326,832461275.6,19064,359690.0,59.03
2016-06-23,M&M,EQ,"1,359.50","1,362.85","1,380.05","1,358.50","1,375.00","1,374.75","1,367.21",999417,1366413136.6,56825,714096.0,71.45
2016-06-24,M&M,EQ,"1,374.75","1,338.00","1,397.80","1,315.00","1,383.00","1,388.90","1,353.49",1384474,1873872451.8,53629,653769.0,47.22
2016-06-27,M&M,EQ,"1,388.90","1,395.15","1,401.30","1,378.00","1,388.00","1,391.80","1,391.51",873248,1215133120.2,39710,508851.0,58.27
2016-06-28,M&M,EQ,"1,391.80","1,390.10","1,414.00","1,386.90","1,409.10","1,408.60","1,397.65",1005490,1405320560.35,56614,585610.0,58.24
2016-06-29,M&M,EQ,"1,408.60","1,414.50","1,425.85","1,408.00","1,418.05","1,417.75","1,417.94",1055961,1497293696.45,50741,677315.0,64.14
2016-06-30,M&M,EQ,"1,417.75","1,431.00","1,437.00","1,415.50","1,428.00","1,429.95","1,428.62",2347089,3353097575.05,73585,1686579.0,71.86
2016-07-01,M&M,EQ,"1,429.95","1,433.00","1,474.90","1,432.50","1,461.00","1,463.10","1,451.28",1164931,1690636771.25,41909,520040.0,44.64
2016-07-04,M&M,EQ,"1,463.10","1,472.70","1,477.45","1,452.45","1,463.50","1,465.40","1,464.95",864248,1266081926.55,27700,521909.0,60.39
2016-07-05,M&M,EQ,"1,465.40","1,472.70","1,484.00","1,455.30","1,455.30","1,459.70","1,464.47",485055,710350310.75,21099,218530.0,45.05
2016-07-07,M&M,EQ,"1,459.70","1,455.00","1,469.70","1,450.00","1,454.00","1,456.80","1,459.68",798891,1166122696.85,33892,583731.0,73.07
2016-07-08,M&M,EQ,"1,456.80","1,455.90","1,465.50","1,447.05","1,454.00","1,453.45","1,456.15",714249,1040057006.35,40174,448608.0,62.81
2016-07-11,M&M,EQ,"1,453.45","1,467.95","1,479.60","1,461.00","1,468.50","1,471.95","1,470.72",658300,968177165.5,31700,459245.0,69.76
2016-07-12,M&M,EQ,"1,471.95","1,473.25","1,480.30","1,470.05","1,473.90","1,475.15","1,475.01",470474,693953132.9,37132,300551.0,63.88
2016-07-13,M&M,EQ,"1,475.15","1,474.00","1,480.00","1,460.25","1,461.70","1,464.45","1,470.83",752671,1107053766.8,36621,528291.0,70.19
2016-07-14,M&M,EQ,"1,464.45","1,455.55","1,461.05","1,429.65","1,447.65","1,447.25","1,443.73",916311,1322907620.0,24041,669322.0,73.05
2016-07-15,M&M,EQ,"1,447.25","1,457.90","1,485.20","1,449.10","1,463.00","1,464.80","1,470.93",1260576,1854217414.1,48521,846421.0,67.15
2016-07-18,M&M,EQ,"1,464.80","1,470.00","1,481.70","1,463.50","1,468.00","1,468.70","1,470.84",737252,1084377257.25,33518,485408.0,65.84
2016-07-19,M&M,EQ,"1,468.70","1,468.20","1,475.00","1,443.20","1,462.00","1,456.60","1,453.40",696059,1011650731.75,34752,496077.0,71.27
2016-07-20,M&M,EQ,"1,456.60","1,464.00","1,471.75","1,458.10","1,461.20","1,461.40","1,463.95",722534,1057751154.45,23645,580888.0,80.4
2016-07-21,M&M,EQ,"1,461.40","1,452.00","1,455.90","1,429.05","1,436.10","1,434.85","1,442.78",1245976,1797666317.45,39540,996496.0,79.98
2016-07-22,M&M,EQ,"1,434.85","1,437.00","1,446.65","1,436.60","1,439.00","1,440.55","1,443.06",1016863,1467396233.45,16098,851126.0,83.7
2016-07-25,M&M,EQ,"1,440.55","1,440.00","1,468.40","1,438.25","1,463.50","1,463.65","1,452.32",959806,1393948219.6,27007,725221.0,75.56
2016-07-26,M&M,EQ,"1,463.65","1,468.00","1,469.70","1,444.20","1,446.60","1,448.95","1,463.48",1002274,1466810199.8,29840,718935.0,71.73
2016-07-27,M&M,EQ,"1,448.95","1,450.55","1,463.85","1,436.00","1,450.00","1,453.80","1,452.45",671284,975006151.7,32846,479837.0,71.48
2016-07-28,M&M,EQ,"1,453.80","1,463.00","1,463.00","1,446.15","1,448.05","1,452.50","1,455.54",1529796,2226676571.4,35347,1074571.0,70.24
2016-07-29,M&M,EQ,"1,452.50","1,454.00","1,479.90","1,452.50","1,467.05","1,466.75","1,469.30",1892251,2780277697.7,39029,1498514.0,79.19
2016-08-01,M&M,EQ,"1,466.75","1,472.90","1,493.75","1,456.05","1,472.00","1,470.15","1,477.93",1278011,1888808485.5,29982,795468.0,62.24
2016-08-02,M&M,EQ,"1,470.15","1,480.00","1,488.70","1,451.90","1,454.05","1,457.95","1,472.37",749424,1103429217.2,33130,429180.0,57.27
2016-08-03,M&M,EQ,"1,457.95","1,461.70","1,469.90","1,440.60","1,444.00","1,446.50","1,453.13",672513,977250385.3,21484,398082.0,59.19
2016-08-04,M&M,EQ,"1,446.50","1,459.80","1,464.80","1,431.10","1,439.05","1,435.70","1,442.96",680897,982503818.35,25357,407755.0,59.88
2016-08-05,M&M,EQ,"1,435.70","1,444.50","1,490.00","1,444.00","1,487.10","1,484.00","1,465.34",935388,1370664538.3,27920,623328.0,66.64
2016-08-08,M&M,EQ,"1,484.00","1,495.00","1,505.25","1,473.75","1,495.30","1,497.85","1,492.30",1780007,2656311434.7,40661,1203977.0,67.64
2016-08-09,M&M,EQ,"1,497.85","1,507.00","1,508.95","1,467.90","1,478.65","1,480.75","1,484.97",773418,1148503128.75,23292,441552.0,57.09
2016-08-10,M&M,EQ,"1,480.75","1,489.00","1,494.00","1,435.00","1,446.70","1,449.15","1,460.37",3301028,4820734820.45,91055,1156340.0,35.03
2016-08-11,M&M,EQ,"1,449.15","1,445.20","1,452.70","1,411.00","1,422.00","1,421.60","1,424.52",1672126,2381976354.2,48611,937833.0,56.09
2016-08-12,M&M,EQ,"1,421.60","1,428.00","1,477.00","1,424.05","1,446.65","1,450.85","1,449.41",1924274,2789062210.4,62666,834646.0,43.37
2016-08-16,M&M,EQ,"1,450.85","1,452.25","1,461.35","1,431.35","1,441.00","1,443.65","1,446.99",1508994,2183502344.8,63714,1030927.0,68.32
2016-08-17,M&M,EQ,"1,443.65","1,443.65","1,456.45","1,435.65","1,449.80","1,450.50","1,449.86",590552,856216754.0,35825,356220.0,60.32
2016-08-18,M&M,EQ,"1,450.50","1,456.10","1,467.45","1,452.75","1,457.20","1,460.25","1,462.30",685983,1003115904.9,28639,415108.0,60.51
2016-08-19,M&M,EQ,"1,460.25","1,462.00","1,468.40","1,451.60","1,453.55","1,458.95","1,460.28",763937,1115562372.45,28505,507807.0,66.47
2016-08-22,M&M,EQ,"1,458.95","1,460.40","1,461.95","1,435.05","1,441.85","1,443.55","1,445.84",603975,873251461.35,21406,390441.0,64.65
2016-08-23,M&M,EQ,"1,443.55","1,447.90","1,448.75","1,431.00","1,438.00","1,442.70","1,440.66",450412,648892385.1,23556,234922.0,52.16
2016-08-24,M&M,EQ,"1,442.70","1,442.85","1,451.60","1,432.20","1,432.20","1,434.85","1,442.68",501519,723529810.75,14110,315777.0,62.96
2016-08-25,M&M,EQ,"1,434.85","1,445.00","1,445.00","1,408.00","1,412.00","1,413.85","1,427.35",982787,1402785916.35,20635,573507.0,58.36
2016-08-26,M&M,EQ,"1,413.85","1,418.90","1,432.25","1,415.20","1,427.00","1,424.85","1,422.85",668050,950535308.7,49230,367963.0,55.08
2016-08-29,M&M,EQ,"1,424.85","1,428.00","1,428.80","1,413.50","1,421.95","1,422.40","1,421.73",556511,791205826.9,37462,387450.0,69.62
2016-08-30,M&M,EQ,"1,422.40","1,427.95","1,438.95","1,425.00","1,436.00","1,436.00","1,432.38",1360032,1948077586.3,29064,1110807.0,81.68
2016-08-31,M&M,EQ,"1,436.00","1,442.00","1,448.35","1,430.45","1,440.65","1,436.60","1,440.15",1293769,1863216240.15,60384,974791.0,75.35
2016-09-01,M&M,EQ,"1,436.60","1,439.00","1,465.00","1,438.05","1,458.00","1,453.55","1,455.59",1165665,1696728855.9,42473,690144.0,59.21
2016-09-02,M&M,EQ,"1,453.55","1,460.00","1,476.00","1,435.60","1,469.00","1,473.60","1,461.78",1408316,2058654253.0,37653,889636.0,63.17
2016-09-06,M&M,EQ,"1,473.60","1,480.00","1,495.00","1,479.10","1,490.00","1,489.85","1,488.85",1150021,1712204723.7,54484,698341.0,60.72
2016-09-07,M&M,EQ,"1,489.85","1,495.00","1,500.00","1,480.75","1,489.25","1,488.75","1,491.88",970188,1447405037.7,69960,659116.0,67.94
2016-09-08,M&M,EQ,"1,488.75","1,494.00","1,500.00","1,482.55","1,490.10","1,492.10","1,494.18",860713,1286057704.3,50986,556911.0,64.7
2016-09-09,M&M,EQ,"1,492.10","1,494.05","1,497.00","1,460.90","1,475.00","1,472.45","1,473.65",649079,956512905.25,34173,380104.0,58.56
2016-09-12,M&M,EQ,"1,472.45","1,456.50","1,458.00","1,416.00","1,424.90","1,425.95","1,426.72",687478,980838436.9,52186,449237.0,65.35
2016-09-14,M&M,EQ,"1,425.95","1,432.40","1,432.40","1,405.80","1,414.35","1,411.55","1,417.57",1142061,1618950610.8,47720,733812.0,64.25
2016-09-15,M&M,EQ,"1,411.55","1,418.90","1,423.10","1,395.55","1,405.70","1,406.25","1,405.94",682836,960028571.2,23740,417841.0,61.19
2016-09-16,M&M,EQ,"1,406.25","1,412.00","1,431.20","1,401.05","1,411.80","1,406.65","1,413.93",774423,1094981124.0,28706,502195.0,64.85
2016-09-19,M&M,EQ,"1,406.65","1,417.90","1,429.50","1,407.00","1,418.00","1,417.00","1,420.68",553728,786667878.45,18582,304270.0,54.95
2016-09-20,M&M,EQ,"1,417.00","1,423.00","1,426.65","1,405.50","1,409.00","1,409.85","1,411.14",613237,865361642.1,25895,407208.0,66.4
2016-09-21,M&M,EQ,"1,409.85","1,408.00","1,425.95","1,401.20","1,404.00","1,406.90","1,413.83",1047587,1481107336.35,40624,715489.0,68.3
2016-09-22,M&M,EQ,"1,406.90","1,420.00","1,422.50","1,408.20","1,415.00","1,413.60","1,414.41",968035,1369196214.05,46736,641162.0,66.23
2016-09-23,M&M,EQ,"1,413.60","1,418.90","1,427.00","1,407.05","1,411.80","1,410.10","1,418.67",736383,1044685116.8,29367,464719.0,63.11
2016-09-26,M&M,EQ,"1,410.10","1,410.10","1,410.10","1,376.00","1,377.75","1,380.20","1,386.50",890593,1234803050.05,42088,593923.0,66.69
2016-09-27,M&M,EQ,"1,380.20","1,380.00","1,390.75","1,368.65","1,371.90","1,371.70","1,381.02",979381,1352541234.9,57217,631696.0,64.5
2016-09-28,M&M,EQ,"1,371.70","1,375.65","1,389.90","1,370.00","1,384.50","1,376.75","1,376.03",1042651,1434723217.5,25345,772980.0,74.14
2016-09-29,M&M,EQ,"1,376.75","1,386.90","1,415.95","1,358.35","1,374.00","1,364.40","1,384.35",2635103,3647917222.05,65019,1364608.0,51.79
2016-09-30,M&M,EQ,"1,364.40","1,370.50","1,415.35","1,350.00","1,404.00","1,405.70","1,388.75",1068875,1484397755.55,41643,573844.0,53.69
2016-10-03,M&M,EQ,"1,405.70","1,413.00","1,452.00","1,400.05","1,445.15","1,443.85","1,441.73",1801610,2597430566.75,45605,990161.0,54.96
2016-10-04,M&M,EQ,"1,443.85","1,450.50","1,454.75","1,411.00","1,414.00","1,415.35","1,427.99",1583938,2261850973.7,45157,1077544.0,68.03
2016-10-05,M&M,EQ,"1,415.35","1,425.90","1,425.90","1,394.80","1,395.90","1,399.20","1,401.11",1150299,1611699609.1,30400,811162.0,70.52
2016-10-06,M&M,EQ,"1,399.20","1,407.90","1,407.90","1,365.50","1,374.00","1,372.90","1,382.35",1063811,1470555146.7,47094,680514.0,63.97
2016-10-07,M&M,EQ,"1,372.90","1,375.00","1,388.00","1,370.00","1,370.80","1,374.00","1,376.40",687365,946091287.9,27503,376775.0,54.81
2016-10-10,M&M,EQ,"1,374.00","1,378.10","1,388.00","1,374.95","1,378.00","1,376.90","1,380.46",364693,503444047.8,12466,196955.0,54.01
2016-10-13,M&M,EQ,"1,376.90","1,360.05","1,384.90","1,353.00","1,369.00","1,369.75","1,370.34",827113,1133427845.95,60766,500643.0,60.53
2016-10-14,M&M,EQ,"1,369.75","1,377.00","1,377.00","1,353.10","1,358.00","1,357.10","1,362.48",797923,1087152925.6,44100,507837.0,63.64
2016-10-17,M&M,EQ,"1,357.10","1,359.70","1,360.40","1,308.05","1,316.00","1,313.10","1,326.33",932761,1237152790.4,67432,512166.0,54.91
2016-10-18,M&M,EQ,"1,313.10","1,320.40","1,334.90","1,317.55","1,333.00","1,333.35","1,325.16",788484,1044864185.0,56849,469191.0,59.51
2016-10-19,M&M,EQ,"1,333.35","1,338.70","1,338.70","1,312.05","1,326.60","1,327.90","1,322.66",1155301,1528066335.15,43920,658469.0,57.0
2016-10-20,M&M,EQ,"1,327.90","1,330.00","1,343.70","1,323.00","1,324.10","1,327.40","1,331.55",520128,692577887.6,20995,288774.0,55.52
2016-10-21,M&M,EQ,"1,327.40","1,326.90","1,330.00","1,320.40","1,325.90","1,326.75","1,326.17",406448,539019908.7,26676,256924.0,63.21
2016-10-24,M&M,EQ,"1,326.75","1,328.50","1,343.20","1,320.35","1,339.00","1,339.25","1,334.55",889305,1186826163.15,33188,593734.0,66.76
2016-10-25,M&M,EQ,"1,339.25","1,340.00","1,340.85","1,299.30","1,304.00","1,303.90","1,311.48",1452754,1905251773.6,58380,1068999.0,73.58
2016-10-26,M&M,EQ,"1,303.90","1,300.10","1,325.00","1,292.65","1,313.60","1,308.95","1,314.45",625272,821886858.3,27287,276456.0,44.21
2016-10-27,M&M,EQ,"1,308.95","1,310.00","1,316.10","1,293.00","1,295.30","1,299.75","1,301.10",954282,1241612268.9,43999,591978.0,62.03
2016-10-28,M&M,EQ,"1,299.75","1,298.00","1,314.85","1,290.00","1,314.20","1,311.80","1,307.26",749008,979144858.4,25531,445227.0,59.44
2016-10-30,M&M,EQ,"1,311.80","1,313.00","1,325.00","1,311.00","1,313.95","1,317.00","1,317.41",84411,111204217.8,2748,41885.0,49.62
2016-11-01,M&M,EQ,"1,317.00","1,320.90","1,337.80","1,304.00","1,325.00","1,326.35","1,329.96",927448,1233470040.7,30101,541140.0,58.35
2016-11-02,M&M,EQ,"1,326.35","1,319.00","1,386.50","1,306.50","1,365.40","1,369.30","1,360.62",3025246,4116195985.75,69153,1302966.0,43.07
2016-11-03,M&M,EQ,"1,369.30","1,361.05","1,375.55","1,353.00","1,354.95","1,360.95","1,363.57",1112404,1516844740.4,39970,730992.0,65.71
2016-11-04,M&M,EQ,"1,360.95","1,360.00","1,392.00","1,346.25","1,368.00","1,372.35","1,375.46",1599025,2199396870.1,45259,871774.0,54.52
2016-11-07,M&M,EQ,"1,372.35","1,384.00","1,393.35","1,370.60","1,380.00","1,377.95","1,382.42",1061785,1467830185.2,49415,810373.0,76.32
2016-11-08,M&M,EQ,"1,377.95","1,384.00","1,388.60","1,367.05","1,382.05","1,384.60","1,379.53",442381,610276981.05,13506,210797.0,47.65
2016-11-09,M&M,EQ,"1,384.60","1,314.00","1,359.00","1,253.85","1,340.00","1,333.35","1,315.35",1871510,2461684413.2,48422,978716.0,52.3
2016-11-10,M&M,EQ,"1,333.35","1,357.95","1,378.45","1,310.00","1,312.90","1,321.30","1,333.49",1256420,1675419170.5,57837,846905.0,67.41
2016-11-11,M&M,EQ,"1,321.30","1,300.00","1,317.00","1,231.60","1,243.10","1,240.20","1,284.67",2277753,2926164162.25,80287,982213.0,43.12
2016-11-15,M&M,EQ,"1,240.20","1,242.00","1,257.95","1,169.25","1,238.00","1,238.30","1,227.07",2065468,2534481060.9,80094,1263509.0,61.17
2016-11-16,M&M,EQ,"1,238.30","1,252.00","1,278.35","1,219.55","1,220.00","1,237.35","1,257.46",1348466,1695639233.8,51379,860822.0,63.84
2016-11-17,M&M,EQ,"1,237.35","1,230.00","1,245.00","1,211.00","1,225.70","1,219.65","1,229.42",529216,650631089.35,36556,270279.0,51.07
2016-11-18,M&M,EQ,"1,219.65","1,222.25","1,247.00","1,221.00","1,240.00","1,239.85","1,237.08",547225,676961326.8,22211,315889.0,57.73
2016-11-21,M&M,EQ,"1,239.85","1,244.45","1,245.70","1,190.00","1,201.05","1,199.40","1,203.14",755318,908754667.15,43084,376771.0,49.88
2016-11-22,M&M,EQ,"1,199.40","1,210.00","1,223.60","1,185.00","1,222.25","1,219.10","1,206.76",643999,777151618.35,29644,386538.0,60.02
2016-11-23,M&M,EQ,"1,219.10","1,224.95","1,226.50","1,187.10","1,190.00","1,191.80","1,199.11",580706,696332772.8,27418,288977.0,49.76
2016-11-24,M&M,EQ,"1,191.80","1,188.00","1,199.80","1,158.00","1,164.00","1,163.70","1,171.73",1633434,1913940891.7,57202,1173895.0,71.87
2016-11-25,M&M,EQ,"1,163.70","1,169.90","1,178.50","1,153.25","1,177.00","1,173.00","1,166.83",763588,890974709.75,45325,420787.0,55.11
2016-11-28,M&M,EQ,"1,173.00","1,175.00","1,183.95","1,156.00","1,159.70","1,162.50","1,171.29",663942,777668699.55,31999,363508.0,54.75
2016-11-29,M&M,EQ,"1,162.50","1,161.00","1,201.00","1,160.05","1,190.00","1,185.85","1,188.39",1038178,1233763163.2,46486,580536.0,55.92
2016-11-30,M&M,EQ,"1,185.85","1,192.00","1,197.90","1,180.55","1,185.50","1,185.10","1,186.63",938090,1113168701.15,52573,649277.0,69.21
2016-12-01,M&M,EQ,"1,185.10","1,190.00","1,194.00","1,156.90","1,161.20","1,160.10","1,172.35",665802,780555521.1,22923,306858.0,46.09
2016-12-02,M&M,EQ,"1,160.10","1,158.00","1,164.00","1,141.65","1,147.00","1,145.55","1,147.47",1096755,1258493368.05,41452,747893.0,68.19
2016-12-05,M&M,EQ,"1,145.55","1,157.85","1,185.60","1,150.00","1,183.40","1,181.30","1,172.02",662827,776844206.65,32843,321417.0,48.49
2016-12-06,M&M,EQ,"1,181.30","1,186.00","1,192.45","1,172.05","1,172.90","1,175.40","1,182.10",543702,642710988.3,18728,336867.0,61.96
2016-12-07,M&M,EQ,"1,175.40","1,182.90","1,195.90","1,170.00","1,185.00","1,182.00","1,185.52",937700,1111660075.3,30783,652734.0,69.61
2016-12-08,M&M,EQ,"1,182.00","1,187.00","1,214.20","1,187.00","1,205.00","1,209.20","1,206.02",901569,1087308559.25,41847,539400.0,59.83
2016-12-09,M&M,EQ,"1,209.20","1,219.00","1,219.00","1,183.00","1,189.10","1,188.35","1,196.55",977333,1169426205.55,58911,523545.0,53.57
2016-12-12,M&M,EQ,"1,188.35","1,187.20","1,195.40","1,162.20","1,165.40","1,165.60","1,173.81",541323,635407913.45,33638,353368.0,65.28
2016-12-13,M&M,EQ,"1,165.60","1,164.00","1,174.50","1,153.10","1,167.00","1,167.40","1,166.36",750916,875841118.25,31808,482276.0,64.23
2016-12-14,M&M,EQ,"1,167.40","1,174.80","1,184.00","1,159.05","1,173.85","1,173.95","1,172.52",552388,647685644.7,31922,350639.0,63.48
2016-12-15,M&M,EQ,"1,173.95","1,170.00","1,196.80","1,166.10","1,188.00","1,186.55","1,187.15",961665,1141640358.65,62664,613682.0,63.81
2016-12-16,M&M,EQ,"1,186.55","1,185.00","1,188.95","1,167.90","1,181.00","1,181.00","1,177.19",801230,943201262.9,39952,609189.0,76.03
2016-12-19,M&M,EQ,"1,181.00","1,183.30","1,189.80","1,172.00","1,178.00","1,177.05","1,179.65",741307,874481048.75,23268,594974.0,80.26
2016-12-20,M&M,EQ,"1,177.05","1,178.10","1,186.05","1,170.00","1,181.00","1,178.60","1,178.14",532361,627195412.6,21540,369780.0,69.46
2016-12-21,M&M,EQ,"1,178.60","1,186.00","1,204.70","1,175.00","1,185.10","1,190.45","1,193.92",838016,1000521470.65,50778,480812.0,57.38
2016-12-22,M&M,EQ,"1,190.45","1,187.00","1,192.90","1,173.05","1,176.05","1,183.60","1,181.68",855701,1011163908.0,46929,503925.0,58.89
2016-12-23,M&M,EQ,"1,183.60","1,171.00","1,181.80","1,155.00","1,172.70","1,171.60","1,170.29",770271,901442307.7,46682,350940.0,45.56
2016-12-26,M&M,EQ,"1,171.60","1,172.00","1,173.00","1,145.75","1,150.00","1,148.70","1,153.62",1062180,1225356255.9,39198,557069.0,52.45
2016-12-27,M&M,EQ,"1,148.70","1,149.00","1,171.45","1,141.40","1,163.05","1,167.25","1,159.59",580928,673640674.75,31898,332192.0,57.18
2016-12-28,M&M,EQ,"1,167.25","1,171.10","1,184.90","1,170.00","1,173.25","1,174.10","1,178.16",1069415,1259942154.65,62194,779140.0,72.86
2016-12-29,M&M,EQ,"1,174.10","1,177.80","1,179.00","1,168.35","1,178.00","1,174.95","1,173.94",833778,978805889.95,47790,602718.0,72.29
2016-12-30,M&M,EQ,"1,174.95","1,178.25","1,188.80","1,172.00","1,179.60","1,184.70","1,181.57",511509,604383240.4,28715,323577.0,63.26
2017-01-02,M&M,EQ,"1,184.70","1,184.50","1,233.00","1,170.25","1,229.50","1,229.80","1,205.01",1053264,1269193626.65,42794,357010.0,33.9
2017-01-03,M&M,EQ,"1,229.80","1,230.00","1,232.25","1,215.00","1,225.00","1,222.55","1,221.65",776511,948627431.6,25164,518914.0,66.83
2017-01-04,M&M,EQ,"1,222.55","1,222.65","1,230.75","1,213.00","1,215.65","1,221.95","1,224.20",565408,692173305.3,32525,362511.0,64.11
2017-01-05,M&M,EQ,"1,221.95","1,224.00","1,235.00","1,207.40","1,234.40","1,227.35","1,218.33",1254243,1528082409.65,72222,764683.0,60.97
2017-01-06,M&M,EQ,"1,227.35","1,239.00","1,239.00","1,217.20","1,224.00","1,220.45","1,225.86",1127033,1381583284.1,29011,636861.0,56.51
2017-01-09,M&M,EQ,"1,220.45","1,219.30","1,223.95","1,201.00","1,201.90","1,204.00","1,205.87",521391,628730075.9,16244,320646.0,61.5
2017-01-10,M&M,EQ,"1,204.00","1,201.00","1,216.60","1,201.00","1,213.65","1,213.50","1,211.79",279060,338162503.9,12280,103575.0,37.12
2017-01-11,M&M,EQ,"1,213.50","1,217.25","1,237.75","1,213.65","1,232.05","1,232.00","1,227.81",705848,866646901.65,34441,385706.0,54.64
2017-01-12,M&M,EQ,"1,232.00","1,235.00","1,235.15","1,210.20","1,212.55","1,213.40","1,218.62",327855,399531308.15,22940,174571.0,53.25
2017-01-13,M&M,EQ,"1,213.40","1,221.80","1,227.00","1,215.65","1,217.70","1,217.85","1,220.01",393794,480430669.9,12698,220168.0,55.91
2017-01-16,M&M,EQ,"1,217.85","1,215.00","1,226.80","1,207.40","1,209.40","1,211.00","1,217.45",490151,596733183.05,17396,370606.0,75.61
2017-01-17,M&M,EQ,"1,211.00","1,210.00","1,214.50","1,200.75","1,203.00","1,204.45","1,208.29",478977,578743926.3,17318,342200.0,71.44
2017-01-18,M&M,EQ,"1,204.45","1,205.10","1,220.40","1,202.30","1,210.95","1,214.60","1,212.74",979188,1187503579.3,27142,762053.0,77.82
2017-01-19,M&M,EQ,"1,214.60","1,212.00","1,213.65","1,202.75","1,206.55","1,210.80","1,208.48",393929,476057242.55,20680,240390.0,61.02
2017-01-20,M&M,EQ,"1,210.80","1,210.00","1,216.80","1,187.10","1,192.50","1,192.05","1,196.03",768833,919546289.1,31332,503556.0,65.5
2017-01-23,M&M,EQ,"1,192.05","1,196.00","1,204.50","1,177.35","1,187.40","1,188.90","1,188.88",543401,646038936.85,24291,302022.0,55.58
2017-01-24,M&M,EQ,"1,188.90","1,194.90","1,224.20","1,187.00","1,221.00","1,220.70","1,211.16",793610,961186337.2,42448,453081.0,57.09
2017-01-25,M&M,EQ,"1,220.70","1,233.00","1,248.40","1,212.00","1,240.15","1,243.80","1,228.21",1850608,2272938185.35,79845,1339225.0,72.37
2017-01-27,M&M,EQ,"1,243.80","1,243.80","1,269.85","1,243.50","1,251.85","1,251.70","1,259.75",816030,1027995159.2,47712,469370.0,57.52
2017-01-30,M&M,EQ,"1,251.70","1,251.70","1,253.25","1,234.05","1,246.85","1,245.60","1,244.47",440140,547742999.4,25335,204109.0,46.37
2017-01-31,M&M,EQ,"1,245.60","1,241.20","1,248.55","1,230.25","1,242.65","1,240.10","1,239.99",923162,1144711944.25,34786,592156.0,64.14
2017-02-01,M&M,EQ,"1,240.10","1,242.00","1,307.60","1,228.00","1,293.10","1,302.40","1,269.69",1523562,1934450557.0,54791,801609.0,52.61
2017-02-02,M&M,EQ,"1,302.40","1,297.00","1,297.60","1,258.65","1,266.00","1,264.95","1,267.52",1447829,1835147336.05,50910,918929.0,63.47
2017-02-03,M&M,EQ,"1,264.95","1,265.95","1,273.75","1,252.30","1,260.50","1,260.70","1,263.10",1132526,1430496261.7,49527,820646.0,72.46
2017-02-06,M&M,EQ,"1,260.70","1,262.00","1,271.00","1,258.00","1,267.00","1,265.90","1,264.48",855228,1081415209.25,28900,607452.0,71.03
2017-02-07,M&M,EQ,"1,265.90","1,264.15","1,265.70","1,244.80","1,264.00","1,258.95","1,251.95",1337146,1674039779.25,62271,1038716.0,77.68
2017-02-08,M&M,EQ,"1,258.95","1,260.35","1,281.00","1,260.10","1,278.20","1,277.30","1,275.93",840590,1072532365.5,25653,566468.0,67.39
2017-02-09,M&M,EQ,"1,277.30","1,279.00","1,294.75","1,264.50","1,293.00","1,291.70","1,285.03",762017,979218463.8,30324,461688.0,60.59
2017-02-10,M&M,EQ,"1,291.70","1,293.00","1,307.85","1,272.55","1,278.00","1,277.65","1,287.84",1767712,2276533675.2,54871,810480.0,45.85
2017-02-13,M&M,EQ,"1,277.65","1,285.95","1,302.95","1,213.80","1,299.00","1,298.65","1,290.91",876096,1130958927.65,26692,502759.0,57.39
2017-02-14,M&M,EQ,"1,298.65","1,302.40","1,313.90","1,285.00","1,302.50","1,301.85","1,300.04",917326,1192556020.05,35418,609686.0,66.46
2017-02-15,M&M,EQ,"1,301.85","1,300.20","1,318.80","1,298.10","1,300.10","1,300.85","1,306.93",1046915,1368246854.8,51264,666192.0,63.63
2017-02-16,M&M,EQ,"1,300.85","1,301.00","1,321.60","1,300.50","1,319.90","1,319.85","1,311.09",966131,1266680298.0,28217,681701.0,70.56
2017-02-17,M&M,EQ,"1,319.85","1,322.00","1,329.85","1,311.90","1,317.00","1,317.15","1,318.18",875112,1153552094.05,30172,645750.0,73.79
2017-02-20,M&M,EQ,"1,317.15","1,317.00","1,324.55","1,304.60","1,310.70","1,315.95","1,313.39",470421,617844588.2,23521,196049.0,41.68
2017-02-21,M&M,EQ,"1,315.95","1,317.95","1,317.95","1,303.00","1,313.00","1,311.65","1,309.03",562685,736573574.35,29994,318539.0,56.61
2017-02-22,M&M,EQ,"1,311.65","1,314.45","1,316.00","1,304.35","1,311.25","1,311.20","1,309.35",603817,790609645.95,44560,447324.0,74.08
2017-02-23,M&M,EQ,"1,311.20","1,314.00","1,315.50","1,294.50","1,296.00","1,304.85","1,305.81",2377047,3103971227.85,36356,2105076.0,88.56
2017-02-27,M&M,EQ,"1,304.85","1,302.90","1,302.90","1,281.00","1,298.00","1,293.85","1,291.85",747562,965734971.7,38356,585579.0,78.33
2017-02-28,M&M,EQ,"1,293.85","1,294.90","1,317.80","1,290.90","1,308.70","1,312.15","1,310.32",675015,884485831.65,37301,396609.0,58.76
2017-03-01,M&M,EQ,"1,312.15","1,316.00","1,358.80","1,298.30","1,346.20","1,348.75","1,312.94",2937730,3857055845.5,50198,2068560.0,70.41
2017-03-02,M&M,EQ,"1,348.75","1,354.90","1,361.00","1,313.00","1,323.30","1,325.00","1,341.55",799948,1073167946.6,45374,407989.0,51.0
2017-03-03,M&M,EQ,"1,325.00","1,323.00","1,332.00","1,314.35","1,321.90","1,322.05","1,321.50",357158,471983258.55,33596,186841.0,52.31
2017-03-06,M&M,EQ,"1,322.05","1,322.15","1,339.00","1,316.20","1,327.00","1,329.80","1,324.64",1317446,1745142057.0,20352,1080213.0,81.99
2017-03-07,M&M,EQ,"1,329.80","1,323.10","1,331.80","1,312.70","1,317.95","1,320.25","1,319.04",678826,895396953.05,29957,436322.0,64.28
2017-03-08,M&M,EQ,"1,320.25","1,323.00","1,323.05","1,299.95","1,305.80","1,303.55","1,307.12",877861,1147471962.95,34425,528889.0,60.25
2017-03-09,M&M,EQ,"1,303.55","1,302.00","1,311.80","1,298.10","1,306.00","1,303.95","1,303.95",973778,1269755686.3,25102,566427.0,58.17
2017-03-10,M&M,EQ,"1,303.95","1,303.95","1,320.00","1,299.35","1,300.00","1,302.75","1,303.61",460601,600442973.25,17557,215044.0,46.69
2017-03-14,M&M,EQ,"1,302.75","1,325.40","1,357.35","1,315.20","1,327.00","1,326.00","1,327.29",913399,1212342129.3,45734,579101.0,63.4
2017-03-15,M&M,EQ,"1,326.00","1,327.00","1,338.65","1,316.90","1,319.50","1,323.55","1,328.97",1140709,1515966305.1,31955,850816.0,74.59
2017-03-16,M&M,EQ,"1,323.55","1,326.40","1,333.00","1,318.45","1,324.90","1,320.90","1,325.63",934218,1238426078.15,33498,542791.0,58.1
2017-03-17,M&M,EQ,"1,320.90","1,323.00","1,331.95","1,300.00","1,303.70","1,303.85","1,308.13",1183582,1548282171.6,47059,938419.0,79.29
2017-03-20,M&M,EQ,"1,303.85","1,314.00","1,316.45","1,296.40","1,300.75","1,300.20","1,302.55",741345,965639218.1,18080,356417.0,48.08
2017-03-21,M&M,EQ,"1,300.20","1,301.35","1,306.00","1,271.00","1,299.00","1,294.40","1,277.03",3895656,4974850479.7,29645,3312136.0,85.02
2017-03-22,M&M,EQ,"1,294.40","1,288.00","1,288.00","1,257.65","1,270.95","1,270.85","1,268.87",1323878,1679826362.5,36655,839028.0,63.38
2017-03-23,M&M,EQ,"1,270.85","1,276.00","1,281.00","1,267.40","1,270.90","1,274.55","1,272.60",995505,1266878979.65,30672,779790.0,78.33
2017-03-24,M&M,EQ,"1,274.55","1,274.10","1,287.00","1,271.30","1,273.00","1,275.80","1,279.08",725278,927685984.1,59048,476325.0,65.67
2017-03-27,M&M,EQ,"1,275.80","1,275.00","1,284.40","1,259.05","1,270.50","1,265.75","1,270.41",1098124,1395064579.55,28536,752267.0,68.5
2017-03-28,M&M,EQ,"1,265.75","1,272.10","1,283.65","1,270.00","1,277.00","1,277.00","1,278.42",873435,1116614233.45,28256,618170.0,70.77
2017-03-29,M&M,EQ,"1,277.00","1,284.70","1,284.70","1,263.00","1,271.00","1,270.65","1,268.19",1154248,1463808789.75,36359,897510.0,77.76
2017-03-30,M&M,EQ,"1,270.65","1,270.70","1,287.30","1,260.95","1,284.00","1,279.85","1,277.92",4424696,5654396254.55,76555,3507643.0,79.27
2017-03-31,M&M,EQ,"1,279.85","1,277.00","1,295.00","1,272.50","1,292.00","1,286.90","1,284.85",1094141,1405809071.95,35975,890153.0,81.36
2017-04-03,M&M,EQ,"1,286.90","1,297.60","1,305.00","1,280.00","1,287.50","1,286.50","1,289.91",967743,1248302400.85,20693,554541.0,57.3
2017-04-05,M&M,EQ,"1,286.50","1,287.50","1,294.00","1,269.90","1,290.00","1,290.75","1,285.92",1987515,2555780161.5,45946,1667145.0,83.88
2017-04-06,M&M,EQ,"1,290.75","1,287.90","1,293.90","1,275.15","1,291.00","1,288.90","1,284.01",542194,696183426.1,29473,353109.0,65.13
2017-04-07,M&M,EQ,"1,288.90","1,284.00","1,289.75","1,268.75","1,280.30","1,275.55","1,280.87",855302,1095532885.45,24484,616902.0,72.13
2017-04-10,M&M,EQ,"1,275.55","1,280.00","1,282.85","1,267.50","1,277.25","1,280.80","1,273.30",543604,692173244.05,25621,346388.0,63.72
2017-04-11,M&M,EQ,"1,280.80","1,277.00","1,285.80","1,270.05","1,285.00","1,281.55","1,276.76",707162,902879482.9,39359,448130.0,63.37
2017-04-12,M&M,EQ,"1,281.55","1,286.00","1,286.00","1,268.80","1,274.00","1,279.95","1,275.32",831937,1060987217.4,20999,532116.0,63.96
2017-04-13,M&M,EQ,"1,279.95","1,273.00","1,281.70","1,269.05","1,281.45","1,280.50","1,275.76",552209,704484706.85,17756,405454.0,73.42
2017-04-17,M&M,EQ,"1,280.50","1,270.05","1,278.45","1,265.65","1,270.00","1,269.35","1,269.97",1059424,1345431866.8,18859,673666.0,63.59
2017-04-18,M&M,EQ,"1,269.35","1,273.80","1,273.80","1,258.60","1,259.85","1,263.15","1,266.68",975807,1236032909.6,17561,662679.0,67.91
2017-04-19,M&M,EQ,"1,263.15","1,264.00","1,268.90","1,253.00","1,257.50","1,259.45","1,259.92",859195,1082519358.25,25519,607753.0,70.74
2017-04-20,M&M,EQ,"1,259.45","1,258.00","1,277.00","1,258.00","1,270.00","1,271.70","1,265.80",662446,838521794.2,30188,453126.0,68.4
2017-04-21,M&M,EQ,"1,271.70","1,270.00","1,274.65","1,255.10","1,257.20","1,258.20","1,265.89",665915,842978306.1,13391,538490.0,80.86
2017-04-24,M&M,EQ,"1,258.20","1,258.60","1,271.00","1,258.60","1,264.00","1,264.60","1,264.35",568689,719021980.65,18543,470863.0,82.8
2017-04-25,M&M,EQ,"1,264.60","1,285.00","1,310.90","1,279.65","1,306.95","1,307.45","1,297.00",5792384,7512703969.05,83367,3758851.0,64.89
2017-04-26,M&M,EQ,"1,307.45","1,317.75","1,359.60","1,314.50","1,355.00","1,352.75","1,336.04",2876409,3842992330.4,94283,1817237.0,63.18
2017-04-27,M&M,EQ,"1,352.75","1,353.70","1,363.70","1,332.00","1,341.00","1,337.20","1,344.82",1159292,1559038910.3,38256,603630.0,52.07
2017-04-28,M&M,EQ,"1,337.20","1,337.80","1,345.20","1,317.65","1,336.05","1,335.55","1,335.70",526294,702969569.6,34082,349155.0,66.34
2017-05-02,M&M,EQ,"1,335.55","1,333.10","1,352.75","1,326.30","1,340.00","1,340.95","1,340.84",817189,1095716677.4,26486,503470.0,61.61
2017-05-03,M&M,EQ,"1,340.95","1,342.00","1,354.20","1,333.95","1,337.10","1,348.65","1,347.18",905792,1220262474.75,26893,685992.0,75.73
2017-05-04,M&M,EQ,"1,348.65","1,341.00","1,351.00","1,329.65","1,332.55","1,334.90","1,340.25",739877,991618480.8,32725,514713.0,69.57
2017-05-05,M&M,EQ,"1,334.90","1,331.00","1,331.00","1,307.00","1,318.50","1,321.25","1,319.93",895667,1182220473.25,48581,664061.0,74.14
2017-05-08,M&M,EQ,"1,321.25","1,322.50","1,345.70","1,313.00","1,332.25","1,333.35","1,332.82",579715,772657371.1,21145,307621.0,53.06
2017-05-09,M&M,EQ,"1,333.35","1,335.70","1,351.90","1,328.65","1,341.75","1,343.65","1,342.60",591559,794225255.75,44430,370465.0,62.63
2017-05-10,M&M,EQ,"1,343.65","1,352.00","1,379.70","1,348.00","1,373.90","1,376.40","1,371.17",1070862,1468333839.45,67055,626241.0,58.48
2017-05-11,M&M,EQ,"1,376.40","1,385.70","1,402.20","1,362.80","1,376.20","1,376.15","1,380.21",1744710,2408065155.75,49274,1228356.0,70.4
2017-05-12,M&M,EQ,"1,376.15","1,378.00","1,378.00","1,361.70","1,363.10","1,367.85","1,368.04",1749749,2393721196.35,45573,1526157.0,87.22
2017-05-15,M&M,EQ,"1,367.85","1,373.00","1,386.65","1,370.00","1,374.80","1,375.65","1,378.31",558190,769357918.15,38442,386664.0,69.27
2017-05-16,M&M,EQ,"1,375.65","1,377.00","1,380.50","1,363.10","1,364.15","1,366.35","1,371.22",516012,707563396.95,29075,334469.0,64.82
2017-05-17,M&M,EQ,"1,366.35","1,363.00","1,384.35","1,360.40","1,379.00","1,378.80","1,378.56",920884,1269496569.5,32299,689649.0,74.89
2017-05-18,M&M,EQ,"1,378.80","1,369.00","1,372.00","1,347.50","1,347.50","1,352.85","1,361.70",1217846,1658344015.4,20476,1043736.0,85.7
2017-05-19,M&M,EQ,"1,352.85","1,350.00","1,357.60","1,328.50","1,338.20","1,333.40","1,344.80",976742,1313521664.4,36297,773590.0,79.2
2017-05-22,M&M,EQ,"1,333.40","1,340.15","1,341.95","1,301.10","1,307.00","1,306.25","1,313.89",436797,573901073.9,26521,261661.0,59.9
2017-05-23,M&M,EQ,"1,306.25","1,315.00","1,338.35","1,300.00","1,328.35","1,331.75","1,324.90",780182,1033663448.9,40561,445992.0,57.17
2017-05-24,M&M,EQ,"1,331.75","1,331.50","1,338.80","1,301.45","1,308.00","1,308.65","1,314.05",625683,822180435.0,29997,382266.0,61.1
2017-05-25,M&M,EQ,"1,308.65","1,311.00","1,335.90","1,304.00","1,335.90","1,327.50","1,321.97",1456698,1925707945.3,60911,1095811.0,75.23
2017-05-26,M&M,EQ,"1,327.50","1,334.00","1,348.90","1,327.50","1,341.00","1,340.85","1,339.17",335223,448919973.95,16125,156414.0,46.66
2017-05-29,M&M,EQ,"1,340.85","1,345.00","1,375.75","1,327.40","1,362.90","1,360.05","1,353.03",1058764,1432543453.9,37535,603995.0,57.05
2017-05-30,M&M,EQ,"1,360.05","1,364.00","1,379.00","1,342.30","1,367.65","1,361.10","1,362.54",2223885,3030140652.25,68059,815525.0,36.67
2017-05-31,M&M,EQ,"1,361.10","1,392.50","1,448.50","1,392.00","1,413.70","1,416.95","1,424.14",3941786,5613656174.25,146225,1848666.0,46.9
2017-06-01,M&M,EQ,"1,416.95","1,430.00","1,441.00","1,416.10","1,426.65","1,425.25","1,429.30",1712339,2447442775.9,55540,1120694.0,65.45
2017-06-02,M&M,EQ,"1,425.25","1,430.00","1,434.75","1,409.00","1,421.95","1,418.50","1,425.52",1442389,2056158309.1,57116,1022592.0,70.9
2017-06-05,M&M,EQ,"1,418.50","1,424.95","1,432.50","1,421.10","1,423.00","1,423.70","1,427.16",1151951,1644020715.35,49138,966825.0,83.93
2017-06-06,M&M,EQ,"1,423.70","1,423.05","1,429.85","1,404.15","1,409.00","1,411.45","1,410.94",803816,1134133210.95,24783,595729.0,74.11
2017-06-07,M&M,EQ,"1,411.45","1,423.15","1,451.10","1,413.55","1,430.00","1,431.90","1,438.06",1904689,2739057164.95,74038,1150446.0,60.4
2017-06-08,M&M,EQ,"1,431.90","1,433.50","1,440.00","1,410.10","1,416.00","1,417.50","1,418.61",849201,1204683317.95,31059,542704.0,63.91
2017-06-09,M&M,EQ,"1,417.50","1,418.00","1,434.70","1,414.10","1,427.00","1,426.70","1,427.36",908631,1296942193.6,45358,678656.0,74.69
2017-06-12,M&M,EQ,"1,426.70","1,435.00","1,458.95","1,415.00","1,425.00","1,423.55","1,436.19",1911487,2745262445.75,43194,1123387.0,58.77
2017-06-13,M&M,EQ,"1,423.55","1,433.00","1,439.85","1,414.00","1,416.90","1,417.65","1,426.82",983018,1402592468.65,37872,624543.0,63.53
2017-06-14,M&M,EQ,"1,417.65","1,430.00","1,432.85","1,401.10","1,403.45","1,405.20","1,410.64",942385,1329370572.85,48226,625033.0,66.32
2017-06-15,M&M,EQ,"1,405.20","1,409.00","1,414.00","1,378.85","1,389.85","1,387.65","1,391.97",1567392,2181769486.15,44283,1157519.0,73.85
2017-06-16,M&M,EQ,"1,387.65","1,398.20","1,409.35","1,383.30","1,384.00","1,387.30","1,395.65",1650375,2303340191.4,41816,1308289.0,79.27
2017-06-19,M&M,EQ,"1,387.30","1,393.00","1,405.00","1,383.75","1,386.00","1,388.25","1,393.69",1112550,1550548333.6,41169,835879.0,75.13
2017-06-20,M&M,EQ,"1,388.25","1,394.60","1,399.00","1,385.00","1,386.70","1,389.45","1,390.46",939704,1306622140.2,48781,737146.0,78.44
2017-06-21,M&M,EQ,"1,389.45","1,392.70","1,395.40","1,380.95","1,383.00","1,387.15","1,386.75",1494718,2072792836.95,45285,1134404.0,75.89
2017-06-22,M&M,EQ,"1,387.15","1,385.00","1,407.20","1,381.70","1,397.20","1,396.30","1,397.62",1128366,1577031003.75,39841,645065.0,57.17
2017-06-23,M&M,EQ,"1,396.30","1,400.00","1,418.25","1,370.10","1,382.00","1,376.20","1,393.99",1220802,1701779938.2,48080,605566.0,49.6
2017-06-27,M&M,EQ,"1,376.20","1,393.30","1,394.50","1,365.00","1,368.95","1,370.30","1,379.19",1668109,2300640429.95,39979,1231722.0,73.84
2017-06-28,M&M,EQ,"1,370.30","1,370.00","1,375.00","1,348.75","1,353.00","1,356.05","1,358.35",827917,1124602077.0,28578,524256.0,63.32
2017-06-29,M&M,EQ,"1,356.05","1,360.00","1,379.10","1,352.15","1,360.10","1,355.65","1,364.33",936894,1278234629.6,40064,603955.0,64.46
2017-06-30,M&M,EQ,"1,355.65","1,355.00","1,358.85","1,345.10","1,355.00","1,348.60","1,349.78",954758,1288711224.3,24904,675209.0,70.72
2017-07-03,M&M,EQ,"1,348.60","1,356.00","1,372.00","1,343.00","1,364.10","1,366.45","1,365.38",1023959,1398092391.75,27860,673334.0,65.76
2017-07-04,M&M,EQ,"1,366.45","1,365.00","1,377.00","1,351.70","1,355.00","1,355.15","1,362.67",430180,586194939.1,18659,261784.0,60.85
2017-07-05,M&M,EQ,"1,355.15","1,365.00","1,395.40","1,361.50","1,383.00","1,385.00","1,384.49",1216606,1684373320.1,41595,570632.0,46.9
2017-07-06,M&M,EQ,"1,385.00","1,393.70","1,393.70","1,370.00","1,370.95","1,376.05","1,384.15",780888,1080869932.75,32579,545196.0,69.82
2017-07-07,M&M,EQ,"1,376.05","1,370.40","1,393.85","1,370.40","1,376.00","1,376.00","1,383.17",658350,910607919.25,29442,464666.0,70.58
2017-07-10,M&M,EQ,"1,376.00","1,344.45","1,400.00","1,344.45","1,366.00","1,367.40","1,367.34",436811,597270472.1,9688,351940.0,80.57
2017-07-11,M&M,EQ,"1,367.40","1,374.00","1,395.00","1,373.95","1,390.00","1,390.15","1,390.85",2073421,2883812276.75,62838,1705292.0,82.25
2017-07-12,M&M,EQ,"1,390.15","1,395.00","1,396.10","1,375.00","1,376.00","1,376.70","1,383.89",736026,1018578242.95,38796,515386.0,70.02
2017-07-13,M&M,EQ,"1,376.70","1,369.70","1,379.00","1,366.05","1,369.00","1,370.40","1,371.53",794838,1090144353.7,32543,604713.0,76.08
2017-07-14,M&M,EQ,"1,370.40","1,377.95","1,382.45","1,369.00","1,373.10","1,375.55","1,377.05",653673,900141583.2,19412,385533.0,58.98
2017-07-17,M&M,EQ,"1,375.55","1,380.00","1,405.40","1,378.30","1,381.95","1,384.60","1,393.96",1313078,1830383721.2,40678,705556.0,53.73
2017-07-18,M&M,EQ,"1,384.60","1,381.95","1,401.95","1,377.00","1,383.50","1,380.15","1,385.23",822868,1139863650.65,21635,583077.0,70.86
2017-07-19,M&M,EQ,"1,380.15","1,388.00","1,393.00","1,377.15","1,381.25","1,382.40","1,383.72",1897894,2626152654.45,32733,1576431.0,83.06
2017-07-20,M&M,EQ,"1,382.40","1,387.00","1,397.80","1,381.30","1,391.00","1,393.45","1,390.38",902218,1254424095.6,26288,636732.0,70.57
2017-07-21,M&M,EQ,"1,393.45","1,394.00","1,398.00","1,365.75","1,382.50","1,386.05","1,382.30",700993,968981558.95,25040,384806.0,54.89
2017-07-24,M&M,EQ,"1,386.05","1,385.80","1,391.95","1,375.00","1,390.00","1,388.95","1,386.45",580661,805057683.25,17896,412851.0,71.1
2017-07-25,M&M,EQ,"1,388.95","1,391.20","1,396.10","1,386.30","1,389.80","1,389.80","1,390.25",720938,1002282593.95,31303,524103.0,72.7
2017-07-26,M&M,EQ,"1,389.80","1,390.70","1,420.20","1,389.05","1,413.50","1,413.50","1,410.26",1267793,1787917805.05,54494,808931.0,63.81
2017-07-27,M&M,EQ,"1,413.50","1,420.00","1,423.75","1,395.00","1,402.00","1,398.20","1,404.81",1933565,2716291896.3,54857,1556956.0,80.52
2017-07-28,M&M,EQ,"1,398.20","1,398.00","1,398.00","1,376.25","1,383.10","1,392.20","1,389.58",401658,558135356.55,24883,207552.0,51.67
2017-07-31,M&M,EQ,"1,392.20","1,393.30","1,409.00","1,380.10","1,406.00","1,403.30","1,397.12",510904,713794219.2,22932,260406.0,50.97
2017-08-01,M&M,EQ,"1,403.30","1,415.00","1,433.40","1,403.30","1,429.95","1,429.25","1,423.41",1941740,2763895765.0,34253,1415781.0,72.91
2017-08-02,M&M,EQ,"1,429.25","1,430.60","1,433.65","1,408.30","1,410.00","1,414.60","1,419.34",476469,676272724.1,21874,236693.0,49.68
2017-08-03,M&M,EQ,"1,414.60","1,418.40","1,421.65","1,404.10","1,416.55","1,416.50","1,413.36",563019,795747380.3,31095,285835.0,50.77
2017-08-04,M&M,EQ,"1,416.50","1,420.00","1,424.40","1,395.10","1,419.00","1,418.05","1,406.90",2237324,3147688738.05,49015,1082782.0,48.4
2017-08-07,M&M,EQ,"1,418.05","1,390.00","1,430.00","1,384.95","1,401.00","1,400.75","1,409.03",1493977,2105063229.3,46100,774724.0,51.86
2017-08-08,M&M,EQ,"1,400.75","1,400.05","1,416.55","1,390.25","1,399.70","1,400.00","1,400.99",852827,1194802525.35,33833,486755.0,57.08
2017-08-09,M&M,EQ,"1,400.00","1,397.50","1,406.60","1,384.40","1,390.00","1,392.30","1,395.81",771111,1076327280.6,32601,529597.0,68.68
2017-08-10,M&M,EQ,"1,392.30","1,386.00","1,395.80","1,380.00","1,395.00","1,387.05","1,386.52",816173,1131639711.9,35937,529156.0,64.83
2017-08-11,M&M,EQ,"1,387.05","1,380.00","1,386.10","1,340.00","1,350.00","1,348.05","1,359.31",1126510,1531275054.95,37921,718583.0,63.79
2017-08-14,M&M,EQ,"1,348.05","1,354.70","1,370.90","1,347.60","1,356.15","1,355.75","1,357.06",685342,930046854.3,50845,404763.0,59.06
2017-08-16,M&M,EQ,"1,355.75","1,361.90","1,376.45","1,348.35","1,368.00","1,371.20","1,366.59",744908,1017986385.25,43408,512155.0,68.75
2017-08-17,M&M,EQ,"1,371.20","1,372.00","1,374.95","1,358.60","1,366.25","1,367.00","1,368.03",611537,836600407.8,40013,385840.0,63.09
2017-08-18,M&M,EQ,"1,367.00","1,364.00","1,379.50","1,360.65","1,371.00","1,370.00","1,370.83",678855,930592793.8,45903,470264.0,69.27
2017-08-21,M&M,EQ,"1,370.00","1,370.20","1,392.95","1,370.15","1,378.55","1,378.65","1,380.28",702542,969703211.3,42318,478521.0,68.11
2017-08-22,M&M,EQ,"1,378.65","1,382.70","1,385.80","1,371.00","1,373.20","1,374.65","1,376.84",292349,402517219.3,15230,152245.0,52.08
2017-08-23,M&M,EQ,"1,374.65","1,378.00","1,387.00","1,367.05","1,375.00","1,374.20","1,374.93",789242,1085156222.55,14913,575716.0,72.95
2017-08-24,M&M,EQ,"1,374.20","1,375.00","1,383.00","1,367.80","1,376.30","1,375.15","1,374.92",790046,1086251763.6,32240,580275.0,73.45
2017-08-28,M&M,EQ,"1,375.15","1,380.00","1,380.45","1,366.50","1,372.75","1,373.05","1,372.50",1035223,1420840103.55,26502,880571.0,85.06
2017-08-29,M&M,EQ,"1,373.05","1,375.25","1,379.00","1,367.05","1,375.00","1,376.95","1,374.84",537856,739466409.9,16638,337557.0,62.76
2017-08-30,M&M,EQ,"1,376.95","1,385.00","1,388.55","1,353.85","1,360.00","1,358.15","1,376.14",1055176,1452074708.4,26166,720286.0,68.26
2017-08-31,M&M,EQ,"1,358.15","1,358.00","1,360.30","1,333.00","1,344.10","1,344.80","1,344.66",1558002,2094988754.2,67121,1021371.0,65.56
2017-09-01,M&M,EQ,"1,344.80","1,344.80","1,351.65","1,336.90","1,346.80","1,347.60","1,344.64",1087301,1462027916.8,44840,613120.0,56.39
2017-09-04,M&M,EQ,"1,347.60","1,348.00","1,348.00","1,324.10","1,326.35","1,328.30","1,333.51",407303,543142765.95,28007,182255.0,44.75
2017-09-05,M&M,EQ,"1,328.30","1,329.05","1,331.45","1,313.45","1,325.00","1,324.65","1,321.60",773888,1022767747.4,27611,338504.0,43.74
2017-09-06,M&M,EQ,"1,324.65","1,321.40","1,324.65","1,310.00","1,316.80","1,316.55","1,318.52",649266,856068432.2,32912,376681.0,58.02
2017-09-07,M&M,EQ,"1,316.55","1,318.65","1,343.00","1,318.65","1,342.00","1,339.95","1,334.00",1164341,1553229848.0,37645,826666.0,71.0
2017-09-08,M&M,EQ,"1,339.95","1,345.00","1,346.85","1,288.20","1,294.95","1,295.40","1,306.25",1969487,2572639909.05,89869,1001226.0,50.84
2017-09-11,M&M,EQ,"1,295.40","1,300.00","1,330.00","1,278.00","1,282.60","1,280.20","1,291.07",1665419,2150177448.2,68418,1151845.0,69.16
2017-09-12,M&M,EQ,"1,280.20","1,284.00","1,304.90","1,278.95","1,300.00","1,300.75","1,292.99",1061452,1372441917.95,39769,532150.0,50.13
2017-09-13,M&M,EQ,"1,300.75","1,310.00","1,320.05","1,303.00","1,308.00","1,307.35","1,316.46",2388029,3143736336.8,35552,1893940.0,79.31
2017-09-14,M&M,EQ,"1,307.35","1,313.00","1,313.00","1,288.25","1,294.00","1,290.75","1,294.82",715922,926991825.4,25326,389372.0,54.39
2017-09-15,M&M,EQ,"1,290.75","1,290.00","1,304.00","1,285.00","1,286.00","1,294.25","1,294.37",840187,1087512077.15,31964,598791.0,71.27
2017-09-18,M&M,EQ,"1,294.25","1,301.00","1,306.20","1,291.00","1,293.40","1,295.00","1,299.48",651221,846246873.6,27283,371626.0,57.07
2017-09-19,M&M,EQ,"1,295.00","1,304.00","1,304.70","1,288.10","1,294.05","1,294.75","1,296.38",487526,632020751.5,17824,253733.0,52.05
2017-09-20,M&M,EQ,"1,294.75","1,300.10","1,306.20","1,289.60","1,289.65","1,292.45","1,295.96",838237,1086325016.3,35420,500993.0,59.77
2017-09-21,M&M,EQ,"1,292.45","1,293.50","1,296.65","1,280.10","1,291.00","1,291.45","1,290.25",485105,625904780.55,18723,274974.0,56.68
2017-09-22,M&M,EQ,"1,291.45","1,288.00","1,297.00","1,281.55","1,285.45","1,287.15","1,287.01",858496,1104893453.95,33180,631537.0,73.56
2017-09-25,M&M,EQ,"1,287.15","1,282.60","1,292.00","1,246.00","1,262.00","1,260.00","1,262.77",1145208,1446133638.9,67063,757153.0,66.11
2017-09-26,M&M,EQ,"1,260.00","1,265.30","1,265.45","1,242.35","1,246.50","1,247.15","1,251.65",657247,822645186.9,56194,443124.0,67.42
2017-09-27,M&M,EQ,"1,247.15","1,253.00","1,255.40","1,224.00","1,236.25","1,232.00","1,237.82",710275,879195196.25,33381,451389.0,63.55
2017-09-28,M&M,EQ,"1,232.00","1,232.00","1,249.00","1,225.00","1,228.00","1,230.55","1,237.94",1541084,1907771928.9,58370,1175615.0,76.28
2017-09-29,M&M,EQ,"1,230.55","1,231.00","1,260.50","1,231.00","1,258.00","1,254.25","1,249.84",1216715,1520693969.85,46670,896825.0,73.71
2017-10-03,M&M,EQ,"1,254.25","1,265.00","1,291.45","1,252.75","1,257.05","1,264.30","1,276.39",1785354,2278804670.5,52181,1045836.0,58.58
2017-10-04,M&M,EQ,"1,264.30","1,264.00","1,291.80","1,256.25","1,287.00","1,288.75","1,279.51",1178243,1507571813.2,31204,645967.0,54.82
2017-10-05,M&M,EQ,"1,288.75","1,310.00","1,316.00","1,293.00","1,297.00","1,300.75","1,308.66",2106398,2756568497.3,64582,1142718.0,54.25
2017-10-06,M&M,EQ,"1,300.75","1,309.90","1,321.20","1,299.25","1,300.00","1,303.00","1,309.88",912947,1195848898.2,22186,491559.0,53.84
2017-10-09,M&M,EQ,"1,303.00","1,301.05","1,312.90","1,299.00","1,304.90","1,304.85","1,305.55",417682,545303236.6,15609,242162.0,57.98
2017-10-10,M&M,EQ,"1,304.85","1,318.00","1,319.00","1,301.15","1,304.90","1,305.10","1,309.48",693721,908416952.8,39154,425714.0,61.37
2017-10-11,M&M,EQ,"1,305.10","1,309.00","1,330.25","1,306.00","1,316.00","1,319.45","1,322.88",1642780,2173200984.3,45357,1219364.0,74.23
2017-10-12,M&M,EQ,"1,319.45","1,320.25","1,341.60","1,314.15","1,337.45","1,338.15","1,335.27",824166,1100481711.75,17354,510851.0,61.98
2017-10-13,M&M,EQ,"1,338.15","1,338.00","1,345.65","1,323.00","1,325.00","1,325.30","1,331.48",541640,721181506.4,15670,342186.0,63.18
2017-10-16,M&M,EQ,"1,325.30","1,338.90","1,375.90","1,330.30","1,367.00","1,368.60","1,361.86",1170290,1593768963.15,37450,606621.0,51.84
2017-10-17,M&M,EQ,"1,368.60","1,373.90","1,375.50","1,343.50","1,371.30","1,373.35","1,367.16",1023744,1399623193.85,49939,643721.0,62.88
2017-10-18,M&M,EQ,"1,373.35","1,372.00","1,378.50","1,362.20","1,364.00","1,370.55","1,373.41",598422,821878512.35,24670,328139.0,54.83
2017-10-19,M&M,EQ,"1,370.55","1,366.75","1,379.00","1,360.10","1,376.80","1,375.75","1,374.62",175195,240826138.35,4034,91902.0,52.46
2017-10-23,M&M,EQ,"1,375.75","1,380.00","1,393.95","1,346.60","1,362.00","1,367.05","1,368.16",599664,820436014.5,28670,227193.0,37.89
2017-10-24,M&M,EQ,"1,367.05","1,360.55","1,365.90","1,346.95","1,354.00","1,350.65","1,354.56",390953,529571164.6,29196,214487.0,54.86
2017-10-25,M&M,EQ,"1,350.65","1,354.00","1,373.60","1,348.95","1,371.80","1,364.70","1,362.15",664152,904677786.45,36269,445599.0,67.09
2017-10-26,M&M,EQ,"1,364.70","1,374.45","1,380.70","1,364.50","1,373.50","1,372.95","1,373.94",1652089,2269863674.95,69948,1296615.0,78.48
2017-10-27,M&M,EQ,"1,372.95","1,372.95","1,390.70","1,371.55","1,380.75","1,387.70","1,383.54",774542,1071608867.7,32137,472146.0,60.96
2017-10-30,M&M,EQ,"1,387.70","1,388.00","1,392.65","1,370.05","1,372.10","1,374.75","1,379.19",563034,776528433.55,28872,367173.0,65.21
2017-10-31,M&M,EQ,"1,374.75","1,378.00","1,378.00","1,342.10","1,346.00","1,344.80","1,352.32",799728,1081488266.75,37278,521272.0,65.18
2017-11-01,M&M,EQ,"1,344.80","1,347.25","1,363.20","1,336.00","1,352.80","1,350.75","1,349.99",1965358,2653212399.35,59092,1330675.0,67.71
2017-11-02,M&M,EQ,"1,350.75","1,343.00","1,349.40","1,331.05","1,336.00","1,335.35","1,335.93",870329,1162695211.2,24893,674288.0,77.48
2017-11-03,M&M,EQ,"1,335.35","1,339.00","1,342.95","1,320.10","1,332.20","1,330.75","1,329.04",1084381,1441184912.9,25495,769630.0,70.97
2017-11-06,M&M,EQ,"1,330.75","1,347.85","1,377.70","1,343.30","1,370.50","1,366.15","1,363.74",2575346,3512101879.9,90250,1684041.0,65.39
2017-11-07,M&M,EQ,"1,366.15","1,380.00","1,382.00","1,348.00","1,353.80","1,353.75","1,369.20",2213662,3030937751.0,31165,1683864.0,76.07
2017-11-08,M&M,EQ,"1,353.75","1,361.00","1,375.00","1,354.00","1,373.95","1,367.00","1,367.72",685509,937585053.35,42629,446174.0,65.09
2017-11-09,M&M,EQ,"1,367.00","1,373.00","1,380.05","1,340.00","1,360.05","1,361.30","1,358.06",484257,657651814.2,34443,241422.0,49.85
2017-11-10,M&M,EQ,"1,361.30","1,362.10","1,412.15","1,347.20","1,395.00","1,392.95","1,384.33",2969900,4111328588.75,77163,972493.0,32.74
2017-11-13,M&M,EQ,"1,392.95","1,408.00","1,431.75","1,408.00","1,411.00","1,411.20","1,421.09",3238115,4601643311.35,109683,2116416.0,65.36
2017-11-14,M&M,EQ,"1,411.20","1,419.00","1,438.20","1,415.05","1,424.90","1,429.60","1,426.53",1796055,2562124517.8,74649,1281511.0,71.35
2017-11-15,M&M,EQ,"1,429.60","1,429.00","1,429.00","1,407.00","1,416.05","1,415.25","1,414.29",997036,1410097226.55,39787,610450.0,61.23
2017-11-16,M&M,EQ,"1,415.25","1,415.05","1,426.00","1,408.00","1,414.05","1,413.95","1,417.43",872446,1236627806.3,21237,484207.0,55.5
2017-11-17,M&M,EQ,"1,413.95","1,425.00","1,425.00","1,412.00","1,413.95","1,416.75","1,420.39",1448440,2057346250.7,32485,1196400.0,82.6
2017-11-20,M&M,EQ,"1,416.75","1,419.75","1,420.05","1,400.10","1,404.90","1,408.00","1,406.64",1264801,1779123542.45,59511,1004920.0,79.45
2017-11-21,M&M,EQ,"1,408.00","1,420.00","1,422.00","1,408.20","1,415.00","1,416.00","1,415.99",853763,1208919055.1,31579,589156.0,69.01
2017-11-22,M&M,EQ,"1,416.00","1,424.00","1,441.80","1,419.60","1,432.50","1,429.50","1,433.89",1439617,2064259578.25,62309,899704.0,62.5
2017-11-23,M&M,EQ,"1,429.50","1,434.40","1,434.40","1,412.55","1,420.00","1,418.65","1,422.43",490011,697005384.65,21098,281397.0,57.43
2017-11-24,M&M,EQ,"1,418.65","1,425.00","1,439.90","1,420.05","1,435.35","1,434.10","1,433.31",966558,1385379918.5,24730,595485.0,61.61
2017-11-27,M&M,EQ,"1,434.10","1,435.00","1,444.00","1,425.05","1,431.90","1,431.00","1,430.26",867582,1240868592.0,26757,587919.0,67.77
2017-11-28,M&M,EQ,"1,431.00","1,432.65","1,441.45","1,426.80","1,436.80","1,435.00","1,434.43",743580,1066614994.05,28246,527833.0,70.99
2017-11-29,M&M,EQ,"1,435.00","1,438.95","1,443.10","1,430.00","1,431.00","1,433.40","1,434.48",691787,992357850.3,34587,469904.0,67.93
2017-11-30,M&M,EQ,"1,433.40","1,430.00","1,430.00","1,400.55","1,407.10","1,406.55","1,409.45",2683675,3782502344.85,96875,1882881.0,70.16
2017-12-01,M&M,EQ,"1,406.55","1,414.00","1,426.95","1,406.00","1,409.00","1,409.40","1,415.77",1077343,1525266408.7,30037,573714.0,53.25
2017-12-04,M&M,EQ,"1,409.40","1,420.00","1,420.00","1,392.75","1,400.50","1,401.00","1,400.70",1462814,2048958363.15,39083,1098744.0,75.11
2017-12-05,M&M,EQ,"1,401.00","1,400.00","1,409.35","1,383.00","1,387.80","1,388.20","1,395.18",1299621,1813207657.1,42554,1060452.0,81.6
2017-12-06,M&M,EQ,"1,388.20","1,387.00","1,392.40","1,363.45","1,368.70","1,367.45","1,374.94",1184822,1629058476.2,60137,889587.0,75.08
2017-12-07,M&M,EQ,"1,367.45","1,376.80","1,382.50","1,368.10","1,380.00","1,379.55","1,375.48",1556860,2141433167.1,47232,1246870.0,80.09
2017-12-08,M&M,EQ,"1,379.55","1,386.70","1,393.65","1,379.40","1,387.00","1,388.15","1,387.23",1199696,1664259781.75,38460,928249.0,77.37
2017-12-11,M&M,EQ,"1,388.15","1,395.85","1,427.85","1,392.50","1,417.85","1,418.25","1,415.18",1323321,1872731818.8,38802,852243.0,64.4
2017-12-12,M&M,EQ,"1,418.25","1,419.80","1,428.50","1,411.10","1,420.00","1,419.15","1,419.62",1406120,1996157493.25,47037,1062732.0,75.58
2017-12-13,M&M,EQ,"1,419.15","1,421.80","1,432.00","1,410.00","1,411.00","1,412.50","1,421.14",1893574,2691036767.85,28683,1563376.0,82.56
2017-12-14,M&M,EQ,"1,412.50","1,417.00","1,436.00","1,413.00","1,432.00","1,431.60","1,428.93",2752965,3933786533.6,64401,2098747.0,76.24
2017-12-15,M&M,EQ,"1,431.60","1,442.50","1,490.00","1,441.00","1,483.00","1,483.40","1,471.96",3552757,5229500192.45,100168,2010344.0,56.59
2017-12-18,M&M,EQ,"1,483.40","1,484.00","1,539.00","1,455.00","1,521.80","1,521.45","1,518.14",4265351,6475392865.3,100737,2736288.0,64.15
2017-12-19,M&M,EQ,"1,521.45","1,535.00","1,560.95","1,522.00","1,550.40","1,556.30","1,539.87",5673987,8737214691.15,78208,4112440.0,72.48
2017-12-20,M&M,EQ,"1,556.30","1,560.00","1,571.40","1,533.10","1,534.20","1,541.75","1,557.09",4830014,7520746124.05,104321,3529758.0,73.08
2017-12-21,M&M,EQ,"1,541.75",767.00,767.00,738.95,742.85,742.20,746.46,6803736,5078683006.3,79258,4677871.0,68.75
2017-12-22,M&M,EQ,742.20,747.00,753.40,743.00,747.40,746.20,747.70,2338232,1748302823.2,36522,1324387.0,56.64
2017-12-26,M&M,EQ,746.20,748.00,749.95,736.70,741.55,741.55,740.16,3887128,2877108903.45,38647,2861005.0,73.6
2017-12-27,M&M,EQ,741.55,744.80,754.90,739.45,747.00,746.75,747.56,2523905,1886775227.35,38307,1523602.0,60.37
2017-12-28,M&M,EQ,746.75,747.00,753.95,745.35,751.90,749.95,749.75,5643656,4231337678.9,53488,3882053.0,68.79
2017-12-29,M&M,EQ,749.95,751.00,753.00,743.90,751.50,751.10,748.20,2055582,1537991668.7,73331,1594168.0,77.55
2018-01-01,M&M,EQ,751.10,751.00,758.90,743.00,745.50,744.65,750.77,2476302,1859140125.05,31240,1619007.0,65.38
2018-01-02,M&M,EQ,744.65,754.00,758.00,746.30,753.00,752.90,753.06,3020597,2274687979.6,58268,1872751.0,62.0
2018-01-03,M&M,EQ,752.90,755.90,759.00,750.00,753.70,754.90,756.16,2256643,1706379602.85,54539,1298233.0,57.53
2018-01-04,M&M,EQ,754.90,761.00,761.00,750.50,755.75,756.00,755.23,1663380,1256234024.5,34624,887667.0,53.37
2018-01-05,M&M,EQ,756.00,756.00,758.50,753.60,755.60,756.35,756.82,1255982,950549554.2,28943,742659.0,59.13
2018-01-08,M&M,EQ,756.35,757.05,760.00,756.55,760.00,759.90,758.74,2309604,1752382390.1,36787,1896147.0,82.1
2018-01-09,M&M,EQ,759.90,760.00,766.00,757.20,761.85,762.45,761.91,1947163,1483569074.0,35374,1414599.0,72.65
2018-01-10,M&M,EQ,762.45,762.05,765.00,754.20,760.30,759.85,759.64,1275821,969159119.9,23414,810743.0,63.55
2018-01-11,M&M,EQ,759.85,760.30,768.95,755.50,764.35,766.65,763.62,2291617,1749929249.05,44186,1616494.0,70.54
2018-01-12,M&M,EQ,766.65,767.10,769.50,761.75,766.85,767.50,765.50,1363265,1043576578.7,32787,981802.0,72.02
2018-01-15,M&M,EQ,767.50,770.00,775.65,755.65,758.35,759.20,766.28,2127778,1630472204.2,46230,1461680.0,68.7
2018-01-16,M&M,EQ,759.20,759.00,762.55,741.00,748.35,746.70,749.79,1611817,1208517088.8,67427,1157147.0,71.79
2018-01-17,M&M,EQ,746.70,747.05,754.00,738.85,741.65,745.35,746.00,1940533,1447644921.15,52439,1310624.0,67.54
2018-01-18,M&M,EQ,745.35,750.00,765.00,745.00,759.30,759.25,759.25,2810014,2133505075.4,64309,1831859.0,65.19
2018-01-19,M&M,EQ,759.25,760.00,768.30,748.30,765.65,765.40,757.05,2005133,1517990916.15,31955,1214637.0,60.58
2018-01-22,M&M,EQ,765.40,762.10,769.00,756.00,759.05,759.60,760.53,934811,710955077.55,25213,573500.0,61.35
2018-01-23,M&M,EQ,759.60,761.95,773.00,761.40,769.75,769.05,767.77,2775928,2131262634.45,78122,1839041.0,66.25
2018-01-24,M&M,EQ,769.05,769.05,771.00,752.40,756.50,755.40,758.37,2080315,1577655371.15,36248,1570279.0,75.48
2018-01-25,M&M,EQ,755.40,756.50,762.00,748.35,762.00,757.80,756.24,2878048,2176498419.4,45389,1966167.0,68.32
2018-01-29,M&M,EQ,757.80,757.30,772.00,757.30,763.00,764.35,765.82,2074165,1588430944.65,41464,1433140.0,69.09
2018-01-30,M&M,EQ,764.35,764.00,768.65,753.10,764.90,764.90,761.66,1648188,1255359127.15,34725,1107535.0,67.2
2018-01-31,M&M,EQ,764.90,764.80,771.15,756.65,765.90,763.05,764.35,2242045,1713702172.5,38342,1630492.0,72.72
2018-02-01,M&M,EQ,763.05,768.90,802.55,763.00,801.00,798.75,785.19,6896060,5414711116.15,122264,3297909.0,47.82
2018-02-02,M&M,EQ,798.75,798.75,800.00,765.55,770.00,770.25,785.84,3783976,2973610028.25,75961,2211067.0,58.43
2018-02-05,M&M,EQ,770.25,762.90,769.75,745.00,762.45,760.50,761.22,2018332,1536395408.25,61130,1308138.0,64.81
2018-02-06,M&M,EQ,760.50,743.80,759.90,730.75,751.80,751.80,749.27,5626253,4215604282.25,70135,4279375.0,76.06
2018-02-07,M&M,EQ,751.80,767.40,771.95,743.75,746.00,747.10,753.83,1909559,1439475921.7,52968,961729.0,50.36
2018-02-08,M&M,EQ,747.10,754.00,760.70,746.00,755.90,752.20,755.16,3024010,2283602013.8,58172,2004379.0,66.28
2018-02-09,M&M,EQ,752.20,747.00,753.30,742.00,750.00,750.05,749.66,2214895,1660429189.6,48257,1390360.0,62.77
2018-02-12,M&M,EQ,750.05,770.00,770.00,743.00,746.05,746.00,752.01,2662221,2002007302.65,54819,1095561.0,41.15
2018-02-14,M&M,EQ,746.00,751.80,753.95,742.05,743.90,746.95,749.85,1207191,905217068.35,46664,578768.0,47.94
2018-02-15,M&M,EQ,746.95,748.10,751.30,743.50,748.95,749.35,748.66,1652980,1237511917.35,24107,998763.0,60.42
2018-02-16,M&M,EQ,749.35,752.65,753.75,742.00,742.50,743.75,745.61,1042980,777657492.7,17042,587662.0,56.34
2018-02-19,M&M,EQ,743.75,744.00,744.80,716.05,726.30,724.65,726.95,1185926,862111584.85,29659,572597.0,48.28
2018-02-20,M&M,EQ,724.65,726.80,733.20,703.00,709.00,709.00,715.17,2981323,2132162040.65,54968,1884808.0,63.22
2018-02-21,M&M,EQ,709.00,716.00,716.00,701.00,708.00,708.40,706.54,2290218,1618119691.65,93312,1482464.0,64.73
2018-02-22,M&M,EQ,708.40,702.00,724.50,700.40,721.60,721.95,712.55,3325355,2369486209.05,64376,2234680.0,67.2
2018-02-23,M&M,EQ,721.95,722.55,724.00,714.00,719.90,718.65,718.51,1648932,1184777574.35,58671,994049.0,60.28
2018-02-26,M&M,EQ,718.65,722.0,737.0,719.25,735.4,735.4,730.4,1525511,1114235548.8,37699,836279.0,54.82
2018-02-27,M&M,EQ,735.4,741.9,742.0,731.0,738.9,739.8,738.2,1429191,1055035720.6,37912,784993.0,54.93
2018-02-28,M&M,EQ,739.8,734.0,734.95,725.1,727.0,728.35,729.97,1814444,1324487288.25,47123,1335754.0,73.62
2018-03-01,M&M,EQ,728.35,728.0,736.5,727.5,731.0,732.55,733.15,1831321,1342628831.75,40238,1200086.0,65.53
2018-03-05,M&M,EQ,732.55,727.0,743.0,722.15,737.0,739.6,734.23,2170367,1593557964.5,47618,1524477.0,70.24
2018-03-06,M&M,EQ,739.6,743.0,743.0,716.0,719.9,719.9,728.8,1763292,1285079104.25,64751,1043383.0,59.17
2018-03-07,M&M,EQ,719.9,721.0,725.8,702.45,707.8,707.8,709.08,2343794,1661927541.1,57817,1420042.0,60.59
2018-03-08,M&M,EQ,707.8,710.55,729.2,707.1,724.0,726.65,721.59,2500680,1804468257.95,52819,1150799.0,46.02
2018-03-09,M&M,EQ,726.65,726.9,739.7,723.45,726.0,728.5,733.7,2191343,1607784912.35,46970,1428282.0,65.18
2018-03-12,M&M,EQ,728.5,735.05,739.25,731.2,737.0,737.1,735.01,1867680,1372760169.45,24168,1245004.0,66.66
2018-03-13,M&M,EQ,737.1,736.95,741.0,730.45,732.0,733.0,734.31,1823994,1339377667.85,57031,1081259.0,59.28
2018-03-14,M&M,EQ,733.0,730.95,734.3,723.1,728.7,728.2,728.46,1366237,995251678.95,32697,751519.0,55.01
2018-03-15,M&M,EQ,728.2,731.0,737.9,729.8,734.35,734.85,734.25,1249262,917275843.5,37029,685193.0,54.85
2018-03-16,M&M,EQ,734.85,739.0,752.0,735.55,742.15,740.75,744.81,4929069,3671216537.55,97289,3235804.0,65.65
2018-03-19,M&M,EQ,740.75,741.75,749.0,739.0,741.0,742.7,744.15,2081202,1548719529.8,60872,1005742.0,48.33
2018-03-20,M&M,EQ,742.7,740.4,744.0,732.05,741.2,740.95,736.12,1248986,919405871.35,28659,681688.0,54.58
2018-03-21,M&M,EQ,740.95,743.0,750.75,739.5,747.0,745.35,747.06,2788242,2082991007.4,39066,2130088.0,76.4
2018-03-22,M&M,EQ,745.35,747.05,748.9,726.0,731.0,730.85,733.92,1877037,1377604263.15,53019,1104031.0,58.82
2018-03-23,M&M,EQ,730.85,725.0,737.3,721.2,733.0,732.9,731.46,2276332,1665038548.95,43761,1412342.0,62.04
2018-03-26,M&M,EQ,732.9,734.35,750.0,727.05,745.0,746.5,741.7,1890961,1402531846.5,42750,1040490.0,55.02
2018-03-27,M&M,EQ,746.5,749.0,752.0,741.6,744.0,744.9,744.76,2422064,1803858152.5,66328,1797981.0,74.23
2018-03-28,M&M,EQ,744.9,744.0,746.0,735.0,737.0,738.9,738.54,3301815,2438530248.7,67315,2260424.0,68.46
2018-04-02,M&M,EQ,738.9,748.9,751.85,737.2,747.5,748.05,745.49,3567965,2659866487.6,66835,2486849.0,69.7
2018-04-03,M&M,EQ,748.05,748.0,771.4,745.05,770.0,770.1,760.57,2500384,1901704645.35,49920,1144249.0,45.76
2018-04-04,M&M,EQ,770.1,773.0,786.75,749.1,758.0,756.55,770.82,3295198,2540009133.7,57547,1672221.0,50.75
2018-04-05,M&M,EQ,756.55,770.0,781.0,766.6,771.8,774.6,775.6,2224647,1725440418.2,48616,1365549.0,61.38
2018-04-06,M&M,EQ,774.6,774.6,774.6,764.05,771.45,771.95,770.18,1194886,920273281.1,25031,673968.0,56.4
2018-04-09,M&M,EQ,771.95,772.0,788.2,770.0,786.0,786.2,783.68,1813902,1421513463.2,63475,1187134.0,65.45
2018-04-10,M&M,EQ,786.2,776.5,785.0,768.4,779.0,777.6,775.0,2193150,1699696502.9,118863,1223768.0,55.8
2018-04-11,M&M,EQ,777.6,781.5,790.6,773.95,787.5,789.0,783.72,1448946,1135564828.0,32473,851859.0,58.79
2018-04-12,M&M,EQ,789.0,789.45,794.6,780.65,788.0,787.85,786.47,1146053,901338777.1,36428,606864.0,52.95
2018-04-13,M&M,EQ,787.85,795.0,795.5,783.15,786.6,789.6,791.37,2183881,1728258346.3,55196,1385366.0,63.44
2018-04-16,M&M,EQ,789.6,783.2,805.0,783.2,804.0,801.45,797.53,2896629,2310136096.25,77090,1800136.0,62.15
2018-04-17,M&M,EQ,801.45,816.0,818.8,806.5,810.0,809.35,811.68,4339790,3522531557.2,99396,2695943.0,62.12
2018-04-18,M&M,EQ,809.35,813.0,813.0,795.7,798.7,798.3,801.36,1503151,1204563125.35,59564,964366.0,64.16
2018-04-19,M&M,EQ,798.3,801.4,804.5,793.7,802.7,801.9,801.69,2590266,2076585190.3,61106,2004629.0,77.39
2018-04-20,M&M,EQ,801.9,791.9,804.45,791.9,798.15,799.5,798.15,2561105,2044154500.4,69113,2062867.0,80.55
2018-04-23,M&M,EQ,799.5,803.9,833.8,800.05,823.05,824.3,819.87,2751312,2255725375.85,73505,1444774.0,52.51
2018-04-24,M&M,EQ,824.3,823.9,844.0,822.1,839.7,838.55,833.6,2872669,2394652822.45,49465,1820368.0,63.37
2018-04-25,M&M,EQ,838.55,842.0,862.5,838.55,853.0,853.85,849.88,3602302,3061541531.4,81330,1926409.0,53.48
2018-04-26,M&M,EQ,853.85,859.0,868.75,851.0,853.5,858.15,859.24,5461957,4693141689.75,79080,3019386.0,55.28
2018-04-27,M&M,EQ,858.15,859.9,866.8,851.2,861.5,862.7,861.22,1087577,936643595.95,39945,486538.0,44.74
2018-04-30,M&M,EQ,862.7,864.4,878.95,864.1,873.05,873.3,872.56,1137366,992424195.4,39070,511716.0,44.99
2018-05-02,M&M,EQ,873.3,879.5,879.8,861.0,863.5,863.15,868.86,1341643,1165705111.25,39897,634908.0,47.32
2018-05-03,M&M,EQ,863.15,863.0,875.5,851.6,861.45,865.1,865.95,2126154,1841132735.8,53132,1286216.0,60.49
2018-05-04,M&M,EQ,865.1,864.95,868.5,852.35,855.1,854.3,858.07,961238,824812584.95,45764,561141.0,58.38
2018-05-07,M&M,EQ,854.3,862.0,887.9,858.5,886.5,885.6,876.34,1916654,1679634790.05,43741,992761.0,51.8
2018-05-08,M&M,EQ,885.6,886.0,886.5,859.5,865.25,865.3,866.65,1834833,1590160180.95,39961,1123090.0,61.21
2018-05-09,M&M,EQ,865.3,865.0,868.65,853.75,863.5,860.1,860.98,1630905,1404182244.35,46136,1013707.0,62.16
2018-05-10,M&M,EQ,860.1,860.0,872.75,852.15,853.4,856.5,864.84,1369399,1184310384.35,45936,716656.0,52.33
2018-05-11,M&M,EQ,856.5,857.95,872.8,848.85,865.15,869.1,861.17,1304682,1123551347.35,50727,593797.0,45.51
2018-05-14,M&M,EQ,869.1,872.0,874.0,850.0,850.05,852.65,856.82,1492933,1279176903.55,49092,958205.0,64.18
2018-05-15,M&M,EQ,852.65,853.9,865.0,837.1,849.5,847.05,854.4,2060487,1760477471.45,45229,1293296.0,62.77
2018-05-16,M&M,EQ,847.05,845.5,857.75,834.2,854.5,853.1,847.83,1559853,1322490885.35,48094,759620.0,48.7
2018-05-17,M&M,EQ,853.1,855.05,859.5,846.0,847.5,849.0,851.18,1065979,907339066.45,49910,674894.0,63.31
2018-05-18,M&M,EQ,849.0,848.25,853.8,828.05,836.05,836.0,839.34,1983383,1664726416.7,54191,1313403.0,66.22
2018-05-21,M&M,EQ,836.0,834.0,847.25,821.6,823.0,825.95,834.01,1670673,1393359340.65,59296,996471.0,59.64
2018-05-22,M&M,EQ,825.95,822.2,837.0,812.25,830.0,830.2,826.39,1937535,1601150680.3,74497,1041331.0,53.75
2018-05-23,M&M,EQ,830.2,828.1,835.5,820.55,831.35,831.8,828.65,1315364,1089982831.3,52023,608906.0,46.29
2018-05-24,M&M,EQ,831.8,837.0,847.8,831.9,842.6,843.05,841.56,1394760,1173773495.6,38931,501308.0,35.94
2018-05-25,M&M,EQ,843.05,845.0,860.95,844.0,860.0,857.7,854.71,2069467,1768788075.8,63280,1348661.0,65.17
2018-05-28,M&M,EQ,857.7,862.4,864.65,845.05,851.0,849.95,851.99,3096495,2638178797.0,45291,1933384.0,62.44
2018-05-29,M&M,EQ,849.95,854.0,875.7,850.0,874.95,870.25,862.32,4666224,4023793933.35,99185,1146432.0,24.57
2018-05-30,M&M,EQ,870.25,879.0,901.0,875.05,894.5,897.95,891.39,8212884,7320843042.7,174179,2746380.0,33.44
2018-05-31,M&M,EQ,897.95,900.0,933.5,891.0,924.0,922.95,914.31,9417129,8610195782.9,174526,4574513.0,48.58
2018-06-01,M&M,EQ,922.95,922.5,927.5,897.05,901.65,901.6,912.31,3431462,3130552826.0,111901,1179262.0,34.37
2018-06-04,M&M,EQ,901.6,908.0,918.35,906.0,913.0,914.5,913.81,3364222,3074243037.25,102898,1693908.0,50.35
2018-06-05,M&M,EQ,914.5,912.0,915.9,898.5,905.8,901.3,906.51,1836194,1664521623.0,76536,1027280.0,55.95
2018-06-06,M&M,EQ,901.3,902.4,917.1,896.85,914.25,914.3,909.52,2102493,1912266880.95,76100,970692.0,46.17
2018-06-07,M&M,EQ,914.3,919.0,927.95,916.0,918.95,920.3,921.76,2668799,2460002992.25,112432,1597076.0,59.84
2018-06-08,M&M,EQ,920.3,917.0,917.65,903.1,908.6,911.65,909.67,1335422,1214788311.7,46244,649609.0,48.64
2018-06-11,M&M,EQ,911.65,912.2,920.0,910.0,915.0,916.85,916.44,1747134,1601146937.75,86672,1214193.0,69.5
2018-06-12,M&M,EQ,916.85,920.0,926.4,914.05,916.0,917.6,920.42,2032546,1870787897.5,73164,1122266.0,55.21
2018-06-13,M&M,EQ,917.6,918.0,921.4,914.75,915.0,917.65,918.25,1353228,1242600338.65,78477,884968.0,65.4
2018-06-14,M&M,EQ,917.65,914.1,925.0,909.55,922.55,922.05,918.47,1385264,1272320670.45,53952,938681.0,67.76
2018-06-15,M&M,EQ,922.05,922.55,924.4,902.85,908.35,909.45,910.78,2619109,2385424534.05,75116,1942503.0,74.17
2018-06-18,M&M,EQ,909.45,915.0,921.05,909.0,914.5,913.9,915.64,1496081,1369870184.9,70627,883020.0,59.02
2018-06-19,M&M,EQ,913.9,915.0,915.05,886.0,893.0,891.4,898.84,1878313,1688298963.1,80678,1027236.0,54.69
2018-06-20,M&M,EQ,891.4,896.0,908.85,892.45,903.1,904.4,899.94,2671370,2404059698.85,83586,1316636.0,49.29
2018-06-21,M&M,EQ,904.4,909.8,909.8,874.1,883.1,883.6,888.01,4202520,3731867667.9,148517,2479898.0,59.01
2018-06-22,M&M,EQ,883.6,882.8,912.7,882.05,910.0,908.2,902.31,4589148,4140842244.0,102882,2611662.0,56.91
2018-06-25,M&M,EQ,908.2,912.0,914.5,901.0,905.15,905.6,906.38,2984963,2705514766.3,77842,2024463.0,67.82
2018-06-26,M&M,EQ,905.6,905.0,915.0,891.1,895.05,898.0,908.17,2106484,1913054094.5,65054,1332083.0,63.24
2018-06-27,M&M,EQ,898.0,900.0,906.3,885.55,892.85,892.65,897.11,2168303,1945201832.7,71904,1286278.0,59.32
2018-06-28,M&M,EQ,892.65,892.65,917.7,891.05,906.5,907.75,908.2,4493297,4080816135.1,89436,2518377.0,56.05
2018-06-29,M&M,EQ,907.75,909.0,914.9,894.85,896.6,897.7,899.64,2441612,2196562880.65,86615,1580792.0,64.74
2018-07-02,M&M,EQ,897.7,907.0,907.7,878.65,885.05,886.65,888.41,2180118,1936848759.6,71682,972518.0,44.61
2018-07-03,M&M,EQ,886.65,886.9,898.5,879.05,894.0,894.2,891.23,1406654,1253648816.45,60404,680376.0,48.37
2018-07-04,M&M,EQ,894.2,895.0,902.7,885.5,901.9,900.1,896.67,1457165,1306592822.3,36595,766518.0,52.6
2018-07-05,M&M,EQ,900.1,901.6,916.0,901.6,911.5,912.35,910.24,1935437,1761718869.2,66639,839539.0,43.38
2018-07-06,M&M,EQ,912.35,914.95,927.0,902.85,925.5,924.95,917.83,2998570,2752179840.9,96892,1506597.0,50.24
2018-07-09,M&M,EQ,924.95,931.0,940.0,927.6,932.5,932.75,934.41,2472960,2310747681.15,81746,1098789.0,44.43
2018-07-10,M&M,EQ,932.75,937.4,937.5,926.4,928.95,930.55,930.65,1617650,1505468341.9,86692,799200.0,49.41
2018-07-11,M&M,EQ,930.55,928.95,939.7,926.45,931.55,931.0,932.71,2732003,2548173182.65,109709,1736426.0,63.56
2018-07-12,M&M,EQ,931.0,931.0,931.0,910.0,914.4,915.8,917.53,2173358,1994121296.8,107525,1187661.0,54.65
2018-07-13,M&M,EQ,915.8,918.5,925.9,902.0,907.0,906.7,911.13,2296504,2092424381.1,66556,1237649.0,53.89
2018-07-16,M&M,EQ,906.7,905.0,915.7,895.0,900.0,900.35,903.52,1901810,1718317716.65,70723,846898.0,44.53
2018-07-17,M&M,EQ,900.35,903.0,925.3,901.1,924.0,922.45,916.2,1791101,1641009860.4,54166,767183.0,42.83
2018-07-18,M&M,EQ,922.45,926.6,929.8,900.0,903.15,902.45,910.22,1442856,1313313020.5,95945,665809.0,46.15
2018-07-19,M&M,EQ,902.45,906.0,922.4,906.0,912.45,913.0,914.21,2040980,1865890375.2,72209,873507.0,42.8
2018-07-20,M&M,EQ,913.0,913.0,915.2,904.0,908.7,909.75,908.95,1667834,1515971070.75,64274,1072698.0,64.32
2018-07-23,M&M,EQ,909.75,910.0,913.0,904.0,907.2,910.4,909.27,1179253,1072264341.35,39654,723547.0,61.36
2018-07-24,M&M,EQ,910.4,913.85,924.9,911.2,920.0,920.4,918.78,1982289,1821284707.85,76514,1188656.0,59.96
2018-07-25,M&M,EQ,920.4,924.9,925.0,908.7,909.6,910.1,913.93,1433236,1309874730.75,59054,733067.0,51.15
2018-07-26,M&M,EQ,910.1,914.4,916.9,906.0,912.0,913.6,911.85,2785063,2539549985.4,87536,1891750.0,67.92
2018-07-27,M&M,EQ,913.6,915.0,915.9,902.8,909.65,909.85,908.58,1658854,1507203164.15,61461,1007035.0,60.71
2018-07-30,M&M,EQ,909.85,916.0,935.0,912.05,933.3,933.25,926.91,2458481,2278785313.1,56781,1059687.0,43.1
2018-07-31,M&M,EQ,933.25,935.0,941.8,924.55,934.1,935.95,933.54,2011316,1877648439.3,86458,1064011.0,52.9
2018-08-01,M&M,EQ,935.95,939.5,943.4,926.1,929.0,929.75,934.28,2000884,1869395541.0,63736,1039891.0,51.97
2018-08-02,M&M,EQ,929.75,925.75,925.75,910.05,911.25,911.3,915.14,1652795,1512540671.85,41887,1019499.0,61.68
2018-08-03,M&M,EQ,911.3,914.05,925.0,914.05,920.25,920.65,919.66,1575164,1448618549.85,51009,1046233.0,66.42
2018-08-06,M&M,EQ,920.65,921.95,935.8,920.55,934.0,932.4,928.95,1702042,1581112156.35,41800,964232.0,56.65
2018-08-07,M&M,EQ,932.4,940.95,944.0,923.3,926.0,927.0,934.1,5202023,4859228430.75,137386,1583052.0,30.43
2018-08-08,M&M,EQ,927.0,936.9,938.95,924.0,927.8,928.3,929.99,2056171,1912209451.85,83892,1010276.0,49.13
2018-08-09,M&M,EQ,928.3,929.0,940.0,927.5,932.0,933.2,934.19,2452570,2291165583.4,104094,1309110.0,53.38
2018-08-10,M&M,EQ,933.2,932.0,952.7,929.15,944.25,945.95,944.17,3163115,2986528044.15,100345,1645164.0,52.01
2018-08-13,M&M,EQ,945.95,944.0,966.4,938.6,955.0,954.5,956.73,4285645,4100198421.8,108694,2458408.0,57.36
2018-08-14,M&M,EQ,954.5,958.9,961.9,948.0,950.0,950.45,954.44,1801054,1719000689.85,50039,1001605.0,55.61
2018-08-16,M&M,EQ,950.45,945.0,965.25,944.0,950.7,951.25,956.02,1832039,1751460412.6,72374,1113833.0,60.8
2018-08-17,M&M,EQ,951.25,954.55,968.8,950.15,961.4,961.5,962.24,2246030,2161219549.1,52781,1450828.0,64.6
2018-08-20,M&M,EQ,961.5,967.65,982.25,962.1,969.55,969.55,972.93,1877608,1826777968.75,64413,915599.0,48.76
2018-08-21,M&M,EQ,969.55,973.0,976.65,955.5,959.0,957.8,965.85,1557070,1503895589.4,73340,945479.0,60.72
2018-08-23,M&M,EQ,957.8,960.0,970.0,954.3,960.0,963.1,962.2,1978510,1903727730.1,81035,1211852.0,61.25
2018-08-24,M&M,EQ,963.1,966.2,972.4,961.15,968.0,968.3,968.39,1634893,1583206546.0,51295,1037621.0,63.47
2018-08-27,M&M,EQ,968.3,974.3,983.9,967.8,979.5,976.45,973.76,1635797,1592872673.15,62708,1097023.0,67.06
2018-08-28,M&M,EQ,976.45,982.0,987.65,974.1,977.45,980.5,982.07,1460036,1433853406.15,53237,795618.0,54.49
2018-08-29,M&M,EQ,980.5,981.35,993.0,975.45,984.95,983.85,987.0,1795568,1772225052.1,64515,1093425.0,60.9
2018-08-30,M&M,EQ,983.85,984.95,991.6,977.9,981.9,982.95,984.93,1831626,1804027678.95,45754,949021.0,51.81
2018-08-31,M&M,EQ,982.95,982.0,988.0,959.15,965.3,965.3,968.14,2243187,2171723106.55,98835,1431334.0,63.81
2018-09-03,M&M,EQ,965.3,974.9,974.95,942.0,945.6,947.8,960.64,2189450,2103264249.1,65184,1007346.0,46.01
2018-09-04,M&M,EQ,947.8,952.2,955.7,928.1,934.75,931.75,941.85,2067396,1947180606.85,70503,970502.0,46.94
2018-09-05,M&M,EQ,931.75,930.0,945.0,914.4,931.05,929.4,929.75,2133045,1983195485.55,79639,1146114.0,53.73
2018-09-06,M&M,EQ,929.4,935.0,943.7,927.5,932.2,934.95,934.56,2144816,2004450972.15,120820,1185972.0,55.29
2018-09-07,M&M,EQ,934.95,940.1,977.65,935.05,973.5,973.7,959.49,3132025,3005132931.95,74862,1681345.0,53.68
2018-09-10,M&M,EQ,973.7,970.65,976.15,934.6,939.0,937.35,955.52,2151834,2056122047.4,67376,1267067.0,58.88
2018-09-11,M&M,EQ,937.35,943.0,961.0,936.3,947.0,943.15,949.88,3909701,3713736740.1,88297,1621351.0,41.47
2018-09-12,M&M,EQ,943.15,948.45,951.0,912.4,937.0,938.15,930.96,2787531,2595088537.75,84862,1006775.0,36.12
2018-09-14,M&M,EQ,938.15,941.2,954.8,928.05,950.55,951.9,945.33,2803861,2650575717.7,80167,1274114.0,45.44
2018-09-17,M&M,EQ,951.9,947.65,956.4,936.6,952.0,950.85,950.0,1978897,1879950531.5,65736,1299011.0,65.64
2018-09-18,M&M,EQ,950.85,949.45,961.0,940.4,945.9,946.55,954.03,2227889,2125467702.2,82145,1355614.0,60.85
2018-09-19,M&M,EQ,946.55,947.0,965.65,938.2,949.25,948.9,954.05,2083160,1987435262.85,96375,1026185.0,49.26
2018-09-21,M&M,EQ,948.9,963.0,976.7,870.0,960.0,959.9,956.62,4633394,4432409353.65,110694,2405018.0,51.91
2018-09-24,M&M,EQ,959.9,955.0,958.2,885.0,898.0,896.05,904.51,4569708,4133332589.05,141883,2330590.0,51.0
2018-09-25,M&M,EQ,896.05,896.0,900.0,865.25,896.0,893.0,884.14,4269089,3774462808.7,143920,2207358.0,51.71
2018-09-26,M&M,EQ,893.0,903.0,917.85,885.3,887.5,893.35,900.84,2357565,2123778151.85,58651,1077710.0,45.71
2018-09-27,M&M,EQ,893.35,888.0,895.45,866.5,874.0,877.45,880.9,2588148,2279896013.9,86387,1208032.0,46.68
2018-09-28,M&M,EQ,877.45,877.45,880.95,839.55,864.5,860.95,859.14,4188699,3598698735.7,139848,2528819.0,60.37
2018-10-01,M&M,EQ,860.95,860.5,864.45,840.95,847.15,847.6,850.0,3060818,2601688880.8,76480,1801446.0,58.86
2018-10-03,M&M,EQ,847.6,845.5,845.5,787.0,788.0,791.6,809.31,6680994,5406994718.1,253657,3888638.0,58.2
2018-10-04,M&M,EQ,791.6,780.15,800.0,765.45,791.5,794.7,787.24,5036305,3964798125.05,201445,2395857.0,47.57
2018-10-05,M&M,EQ,794.7,791.0,795.75,752.9,766.0,769.55,771.06,5157618,3976847863.35,166975,2740187.0,53.13
2018-10-08,M&M,EQ,769.55,768.75,780.95,753.3,776.05,774.85,768.34,3874262,2976758976.6,146806,2024791.0,52.26
2018-10-09,M&M,EQ,774.85,775.55,782.45,760.3,763.0,764.8,769.84,2933355,2258216758.05,116065,1631331.0,55.61
2018-10-10,M&M,EQ,764.8,768.0,774.6,750.9,764.9,764.1,762.79,7578601,5780889152.45,149475,5320618.0,70.21
2018-10-11,M&M,EQ,764.1,747.0,756.5,715.0,730.0,730.15,738.65,6199047,4578899638.1,187876,4129950.0,66.62
2018-10-12,M&M,EQ,730.15,738.5,775.9,735.55,768.5,768.5,766.79,4477653,3433436655.85,167204,2054864.0,45.89
2018-10-15,M&M,EQ,768.5,775.0,775.45,738.0,749.9,749.0,746.19,5282462,3941711075.35,103920,3186327.0,60.32
2018-10-16,M&M,EQ,749.0,753.6,780.0,750.1,779.0,777.7,770.65,4357854,3358379369.8,126037,2010022.0,46.12
2018-10-17,M&M,EQ,777.7,789.2,790.75,751.2,757.55,759.4,766.64,2634539,2019751015.85,82100,911095.0,34.58
2018-10-19,M&M,EQ,759.4,748.1,758.0,732.1,742.85,741.2,743.06,2985488,2218381956.3,102223,1546516.0,51.8
2018-10-22,M&M,EQ,741.2,747.0,749.0,731.0,731.7,733.75,738.41,1842855,1360778304.65,81763,832206.0,45.16
2018-10-23,M&M,EQ,733.75,730.5,734.4,716.2,732.95,729.95,724.46,2967082,2149521864.8,79818,1716639.0,57.86
2018-10-24,M&M,EQ,729.95,740.8,749.2,725.65,735.0,736.25,736.69,3729119,2747208066.3,101788,2112212.0,56.64
2018-10-25,M&M,EQ,736.25,728.0,744.5,724.0,733.35,733.75,736.04,3966709,2919670218.65,95313,2252456.0,56.78
2018-10-26,M&M,EQ,733.75,731.0,741.8,722.7,727.0,728.2,732.04,1813847,1327810526.1,68581,853698.0,47.07
2018-10-29,M&M,EQ,728.2,728.0,752.85,728.0,745.4,749.5,744.66,1954444,1455401191.4,50465,940989.0,48.15
2018-10-30,M&M,EQ,749.5,751.0,762.75,737.0,746.35,746.3,750.79,2756355,2069454438.5,73757,1496181.0,54.28
2018-10-31,M&M,EQ,746.3,749.0,769.1,735.15,764.5,765.95,752.03,3093083,2326092984.35,108708,1833376.0,59.27
2018-11-01,M&M,EQ,765.95,770.5,778.7,751.0,756.0,756.05,764.6,4171044,3189195991.5,101994,2127935.0,51.02
2018-11-02,M&M,EQ,756.05,765.05,795.9,765.05,783.6,783.55,784.05,4117317,3228173086.3,105060,1841461.0,44.72
2018-11-05,M&M,EQ,783.55,784.0,784.65,770.0,772.9,775.45,775.02,2168486,1680628521.0,114407,1316038.0,60.69
2018-11-06,M&M,EQ,775.45,780.0,782.0,768.85,777.3,778.4,775.24,1839552,1426096861.45,42395,1107806.0,60.22
2018-11-07,M&M,EQ,778.4,788.0,794.0,783.65,793.5,792.9,792.06,731279,579218413.2,16440,180714.0,24.71
2018-11-09,M&M,EQ,792.9,800.0,805.9,791.0,795.25,795.25,797.54,3085813,2461044198.7,99506,1052230.0,34.1
2018-11-12,M&M,EQ,795.25,798.0,807.7,778.1,778.6,780.9,790.15,2101138,1660219678.4,56802,946798.0,45.06
2018-11-13,M&M,EQ,780.9,775.5,793.8,773.85,788.85,790.05,785.81,3010295,2365529548.1,66274,1689827.0,56.13
2018-11-14,M&M,EQ,790.05,793.1,797.4,765.5,772.15,769.6,779.25,4237768,3302298015.5,81970,1793141.0,42.31
2018-11-15,M&M,EQ,769.6,774.0,775.8,755.0,767.5,766.5,765.04,4315301,3301364691.55,109133,2359480.0,54.68
2018-11-16,M&M,EQ,766.5,767.65,776.5,759.75,768.2,767.6,769.7,2373384,1826788990.8,73162,1098130.0,46.27
2018-11-19,M&M,EQ,767.6,775.3,783.6,770.1,781.2,781.35,778.35,2681651,2087255559.55,67818,1349293.0,50.32
2018-11-20,M&M,EQ,781.35,780.0,792.4,773.35,782.0,782.6,786.58,2902880,2283338018.05,82452,1527296.0,52.61
2018-11-21,M&M,EQ,782.6,787.8,787.8,764.7,769.4,769.1,772.01,1851514,1429383632.8,81516,916349.0,49.49
2018-11-22,M&M,EQ,769.1,770.1,772.95,743.1,745.9,746.1,753.82,2578750,1943920830.85,86596,1095917.0,42.5
2018-11-26,M&M,EQ,746.1,748.0,755.0,739.25,747.6,747.9,746.92,2676798,1999341700.1,69774,1328691.0,49.64
2018-11-27,M&M,EQ,747.9,747.0,753.9,738.1,752.5,751.75,744.91,2179714,1623684721.35,73613,1204755.0,55.27
2018-11-28,M&M,EQ,751.75,754.7,759.2,745.55,749.95,748.4,752.23,2007876,1510379266.3,76611,1104787.0,55.02
2018-11-29,M&M,EQ,748.4,756.0,780.3,752.0,775.6,773.2,769.6,5038807,3877857412.45,98685,3150949.0,62.53
2018-11-30,M&M,EQ,773.2,778.0,796.0,776.7,790.95,790.9,790.42,5214780,4121886441.75,148027,3114205.0,59.72
2018-12-03,M&M,EQ,790.9,800.0,800.8,756.6,763.45,761.05,769.18,5839713,4491765500.05,151234,2985027.0,51.12
2018-12-04,M&M,EQ,761.05,762.0,762.0,738.5,741.65,740.3,744.28,7101096,5285178049.85,172141,4287713.0,60.38
2018-12-05,M&M,EQ,740.3,740.3,740.3,715.1,718.9,718.05,726.34,4837874,3513958884.1,186878,2685032.0,55.50
2018-12-06,M&M,EQ,718.05,717.5,722.0,706.5,712.45,710.95,713.49,3970063,2832581243.65,137368,1591231.0,40.08
2018-12-07,M&M,EQ,710.95,726.8,726.8,709.6,720.0,721.1,717.07,2716587,1947987260.85,75894,810262.0,29.83
2018-12-10,M&M,EQ,721.1,710.0,725.5,700.0,710.0,710.55,715.56,3150111,2254107302.9,112237,1264857.0,40.15
2018-12-11,M&M,EQ,710.55,699.9,729.9,694.0,722.35,722.35,714.15,4383980,3130833012.1,140079,1773518.0,40.45
2018-12-12,M&M,EQ,722.35,725.0,753.0,721.25,750.5,750.8,743.74,3460143,2573455432.95,105018,1355300.0,39.17
2018-12-13,M&M,EQ,750.8,755.0,765.1,746.25,758.2,759.2,757.52,3510371,2659167359.55,119857,1667961.0,47.52
2018-12-14,M&M,EQ,759.2,753.1,764.0,751.6,757.0,757.25,757.08,1760631,1332943789.65,58677,768238.0,43.63
2018-12-17,M&M,EQ,757.25,760.0,763.0,750.5,755.6,756.35,756.1,2022203,1528985226.65,53855,1195859.0,59.14
2018-12-18,M&M,EQ,756.35,755.6,772.0,752.4,772.0,770.95,767.24,3600834,2762721796.35,112030,1437568.0,39.92
2018-12-19,M&M,EQ,770.95,775.0,787.0,767.1,785.9,782.65,778.36,3361238,2616269294.2,96963,1682898.0,50.07
2018-12-20,M&M,EQ,782.65,779.7,797.0,778.5,794.95,795.45,791.12,2707144,2141673113.85,88059,1384605.0,51.15
2018-12-21,M&M,EQ,795.45,795.0,814.0,777.7,778.2,781.15,794.63,6125095,4867174872.1,174532,2484219.0,40.56
2018-12-24,M&M,EQ,781.15,782.9,792.5,775.0,788.15,788.65,786.12,2034516,1599368722.85,68871,691308.0,33.98
2018-12-26,M&M,EQ,788.65,785.65,793.5,772.0,789.0,787.7,782.92,1683700,1318194932.05,41571,621571.0,36.92
2018-12-27,M&M,EQ,787.7,794.5,802.0,788.1,793.05,795.65,795.31,3156130,2510116056.15,101098,1393369.0,44.15
2018-12-28,M&M,EQ,795.65,799.35,807.0,797.0,803.8,803.55,803.62,1820270,1462808502.9,46993,765669.0,42.06
2018-12-31,M&M,EQ,803.55,808.9,810.0,801.2,804.8,803.85,804.38,2232551,1795827308.4,57577,1056785.0,47.34
2019-01-01,M&M,EQ,803.85,805.0,805.85,771.3,773.0,773.35,779.59,3442903,2684066367.55,77276,1174665.0,34.12
2019-01-02,M&M,EQ,773.35,772.8,772.8,735.1,740.55,741.7,746.6,10596260,7911210686.5,216753,5107791.0,48.20
2019-01-03,M&M,EQ,741.7,743.4,744.85,716.2,718.0,718.3,727.46,11084172,8063346041.5,213800,5426021.0,48.95
2019-01-04,M&M,EQ,718.3,720.0,728.3,712.5,726.7,725.6,721.99,5919404,4273724187.25,151647,1964823.0,33.19
2019-01-07,M&M,EQ,725.6,734.55,735.9,723.55,730.0,729.55,729.45,2792255,2036816712.5,78129,1223471.0,43.82
2019-01-08,M&M,EQ,729.55,720.0,733.2,717.5,723.0,723.4,724.84,4764487,3453494869.75,132319,2446879.0,51.36
2019-01-09,M&M,EQ,723.4,729.0,729.95,720.15,725.8,726.3,724.68,2569424,1862012367.35,87297,1467717.0,57.12
2019-01-10,M&M,EQ,726.3,728.0,734.85,722.8,732.5,733.2,731.85,2550750,1866759028.5,84683,1236805.0,48.49
2019-01-11,M&M,EQ,733.2,735.0,735.0,721.25,725.4,727.9,725.77,2215240,1607760996.45,51923,937456.0,42.32
2019-01-14,M&M,EQ,727.9,725.0,726.4,714.3,726.0,724.55,721.22,1713221,1235609268.0,54020,659461.0,38.49
2019-01-15,M&M,EQ,724.55,727.5,730.0,723.35,726.75,726.9,726.92,2138402,1554439626.2,72011,1287796.0,60.22
2019-01-16,M&M,EQ,726.9,727.3,732.5,724.55,726.6,726.25,728.21,1288969,938635406.5,37499,605336.0,46.96
2019-01-17,M&M,EQ,726.25,729.0,740.0,727.95,734.5,734.65,735.93,3318440,2442149574.8,75818,1406539.0,42.39
2019-01-18,M&M,EQ,734.65,734.5,737.9,728.0,735.0,734.95,734.38,1601885,1176386873.7,46979,765016.0,47.76
2019-01-21,M&M,EQ,734.95,738.0,738.0,727.35,728.5,730.3,732.42,1341152,982281175.15,63509,631119.0,47.06
2019-01-22,M&M,EQ,730.3,727.7,727.7,705.15,707.75,708.5,710.0,5097285,3619052210.6,181942,2957797.0,58.03
2019-01-23,M&M,EQ,708.5,708.5,709.75,693.6,694.1,695.85,701.71,4714919,3308485630.8,102997,2838591.0,60.20
2019-01-24,M&M,EQ,695.85,699.0,700.05,686.05,697.7,697.3,693.18,3891245,2697317936.3,139092,1652540.0,42.47
2019-01-25,M&M,EQ,697.3,702.0,703.5,681.0,683.55,683.5,691.37,3421228,2365337176.45,93204,1778103.0,51.97
2019-01-28,M&M,EQ,683.5,683.5,683.5,667.5,677.0,673.05,674.68,5762442,3887813747.65,147294,,-
2019-01-29,M&M,EQ,673.05,671.95,676.9,661.6,670.5,669.65,670.85,4860919,3260964224.65,91419,3447171.0,70.92
2019-01-30,M&M,EQ,669.65,671.9,680.0,670.3,674.3,678.65,676.57,2738163,1852570002.5,80324,1748987.0,63.87
2019-01-31,M&M,EQ,678.65,678.0,683.0,672.75,680.75,680.05,678.2,3496189,2371113354.35,71265,2294016.0,65.61
2019-02-01,M&M,EQ,680.05,689.0,715.4,680.55,687.3,688.4,698.0,8005192,5587596721.25,134142,3514791.0,43.91
2019-02-04,M&M,EQ,688.4,688.0,688.4,670.35,674.4,674.45,673.94,2652101,1787367972.2,106929,1366900.0,51.54
2019-02-05,M&M,EQ,674.45,675.25,692.6,672.65,687.55,684.9,686.68,3550741,2438219651.9,78607,1999166.0,56.30
2019-02-06,M&M,EQ,684.9,687.9,698.25,682.05,695.85,695.1,690.76,2221744,1534695564.8,51777,1332950.0,60.00
2019-02-07,M&M,EQ,695.1,695.0,708.9,693.1,702.65,700.9,703.16,2710457,1905872145.25,59489,1457353.0,53.77
2019-02-08,M&M,EQ,700.9,702.0,706.7,678.55,680.95,682.1,691.22,10858152,7505415205.3,132982,4192960.0,38.62
2019-02-11,M&M,EQ,682.1,669.4,673.4,645.2,650.0,647.55,656.37,7931599,5206029835.7,121657,3860397.0,48.67
2019-02-12,M&M,EQ,647.55,647.0,657.8,644.0,647.6,648.7,651.06,3357448,2185899437.05,82413,1114742.0,33.20
2019-02-13,M&M,EQ,648.7,649.05,652.35,637.25,641.0,641.5,643.38,3420156,2200461521.05,78469,1568440.0,45.86
2019-02-14,M&M,EQ,641.5,640.7,642.4,632.3,634.45,634.4,636.83,3530468,2248301015.7,90591,2094516.0,59.33
2019-02-15,M&M,EQ,634.4,635.0,636.9,618.8,627.55,627.55,624.19,5765467,3598766586.4,109033,3223476.0,55.91
2019-02-18,M&M,BL,792.0,627.55,627.55,627.55,627.55,627.55,627.55,5358108,3362480675.4,1,,-
2019-02-19,M&M,EQ,624.7,627.0,642.0,625.25,634.25,632.6,635.52,3526711,2241278083.45,75842,1320765.0,37.45
2019-02-20,M&M,EQ,632.6,637.0,637.3,628.15,632.65,633.55,632.14,2369483,1497853331.25,69093,1114338.0,47.03
2019-02-21,M&M,EQ,633.55,633.55,635.95,625.0,634.0,634.2,630.6,2813880,1774446447.0,80935,1070587.0,38.05
2019-02-22,M&M,EQ,634.2,635.0,648.6,632.25,646.25,646.6,643.82,4053346,2609638938.35,110200,2230475.0,55.03
2019-02-25,M&M,EQ,646.6,649.9,653.95,642.3,650.3,650.7,648.77,1863303,1208862120.8,47147,759667.0,40.77
2019-02-26,M&M,EQ,650.7,644.8,656.0,640.0,650.0,651.3,648.63,3862642,2505433881.65,81895,2552339.0,66.08
2019-02-27,M&M,EQ,651.3,654.5,662.0,647.15,651.8,656.15,656.07,3193418,2095118303.6,90006,1839202.0,57.59
2019-02-28,M&M,EQ,656.15,663.75,663.75,642.5,645.55,645.9,650.02,3955320,2571050243.8,132951,2276765.0,57.56
2019-03-01,M&M,EQ,645.9,650.0,652.0,641.0,648.9,649.7,646.84,3957539,2559875187.05,64075,1778738.0,44.95
2019-03-05,M&M,EQ,649.7,649.85,657.9,642.05,656.0,656.75,651.53,6039244,3934719426.5,85721,3366367.0,55.74
2019-03-06,M&M,EQ,656.75,660.0,664.85,654.0,658.2,658.9,659.93,7495708,4946677794.5,56527,5369807.0,71.64
2019-03-07,M&M,EQ,658.9,661.7,677.5,654.2,671.8,671.8,667.85,8703088,5812326326.8,114638,4244663.0,48.77
2019-03-08,M&M,EQ,671.8,672.0,679.7,666.4,669.3,670.15,674.23,3877059,2614047947.1,89655,1542711.0,39.79
2019-03-11,M&M,EQ,670.15,671.95,683.85,671.5,680.5,681.05,680.24,4027884,2739928599.05,173201,2653621.0,65.88
2019-03-12,M&M,EQ,681.05,686.9,693.1,683.35,684.4,687.9,688.02,3876498,2667090076.2,96503,2369844.0,61.13
2019-03-13,M&M,EQ,687.9,688.4,689.4,681.25,683.9,684.2,685.04,1808059,1238591336.35,97174,1078276.0,59.64
2019-03-14,M&M,EQ,684.2,683.0,688.0,677.15,685.5,685.9,684.4,1901877,1301640260.0,40674,893157.0,46.96
2019-03-15,M&M,EQ,685.9,688.25,697.0,687.0,696.3,694.6,693.73,5208071,3613013972.6,97889,3362158.0,64.56
2019-03-18,M&M,EQ,694.6,696.0,704.2,682.05,685.0,685.4,690.91,3050835,2107854882.2,68984,1428776.0,46.83
2019-03-19,M&M,EQ,685.4,686.0,693.8,675.1,690.95,689.4,683.82,2331409,1594265829.75,63255,1035119.0,44.4
2019-03-20,M&M,EQ,689.4,689.0,694.35,676.15,679.4,678.6,683.96,2369729,1620788086.4,45539,1235617.0,52.14
2019-03-22,M&M,EQ,678.6,678.7,684.5,670.0,677.0,678.8,677.49,2770303,1876845712.7,75944,1375543.0,49.65
2019-03-25,M&M,EQ,678.8,672.0,675.0,663.4,663.8,664.6,667.86,2337486,1561114189.55,46264,1395237.0,59.69
2019-03-26,M&M,EQ,664.6,664.65,672.4,661.0,669.5,669.6,665.6,2434715,1620539232.8,50316,1087862.0,44.68
2019-03-27,M&M,EQ,669.6,672.05,672.65,658.55,659.0,660.05,664.74,2426853,1613229377.05,54499,1362207.0,56.13
2019-03-28,M&M,EQ,660.05,659.05,662.75,653.6,655.2,655.95,657.01,3910004,2568928447.5,82032,2275510.0,58.2
2019-03-29,M&M,EQ,655.95,659.6,675.75,657.75,675.0,673.9,670.41,3955604,2651873200.5,77983,2040132.0,51.58
2019-04-01,M&M,EQ,673.9,678.15,689.0,659.0,661.9,660.9,672.29,5458057,3669410945.45,105484,2508348.0,45.96
2019-04-02,M&M,EQ,660.9,665.0,670.9,661.45,670.5,668.6,665.9,3802792,2532268767.6,79621,2090857.0,54.98
2019-04-03,M&M,EQ,668.6,672.8,676.75,656.9,659.65,658.45,666.6,2745080,1829882924.1,63426,1373180.0,50.02
2019-04-04,M&M,EQ,658.45,661.0,662.7,651.2,653.05,653.35,653.98,3684739,2409737751.4,140982,1939503.0,52.64
2019-04-05,M&M,EQ,653.35,657.5,663.0,654.0,658.1,658.2,657.1,2694077,1770290544.4,49092,1145003.0,42.5
2019-04-08,M&M,EQ,658.2,660.4,668.35,658.3,666.65,667.0,665.36,3413270,2271066238.35,61854,1633176.0,47.85
2019-04-09,M&M,EQ,667.0,667.8,669.8,660.45,668.1,667.85,665.24,2401571,1597613046.35,57630,1030018.0,42.89
2019-04-10,M&M,EQ,667.85,672.6,675.0,663.1,669.95,670.25,670.25,2499060,1674987747.75,42442,909412.0,36.39
2019-04-11,M&M,EQ,670.25,669.3,679.75,669.3,674.0,672.75,674.24,4863931,3279446523.55,76629,3223064.0,66.26
2019-04-12,M&M,EQ,672.75,674.0,679.5,667.55,677.95,678.2,672.42,3302657,2220761477.75,72678,2105838.0,63.76
2019-04-15,M&M,EQ,678.2,680.0,686.0,673.3,684.8,683.2,680.23,2408677,1638456274.95,66027,1230701.0,51.09
2019-04-16,M&M,EQ,683.2,687.25,695.5,684.8,689.8,688.1,690.06,3002929,2072196426.4,118023,1851002.0,61.64
2019-04-18,M&M,EQ,688.1,689.6,691.95,681.25,682.05,684.65,685.38,2996875,2054008350.05,110035,1887219.0,62.97
2019-04-22,M&M,EQ,684.65,681.0,685.75,670.9,673.0,673.4,676.31,1483513,1003321080.8,66302,837151.0,56.43
2019-04-23,M&M,EQ,673.4,671.0,675.85,663.75,665.0,665.75,666.77,3248237,2165839720.2,69266,2336334.0,71.93
2019-04-24,M&M,EQ,665.75,668.0,669.2,662.25,669.0,668.15,665.49,2247998,1496019357.75,98363,1351604.0,60.12
2019-04-25,M&M,EQ,668.15,671.8,673.0,664.0,665.0,665.15,665.64,3169504,2109735260.95,94312,2106803.0,66.47
2019-04-26,M&M,EQ,665.15,666.6,668.4,651.5,658.4,659.45,660.65,3632433,2399750707.3,93699,2302967.0,63.4
2019-04-30,M&M,EQ,659.45,659.7,662.2,640.0,646.0,645.3,647.06,5042085,3262508295.35,113311,3772373.0,74.82
2019-05-02,M&M,EQ,645.3,646.0,660.7,635.2,645.05,645.9,648.0,3007579,1948923880.95,64274,1487887.0,49.47
2019-05-03,M&M,EQ,645.9,645.05,652.5,642.85,645.0,645.8,645.86,2330580,1505232409.55,85881,1474170.0,63.25
2019-05-06,M&M,EQ,645.8,640.0,645.0,635.1,638.0,638.5,639.27,1498420,957893988.95,48879,840152.0,56.07
2019-05-07,M&M,EQ,638.5,641.75,642.9,634.2,635.55,636.0,637.64,3160875,2015495799.75,72445,2366596.0,74.87
2019-05-08,M&M,EQ,636.0,635.55,637.0,619.0,624.6,621.65,631.73,3853705,2434492250.95,51461,3092701.0,80.25
2019-05-09,M&M,EQ,621.65,620.9,627.95,616.1,625.8,625.45,621.74,1366143,849379616.5,52412,538598.0,39.42
2019-05-10,M&M,EQ,625.45,626.25,631.85,619.0,625.85,628.75,624.59,2093110,1307326445.6,55778,1074491.0,51.33
2019-05-13,M&M,EQ,628.75,628.7,628.7,615.0,616.9,617.6,621.36,1463136,909129582.9,43320,896064.0,61.24
2019-05-14,M&M,EQ,617.6,616.9,620.55,610.55,614.6,614.25,614.69,2756314,1694273742.35,60479,1534172.0,55.66
2019-05-15,M&M,EQ,614.25,618.0,628.4,606.95,607.4,609.65,620.05,2805369,1739482755.9,52615,1310523.0,46.71
2019-05-16,M&M,EQ,609.65,610.0,612.65,597.2,607.3,605.25,603.62,1940170,1171120060.6,66062,770088.0,39.69
2019-05-17,M&M,EQ,605.25,607.0,622.5,607.0,619.2,619.65,618.21,2599966,1607330055.65,73521,1119126.0,43.04
2019-05-20,M&M,EQ,619.65,635.0,662.5,632.25,654.3,653.25,650.96,4938702,3214894788.35,121938,3056090.0,61.88
2019-05-21,M&M,EQ,653.25,660.0,662.7,634.4,640.1,639.15,646.52,2150188,1390132051.3,58058,981063.0,45.63
2019-05-22,M&M,EQ,639.15,643.85,643.85,631.25,640.95,640.55,637.73,1458607,930200019.55,61986,531428.0,36.43
2019-05-23,M&M,EQ,640.55,650.0,655.0,635.1,639.55,639.5,644.98,3161573,2039155180.25,89038,1620210.0,51.25
2019-05-24,M&M,EQ,639.5,644.75,667.5,637.85,665.7,665.45,657.95,3165620,2082809106.95,67984,1359663.0,42.95
2019-05-27,M&M,EQ,665.45,667.7,683.0,665.0,678.75,679.35,675.13,2987573,2017014096.25,59554,1410137.0,47.2
2019-05-28,M&M,EQ,679.35,680.0,682.25,667.25,669.6,670.55,672.74,5411769,3640710314.65,88294,4108157.0,75.91
2019-05-29,M&M,EQ,670.55,668.0,677.5,660.85,671.15,672.15,670.44,5418102,3632524562.6,90056,1932189.0,35.66
2019-05-30,M&M,EQ,672.15,660.0,667.5,656.35,658.5,661.7,661.57,5394745,3568985046.1,112557,2758220.0,51.13
2019-05-31,M&M,EQ,661.7,659.7,665.95,645.1,648.0,647.05,654.68,4226041,2766689458.95,102072,2411620.0,57.07
2019-06-03,M&M,EQ,647.05,647.05,659.0,635.05,653.4,653.4,647.71,4170532,2701278318.1,99650,1375593.0,32.98
2019-06-04,M&M,EQ,653.4,654.8,659.4,647.8,651.0,650.75,654.18,1640476,1073164342.25,32626,566008.0,34.5
2019-06-06,M&M,EQ,650.75,654.3,655.5,631.35,635.0,634.1,639.71,3846513,2460661739.9,74403,2479547.0,64.46
2019-06-07,M&M,EQ,634.1,640.0,645.7,630.05,643.0,644.05,639.98,2173168,1390790308.35,49714,915208.0,42.11
2019-06-10,M&M,EQ,644.05,643.4,649.4,638.2,647.0,646.95,644.23,2306052,1485618790.8,65270,889323.0,38.56
2019-06-11,M&M,EQ,646.95,647.95,647.95,636.0,636.5,636.85,639.27,2274832,1454222185.55,58902,1259767.0,55.38
2019-06-12,M&M,EQ,636.85,633.0,638.9,629.45,633.0,632.2,633.63,1734002,1098715203.6,33052,852581.0,49.17
2019-06-13,M&M,EQ,632.2,632.0,642.7,628.1,640.1,641.05,635.18,2141936,1360510113.25,50043,1258691.0,58.76
2019-06-14,M&M,EQ,641.05,640.05,641.0,633.4,635.4,637.25,637.62,1338649,853548488.15,41734,781115.0,58.35
2019-06-17,M&M,EQ,637.25,641.0,641.95,622.25,625.0,625.05,632.42,2647789,1674523146.85,73918,1525762.0,55.81
2019-06-18,M&M,EQ,625.05,624.0,629.8,620.1,628.0,625.9,625.4,2252507,1408723063.95,66031,1249973.0,53.72
2019-06-19,M&M,EQ,625.9,629.85,632.35,608.0,618.0,615.15,617.57,2316163,1430394947.9,83675,1190842.0,51.41
2019-06-20,M&M,EQ,615.15,614.8,630.95,611.25,630.4,627.15,622.74,2283701,1422149642.1,77280,1200837.0,52.58
2019-06-21,M&M,EQ,627.15,627.0,633.45,622.25,627.15,627.45,627.38,2713987,1702702520.5,67839,1327132.0,48.9
2019-06-24,M&M,EQ,627.45,626.0,637.0,626.0,636.7,634.85,633.2,2166403,1371767929.55,61754,1249576.0,57.68
2019-06-25,M&M,EQ,634.85,635.0,644.65,635.0,641.65,641.65,641.39,3352119,2150016860.1,112562,1948064.0,58.11
2019-06-26,M&M,EQ,641.65,640.0,647.5,640.0,643.55,643.5,644.73,2124949,1370014816.45,54178,1370708.0,64.51
2019-06-27,M&M,EQ,643.5,645.0,660.8,645.0,658.45,657.9,655.48,3744033,2454130900.1,76388,2221643.0,59.34
2019-06-28,M&M,EQ,657.9,659.8,662.45,651.5,655.6,655.35,655.56,3503838,2296960949.55,54875,2474325.0,70.62
2019-07-01,M&M,EQ,655.35,657.3,663.45,654.45,660.0,660.0,659.9,3547891,2341240580.3,65466,2527054.0,71.23
2019-07-02,M&M,EQ,660.0,661.0,668.5,656.3,667.6,666.25,661.25,2275170,1504460659.4,40271,1452611.0,63.85
2019-07-03,M&M,EQ,666.25,668.95,675.0,663.3,668.25,669.25,668.97,2615478,1749685571.45,131607,1139782.0,43.58
2019-07-04,M&M,EQ,669.25,671.5,674.2,665.3,670.7,672.15,670.23,1777421,1191286628.45,105176,1035985.0,58.29
2019-07-05,M&M,EQ,672.15,672.0,675.3,638.5,640.35,642.05,659.37,3039710,2004294211.4,49711,1426376.0,46.92
2019-07-08,M&M,EQ,642.05,640.35,645.2,626.2,635.85,635.85,637.68,3903971,2489465620.25,94410,2320009.0,59.43
2019-07-09,M&M,EQ,635.85,632.0,638.5,630.0,633.5,632.7,633.87,1260744,799146159.05,35909,615947.0,48.86
2019-07-10,M&M,EQ,632.7,630.0,636.1,619.1,623.5,621.65,625.07,2081711,1301213005.9,72976,1067225.0,51.27
2019-07-11,M&M,EQ,621.65,625.4,635.65,623.6,634.2,634.15,629.86,1399434,881441858.6,47575,554355.0,39.61
2019-07-12,M&M,EQ,634.15,634.1,637.0,628.5,630.05,631.9,632.42,1806912,1142728618.85,57763,983307.0,54.42
2019-07-15,M&M,EQ,631.9,632.05,638.0,625.45,632.6,631.85,631.27,2223638,1403718592.55,41779,1339461.0,60.24
2019-07-16,M&M,EQ,631.85,624.7,627.9,618.85,623.5,622.9,623.6,3177195,1981290372.9,74660,2088720.0,65.74
2019-07-17,M&M,EQ,622.9,623.0,626.45,615.3,618.4,617.95,619.79,1881478,1166118482.95,46898,971775.0,51.65
2019-07-18,M&M,EQ,617.95,613.9,616.45,595.0,598.5,597.4,601.71,4915489,2957718678.45,100673,2837989.0,57.74
2019-07-19,M&M,EQ,597.4,601.15,601.5,570.0,571.2,571.3,580.72,6294798,3655511612.65,135956,3151939.0,50.07
2019-07-22,M&M,EQ,571.3,571.3,576.7,559.9,563.95,564.9,566.45,4198301,2378136602.75,106121,2066374.0,49.22
2019-07-23,M&M,EQ,564.9,566.1,567.0,555.85,557.7,559.1,561.4,4805198,2697616874.25,74981,3100125.0,64.52
2019-07-24,M&M,EQ,559.1,557.0,557.9,546.0,547.75,550.0,551.31,3041526,1676826994.7,104296,1740516.0,57.23
2019-07-25,M&M,EQ,550.0,550.0,553.0,541.9,548.0,547.55,546.94,4763735,2605455915.5,79171,2889305.0,60.65
2019-07-26,M&M,EQ,547.55,545.9,566.4,545.0,564.7,564.45,560.54,5063750,2838428987.7,99475,2681563.0,52.96
2019-07-29,M&M,EQ,564.45,564.0,565.0,552.15,552.45,553.15,556.17,2984154,1659694642.75,57320,1779712.0,59.64
2019-07-30,M&M,EQ,553.15,551.8,561.3,547.55,549.2,548.75,553.07,3186153,1762165834.4,60814,1731426.0,54.34
2019-07-31,M&M,EQ,548.75,546.6,553.8,541.75,549.3,550.0,548.19,2986522,1637181217.2,58509,1677472.0,56.17
2019-08-01,M&M,EQ,550.0,546.0,551.8,539.3,547.2,548.55,544.91,2737518,1491690061.0,62738,1458345.0,53.27
2019-08-02,M&M,EQ,548.55,544.9,563.85,542.15,557.3,556.45,555.64,5848740,3249766600.9,91438,3398491.0,58.11
2019-08-05,M&M,EQ,556.45,550.45,554.25,542.35,548.55,545.45,547.23,3152495,1725150626.05,74981,1922942.0,61.0
2019-08-06,M&M,EQ,545.45,543.0,552.25,543.0,549.45,549.45,548.43,2811436,1541882738.4,113506,1709485.0,60.8
2019-08-07,M&M,EQ,549.45,551.5,551.5,515.0,516.9,518.3,533.73,8411409,4489448850.95,154326,2681856.0,31.88
2019-08-08,M&M,EQ,518.3,518.5,541.5,516.35,538.0,539.55,527.06,5648169,2976898130.2,95120,2543166.0,45.03
2019-08-09,M&M,EQ,539.55,540.9,548.3,530.0,545.1,545.55,540.4,4313483,2330995097.85,80047,1311595.0,30.41
2019-08-13,M&M,EQ,545.55,545.0,545.0,510.25,513.55,512.4,520.46,3618940,1883520487.35,87267,1298736.0,35.89
2019-08-14,M&M,EQ,512.4,515.9,525.85,502.55,522.0,523.55,514.88,4641413,2389757158.05,95169,1428435.0,30.78
2019-08-16,M&M,EQ,523.55,524.7,531.9,515.55,527.05,527.85,526.42,3120580,1642727248.4,63653,1317084.0,42.21
2019-08-19,M&M,EQ,527.85,527.0,535.75,518.0,522.0,520.55,526.48,2998027,1578410693.0,66535,923146.0,30.79
2019-08-20,M&M,EQ,520.55,522.9,535.0,517.5,527.85,527.8,526.17,3175896,1671057086.0,71606,779296.0,24.54
2019-08-21,M&M,EQ,527.8,528.3,535.6,518.1,521.55,520.9,526.24,2709407,1425788578.35,42676,533840.0,19.7
2019-08-22,M&M,EQ,520.9,521.55,523.75,509.85,511.85,511.8,516.78,2516270,1300360885.25,77369,917740.0,36.47
2019-08-23,M&M,EQ,511.8,511.0,536.3,509.25,536.0,533.25,526.4,2807785,1478012432.65,73473,885795.0,31.55
2019-08-26,M&M,EQ,533.25,552.7,552.7,528.9,543.2,544.3,540.98,4036331,2183590557.35,108014,1288827.0,31.93
2019-08-27,M&M,EQ,544.3,547.0,559.0,544.5,556.9,554.05,552.69,4144339,2290531904.6,124491,1981965.0,47.82
2019-08-28,M&M,EQ,554.05,556.7,559.9,534.75,540.55,539.7,545.68,3322911,1813232521.35,66122,1540123.0,46.35
2019-08-29,M&M,EQ,539.7,536.0,544.2,524.25,530.8,528.0,532.67,4399017,2343227483.7,119441,2056228.0,46.74
2019-08-30,M&M,EQ,528.0,530.6,532.9,519.05,529.8,528.8,525.51,2929342,1539394949.4,76030,1236202.0,42.2
2019-09-03,M&M,EQ,528.8,518.65,521.9,513.0,515.5,515.45,516.62,3379359,1745840408.2,64677,1578060.0,46.7
2019-09-04,M&M,EQ,515.45,516.0,519.75,503.15,506.0,505.7,507.52,3431149,1741372458.45,71696,1222133.0,35.62
2019-09-05,M&M,EQ,505.7,506.85,519.5,506.7,518.0,517.0,515.36,2329699,1200622755.85,58227,807102.0,34.64
2019-09-06,M&M,EQ,517.0,519.45,531.0,514.6,530.8,529.5,522.95,2670087,1396324479.35,42854,577023.0,21.61
2019-09-09,M&M,EQ,529.5,523.65,536.75,522.0,534.0,532.55,530.99,3061953,1625867293.6,52439,981989.0,32.07
2019-09-11,M&M,EQ,532.55,533.2,548.25,533.2,545.5,545.75,543.34,3224627,1752053623.05,86168,1157830.0,35.91
2019-09-12,M&M,EQ,545.75,546.1,551.95,540.25,543.25,543.6,544.61,3726538,2029516916.75,57913,1962190.0,52.65
2019-09-13,M&M,EQ,543.6,542.0,552.8,541.5,551.05,551.25,549.09,4358612,2393258010.35,53044,2388508.0,54.8
2019-09-16,M&M,EQ,551.25,545.0,550.5,535.65,536.5,536.95,541.3,2441611,1321655049.0,58484,907006.0,37.15
2019-09-17,M&M,EQ,536.95,537.5,539.5,520.0,523.0,521.95,528.92,2445056,1293247402.3,74293,827718.0,33.85
2019-09-18,M&M,EQ,521.95,525.0,531.35,518.2,528.5,527.0,526.33,2401637,1264063273.05,56403,790655.0,32.92
2019-09-19,M&M,EQ,527.0,529.0,529.45,513.0,520.0,519.3,519.5,2336366,1213735893.55,62739,1078357.0,46.16
2019-09-20,M&M,EQ,519.3,524.45,574.0,518.65,567.0,568.9,552.72,14378491,7947236536.3,192324,6822548.0,47.45
2019-09-23,M&M,EQ,568.9,576.25,602.2,552.0,569.2,565.0,571.95,9599883,5490622155.55,196321,4300041.0,44.79
2019-09-24,M&M,EQ,565.0,563.9,575.4,554.6,559.95,558.75,562.99,3615703,2035620598.25,73364,1317564.0,36.44
2019-09-25,M&M,EQ,558.75,558.7,558.7,528.0,535.0,534.7,537.98,5044376,2713749203.6,100823,1659837.0,32.9
2019-09-26,M&M,EQ,534.7,537.9,569.75,536.0,565.0,566.95,556.59,6270296,3489963760.55,115829,1976907.0,31.53
2019-09-27,M&M,EQ,566.95,562.8,567.8,549.15,553.0,555.1,556.81,4326078,2408800823.1,95751,995081.0,23.0
2019-09-30,M&M,EQ,555.1,557.75,558.55,540.3,548.0,547.15,547.2,3381186,1850191454.3,74167,992431.0,29.35
2019-10-01,M&M,EQ,547.15,551.0,566.1,536.6,559.0,556.7,555.06,5664019,3143849892.05,104246,1148975.0,20.29
2019-10-03,M&M,EQ,556.7,558.0,564.95,547.1,562.0,562.7,557.8,3797753,2118388908.4,68853,855822.0,22.53
2019-10-04,M&M,EQ,562.7,565.05,575.0,555.45,560.9,564.25,567.82,4653685,2642445632.45,87771,1274639.0,27.39
2019-10-07,M&M,EQ,564.25,561.1,562.9,546.5,554.2,552.95,554.38,2367535,1312513059.25,55176,371702.0,15.7
2019-10-09,M&M,EQ,552.95,556.0,578.8,550.95,576.9,576.55,568.5,4863273,2764786019.1,70213,1600029.0,32.9
2019-10-10,M&M,EQ,576.55,576.0,576.0,559.25,566.55,566.05,565.22,2156410,1218840720.75,52190,350906.0,16.27
2019-10-11,M&M,EQ,566.05,568.55,574.3,554.1,559.75,560.1,561.31,3133395,1758805040.75,56926,1023554.0,32.67
2019-10-14,M&M,EQ,560.1,562.9,572.35,554.55,567.8,568.65,565.05,2630640,1486452774.75,38514,715525.0,27.2
2019-10-15,M&M,EQ,568.65,568.0,586.55,565.2,582.5,583.4,579.97,4967499,2880983449.0,56680,1439677.0,28.98
2019-10-16,M&M,EQ,583.4,582.5,586.9,575.35,583.4,584.25,581.04,2279203,1324297309.95,55728,499405.0,21.91
2019-10-17,M&M,EQ,584.25,581.1,596.35,578.75,589.0,593.3,589.45,3744228,2207027172.05,93157,1426368.0,38.1
2019-10-18,M&M,EQ,593.3,589.0,595.5,583.6,594.2,593.3,590.14,2955289,1744023900.1,64281,963720.0,32.61
2019-10-22,M&M,EQ,593.3,593.4,601.2,587.45,596.85,595.8,595.39,3494913,2080826562.1,69733,1415725.0,40.51
2019-10-23,M&M,EQ,595.8,596.9,599.65,587.15,591.55,591.85,593.99,2371317,1408543119.15,55265,1049288.0,44.25
2019-10-24,M&M,EQ,591.85,592.0,595.5,578.6,582.0,581.05,584.51,2212393,1293170405.9,48698,657937.0,29.74
2019-10-25,M&M,EQ,581.05,585.7,585.7,570.25,576.75,577.7,575.81,2284548,1315464389.6,50533,720007.0,31.52
2019-10-27,M&M,EQ,577.7,584.45,595.0,580.0,589.5,591.5,589.28,852012,502076389.5,15271,154974.0,18.19
2019-10-29,M&M,EQ,591.5,595.45,618.0,592.5,610.1,611.8,608.48,6543163,3981356331.25,96302,2839508.0,43.4
2019-10-30,M&M,EQ,611.8,617.2,619.9,605.0,618.0,616.55,612.78,4296705,2632937408.2,66355,2165298.0,50.39
2019-10-31,M&M,EQ,616.55,617.6,621.65,603.75,606.0,606.45,609.24,4595842,2799953746.6,83216,2227601.0,48.47
2019-11-01,M&M,EQ,606.45,609.0,609.75,581.0,590.0,589.75,591.99,7558094,4474325802.05,134414,3443121.0,45.56
2019-11-04,M&M,EQ,589.75,591.0,594.55,581.9,585.4,586.4,587.64,3128961,1838717478.3,62578,1168924.0,37.36
2019-11-05,M&M,EQ,586.4,583.3,590.6,577.1,579.0,580.15,583.04,2653917,1547334834.5,55723,974638.0,36.72
2019-11-06,M&M,EQ,580.15,590.25,590.3,577.1,578.0,579.8,581.92,2763550,1608159177.5,62094,710248.0,25.7
2019-11-07,M&M,EQ,579.8,579.8,583.5,572.0,580.05,580.35,578.01,3279435,1895531479.3,53215,1332390.0,40.63
2019-11-08,M&M,EQ,580.35,578.0,596.5,576.85,581.9,580.0,588.59,8374614,4929242009.7,110648,1145530.0,13.68
2019-11-11,M&M,EQ,580.0,581.7,586.95,570.0,576.15,575.0,576.6,3492576,2013813190.55,55706,863822.0,24.73
2019-11-13,M&M,EQ,575.0,574.0,580.9,572.0,573.05,574.7,576.22,3342543,1926043380.25,82429,1575005.0,47.12
2019-11-14,M&M,EQ,574.7,575.2,579.65,567.75,579.0,578.45,574.9,2193683,1261150889.7,38502,851844.0,38.83
2019-11-15,M&M,EQ,578.45,583.75,590.85,579.75,581.8,583.05,586.13,3063043,1795356520.95,55499,1204048.0,39.31
2019-11-18,M&M,EQ,583.05,580.1,582.6,571.8,573.4,573.7,574.68,3212994,1846430162.25,67530,1777776.0,55.33
2019-11-19,M&M,EQ,573.7,573.75,575.0,559.65,561.0,560.65,564.14,3208662,1810128272.25,72159,1494339.0,46.57
2019-11-20,M&M,EQ,560.65,562.25,568.45,557.5,560.15,560.45,563.15,2876499,1619888191.95,68274,966699.0,33.61
2019-11-21,M&M,EQ,560.45,560.5,562.65,550.2,550.9,551.8,554.81,3346254,1856532141.9,48636,1709428.0,51.08
2019-11-22,M&M,EQ,551.8,554.75,555.0,539.2,545.85,546.0,544.65,2798026,1523945570.05,58740,1040126.0,37.17
2019-11-25,M&M,EQ,546.0,547.5,552.85,546.25,547.8,547.8,548.99,3054435,1676859970.95,39485,1375084.0,45.02
2019-11-26,M&M,EQ,547.8,550.0,552.9,536.95,538.25,538.6,542.15,4408905,2390275706.0,60523,2862409.0,64.92
2019-11-27,M&M,EQ,538.6,542.0,554.5,535.0,540.7,539.95,544.59,6630809,3611052663.85,89175,2345695.0,35.38
2019-11-28,M&M,EQ,539.95,541.9,543.3,536.25,541.65,541.95,540.28,2426425,1310955599.75,63138,781656.0,32.21
2019-11-29,M&M,EQ,541.95,543.0,543.8,528.25,529.65,530.55,534.04,3328894,1777746404.75,81277,1370880.0,41.18
2019-12-02,M&M,EQ,530.55,525.0,537.5,523.5,534.15,534.15,532.1,4087250,2174821408.2,58125,1176003.0,28.77
2019-12-03,M&M,EQ,534.15,537.25,537.25,522.0,522.9,522.9,528.18,3052238,1612137362.6,55148,1266062.0,41.48
2019-12-04,M&M,EQ,522.9,522.8,529.25,519.15,525.3,525.55,524.49,2612985,1370484487.05,99420,882553.0,33.78
2019-12-05,M&M,EQ,525.55,525.55,531.15,522.0,524.0,524.75,525.56,2332044,1225629097.9,50477,874178.0,37.49
2019-12-06,M&M,EQ,524.75,527.8,527.9,508.1,510.0,510.2,515.59,3409528,1757902204.35,65372,1232942.0,36.16
2019-12-09,M&M,EQ,510.2,510.2,518.5,510.05,514.3,513.65,514.73,2566094,1320849900.25,47438,566283.0,22.07
2019-12-10,M&M,EQ,513.65,514.6,514.85,503.75,507.35,505.75,508.55,2462096,1252099407.55,53962,730442.0,29.67
2019-12-11,M&M,EQ,505.75,507.65,511.4,502.65,507.5,507.75,507.2,2148791,1089865313.95,57820,593149.0,27.6
2019-12-12,M&M,EQ,507.75,511.0,514.25,508.2,511.3,511.9,511.95,2994158,1532866473.45,46025,1200221.0,40.09
2019-12-13,M&M,EQ,511.9,514.55,522.8,513.75,516.25,516.2,518.12,4066433,2106904629.05,59363,1483076.0,36.47
2019-12-16,M&M,EQ,516.2,516.0,519.8,507.6,508.55,508.85,513.14,2346317,1203998541.55,41521,823637.0,35.1
2019-12-17,M&M,EQ,508.85,509.9,512.75,505.0,505.8,505.85,507.77,3521314,1788023300.85,53296,1825512.0,51.84
2019-12-18,M&M,EQ,505.85,506.9,524.9,506.5,524.0,522.65,519.01,10092679,5238237160.95,149720,3545202.0,35.13
2019-12-19,M&M,EQ,522.65,524.5,538.8,524.5,533.5,535.4,534.35,10732682,5734995980.35,125488,2746863.0,25.59
2019-12-20,M&M,EQ,535.4,533.5,539.65,528.5,530.8,530.6,533.48,4746509,2532145420.25,76809,1729673.0,36.44
2019-12-23,M&M,EQ,530.6,529.95,535.9,524.7,526.4,525.9,530.11,2963573,1571018853.2,42909,1035989.0,34.96
2019-12-24,M&M,EQ,525.9,529.0,532.65,526.2,527.5,527.5,529.17,2372038,1255216937.6,31165,425197.0,17.93
2019-12-26,M&M,EQ,527.5,530.0,536.2,527.05,528.25,528.35,532.51,4623580,2462096014.2,54008,644356.0,13.94
2019-12-27,M&M,EQ,528.35,529.9,532.75,525.05,531.15,530.15,528.76,3017840,1595718393.8,33882,758392.0,25.13
2019-12-30,M&M,EQ,530.15,531.35,539.85,531.35,537.95,536.9,535.25,4697710,2514463947.3,50965,805644.0,17.15
2019-12-31,M&M,EQ,536.9,538.65,538.65,530.6,531.25,531.55,533.64,2502181,1335251812.85,31511,750433.0,29.99
2020-01-01,M&M,EQ,531.55,532.9,538.0,529.55,536.95,536.6,533.95,2611808,1394581611.85,27497,332332.0,12.72
2020-01-02,M&M,EQ,536.6,537.0,541.0,533.5,539.0,539.85,538.71,2776519,1495729732.4,43016,738407.0,26.59
2020-01-03,M&M,EQ,539.85,538.95,539.0,530.4,533.0,532.75,533.82,1930883,1030741073.55,30030,698561.0,36.18
2020-01-06,M&M,EQ,532.75,529.9,530.0,520.5,523.55,524.5,523.29,2059404,1077675301.65,34854,931642.0,45.24
2020-01-07,M&M,EQ,524.5,528.9,532.0,523.05,526.65,526.65,527.55,2111349,1113850539.5,34387,471935.0,22.35
2020-01-08,M&M,EQ,526.65,520.9,526.45,519.0,524.5,524.65,522.73,1612378,842836736.95,33088,509565.0,31.6
2020-01-09,M&M,EQ,524.65,529.85,542.45,525.7,541.5,541.25,537.33,2897598,1556967656.6,45977,871775.0,30.09
2020-01-10,M&M,EQ,541.25,544.1,547.6,539.25,546.3,546.6,544.42,2355888,1282586763.5,35902,716916.0,30.43
2020-01-13,M&M,EQ,546.6,548.9,557.0,546.6,556.0,554.95,552.89,3442869,1903531788.05,51510,1437318.0,41.75
2020-01-14,M&M,EQ,554.95,554.95,563.75,554.95,562.4,562.5,559.84,2793249,1563759812.0,50589,1332489.0,47.7
2020-01-15,M&M,EQ,562.5,562.0,571.0,556.7,569.3,569.75,565.24,2564513,1449561957.65,42204,1234020.0,48.12
2020-01-16,M&M,EQ,569.75,569.25,569.8,564.05,566.6,567.45,567.11,2243200,1272145839.45,29664,1134731.0,50.59
2020-01-17,M&M,EQ,567.45,566.8,574.0,565.15,568.5,569.3,570.16,2646260,1508798009.1,42403,1078475.0,40.75
2020-01-20,M&M,EQ,569.3,569.0,574.0,564.35,567.3,567.2,569.44,1847978,1052309164.65,25034,553170.0,29.93
2020-01-21,M&M,EQ,567.2,564.0,564.9,550.1,550.95,552.8,555.36,3101684,1722553393.6,46464,1102829.0,35.56
2020-01-22,M&M,EQ,552.8,553.5,556.5,549.0,553.65,553.6,553.51,1862669,1031005939.95,29578,265930.0,14.28
2020-01-23,M&M,EQ,553.6,553.5,567.4,549.55,566.2,566.5,561.67,2113303,1186988428.7,29380,763220.0,36.12
2020-01-24,M&M,EQ,566.5,566.1,572.0,564.1,569.5,567.75,569.13,2284717,1300301983.55,40082,896886.0,39.26
2020-01-27,M&M,EQ,567.75,565.0,582.5,563.0,578.35,578.3,577.5,3654906,2110693009.75,50823,1219761.0,33.37
2020-01-28,M&M,EQ,578.3,581.25,589.75,568.5,573.75,572.5,581.03,3689004,2143439051.7,66297,1024287.0,27.77
2020-01-29,M&M,EQ,572.5,577.5,580.7,572.15,576.7,577.75,576.5,1934080,1114997168.8,44201,595401.0,30.78
2020-01-30,M&M,EQ,577.75,578.0,587.55,563.85,566.5,567.85,573.84,2901951,1665242279.3,50548,938753.0,32.35
2020-01-31,M&M,EQ,567.85,570.8,577.0,565.3,568.8,567.15,570.67,2352196,1342322700.25,48884,915613.0,38.93
2020-02-01,M&M,EQ,567.15,566.0,581.2,528.95,545.1,545.2,562.78,4034237,2270385246.2,42908,908944.0,22.53
2020-02-03,M&M,EQ,545.2,545.0,565.75,535.2,559.75,558.7,552.73,3818209,2110434657.4,61630,892859.0,23.38
2020-02-04,M&M,EQ,558.7,562.0,578.8,558.8,577.35,576.9,571.61,2793702,1596905877.25,49302,1057850.0,37.87
2020-02-05,M&M,EQ,576.9,580.25,589.85,577.4,585.0,584.35,584.69,3320830,1941663661.75,54572,1043994.0,31.44
2020-02-06,M&M,EQ,584.35,585.0,589.15,576.05,580.6,580.15,582.03,2207104,1284590015.6,41416,778011.0,35.25
2020-02-07,M&M,EQ,580.15,579.0,581.5,561.3,569.0,569.1,570.38,4083215,2328997203.25,52666,1626611.0,39.84
2020-02-10,M&M,EQ,569.1,566.8,567.0,526.05,528.4,528.4,539.02,9648880,5200898495.75,149883,2540595.0,26.33
2020-02-11,M&M,EQ,528.4,533.2,537.7,522.7,523.9,524.05,529.57,5404802,2862234875.85,96880,1419834.0,26.27
2020-02-12,M&M,EQ,524.05,526.65,534.3,523.9,531.9,531.0,529.25,3426829,1813636205.5,69539,921023.0,26.88
2020-02-13,M&M,EQ,531.0,530.45,538.0,528.3,533.25,533.6,533.73,3392352,1810614314.2,43781,918442.0,27.07
2020-02-14,M&M,EQ,533.6,535.25,536.95,520.65,524.1,523.0,528.1,3507540,1852343439.85,65333,1296123.0,36.95
2020-02-17,M&M,EQ,523.0,524.1,525.4,516.0,524.5,522.75,520.97,2652464,1381864585.75,61444,984511.0,37.12
2020-02-18,M&M,EQ,522.75,520.5,524.9,514.1,523.2,523.2,519.88,2868873,1491477162.35,54410,1158867.0,40.39
2020-02-19,M&M,EQ,523.2,528.15,529.65,521.8,528.55,526.4,525.03,1952880,1025315031.95,36230,532358.0,27.26
2020-02-20,M&M,EQ,526.4,525.9,533.0,523.0,524.3,524.85,528.45,2077458,1097840017.9,37210,526667.0,25.35
2020-02-24,M&M,EQ,524.85,522.0,522.0,511.1,514.15,513.2,515.71,1911411,985725622.1,44611,845724.0,44.25
2020-02-25,M&M,EQ,513.2,515.55,519.5,506.1,510.0,508.95,512.9,2105613,1079972176.05,35509,720678.0,34.23
2020-02-26,M&M,EQ,508.95,507.7,512.45,500.0,502.75,503.0,505.89,3058370,1547183602.85,47336,1260428.0,41.21
2020-02-27,M&M,EQ,503.0,504.0,504.0,487.55,496.0,493.5,492.92,6039260,2976849149.75,142978,2902900.0,48.07
2020-02-28,M&M,EQ,493.5,485.0,485.0,453.6,457.0,457.05,470.41,8613275,4051783083.15,153523,3877985.0,45.02
2020-03-02,M&M,EQ,457.05,453.55,472.45,444.35,461.9,458.3,460.01,9225488,4243793446.9,119400,2353793.0,25.51
2020-03-03,M&M,EQ,458.3,462.0,471.0,455.25,470.0,466.25,463.41,4582866,2123764573.6,60825,1617456.0,35.29
2020-03-04,M&M,EQ,466.25,466.05,477.0,457.5,473.4,474.65,466.89,5912943,2760695025.3,92674,2486422.0,42.05
2020-03-05,M&M,EQ,474.65,472.7,482.5,469.0,478.45,479.3,477.3,4081050,1947865906.6,44892,1283787.0,31.46
2020-03-06,M&M,EQ,479.3,458.85,473.75,456.5,470.7,471.0,466.55,4502562,2100652971.75,59236,1937003.0,43.02
2020-03-09,M&M,EQ,471.0,453.55,465.7,441.0,465.0,463.2,457.17,4540695,2075851294.65,94537,1856405.0,40.88
2020-03-11,M&M,EQ,463.2,462.85,469.65,449.7,450.65,451.6,459.98,5104926,2348158391.05,97943,1998327.0,39.15
2020-03-12,M&M,EQ,451.6,427.9,435.95,399.65,421.7,423.35,420.29,9408371,3954269064.65,127409,4271311.0,45.40
2020-03-13,M&M,EQ,423.35,400.5,449.75,345.65,445.35,428.85,417.25,6230433,2599619968.8,123154,2687488.0,43.13
2020-03-16,M&M,EQ,428.85,421.0,428.6,388.8,394.8,391.8,401.99,3156668,1268951101.55,61242,1237004.0,39.19
2020-03-17,M&M,EQ,391.8,392.0,408.0,369.95,376.35,373.4,391.56,4526918,1772561694.8,84025,1991426.0,43.99
2020-03-18,M&M,EQ,373.4,379.0,383.7,339.1,345.3,346.4,357.74,6596185,2359710669.2,148085,3414073.0,51.76
2020-03-19,M&M,EQ,346.4,331.75,331.8,302.0,316.25,314.2,315.87,10486203,3312301157.65,144878,5131262.0,48.93
2020-03-20,M&M,EQ,314.2,316.0,328.2,308.25,321.3,322.6,319.03,8819560,2813668968.65,117438,4569984.0,51.82
2020-03-23,M&M,EQ,322.6,299.0,303.9,280.6,299.75,293.4,290.8,6001458,1745195704.4,98906,3365118.0,56.07
2020-03-24,M&M,EQ,293.4,300.0,309.9,264.4,270.0,269.0,284.2,6695822,1902966443.55,94116,3357303.0,50.14
2020-03-25,M&M,EQ,269.0,263.4,288.35,245.4,274.25,277.85,270.31,9393738,2539191091.7,139052,4213121.0,44.85
2020-03-26,M&M,EQ,277.85,277.85,294.0,273.1,286.0,285.5,283.67,7557611,2143901942.9,100986,3497981.0,46.28
2020-03-27,M&M,EQ,285.5,297.0,305.0,280.8,295.0,294.5,290.27,9505256,2759126299.45,124475,4942531.0,52.00
2020-03-30,M&M,EQ,294.5,281.7,284.85,270.0,277.0,274.4,276.14,8942943,2469540279.55,129852,4807530.0,53.76
2020-03-31,M&M,EQ,274.4,283.85,287.2,277.8,284.45,284.95,283.89,6236769,1770558384.8,85138,3650874.0,58.54
2020-04-01,M&M,EQ,284.95,281.0,283.0,265.5,274.6,272.85,272.12,5980392,1627386786.2,92476,2887951.0,48.29
2020-04-03,M&M,EQ,272.85,274.0,290.0,271.35,281.4,280.7,283.35,6961905,1972670736.3,111923,2094060.0,30.08
2020-04-07,M&M,EQ,280.7,295.5,323.8,292.75,319.0,321.0,310.9,10795410,3356297906.05,152828,4885131.0,45.25
2020-04-08,M&M,EQ,321.0,315.0,350.4,312.8,327.5,326.4,333.07,8451196,2814812917.05,195990,2742216.0,32.45
2020-04-09,M&M,EQ,326.4,335.75,391.65,332.4,383.5,381.4,358.63,11027462,3954805084.6,199673,3116278.0,28.26
2020-04-13,M&M,EQ,381.4,380.0,380.0,355.0,362.35,362.85,364.64,7717757,2814239455.35,129086,,-
2020-04-15,M&M,EQ,362.85,373.05,379.9,349.3,351.2,353.15,360.26,11300959,4071252317.0,181710,3126966.0,27.67
2020-04-16,M&M,EQ,353.15,343.1,360.45,343.0,356.5,356.7,353.45,6155773,2175775371.7,99892,2057726.0,33.43
2020-04-17,M&M,EQ,356.7,370.75,370.75,355.55,363.0,363.2,362.13,6178611,2237433697.1,80038,1768406.0,28.62
2020-04-20,M&M,EQ,363.2,367.0,367.45,354.0,354.05,355.85,358.25,4834224,1731842869.0,76198,2285946.0,47.29
2020-04-21,M&M,EQ,355.85,349.05,349.05,323.5,330.0,332.05,332.69,8003782,2662759255.95,167070,3850271.0,48.11
2020-04-22,M&M,EQ,332.05,327.0,345.75,320.6,338.0,340.2,337.66,9073718,3063827491.3,170221,3062988.0,33.76
2020-04-23,M&M,EQ,340.2,338.0,349.65,331.55,345.9,347.5,341.11,6738333,2298531225.75,115896,2030876.0,30.14
2020-04-24,M&M,EQ,347.5,342.0,344.75,332.0,333.0,334.3,338.88,5755029,1950279583.9,119113,2549916.0,44.31
2020-04-27,M&M,EQ,334.3,337.55,343.35,328.15,331.55,330.3,334.99,5770552,1933059299.8,102139,2242071.0,38.85
2020-04-28,M&M,EQ,330.3,334.45,338.0,328.5,337.0,335.95,332.92,4244522,1413077086.0,56392,1571305.0,37.02
2020-04-29,M&M,EQ,335.95,337.0,351.8,336.25,349.0,348.0,346.33,7748498,2683527424.9,121151,3227750.0,41.66
2020-04-30,M&M,EQ,348.0,355.65,368.0,355.0,367.55,366.65,363.75,7422880,2700090395.65,124105,2834196.0,38.18
2020-05-04,M&M,EQ,366.65,350.05,362.4,341.1,361.1,357.05,350.73,7125034,2498970344.2,145606,3309544.0,46.45
2020-05-05,M&M,EQ,357.05,363.75,381.8,361.45,368.5,368.15,372.43,13401811,4991201668.3,182937,3220905.0,24.03
2020-05-06,M&M,EQ,368.15,371.5,393.0,358.25,388.0,387.15,376.58,7015474,2641893581.4,148753,1605985.0,22.89
2020-05-07,M&M,EQ,387.15,387.5,403.45,385.1,401.4,400.65,396.1,12971502,5138017281.05,190114,4027332.0,31.05
2020-05-08,M&M,EQ,400.65,405.0,407.9,380.7,386.0,386.7,390.69,9445656,3690306611.35,127252,2799880.0,29.64
2020-05-11,M&M,EQ,386.7,388.5,402.0,384.35,387.9,390.1,393.43,7658641,3013125423.0,161111,1176423.0,15.36
2020-05-12,M&M,EQ,390.1,388.9,395.2,380.2,394.25,393.05,386.43,4686856,1811143796.15,88743,891992.0,19.03
2020-05-13,M&M,EQ,393.05,415.0,418.9,404.25,410.0,413.05,411.46,7362761,3029507381.15,137227,2458479.0,33.39
2020-05-14,M&M,EQ,413.05,401.5,407.5,396.0,402.5,400.45,400.92,4766174,1910842733.3,79776,831961.0,17.46
2020-05-15,M&M,EQ,400.45,402.75,403.95,373.2,381.85,381.3,382.93,14226558,5447830513.7,195610,4758044.0,33.44
2020-05-18,M&M,EQ,381.3,382.1,383.5,367.25,375.0,377.2,375.42,7717690,2897357368.2,87264,2057002.0,26.65
2020-05-19,M&M,EQ,377.2,384.0,391.0,371.2,383.0,382.9,385.05,5950063,2291098502.3,74801,1121463.0,18.85
2020-05-20,M&M,EQ,382.9,382.9,413.7,379.7,404.75,405.05,398.6,10608571,4228545729.25,139807,2375430.0,22.39
2020-05-21,M&M,EQ,405.05,400.15,412.2,397.8,406.6,408.3,406.56,6249310,2540707186.15,78139,1077115.0,17.24
2020-05-22,M&M,EQ,408.3,404.0,430.35,398.7,426.4,426.35,416.73,10016213,4174083371.8,110726,2984328.0,29.79
2020-05-26,M&M,EQ,426.35,427.0,435.2,421.65,426.9,429.15,429.31,5895379,2530969865.9,86808,1178133.0,19.98
2020-05-27,M&M,EQ,429.15,426.5,434.95,415.0,430.95,432.5,424.82,7591378,3224974944.9,101268,1572907.0,20.72
2020-05-28,M&M,EQ,432.5,429.5,444.0,423.85,437.0,440.4,434.73,7451065,3239195825.85,100254,1506094.0,20.21
2020-05-29,M&M,EQ,440.4,434.0,450.0,431.1,436.4,436.35,438.9,9539037,4186652314.0,105176,3524317.0,36.95
2020-06-01,M&M,EQ,436.35,441.85,470.5,441.5,461.1,461.1,460.26,9668052,4449823429.0,128606,2120579.0,21.93
2020-06-02,M&M,EQ,461.1,465.1,478.85,460.85,462.9,462.85,467.87,8521141,3986787838.85,107017,1431173.0,16.80
2020-06-03,M&M,EQ,462.85,470.0,492.6,466.5,488.0,485.1,479.76,9873439,4736916366.35,114030,2523350.0,25.56
2020-06-04,M&M,EQ,485.1,485.3,486.25,469.4,477.1,478.45,476.92,5829515,2780231253.5,99539,1080258.0,18.53
2020-06-05,M&M,EQ,478.45,479.0,489.45,475.4,484.3,484.2,482.43,6265849,3022840032.35,98856,1496751.0,23.89
2020-06-08,M&M,EQ,484.2,485.5,494.15,468.25,471.25,470.85,482.67,5955229,2874401795.65,97007,1299222.0,21.82
2020-06-09,M&M,EQ,470.85,473.8,482.8,463.3,475.65,478.75,472.24,7656758,3615829533.8,102350,1549853.0,20.24
2020-06-10,M&M,EQ,478.75,476.15,483.7,468.85,474.9,472.05,475.95,4849036,2307914711.8,101470,1281410.0,26.43
2020-06-11,M&M,EQ,472.05,472.0,480.0,469.5,473.5,474.55,475.92,4331785,2061573055.6,73370,1104479.0,25.5
2020-06-12,M&M,EQ,474.55,457.0,512.9,456.1,510.45,508.45,484.85,18369324,8906304693.7,207214,4600922.0,25.05
2020-06-15,M&M,EQ,508.45,505.15,520.95,498.7,510.0,508.15,512.48,17605886,9022639157.85,214315,4708895.0,26.75
2020-06-16,M&M,EQ,508.15,517.1,519.0,501.3,506.0,506.75,511.35,6712936,3432674488.55,99188,2266547.0,33.76
2020-06-17,M&M,EQ,506.75,504.9,504.9,492.5,497.0,497.6,497.59,9274056,4614632628.6,109803,3279267.0,35.36
2020-06-18,M&M,EQ,497.6,496.9,508.9,492.0,506.0,506.6,502.92,7114852,3578202463.0,108621,2949105.0,41.45
2020-06-19,M&M,EQ,506.6,506.6,506.6,496.4,499.95,500.05,501.48,9811021,4920013739.65,104861,4684484.0,47.75
2020-06-22,M&M,EQ,500.05,501.75,502.25,494.1,498.5,498.75,498.0,5149781,2564612305.8,96936,2001147.0,38.86
2020-06-23,M&M,EQ,498.75,500.0,519.9,497.6,515.05,516.4,509.44,9132472,4652413828.9,132410,3382757.0,37.04
2020-06-24,M&M,EQ,516.4,520.0,527.65,512.55,515.0,515.35,519.85,7569986,3935281777.15,147317,3061414.0,40.44
2020-06-25,M&M,EQ,515.35,509.9,516.35,503.35,506.7,507.25,508.87,5249631,2671360779.75,74896,2084349.0,39.7
2020-06-26,M&M,EQ,507.25,515.0,515.25,498.7,500.0,501.4,506.47,4079405,2066097782.25,83611,1733586.0,42.5
2020-06-29,M&M,EQ,501.4,494.1,510.95,493.05,505.1,507.45,503.55,4459962,2245820346.65,77159,1216342.0,27.27
2020-06-30,M&M,EQ,507.45,509.0,515.5,507.1,510.65,510.7,510.71,5487685,2802601126.75,83132,2514735.0,45.83
2020-07-01,M&M,EQ,510.7,513.75,521.4,494.25,502.3,498.95,508.38,8990865,4570799322.65,111670,3104479.0,34.53
2020-07-02,M&M,EQ,498.95,506.5,532.0,504.4,531.0,529.7,521.24,16513525,8607514707.25,187316,4282980.0,25.94
2020-07-03,M&M,EQ,529.7,531.4,535.5,524.2,532.3,530.5,529.59,7982336,4227326151.75,116954,2609627.0,32.69
2020-07-06,M&M,EQ,530.5,533.65,573.55,533.65,569.7,570.55,558.33,16728409,9339889287.9,192165,2807917.0,16.79
2020-07-07,M&M,EQ,570.55,565.0,568.0,551.65,560.3,560.0,559.0,9208254,5147381257.8,161209,1831050.0,19.88
2020-07-08,M&M,EQ,560.0,564.0,568.25,549.0,551.2,551.25,560.47,5173213,2899421599.1,77899,1694957.0,32.76
2020-07-09,M&M,EQ,551.25,554.0,564.3,548.05,563.0,560.3,555.68,4123903,2291575580.75,97132,1256869.0,30.48
2020-07-10,M&M,EQ,560.3,555.3,568.95,552.0,554.8,554.85,559.12,5752463,3216316446.05,87823,1284257.0,22.33
2020-07-13,M&M,EQ,554.85,560.0,560.5,549.2,553.5,555.85,555.15,3167393,1758364944.8,74671,810945.0,25.6
2020-07-14,M&M,EQ,555.85,553.0,553.95,538.0,543.75,545.2,546.65,3097320,1693153051.85,48728,797335.0,25.74
2020-07-15,M&M,EQ,545.2,550.0,559.7,542.75,552.8,550.15,550.15,5671830,3120363460.1,86619,1436751.0,25.33
2020-07-16,M&M,EQ,550.15,547.0,574.5,542.55,568.95,570.9,565.8,11752682,6649679390.95,144479,2957274.0,25.16
2020-07-17,M&M,EQ,570.9,571.95,591.25,565.5,587.55,588.8,580.02,9124229,5292250036.45,149055,2883606.0,31.6
2020-07-20,M&M,EQ,588.8,588.9,597.6,582.15,588.55,594.0,589.74,5771917,3403951877.1,100916,1667335.0,28.89
2020-07-21,M&M,EQ,594.0,592.85,597.5,585.5,588.0,588.3,591.97,3850519,2279399418.05,87640,964308.0,25.04
2020-07-22,M&M,EQ,588.3,588.6,612.0,582.0,590.45,592.0,597.04,11559026,6901146155.15,134171,2386103.0,20.64
2020-07-23,M&M,EQ,592.0,590.95,609.0,584.5,602.25,603.35,599.01,7606029,4556102740.45,103358,1431316.0,18.82
2020-07-24,M&M,EQ,603.35,594.1,600.95,590.1,599.0,598.7,595.66,3531712,2103704932.75,57125,769020.0,21.77
2020-07-27,M&M,EQ,598.7,598.15,600.0,588.0,588.55,594.4,593.76,3345207,1986258914.35,39897,726555.0,21.72
2020-07-28,M&M,EQ,594.4,591.6,625.8,588.75,620.5,620.35,612.39,10289451,6301205785.85,131791,1597554.0,15.53
2020-07-29,M&M,EQ,620.35,620.0,624.9,601.0,603.75,604.85,611.18,5182955,3167693103.2,65494,1318059.0,25.43
2020-07-30,M&M,EQ,604.85,606.0,614.8,596.25,599.0,598.35,602.85,4958327,2989107246.25,65486,987398.0,19.91
2020-07-31,M&M,EQ,598.35,599.9,610.85,592.15,610.0,606.45,602.28,3962668,2386641654.85,55046,599582.0,15.13
2020-08-03,M&M,EQ,606.45,610.0,620.5,594.2,597.0,597.15,606.65,5002825,3034954513.15,68054,705416.0,14.1
2020-08-04,M&M,EQ,597.15,597.15,609.6,597.15,602.0,602.6,603.63,4889759,2951615607.4,71901,1012382.0,20.7
2020-08-05,M&M,EQ,602.6,605.9,620.0,603.2,619.0,614.25,612.18,3834862,2347622163.4,62676,1095044.0,28.55
2020-08-06,M&M,EQ,614.25,618.0,618.0,605.55,610.75,609.65,609.79,3857563,2352298482.5,67305,1035288.0,26.84
2020-08-07,M&M,EQ,609.65,610.1,616.5,598.7,602.6,600.45,606.44,7679209,4656960659.0,101527,1056342.0,13.76
2020-08-10,M&M,EQ,600.45,605.0,640.8,605.0,629.9,628.9,630.5,12341776,7781474713.9,158333,1628437.0,13.19
2020-08-11,M&M,EQ,628.9,630.0,640.6,622.4,630.2,629.55,629.3,5128839,3227558254.7,70505,1577974.0,30.77
2020-08-12,M&M,EQ,629.55,628.0,648.6,624.35,634.3,634.95,639.82,8891691,5689090439.55,143960,1779453.0,20.01
2020-08-13,M&M,EQ,634.95,635.15,645.3,628.4,634.0,631.45,638.11,5773589,3684203490.7,81306,1267647.0,21.96
2020-08-14,M&M,EQ,631.45,634.0,637.85,607.55,610.8,614.45,624.74,3623116,2263492751.2,56836,1028244.0,28.38
2020-08-17,M&M,EQ,614.45,628.0,632.0,613.8,623.5,623.6,624.06,5687653,3549463436.6,80790,1228314.0,21.6
2020-08-18,M&M,EQ,623.6,625.0,632.75,618.6,623.5,622.65,624.66,3989513,2492102343.7,56819,1103115.0,27.65
2020-08-19,M&M,EQ,622.65,627.0,631.9,622.0,623.9,623.9,626.15,2762496,1729733683.0,37666,893032.0,32.33
2020-08-20,M&M,EQ,623.9,620.0,623.0,610.0,612.8,612.05,615.0,3165828,1946977516.6,57780,1024548.0,32.36
2020-08-21,M&M,EQ,612.05,620.0,620.95,608.0,610.8,609.8,612.78,4191443,2568445864.7,61667,965770.0,23.04
2020-08-24,M&M,EQ,609.8,613.0,615.7,601.0,602.6,601.95,604.98,3708069,2243320193.5,58046,1721908.0,46.44
2020-08-25,M&M,EQ,601.95,605.0,612.4,601.5,611.6,609.35,606.78,4248591,2577975659.85,74269,1092386.0,25.71
2020-08-26,M&M,EQ,609.35,613.0,625.5,610.5,615.75,613.35,619.04,5814797,3599606888.9,84966,1660820.0,28.56
2020-08-27,M&M,EQ,613.35,619.15,639.3,615.6,639.0,636.75,630.56,7637643,4815964671.05,110194,2267536.0,29.69
2020-08-28,M&M,EQ,636.75,642.25,647.0,629.35,630.15,631.4,637.71,7811624,4981516291.65,121417,2141550.0,27.41
2020-08-31,M&M,EQ,631.4,637.0,640.5,602.1,605.55,606.9,617.3,5012806,3094383668.25,93057,1898010.0,37.86
2020-09-01,M&M,EQ,606.9,610.0,621.55,605.0,609.1,607.55,613.24,5572232,3417107077.6,70542,1258375.0,22.58
2020-09-02,M&M,EQ,607.55,608.0,645.9,602.05,644.05,642.75,626.54,7887162,4941614603.05,117533,1848274.0,23.43
2020-09-03,M&M,EQ,642.75,640.5,656.0,632.0,642.85,644.65,644.7,9194835,5927932764.5,117310,1137200.0,12.37
2020-09-04,M&M,EQ,644.65,629.0,649.8,626.3,631.7,632.0,639.93,5889149,3768620284.95,100147,1298177.0,22.04
2020-09-07,M&M,EQ,632.0,632.3,633.85,605.3,610.3,610.45,612.86,9388041,5753551764.1,140059,2278854.0,24.27
2020-09-08,M&M,EQ,610.45,611.0,624.5,605.3,608.2,608.6,614.86,6826136,4197092324.1,92158,1010207.0,14.8
2020-09-09,M&M,EQ,608.6,606.8,617.0,597.4,613.95,613.9,608.78,6590533,4012171923.35,87678,1013448.0,15.38
2020-09-10,M&M,EQ,613.9,619.5,623.9,612.9,613.9,615.45,617.94,4699862,2904216540.55,67284,1179877.0,25.1
2020-09-11,M&M,EQ,615.45,614.9,621.9,612.1,613.0,614.25,616.9,2838777,1751240734.2,58874,587003.0,20.68
2020-09-14,M&M,EQ,614.25,615.0,629.4,611.9,614.8,615.3,621.08,4921204,3056471765.2,98372,1324660.0,26.92
2020-09-15,M&M,EQ,615.3,619.25,624.0,611.95,614.35,613.45,616.45,3805649,2345981228.3,42665,846488.0,22.24
2020-09-16,M&M,EQ,613.45,616.0,649.8,616.0,638.05,639.45,640.41,18993400,12163532038.7,245820,2941617.0,15.49
2020-09-17,M&M,EQ,639.45,631.0,643.5,627.65,636.95,636.8,635.82,6363970,4046332245.4,106350,1752966.0,27.55
2020-09-18,M&M,EQ,636.8,640.0,659.4,634.55,654.95,654.15,651.13,13518215,8802163977.15,146621,5183408.0,38.34
2020-09-21,M&M,EQ,654.15,657.0,666.6,615.45,619.95,622.45,645.06,9301969,6000298419.75,131548,1392397.0,14.97
2020-09-22,M&M,EQ,622.45,622.45,624.25,603.0,617.5,615.8,613.17,5369370,3292346870.1,80961,1082292.0,20.16
2020-09-23,M&M,EQ,615.8,622.05,623.35,603.25,611.05,612.6,612.9,4116751,2523137647.05,53632,911765.0,22.15
2020-09-24,M&M,EQ,612.6,605.0,606.4,567.5,582.0,575.1,583.61,8991893,5247745041.4,143913,2597567.0,28.89
2020-09-25,M&M,EQ,575.1,583.9,595.45,576.6,592.1,592.3,586.25,5415792,3174985893.9,84090,954891.0,17.63
2020-09-28,M&M,EQ,592.3,595.0,618.0,593.1,614.2,615.25,608.27,5494528,3342164789.35,82797,1126600.0,20.5
2020-09-29,M&M,EQ,615.25,615.25,626.5,603.1,611.85,613.2,612.92,5747565,3522817218.8,73435,1255527.0,21.84
2020-09-30,M&M,EQ,613.2,615.95,623.0,605.55,606.65,607.9,613.3,4990827,3060896358.5,75366,907953.0,18.19
2020-10-01,M&M,EQ,607.9,614.7,621.9,608.15,609.1,610.15,614.05,3842331,2359397971.0,52876,714015.0,18.58
2020-10-05,M&M,EQ,610.15,615.0,616.25,597.1,608.35,607.0,603.38,5977265,3606559318.45,77122,1619095.0,27.09
2020-10-06,M&M,EQ,607.0,611.6,633.0,609.0,628.5,627.4,626.86,9071955,5686805331.9,110722,1998118.0,22.03
2020-10-07,M&M,EQ,627.4,629.9,636.9,625.0,631.5,631.6,631.44,6086867,3843518493.7,82756,1638002.0,26.91
2020-10-08,M&M,EQ,631.6,634.15,640.95,627.6,635.0,634.15,633.49,4683786,2967144202.9,67100,1462966.0,31.23
2020-10-09,M&M,EQ,634.15,634.15,647.45,628.3,633.0,633.2,638.14,4972965,3173426450.25,81081,1467838.0,29.52
2020-10-12,M&M,EQ,633.2,637.9,639.7,630.0,634.0,634.4,634.71,3247642,2061322702.1,45024,1160772.0,35.74
2020-10-13,M&M,EQ,634.4,634.35,642.0,624.35,626.0,627.9,634.12,3769229,2390145158.1,56764,1393632.0,36.97
2020-10-14,M&M,EQ,627.9,623.4,627.8,616.3,622.8,623.85,622.2,2776984,1727848430.25,48325,829514.0,29.87
2020-10-15,M&M,EQ,623.85,620.95,633.0,614.1,615.2,617.3,625.04,3795307,2372203468.75,52185,875168.0,23.06
2020-10-16,M&M,EQ,617.3,617.5,623.95,602.05,607.0,606.65,612.16,4274914,2616916099.9,58622,842880.0,19.72
2020-10-19,M&M,EQ,606.65,612.7,614.5,595.2,598.05,597.45,602.32,3646303,2196237916.85,61828,966872.0,26.52
2020-10-20,M&M,EQ,597.45,597.4,609.0,590.3,602.7,602.25,602.47,4377774,2637455800.35,63171,1207976.0,27.59
2020-10-21,M&M,EQ,602.25,606.9,610.8,592.2,601.5,600.85,602.45,3684794,2219892487.1,67840,1092618.0,29.65
2020-10-22,M&M,EQ,600.85,599.8,606.95,594.1,605.0,604.35,600.9,3818892,2294773234.9,65253,1343641.0,35.18
2020-10-23,M&M,EQ,604.35,609.75,628.0,605.35,624.3,625.15,616.99,6421823,3962177257.55,99883,1752534.0,27.29
2020-10-26,M&M,EQ,625.15,624.95,625.85,594.6,595.9,597.15,609.55,4800537,2926153522.3,75262,1798713.0,37.47
2020-10-27,M&M,EQ,597.15,600.4,605.0,593.5,596.7,597.15,598.73,5712303,3420129794.4,109694,2367961.0,41.45
2020-10-28,M&M,EQ,597.15,599.0,613.0,594.2,605.0,604.15,604.59,6811118,4117903974.5,95958,2480215.0,36.41
2020-10-29,M&M,EQ,604.15,598.2,604.15,590.25,592.5,591.95,596.52,3680984,2195788175.8,61542,1379214.0,37.47
2020-10-30,M&M,EQ,591.95,592.55,601.75,586.8,594.75,594.0,594.0,4209087,2500185682.85,59936,991840.0,23.56
2020-11-02,M&M,EQ,594.0,592.0,599.9,589.0,594.0,596.05,594.86,4085120,2430073402.75,65012,1562916.0,38.26
2020-11-03,M&M,EQ,596.05,599.3,605.45,594.0,597.0,595.8,599.57,3669816,2200315766.05,49826,1022011.0,27.85
2020-11-04,M&M,EQ,595.8,597.8,603.65,592.0,597.2,596.8,597.3,2475177,1478428169.4,42940,530358.0,21.43
2020-11-05,M&M,EQ,596.8,603.3,607.4,599.25,602.0,602.1,602.98,3794240,2287855691.75,60276,1903090.0,50.16
2020-11-06,M&M,EQ,602.1,603.0,619.3,601.7,611.95,613.6,613.96,5908936,3627862892.1,91685,1453625.0,24.6
2020-11-09,M&M,EQ,613.6,621.0,622.0,610.2,615.8,616.35,615.72,3819808,2351927891.0,71895,1207942.0,31.62
2020-11-10,M&M,EQ,616.35,622.0,627.7,611.0,622.0,619.95,619.47,7876161,4879084343.15,115830,1699652.0,21.58
2020-11-11,M&M,EQ,619.95,625.0,644.55,622.15,633.7,633.2,633.92,7561527,4793399085.05,116110,1283698.0,16.98
2020-11-12,M&M,EQ,633.2,633.05,654.4,629.5,634.05,632.7,639.33,6913788,4420215152.1,91790,1806110.0,26.12
2020-11-13,M&M,EQ,632.7,633.95,638.95,628.05,628.2,629.85,633.37,4107823,2601787857.35,62194,1413629.0,34.41
2020-11-14,M&M,EQ,629.85,634.5,634.5,629.85,631.6,631.35,631.75,295788,186864948.2,7374,89675.0,30.32
2020-11-17,M&M,EQ,631.35,639.0,646.0,633.65,637.0,637.25,638.22,6173551,3940071198.35,162897,3784199.0,61.3
2020-11-18,M&M,EQ,637.25,637.2,709.95,637.0,703.25,705.75,688.83,32986476,22722170243.2,380722,7416755.0,22.48
2020-11-19,M&M,EQ,705.75,699.0,728.4,692.3,701.0,703.9,712.19,15336768,10922724685.65,210308,2476701.0,16.15
2020-11-20,M&M,EQ,703.9,710.0,718.55,697.4,714.1,715.6,707.15,6730897,4759730458.75,100102,1907196.0,28.33
2020-11-23,M&M,EQ,715.6,716.4,720.75,699.0,705.0,705.45,705.55,4484068,3163720621.55,72986,1646053.0,36.71
2020-11-24,M&M,EQ,705.45,710.0,745.5,706.25,727.0,729.35,730.37,16121626,11774780317.35,251960,4772304.0,29.6
2020-11-25,M&M,EQ,729.35,732.0,732.95,716.0,722.0,719.95,724.19,5423034,3927310978.1,98354,1727516.0,31.86
2020-11-26,M&M,EQ,719.95,722.0,736.8,720.0,729.0,728.5,728.36,6798860,4951985641.65,106583,1667476.0,24.53
2020-11-27,M&M,EQ,728.5,736.9,742.95,711.0,717.35,722.0,726.5,11302666,8211377752.7,119903,5134572.0,45.43
2020-12-01,M&M,EQ,722.0,736.4,736.5,708.05,732.6,734.55,724.26,5710611,4135939764.9,82903,1895284.0,33.19
2020-12-02,M&M,EQ,734.55,734.0,758.0,730.55,752.2,753.6,744.08,6337698,4715738667.7,95542,1806186.0,28.5
2020-12-03,M&M,EQ,753.6,750.05,756.35,743.7,745.0,745.85,749.74,2957787,2217583234.6,52639,1065283.0,36.02
2020-12-04,M&M,EQ,745.85,749.1,764.45,743.2,749.0,750.55,752.9,5356456,4032891220.25,73487,1850972.0,34.56
2020-12-07,M&M,EQ,750.55,750.0,755.85,744.05,752.3,752.3,749.27,3525945,2641876665.8,54044,1394911.0,39.56
2020-12-08,M&M,EQ,752.3,753.35,764.0,743.55,754.85,754.0,753.67,4333519,3266052360.05,103139,1832075.0,42.28
2020-12-09,M&M,EQ,754.0,756.8,762.95,750.2,754.0,755.0,756.82,3213975,2432389791.9,55382,1462921.0,45.52
2020-12-10,M&M,EQ,755.0,745.0,754.95,731.05,736.7,736.15,739.2,3814006,2819296030.25,56407,1462128.0,38.34
2020-12-11,M&M,EQ,736.15,738.9,746.7,722.1,728.0,727.55,734.49,4197494,3083017562.85,88609,1770322.0,42.18
2020-12-14,M&M,EQ,727.55,731.65,737.4,710.0,712.75,711.7,718.99,4183639,3008006651.85,87675,1290359.0,30.84
2020-12-15,M&M,EQ,711.7,710.0,720.0,701.0,717.4,717.95,713.19,5495877,3919625663.65,102963,1828068.0,33.26
2020-12-16,M&M,EQ,717.95,737.1,746.25,726.2,731.45,731.95,736.83,11262389,8298436457.9,169513,2314976.0,20.55
2020-12-17,M&M,EQ,731.95,735.1,738.45,725.35,727.9,730.65,730.61,3630553,2652532448.05,61575,1421407.0,39.15
2020-12-18,M&M,EQ,730.65,726.1,737.95,722.55,734.0,733.6,732.69,6671658,4888233465.5,73831,3179251.0,47.65
2020-12-21,M&M,EQ,733.6,729.0,730.0,660.25,680.4,685.95,698.79,9130116,6380026707.65,148947,3294483.0,36.08
2020-12-22,M&M,EQ,685.95,688.8,699.35,667.3,697.7,695.05,687.09,7305751,5019705597.45,170349,2457702.0,33.64
2020-12-23,M&M,EQ,695.05,693.0,715.0,688.25,712.0,711.5,708.38,4383472,3105183699.2,85168,1287491.0,29.37
2020-12-24,M&M,EQ,711.5,712.5,722.55,700.1,711.0,710.9,709.89,3373695,2394937482.0,68218,944838.0,28.01
2020-12-28,M&M,EQ,710.9,715.4,718.8,707.3,710.7,710.95,712.04,2484872,1769327134.3,47547,787924.0,31.71
2020-12-29,M&M,EQ,710.95,714.5,717.0,704.0,706.9,707.05,707.96,2808820,1988519789.35,74287,1241833.0,44.21
2020-12-30,M&M,EQ,707.05,710.0,724.3,704.35,719.0,720.7,713.82,3219036,2297803036.95,63378,1074919.0,33.39
2020-12-31,M&M,EQ,720.7,719.75,725.55,713.5,721.05,720.6,719.82,3723205,2680047147.95,85033,1265759.0,34.0
2021-01-01,M&M,EQ,720.6,725.0,744.75,723.0,731.8,732.45,737.58,9543128,7038851416.55,141701,1418987.0,14.87
2021-01-04,M&M,EQ,732.45,735.0,751.0,727.25,749.0,749.1,739.26,4547027,3361430289.35,75632,1493934.0,32.86
2021-01-05,M&M,EQ,749.1,748.0,748.0,730.0,739.0,740.1,736.81,3551554,2616817598.8,89301,938403.0,26.42
2021-01-06,M&M,EQ,740.1,741.0,746.45,730.45,733.0,736.1,739.57,3601608,2663645626.95,86314,984102.0,27.32
2021-01-07,M&M,EQ,736.1,743.0,755.0,740.1,744.0,744.4,748.05,4063641,3039798279.85,82407,1195859.0,29.43
2021-01-08,M&M,EQ,744.4,750.0,772.8,745.0,767.0,770.5,763.38,5998381,4579046016.05,124731,2250194.0,37.51
2021-01-11,M&M,EQ,770.5,773.05,791.4,763.2,788.3,789.1,780.01,6643610,5182069815.05,110656,1754302.0,26.41
2021-01-12,M&M,EQ,789.1,789.95,796.75,777.4,779.3,779.85,785.66,5532160,4346394140.2,94202,1634132.0,29.54
2021-01-13,M&M,EQ,779.85,784.6,837.5,782.25,824.0,828.35,820.15,19610461,16083512888.4,267325,4445386.0,22.67
2021-01-14,M&M,EQ,828.35,828.9,843.85,827.35,829.4,829.9,833.55,8576718,7149090097.7,123976,2790626.0,32.54
2021-01-15,M&M,EQ,829.9,828.0,838.0,815.35,820.3,819.65,824.33,4996951,4119120367.35,102732,2237085.0,44.77
2021-01-18,M&M,EQ,819.65,817.9,820.8,797.15,800.05,809.0,810.89,3955069,3207124927.05,76032,1338336.0,33.84
2021-01-19,M&M,EQ,809.0,810.0,819.6,801.55,808.6,808.05,809.88,3991167,3232380794.05,73501,1151509.0,28.85
2021-01-20,M&M,EQ,808.05,807.0,831.95,802.0,822.0,824.5,819.32,4502291,3688836676.25,98933,1165867.0,25.89
2021-01-21,M&M,EQ,824.5,823.0,835.0,800.3,811.95,808.25,824.06,4455107,3671266765.6,103684,1357645.0,30.47
2021-01-22,M&M,EQ,808.25,808.0,826.7,795.0,798.0,798.4,810.65,5588252,4530140883.3,104048,1799399.0,32.2
2021-01-25,M&M,EQ,798.4,802.1,812.95,784.25,795.95,794.55,795.27,3353172,2666679504.65,80262,1031694.0,30.77
2021-01-27,M&M,EQ,794.55,797.0,817.0,763.4,765.15,769.95,794.22,6585102,5230010892.8,143137,1644920.0,24.98
2021-01-28,M&M,EQ,769.95,758.0,778.1,756.1,764.85,765.0,765.25,4622634,3537492428.35,137863,1924067.0,41.62
2021-01-29,M&M,EQ,765.0,772.55,799.95,746.0,753.0,749.6,773.41,8761073,6775910947.3,141358,2874263.0,32.81
2021-02-01,M&M,EQ,749.6,753.0,808.85,741.55,795.9,795.15,783.02,6592083,5161706513.85,117679,1732811.0,26.29
2021-02-02,M&M,EQ,795.15,810.0,837.4,802.6,820.0,816.85,821.75,5334431,4383565941.2,109265,1486275.0,27.86
2021-02-03,M&M,EQ,816.85,821.0,858.9,818.0,834.05,833.2,844.86,8802838,7437176609.75,158795,2427971.0,27.58
2021-02-04,M&M,EQ,833.2,835.0,893.55,835.0,868.0,866.5,873.14,14706560,12840847127.3,275270,2015081.0,13.7
2021-02-05,M&M,EQ,866.5,879.9,881.7,841.2,862.85,865.5,860.91,15668083,13488861315.8,276241,2269089.0,14.48
2021-02-08,M&M,EQ,865.5,891.0,952.05,891.0,929.5,928.4,929.21,21179625,19680309880.3,384902,3298612.0,15.57
2021-02-09,M&M,EQ,928.4,929.5,939.0,885.2,899.05,895.0,907.2,9210613,8355878100.6,201549,2353198.0,25.55
2021-02-10,M&M,EQ,895.0,899.0,917.0,886.1,915.0,914.15,904.39,6465767,5847546031.05,135337,1113826.0,17.23
2021-02-11,M&M,EQ,914.15,916.45,920.05,902.35,918.95,914.2,911.04,3640848,3316962691.35,81340,1048724.0,28.8
2021-02-12,M&M,EQ,914.2,916.0,918.55,905.0,906.85,908.55,910.92,2484145,2262850625.55,55757,581042.0,23.39
2021-02-15,M&M,EQ,908.55,910.9,920.0,898.25,909.8,911.85,913.43,4178613,3816857195.15,101506,840608.0,20.12
2021-02-16,M&M,EQ,911.85,915.0,921.75,902.1,912.3,912.2,913.39,4223635,3857838713.0,89139,1151495.0,27.26
2021-02-17,M&M,EQ,912.2,905.0,920.15,904.6,913.8,914.95,913.91,3903522,3567485650.4,75200,1251933.0,32.07
2021-02-18,M&M,EQ,914.95,914.95,914.95,891.65,895.0,894.45,899.71,4616205,4153260910.9,83021,2319855.0,50.25
2021-02-19,M&M,EQ,894.45,890.0,905.65,862.85,881.45,879.25,887.51,5171996,4590190464.75,94543,1446972.0,27.98
2021-02-22,M&M,EQ,879.25,880.0,882.5,833.1,838.2,837.1,846.41,5960870,5045335061.5,172141,2390747.0,40.11
2021-02-23,M&M,EQ,837.1,842.1,856.95,819.1,838.6,840.95,839.65,7348084,6169808165.45,124750,1805806.0,24.58
2021-02-24,M&M,EQ,840.95,841.1,855.9,840.0,848.0,849.6,849.2,3184114,2703935447.2,53001,1532993.0,48.15
2021-02-25,M&M,EQ,849.6,853.1,866.6,842.05,859.1,859.0,857.27,6134649,5259055374.7,108180,3419427.0,55.74
2021-02-26,M&M,EQ,859.0,848.05,856.65,798.5,804.9,806.4,816.75,12073749,9861182703.15,204735,6448788.0,53.41
2021-03-01,M&M,EQ,806.4,821.0,852.7,816.2,819.0,819.45,834.62,9223619,7698245071.2,168656,2428955.0,26.33
2021-03-02,M&M,EQ,819.45,832.95,868.0,820.05,857.0,860.05,851.29,9706013,8262638691.45,158577,2708038.0,27.9
2021-03-03,M&M,EQ,860.05,866.95,868.0,847.05,851.45,852.05,854.47,5028771,4296950702.35,93878,1933442.0,38.45
2021-03-04,M&M,EQ,852.05,841.85,858.3,834.8,844.9,845.25,848.12,4574138,3879415449.9,97622,1466299.0,32.06
2021-03-05,M&M,EQ,845.25,840.0,860.75,838.35,839.6,840.4,849.2,5179108,4398095919.7,94706,1891416.0,36.52
2021-03-08,M&M,EQ,840.4,847.95,857.35,840.0,848.7,851.0,849.33,3474579,2951062018.9,64819,1420538.0,40.88
2021-03-09,M&M,EQ,851.0,853.0,865.7,842.0,849.6,852.0,854.47,3536262,3021617217.8,62103,1329313.0,37.59
2021-03-10,M&M,EQ,852.0,856.4,875.0,849.0,861.4,863.8,859.76,3971353,3414405946.3,96468,1095463.0,27.58
2021-03-12,M&M,EQ,863.8,869.5,876.2,844.15,859.45,855.8,861.94,4012449,3458476809.15,84366,1585576.0,39.52
2021-03-15,M&M,EQ,855.8,862.0,862.0,824.0,845.5,844.4,838.32,3069343,2573087404.85,73054,1066123.0,34.73
2021-03-16,M&M,EQ,844.4,852.0,856.5,840.0,844.25,842.85,845.72,2996797,2534450956.0,80571,1204064.0,40.18
2021-03-17,M&M,EQ,842.85,847.6,851.35,833.7,837.8,836.95,842.28,2034583,1713687944.95,48959,636858.0,31.30
2021-03-18,M&M,EQ,836.95,842.0,860.55,834.0,844.75,845.65,849.21,5033325,4274371683.35,109462,1767745.0,35.12
2021-03-19,M&M,EQ,845.65,839.95,860.0,820.55,857.3,850.3,841.11,7538327,6340598004.85,105525,4837074.0,64.17
2021-03-22,M&M,EQ,850.3,849.8,859.35,832.15,851.05,853.05,846.59,2906300,2460449611.55,88372,1119705.0,38.53
2021-03-23,M&M,EQ,853.05,859.95,865.0,841.5,842.0,844.65,855.25,3925212,3357031209.0,101772,1465280.0,37.33
2021-03-24,M&M,EQ,844.65,836.25,845.0,808.6,813.0,811.4,823.26,4066262,3347608799.25,92887,1611554.0,39.63
2021-03-25,M&M,EQ,811.4,811.8,814.0,788.1,793.35,791.7,799.99,4501404,3601075195.2,116184,1535516.0,34.11
2021-03-26,M&M,EQ,791.7,799.85,814.65,792.15,796.0,799.35,806.28,4170972,3362965724.15,79081,1984467.0,47.58
2021-03-30,M&M,EQ,799.35,805.55,805.55,783.0,798.2,795.0,792.35,5671140,4493504543.8,115389,2574339.0,45.39
2021-03-31,M&M,EQ,795.0,795.1,805.75,790.1,793.0,795.25,796.41,3972382,3163642211.85,89584,1969227.0,49.57
2021-04-01,M&M,EQ,795.25,801.5,809.8,779.75,806.9,807.6,793.92,5678798,4508535903.9,105433,2093721.0,36.87
2021-04-05,M&M,EQ,807.6,808.3,808.8,769.25,775.95,774.45,779.29,4176802,3254942872.05,80941,1662146.0,39.79
2021-04-06,M&M,EQ,774.45,784.0,791.6,775.0,781.9,781.1,782.71,2984229,2335785844.5,66945,595239.0,19.95
2021-04-07,M&M,EQ,781.1,781.3,798.6,775.4,797.2,796.3,789.99,2271095,1794132174.5,46177,802895.0,35.35
2021-04-08,M&M,BL,678.8,796.3,796.3,796.3,796.3,796.3,796.3,381632,303893561.6,1,,-
2021-04-09,M&M,EQ,795.15,795.0,801.0,785.0,790.7,791.15,792.67,2065092,1636944637.7,57727,513650.0,24.87
2021-04-12,M&M,EQ,791.15,779.0,779.0,738.55,750.55,751.5,754.12,4628388,3490372542.3,153890,1692201.0,36.56
2021-04-13,M&M,EQ,751.5,754.0,817.0,750.8,810.0,811.25,794.88,12501628,9937347277.75,226756,3226959.0,25.81
2021-04-15,M&M,EQ,811.25,805.0,808.9,785.15,805.1,805.1,797.75,5256004,4192952701.9,135199,1453659.0,27.66
2021-04-16,M&M,EQ,805.1,805.1,837.85,803.2,819.8,821.65,826.52,6915568,5715851965.85,163099,2231752.0,32.27
2021-04-19,M&M,EQ,821.65,785.1,807.0,785.1,796.0,794.95,797.86,4317341,3444630046.05,141450,1941386.0,44.97
2021-04-20,M&M,EQ,794.95,808.0,821.2,800.55,811.0,811.15,809.77,4830957,3911954063.55,86938,1880811.0,38.93
2021-04-22,M&M,EQ,811.15,795.0,804.85,785.5,798.0,799.7,793.91,4576665,3633438602.95,137621,1616630.0,35.32
2021-04-23,M&M,EQ,799.7,796.0,805.6,774.1,779.5,777.9,784.69,4796085,3763416861.15,104824,1837308.0,38.31
2021-04-26,M&M,EQ,777.9,780.0,793.3,775.65,779.8,780.5,782.35,3528851,2760781966.5,87675,1196409.0,33.90
2021-04-27,M&M,EQ,780.5,781.0,787.95,777.0,778.95,778.4,780.97,3624649,2830752084.35,89345,1805342.0,49.81
2021-04-28,M&M,EQ,778.4,786.0,801.6,778.85,780.5,782.1,791.37,5214319,4126479422.6,135922,2106168.0,40.39
2021-04-29,M&M,EQ,782.1,788.0,792.05,768.6,774.2,774.6,777.24,3642323,2830976929.6,96454,1341136.0,36.82
2021-04-30,M&M,EQ,774.6,768.4,778.4,750.45,753.05,752.55,762.26,4466148,3404374010.75,118997,2154503.0,48.24
2021-05-03,M&M,EQ,752.55,744.9,766.55,740.05,753.95,752.95,754.76,3749870,2830244248.0,91666,724010.0,19.31
2021-05-04,M&M,EQ,752.95,759.0,762.7,731.1,741.5,741.15,744.42,3820769,2844247335.4,128306,1493558.0,39.09
2021-05-05,M&M,EQ,741.15,743.15,749.0,737.35,748.3,747.55,743.76,3102424,2307471058.55,78923,1255381.0,40.46
2021-05-06,M&M,EQ,747.55,751.5,759.5,746.15,750.0,747.4,750.02,3662506,2746944161.05,64563,1971586.0,53.83
2021-05-07,M&M,EQ,747.4,752.0,772.0,751.0,765.3,767.4,763.84,4833670,3692164433.15,117929,1727833.0,35.75
2021-05-10,M&M,EQ,767.4,772.0,783.8,768.65,780.5,780.45,778.62,2095644,1631702572.7,65638,809372.0,38.62
2021-05-11,M&M,EQ,780.45,770.0,779.7,766.2,773.5,776.0,772.58,2938331,2270087333.05,84300,1244724.0,42.36
2021-05-12,M&M,EQ,776.0,771.5,771.7,755.15,760.5,759.7,760.31,3480378,2646164997.9,110973,1468508.0,42.19
2021-05-14,M&M,EQ,759.7,763.1,763.7,736.0,742.2,741.5,744.74,4984389,3712065556.9,130847,2417259.0,48.50
2021-05-17,M&M,EQ,741.5,740.0,756.0,735.4,752.2,753.55,747.27,3479938,2600439183.7,102728,1548417.0,44.50
2021-05-18,M&M,EQ,753.55,761.0,799.95,754.0,797.05,797.7,784.23,8634396,6771351570.7,145929,3047694.0,35.30
2021-05-19,M&M,EQ,797.7,794.0,794.0,778.0,783.65,784.8,784.33,4360320,3419917950.15,99381,1161408.0,26.64
2021-05-20,M&M,EQ,784.8,784.05,809.55,782.0,803.0,803.25,801.4,10092542,8088202810.75,190588,3897096.0,38.61
2021-05-21,M&M,EQ,803.25,804.0,821.0,800.75,818.0,818.95,814.13,5721630,4658168654.5,136784,2439673.0,42.64
2021-05-24,M&M,EQ,818.95,821.5,824.0,807.0,811.7,810.0,812.83,3495533,2841279115.25,108298,1593181.0,45.58
2021-05-25,M&M,EQ,810.0,819.65,828.0,808.35,811.15,811.25,817.48,5044078,4123430525.2,100844,2297473.0,45.55
2021-05-26,M&M,EQ,811.25,816.0,826.0,813.0,823.15,821.2,818.02,3084558,2523224438.65,64801,1562024.0,50.64
2021-05-27,M&M,EQ,821.2,825.3,831.0,816.9,826.0,828.6,827.24,6902630,5710135784.7,106511,4538527.0,65.75
2021-05-28,M&M,EQ,828.6,829.0,853.0,810.5,847.0,845.85,834.87,11638455,9716595945.25,221052,2390149.0,20.54
2021-05-31,M&M,EQ,845.85,824.0,824.0,790.0,809.0,807.95,803.18,17596018,14132788226.65,336983,5571210.0,31.66
2021-06-01,M&M,EQ,807.95,813.0,818.0,800.25,805.05,806.3,808.41,7230033,5844855314.8,146700,2636562.0,36.47
2021-06-02,M&M,EQ,806.3,806.3,812.0,802.3,806.9,806.2,805.52,4244490,3419021735.45,122922,2470038.0,58.19
2021-06-03,M&M,EQ,806.2,812.0,813.2,798.1,802.45,802.05,803.46,5001405,4018433020.75,124697,2865141.0,57.29
2021-06-04,M&M,EQ,802.05,814.0,814.0,803.1,804.2,804.6,807.21,5084092,4103954751.4,115551,2280871.0,44.86
2021-06-07,M&M,EQ,804.6,807.9,811.75,802.6,804.1,803.85,805.96,2994862,2413749494.05,103621,1816871.0,60.67
2021-06-08,M&M,EQ,803.85,804.1,810.0,797.5,807.75,807.85,806.16,2960405,2386567624.15,75428,1025924.0,34.65
2021-06-09,M&M,EQ,807.85,808.0,816.75,801.0,804.5,804.45,809.36,4176767,3380514511.5,76510,1333246.0,31.92
2021-06-10,M&M,EQ,804.45,808.0,810.95,803.05,806.85,806.95,806.72,2264605,1826897877.1,46279,943053.0,41.64
2021-06-11,M&M,EQ,806.95,809.0,815.85,805.5,808.75,809.0,810.88,1783272,1446013249.8,43665,626846.0,35.15
2021-06-14,M&M,EQ,809.0,809.0,809.5,794.0,806.8,807.45,803.49,1598770,1284597592.6,45061,420730.0,26.32
2021-06-15,M&M,EQ,807.45,807.35,813.5,806.0,808.9,808.6,809.44,1640381,1327782362.1,43852,887778.0,54.12
2021-06-16,M&M,EQ,808.6,808.8,821.85,801.6,804.45,806.15,813.7,3863280,3143558355.8,82591,1035348.0,26.8
2021-06-17,M&M,EQ,806.15,802.0,809.9,792.55,804.65,805.7,804.32,1988175,1599130035.25,56075,785354.0,39.5
2021-06-18,M&M,EQ,805.7,806.0,808.95,773.1,784.0,781.55,784.6,5793496,4545566507.4,104284,3480318.0,60.07
2021-06-21,M&M,EQ,781.55,776.0,778.85,762.35,777.0,776.85,770.67,3024852,2331165995.8,77193,1136155.0,37.56
2021-06-22,M&M,EQ,776.85,780.1,789.55,772.7,775.0,775.2,781.9,2925669,2287575829.9,79221,1312813.0,44.87
2021-06-23,M&M,EQ,775.2,781.9,786.0,775.0,783.0,781.95,781.21,2700327,2109527748.35,62018,1122100.0,41.55
2021-06-24,M&M,EQ,781.95,783.0,794.0,779.0,793.0,791.8,788.4,3251137,2563196104.25,69415,1526104.0,46.94
2021-06-25,M&M,EQ,791.8,793.2,801.9,790.0,793.8,794.25,795.07,1763201,1401867122.7,48362,582560.0,33.04
2021-06-28,M&M,EQ,794.25,795.0,799.0,789.25,793.8,793.5,793.91,1409432,1118965329.0,51584,621912.0,44.13
2021-06-29,M&M,EQ,793.5,789.0,792.0,779.4,782.6,781.6,783.53,3167773,2482055311.0,78631,1983663.0,62.62
2021-06-30,M&M,EQ,781.6,784.9,789.4,775.45,781.0,777.7,781.32,2393862,1870377614.1,62828,1346278.0,56.24
2021-07-01,M&M,EQ,777.7,778.0,798.75,774.9,779.65,779.45,784.76,5697553,4471219887.25,90734,1270684.0,22.3
2021-07-02,M&M,EQ,779.45,786.0,787.3,777.0,784.0,782.6,781.87,1963778,1535410540.0,47998,833342.0,42.44
2021-07-05,M&M,EQ,782.6,786.0,793.5,784.5,790.6,791.75,789.19,1320469,1042095275.85,41752,536392.0,40.62
2021-07-06,M&M,EQ,791.75,790.6,795.0,778.7,781.85,781.9,788.25,1420179,1119462864.2,46551,539223.0,37.97
2021-07-07,M&M,EQ,781.9,777.8,781.9,768.55,779.2,778.9,774.18,3004815,2326279128.5,85687,1569017.0,52.22
2021-07-08,M&M,EQ,778.9,777.95,787.6,771.0,776.1,776.25,777.38,2010027,1562545104.95,67085,906801.0,45.11
2021-07-09,M&M,EQ,776.25,772.0,776.0,767.0,772.8,771.55,771.08,1658120,1278547262.6,61625,987003.0,59.53
2021-07-12,M&M,EQ,771.55,776.0,781.0,768.5,771.5,772.85,773.08,2681410,2072955343.95,86428,1467472.0,54.73
2021-07-13,M&M,EQ,772.85,777.9,782.2,773.65,781.8,781.15,778.46,2189466,1704408124.55,59121,1274838.0,58.23
2021-07-14,M&M,EQ,781.15,780.0,787.0,777.05,785.9,786.15,782.76,2067565,1618410444.3,54999,1366743.0,66.1
2021-07-15,M&M,EQ,786.15,781.0,783.95,775.2,780.0,779.9,780.07,2109663,1645689049.6,49161,1134171.0,53.76
2021-07-16,M&M,EQ,779.9,784.0,784.0,776.5,780.45,779.8,780.05,845054,659184456.25,28603,336664.0,39.84
2021-07-19,M&M,EQ,779.8,775.8,780.7,770.0,776.9,775.8,774.84,1265906,980871435.0,57602,636276.0,50.26
2021-07-20,M&M,EQ,775.8,775.0,775.7,752.35,760.0,760.2,760.12,2179910,1656992433.45,78182,1130625.0,51.87
2021-07-22,M&M,EQ,760.2,764.2,767.1,755.65,758.25,758.45,760.13,2182264,1658798487.0,84245,1410456.0,64.63
2021-07-23,M&M,EQ,758.45,758.5,767.85,758.25,764.4,764.2,763.7,1179241,900586185.15,46547,567587.0,48.13
2021-07-26,M&M,EQ,764.2,763.0,764.1,752.5,755.85,754.3,759.01,1187498,901326245.1,63751,577874.0,48.66
2021-07-27,M&M,EQ,754.3,756.0,760.0,742.65,747.2,745.55,750.07,1732564,1299550954.3,57227,880234.0,50.81
2021-07-28,M&M,EQ,745.55,750.7,750.7,724.65,729.95,728.7,731.09,4016758,2936629663.45,118791,2669552.0,66.46
2021-07-29,M&M,EQ,728.7,730.0,738.85,726.1,732.0,731.45,731.49,2489035,1820698664.55,67099,1466648.0,58.92
2021-07-30,M&M,EQ,731.45,735.2,760.0,731.85,744.75,743.1,748.68,4642619,3475854503.35,113120,1553519.0,33.46
2021-08-02,M&M,EQ,743.1,750.0,759.05,744.6,757.0,757.7,753.34,2260861,1703208265.25,64483,909824.0,40.24
2021-08-03,M&M,EQ,757.7,763.4,772.7,755.5,770.0,770.85,763.09,3235393,2468906314.15,79038,1878604.0,58.06
2021-08-04,M&M,EQ,770.85,773.0,775.8,764.55,765.6,766.25,769.02,2659372,2045105864.45,63605,1490811.0,56.06
2021-08-05,M&M,EQ,766.25,766.0,766.35,756.7,760.0,759.35,761.73,1451370,1105548610.05,57670,697761.0,48.08
2021-08-06,M&M,EQ,759.35,763.8,772.3,755.0,756.7,758.25,764.58,4471604,3418907275.95,104901,785802.0,17.57
2021-08-09,M&M,EQ,758.25,762.0,782.0,761.5,775.15,774.95,775.47,6700633,5196111815.95,143527,1950375.0,29.11
2021-08-10,M&M,EQ,774.95,776.95,789.8,775.15,785.65,786.3,784.3,4724852,3705705105.85,102590,1643594.0,34.79
2021-08-11,M&M,EQ,786.3,786.3,789.95,767.5,780.0,778.7,776.13,3147983,2443242612.4,82792,1523688.0,48.4
2021-08-12,M&M,EQ,778.7,781.0,794.65,773.75,776.0,776.2,783.52,3551026,2782308542.3,85142,1268231.0,35.71
2021-08-13,M&M,EQ,776.2,782.95,789.5,772.6,776.5,778.65,781.38,3391864,2650318558.45,105732,1091424.0,32.18
2021-08-16,M&M,EQ,778.65,780.4,803.95,780.25,799.25,799.3,795.73,7131928,5675078150.0,137858,2307575.0,32.36
2021-08-17,M&M,EQ,799.3,799.25,803.95,782.0,790.5,790.65,790.6,3835522,3032380268.65,103887,1862206.0,48.55
2021-08-18,M&M,EQ,790.65,793.9,797.0,786.9,790.0,791.35,791.85,2450964,1940800939.65,62404,1334474.0,54.45
2021-08-20,M&M,EQ,791.35,788.8,791.35,776.25,786.5,785.65,784.58,3050982,2393744900.95,78209,1622899.0,53.19
2021-08-23,M&M,EQ,785.65,790.0,793.45,763.65,764.95,765.9,776.82,2512960,1952120738.85,61811,988443.0,39.33
2021-08-24,M&M,EQ,765.9,767.0,779.9,761.6,776.2,778.15,771.6,1662376,1282684391.75,50583,462878.0,27.84
2021-08-25,M&M,EQ,778.15,780.95,783.0,770.55,774.5,772.05,774.55,1693443,1311659901.25,47983,747239.0,44.13
2021-08-26,M&M,EQ,772.05,771.0,782.9,767.25,781.8,781.4,778.52,2576883,2006144632.75,63123,1468002.0,56.97
2021-08-27,M&M,EQ,781.4,779.9,785.0,765.0,775.4,775.15,776.35,2907125,2256960658.85,70378,1359533.0,46.77
2021-08-30,M&M,EQ,775.15,783.95,794.15,783.0,792.5,791.55,789.0,3028708,2389647548.05,64736,1366719.0,45.13
2021-08-31,M&M,EQ,791.55,788.0,795.8,781.3,793.15,793.3,789.09,3324467,2623319169.65,74059,1878752.0,56.51
2021-09-01,M&M,EQ,793.3,793.3,802.5,768.9,769.8,769.9,775.15,6031309,4675153440.35,129964,3587675.0,59.48
2021-09-02,M&M,EQ,769.9,772.85,774.15,750.0,755.0,752.45,758.77,4879865,3702716522.05,166364,2389125.0,48.96
2021-09-03,M&M,EQ,752.45,756.0,757.0,745.1,750.4,749.9,750.48,4257842,3195431338.65,113674,2149793.0,50.49
2021-09-06,M&M,EQ,749.9,753.0,759.8,747.05,756.15,754.75,751.72,3682183,2767957492.9,119300,1965740.0,53.39
2021-09-07,M&M,EQ,754.75,755.1,758.7,748.1,753.65,753.1,752.28,2273976,1710673153.45,67127,1255315.0,55.2
2021-09-08,M&M,EQ,753.1,756.0,757.8,749.0,755.0,754.75,754.01,2380939,1795244121.15,81127,1335293.0,56.08
2021-09-09,M&M,EQ,754.75,750.0,756.5,747.55,751.5,750.75,751.75,3313559,2490980699.7,97073,1969219.0,59.43
2021-09-13,M&M,EQ,750.75,753.5,753.5,740.35,746.0,745.55,745.03,3139833,2339264284.6,83439,1839057.0,58.57
2021-09-14,M&M,EQ,745.55,744.8,752.55,744.65,750.4,750.2,749.64,3089381,2315908904.25,75901,2018292.0,65.33
2021-09-15,M&M,EQ,750.2,752.0,760.0,746.5,756.0,755.1,754.51,3336656,2517554294.0,86596,1601593.0,48.00
2021-09-16,M&M,EQ,755.1,759.85,761.0,751.35,756.8,756.95,755.26,2686018,2028655274.95,94538,1564957.0,58.26
2021-09-17,M&M,EQ,756.95,758.2,766.0,749.15,757.45,754.15,756.94,5504398,4166509850.1,120141,3379089.0,61.39
2021-09-20,M&M,EQ,754.15,749.4,756.5,732.2,740.3,738.05,744.42,2933375,2183669507.2,102497,1585983.0,54.07
2021-09-21,M&M,EQ,738.05,740.1,740.9,729.55,738.9,738.45,734.95,2380834,1749801546.25,84934,1340612.0,56.31
2021-09-22,M&M,EQ,738.45,738.9,759.0,738.45,752.9,752.5,749.24,2287017,1713520986.65,65420,978650.0,42.79
2021-09-23,M&M,EQ,752.5,756.5,762.0,752.75,758.1,758.45,757.61,1890322,1432129495.15,67730,1052282.0,55.67
2021-09-24,M&M,EQ,758.45,759.5,782.05,752.55,781.0,779.45,772.19,4967824,3836117028.85,112530,2102194.0,42.32
2021-09-27,M&M,EQ,779.45,789.5,813.75,783.05,813.0,811.35,800.63,9210666,7374294428.15,186933,3591434.0,38.99
2021-09-28,M&M,EQ,811.35,820.0,822.0,796.25,805.0,806.05,809.22,3853344,3118190384.8,99528,1556801.0,40.40
2021-09-29,M&M,EQ,806.05,800.0,815.7,799.0,809.2,812.1,808.65,2291977,1853410156.35,75191,1005771.0,43.88
2021-09-30,M&M,EQ,812.1,808.05,817.4,801.3,802.15,803.05,809.3,3264689,2642106989.75,80499,1760529.0,53.93
2021-10-01,M&M,EQ,803.05,800.0,831.0,787.0,827.0,827.85,818.27,7704216,6304129000.55,165825,3199728.0,41.53
2021-10-04,M&M,EQ,827.85,832.5,852.0,828.1,840.4,841.15,842.84,6544700,5516152268.7,133679,3242396.0,49.54
2021-10-05,M&M,EQ,841.15,841.15,846.0,835.05,840.05,843.05,841.52,2647442,2227877110.2,54927,1205580.0,45.54
2021-10-06,M&M,EQ,843.05,846.0,854.9,829.0,835.15,834.1,841.75,3288323,2767952045.55,69366,1598582.0,48.61
2021-10-07,M&M,EQ,834.1,839.7,887.8,837.15,875.25,878.25,872.71,9515673,8304468001.3,194662,3392980.0,35.66
2021-10-08,M&M,EQ,878.25,893.7,895.0,872.55,877.0,877.8,882.37,3938358,3475097492.7,85306,1529050.0,38.82
2021-10-11,M&M,EQ,877.8,879.0,902.5,879.0,893.9,895.6,895.32,5493159,4918138029.1,137967,2915263.0,53.07
2021-10-12,M&M,EQ,895.6,888.0,894.65,877.0,889.55,890.1,887.13,3433345,3045832933.35,86173,1872445.0,54.54
2021-10-13,M&M,EQ,890.1,893.0,971.15,893.0,936.2,935.35,938.69,17519612,16445433652.85,352415,7264535.0,41.47
2021-10-14,M&M,EQ,935.35,938.5,946.25,922.2,932.0,931.4,931.41,3354982,3124873565.5,105744,1587302.0,47.31
2021-10-18,M&M,EQ,931.4,958.0,958.0,908.3,910.8,910.95,925.21,2885649,2669841232.1,113024,1311798.0,45.46
2021-10-19,M&M,EQ,910.95,911.0,927.6,901.2,917.1,917.5,915.4,3476818,3182666438.4,86479,1706477.0,49.08
2021-10-20,M&M,EQ,917.5,913.0,924.9,894.65,902.0,899.35,904.67,3551282,3212746995.7,84866,1757159.0,49.48
2021-10-21,M&M,EQ,899.35,908.3,911.1,893.4,896.8,897.0,898.64,2614538,2349534070.0,72013,1649303.0,63.08
2021-10-22,M&M,EQ,897.0,904.0,909.8,885.1,890.0,887.85,896.32,1999394,1792096812.4,66351,878150.0,43.92
2021-10-25,M&M,EQ,887.85,883.0,905.9,883.0,890.3,890.7,895.39,2833933,2537476396.3,79213,1130907.0,39.91
2021-10-26,M&M,EQ,890.7,893.4,900.0,884.0,896.0,894.55,892.5,3410657,3043998979.0,61810,2238237.0,65.62
2021-10-27,M&M,EQ,894.55,900.0,903.8,883.5,885.1,886.8,891.01,3362019,2995595508.8,56234,2512496.0,74.73
2021-10-28,M&M,EQ,886.8,887.0,896.0,877.9,881.0,883.85,888.17,2171227,1928417585.45,59664,1132065.0,52.14
2021-10-29,M&M,EQ,883.85,883.5,901.5,862.0,885.0,884.25,886.66,2482056,2200746896.4,81836,1192464.0,48.04
2021-11-01,M&M,EQ,884.25,884.25,887.9,860.4,871.55,870.35,872.85,4146270,3619088670.6,122748,2172915.0,52.41
2021-11-02,M&M,EQ,870.35,875.0,879.3,859.0,863.0,861.5,867.26,3704926,3213134008.9,77732,2554138.0,68.94
2021-11-03,M&M,EQ,861.5,864.0,869.9,843.0,852.25,849.0,857.26,3288759,2819313921.8,49910,2245589.0,68.28
2021-11-04,M&M,EQ,849.0,855.75,875.0,853.0,874.0,872.85,870.26,973315,847033085.35,29123,228452.0,23.47
2021-11-08,M&M,EQ,872.85,878.0,878.25,854.3,860.85,859.5,860.92,4481883,3858521299.45,101638,2962485.0,66.10
2021-11-09,M&M,EQ,859.5,864.0,905.4,862.6,904.5,892.15,879.47,15376349,13523105509.5,234898,6191750.0,40.27
2021-11-10,M&M,EQ,892.15,905.9,925.0,895.0,918.6,919.65,915.24,17083220,15635264086.7,309870,5051979.0,29.57
2021-11-11,M&M,EQ,919.65,918.95,928.8,911.0,924.75,924.75,920.73,4935551,4544297996.75,94795,1946564.0,39.44
2021-11-12,M&M,EQ,924.75,934.0,939.5,925.0,936.45,937.8,933.36,6239600,5823785692.6,114158,3978300.0,63.76
2021-11-15,M&M,EQ,937.8,935.0,948.55,921.1,927.85,928.4,933.49,3757546,3507647557.65,79642,1844948.0,49.10
2021-11-16,M&M,EQ,928.4,928.4,965.95,925.55,955.0,960.3,950.83,7368780,7006424277.2,168050,3003239.0,40.76
2021-11-17,M&M,EQ,960.3,959.95,979.0,947.25,949.45,954.45,963.38,5416608,5218233311.9,147075,2081581.0,38.43
2021-11-18,M&M,EQ,954.45,955.0,955.0,918.2,921.0,923.7,932.31,3463426,3228981486.25,101796,1382234.0,39.91
2021-11-22,M&M,EQ,923.7,926.4,930.25,893.7,901.0,900.85,906.61,3731367,3382899816.45,107467,1895588.0,50.80
2021-11-23,M&M,EQ,900.85,897.85,908.5,893.6,899.0,901.35,901.33,3195288,2880011427.8,102423,1782768.0,55.79
2021-11-24,M&M,EQ,901.35,907.7,907.7,890.0,891.9,893.2,896.61,2708554,2428520454.0,79483,1502816.0,55.48
2021-11-25,M&M,EQ,893.2,890.9,898.9,883.5,892.0,891.2,890.9,2288825,2039112666.5,53074,977424.0,42.70
2021-11-26,M&M,EQ,891.2,885.0,885.0,843.0,855.05,853.75,859.35,3934155,3380831726.65,108029,2199903.0,55.92
2021-11-29,M&M,EQ,853.75,845.2,867.8,828.35,853.0,850.8,852.47,3936245,3355530716.25,100167,1412297.0,35.88
2021-11-30,M&M,EQ,850.8,850.8,860.8,828.55,835.0,835.5,842.46,6067618,5111726606.8,130715,3453861.0,56.92
2021-12-01,M&M,EQ,835.5,836.0,842.7,823.25,837.3,834.7,833.58,5121634,4269315162.8,104263,2866678.0,55.97
2021-12-02,M&M,EQ,834.7,835.8,859.95,835.05,849.4,849.55,850.12,4677008,3976036622.3,105301,1235746.0,26.42
2021-12-03,M&M,EQ,849.55,848.95,855.6,833.95,835.95,836.95,843.59,2933597,2474760736.0,76074,1497267.0,51.04
2021-12-06,M&M,EQ,836.95,838.0,840.6,820.05,822.45,822.15,828.04,1552749,1285739952.2,55508,748188.0,48.18
2021-12-07,M&M,EQ,822.15,826.5,833.65,822.5,826.45,825.95,827.63,1976433,1635764256.6,68657,1059320.0,53.60
2021-12-08,M&M,EQ,825.95,834.5,843.7,826.95,839.9,840.75,834.76,2346456,1958728090.6,71374,1215308.0,51.79
2021-12-09,M&M,EQ,840.75,857.4,857.4,836.0,850.05,851.1,846.52,4078098,3452208989.05,78280,1155743.0,28.34
2021-12-10,M&M,EQ,851.1,850.1,868.6,850.1,856.95,859.7,861.86,3434165,2959772233.15,75071,1007370.0,29.33
2021-12-13,M&M,EQ,859.7,868.95,868.95,839.7,844.0,843.1,850.61,2683048,2282239637.4,74019,1258825.0,46.92
2021-12-14,M&M,EQ,843.1,840.0,841.95,826.0,836.0,836.85,833.45,1979863,1650111812.65,80247,879328.0,44.41
2021-12-15,M&M,EQ,836.85,844.0,853.7,838.2,844.0,846.2,845.4,3208613,2712562322.1,81342,1066643.0,33.24
2021-12-16,M&M,EQ,846.2,852.9,862.25,846.2,854.95,853.3,853.87,3965285,3385848080.95,66182,2181607.0,55.02
2021-12-17,M&M,EQ,853.3,848.0,852.25,830.0,834.0,834.6,835.77,2675800,2236356013.2,80476,1370006.0,51.2
2021-12-20,M&M,EQ,834.6,826.0,830.0,797.0,820.0,814.3,807.73,2907378,2348364829.6,95550,1243019.0,42.75
2021-12-21,M&M,EQ,814.3,822.4,827.0,807.5,813.95,812.2,818.61,1973119,1615220989.55,56900,957136.0,48.51
2021-12-22,M&M,EQ,812.2,818.8,827.2,811.0,820.8,818.7,819.16,1979912,1621873028.55,52665,1030144.0,52.03
2021-12-23,M&M,EQ,818.7,824.9,833.8,822.75,827.5,826.85,827.16,1495208,1236778004.85,44752,607443.0,40.63
2021-12-24,M&M,EQ,826.85,831.0,832.05,808.0,813.1,812.65,814.37,1071730,872781449.2,28986,248971.0,23.23
2021-12-27,M&M,EQ,812.65,808.0,823.15,806.95,820.6,818.55,817.92,1492196,1220493032.25,54985,453478.0,30.39
2021-12-28,M&M,EQ,818.55,824.0,840.0,819.05,839.75,838.7,833.01,1677680,1397523747.65,41930,420595.0,25.07
2021-12-29,M&M,EQ,838.7,843.45,843.45,830.85,832.0,832.7,836.71,1575343,1318100775.65,53524,524245.0,33.28
2021-12-30,M&M,EQ,832.7,843.0,843.0,827.15,830.0,829.3,831.55,1874659,1558865406.85,61952,576913.0,30.77
2021-12-31,M&M,EQ,829.3,834.8,845.0,830.2,836.9,837.15,840.17,1528983,1284606990.65,47715,705200.0,46.12
2022-01-03,M&M,EQ,837.15,835.0,840.0,826.3,830.3,829.8,832.77,1537088,1280038781.65,49111,545121.0,35.46
2022-01-04,M&M,EQ,829.8,837.95,842.0,825.65,832.45,831.85,833.68,1886453,1572700898.8,57221,726887.0,38.53
2022-01-05,M&M,EQ,831.85,830.0,847.0,830.0,839.0,839.5,840.24,2634010,2213213490.85,76339,1195157.0,45.37
2022-01-06,M&M,EQ,839.5,839.0,842.25,827.5,840.3,839.85,836.27,2962301,2477296516.7,66379,1590172.0,53.68
2022-01-07,M&M,EQ,839.85,841.0,849.75,822.5,829.0,829.0,835.03,2531717,2114065517.8,113315,1201686.0,47.47
2022-01-10,M&M,EQ,829.0,835.95,846.75,829.7,842.0,841.95,840.37,3403434,2860140754.3,78268,1630876.0,47.92
2022-01-11,M&M,EQ,841.95,842.0,848.75,835.55,841.25,841.4,841.02,2117911,1781208720.0,87140,1140276.0,53.84
2022-01-12,M&M,EQ,841.4,846.8,884.2,842.5,879.5,880.55,868.13,9022415,7832645843.75,180565,3638643.0,40.33
2022-01-13,M&M,EQ,880.55,880.55,909.5,868.0,892.4,896.0,889.19,5658001,5031022146.3,124908,1862052.0,32.91
2022-01-14,M&M,EQ,896.0,889.8,895.95,879.65,881.0,881.2,886.1,2027852,1796888169.5,52749,970265.0,47.85
2022-01-17,M&M,EQ,881.2,884.2,904.0,882.65,899.7,900.8,895.26,3617269,3238396767.55,84807,1581552.0,43.72
2022-01-18,M&M,EQ,900.8,902.0,910.1,888.3,892.15,892.15,899.7,3468168,3120320542.15,82848,1831535.0,52.81
2022-01-19,M&M,EQ,892.15,908.95,908.95,880.8,894.2,894.4,894.07,4215758,3769170462.15,98330,1430512.0,33.93
2022-01-20,M&M,EQ,894.4,896.0,897.6,872.85,882.3,880.5,883.2,2486026,2195646871.65,105006,1272449.0,51.18
2022-01-21,M&M,EQ,880.5,875.8,884.9,865.2,874.0,875.2,876.6,1872843,1641739120.25,70377,822622.0,43.92
2022-01-24,M&M,EQ,875.2,871.2,878.35,848.05,855.4,854.7,859.95,3386669,2912368867.4,92127,1884132.0,55.63
2022-01-25,M&M,EQ,854.7,846.1,858.25,845.25,851.5,854.5,852.29,4742388,4041899665.1,121727,2958671.0,62.39
2022-01-27,M&M,EQ,854.5,845.6,862.85,841.2,857.35,858.05,853.36,2927566,2498266055.1,85813,1525409.0,52.11
2022-01-28,M&M,EQ,858.05,864.4,896.0,860.4,871.0,869.65,881.51,4208702,3710021034.3,111928,1800269.0,42.77
2022-01-31,M&M,EQ,869.65,878.9,888.85,872.1,884.0,885.8,882.71,2335040,2061160127.25,71194,1167543.0,50.0
2022-02-01,M&M,EQ,885.8,892.0,894.7,864.2,873.8,869.7,881.89,2921070,2576050315.6,80888,1365698.0,46.75
2022-02-02,M&M,EQ,869.7,875.7,880.3,865.15,870.4,869.35,870.72,1341479,1168058068.6,54049,494237.0,36.84
2022-02-03,M&M,EQ,869.35,868.0,882.4,852.15,854.1,856.2,867.46,2630289,2281673843.95,65866,1137112.0,43.23
2022-02-04,M&M,EQ,856.2,861.4,861.4,836.15,839.75,841.7,845.91,2080640,1760025069.0,89041,913043.0,43.88
2022-02-07,M&M,EQ,841.7,841.0,844.7,822.2,829.0,829.5,830.31,1801701,1495970640.3,72130,585233.0,32.48
2022-02-08,M&M,EQ,829.5,830.0,837.7,817.15,830.45,832.05,826.79,2729631,2256818476.15,74665,942784.0,34.54
2022-02-09,M&M,EQ,832.05,838.0,845.95,833.15,841.05,840.2,839.73,2165223,1818207048.65,70123,1216124.0,56.17
2022-02-10,M&M,EQ,840.2,844.0,857.75,830.15,853.0,853.05,846.5,6949276,5882550375.55,164837,3708261.0,53.36
2022-02-11,M&M,EQ,853.05,853.0,861.95,835.6,850.0,853.65,849.49,5146850,4372184566.75,109476,1943537.0,37.76
2022-02-14,M&M,EQ,853.65,841.75,845.4,780.7,821.45,825.05,826.1,4202165,3471396004.9,106397,1901009.0,45.24
2022-02-15,M&M,EQ,825.05,828.0,858.0,820.4,854.05,854.6,841.67,2728328,2296344691.65,89880,956533.0,35.06
2022-02-16,M&M,EQ,854.6,854.6,878.5,854.6,861.5,864.25,871.27,4401342,3834738351.0,130828,1588431.0,36.09
2022-02-17,M&M,EQ,864.25,872.0,877.3,859.0,860.0,862.25,867.68,2041741,1771579396.15,46429,803144.0,39.34
2022-02-18,M&M,EQ,862.25,857.2,869.75,847.15,850.0,852.0,858.64,1616856,1388301549.95,41067,645913.0,39.95
2022-02-21,M&M,EQ,852.0,845.2,850.5,832.0,842.0,841.1,842.11,2255753,1899599383.1,101530,1133685.0,50.26
2022-02-22,M&M,EQ,841.1,827.0,856.0,823.35,855.6,853.25,839.7,2768989,2325132782.35,93787,1404949.0,50.74
2022-02-23,M&M,EQ,853.25,856.0,869.7,845.7,849.8,850.3,856.08,2265060,1939063568.45,104276,904320.0,39.92
2022-02-24,M&M,EQ,850.3,818.1,831.9,790.5,796.6,795.8,809.6,5677898,4596804093.05,162423,3266389.0,57.53
2022-02-25,M&M,EQ,795.8,812.7,825.0,802.0,808.0,807.6,812.21,3470318,2818633056.9,114280,1737367.0,50.06
2022-02-28,M&M,EQ,807.6,807.0,807.0,786.75,791.1,790.85,793.13,5026913,3986983105.45,140193,2790267.0,55.51
2022-03-02,M&M,EQ,790.85,785.5,810.75,769.0,784.1,778.35,786.46,5779175,4545106499.9,129730,2483293.0,42.97
2022-03-03,M&M,EQ,778.35,792.0,793.15,760.05,762.5,762.05,773.41,2763929,2137642927.7,79859,1184165.0,42.84
2022-03-04,M&M,EQ,762.05,750.0,756.0,730.0,732.6,732.3,740.02,4829850,3574197825.2,177129,2500960.0,51.78
2022-03-07,M&M,EQ,732.3,719.85,719.85,681.75,693.6,690.55,693.23,7008637,4858565938.95,195680,3755303.0,53.58
2022-03-08,M&M,EQ,690.55,690.55,703.05,671.15,700.65,700.65,689.71,4000294,2759055192.4,123017,1668141.0,41.7
2022-03-09,M&M,EQ,700.65,705.0,739.9,700.0,731.0,734.85,724.03,5490287,3975118892.25,124663,2542498.0,46.31
2022-03-10,M&M,EQ,734.85,761.95,762.5,735.0,738.0,738.85,748.51,4064470,3042297377.05,114430,1886207.0,46.41
2022-03-11,M&M,EQ,738.85,734.0,741.8,728.7,734.25,734.8,733.94,2364792,1735619589.6,71772,850726.0,35.97
2022-03-14,M&M,EQ,734.80,734.80,746.00,725.45,744.90,743.20,734.96,3563695,2619156064.6,81292,1735115.0,48.69
2022-03-15,M&M,EQ,743.20,745.00,769.20,745.00,760.90,761.20,760.62,4811450,3659702229.5,171353,2164557.0,44.99
2022-03-16,M&M,EQ,761.20,768.85,776.00,765.00,771.45,773.65,772.02,2277631,1758379693.45,51898,907018.0,39.82
2022-03-17,M&M,EQ,773.65,785.00,799.90,777.00,792.40,794.40,790.00,3787641,2992236909.7,90584,2179307.0,57.54
2022-03-21,M&M,EQ,794.40,789.60,791.10,780.10,783.00,783.50,784.56,3008019,2359982461.15,96872,1979916.0,65.82
2022-03-22,M&M,EQ,783.50,783.00,789.05,769.00,785.00,785.60,775.74,5436875,4217600703.7,76458,3716280.0,68.35
2022-03-23,M&M,EQ,785.60,790.00,794.20,772.10,775.00,774.10,779.12,3277274,2553376721.3,104192,1983595.0,60.53
2022-03-24,M&M,EQ,774.10,773.70,780.00,762.65,764.00,765.65,770.18,2248114,1731453819.0,90868,1281369.0,57.0
2022-03-25,M&M,EQ,765.65,773.00,773.00,758.20,764.00,764.75,764.48,3148869,2407246823.7,77572,1820596.0,57.82
2022-03-28,M&M,EQ,764.75,764.90,772.70,751.30,769.30,769.25,761.65,4719388,3594512278.85,86659,2374969.0,50.32
2022-03-29,M&M,EQ,769.25,771.00,783.00,770.70,774.00,773.35,774.53,3519610,2726054161.95,61153,1831753.0,52.04
2022-03-30,M&M,EQ,773.35,779.30,795.00,775.90,794.00,793.35,789.62,4407033,3479871119.15,86102,2895221.0,65.7
2022-03-31,M&M,EQ,793.35,798.00,813.00,798.00,810.00,806.55,807.51,7059986,5700984453.5,187755,3560107.0,50.43
2022-04-01,M&M,EQ,806.55,811.00,829.50,807.70,825.20,826.55,818.92,3406177,2789386175.95,75412,1472225.0,43.22
2022-04-04,M&M,EQ,826.55,818.00,836.00,810.00,832.05,833.70,826.65,4163250,3441555320.65,104554,1828540.0,43.92
2022-04-05,M&M,EQ,833.70,837.00,852.00,833.70,835.80,836.55,841.65,2669967,2247186089.5,91454,1256004.0,47.04
2022-04-06,M&M,EQ,836.55,838.70,838.70,822.95,827.00,827.85,828.66,2049292,1698161050.9,70532,1068000.0,52.12
2022-04-07,M&M,EQ,827.85,826.00,840.30,822.30,833.65,834.30,831.75,2913537,2423347851.2,91046,1590861.0,54.6
2022-04-08,M&M,EQ,834.30,830.00,860.65,827.05,856.85,857.40,847.25,4145522,3512307111.5,117074,2428322.0,58.58
2022-04-11,M&M,EQ,857.40,854.95,861.35,846.20,858.15,856.85,855.90,2922901,2501716349.75,76053,1701418.0,58.21
2022-04-12,M&M,EQ,856.85,850.00,867.40,843.30,860.70,860.80,854.47,2961076,2530158219.85,87130,1725950.0,58.29
2022-04-13,M&M,EQ,860.80,862.50,875.00,862.35,865.00,866.10,868.84,3695363,3210679835.5,76815,2360973.0,63.89
2022-04-18,M&M,EQ,866.10,866.10,876.00,858.10,874.05,874.10,871.04,3076843,2680050367.45,122568,1645477.0,53.48
2022-04-19,M&M,EQ,874.10,878.10,887.80,865.10,867.50,872.50,880.55,3301212,2906872568.45,93869,2254683.0,68.3
2022-04-20,M&M,EQ,872.50,873.45,889.90,873.45,880.60,881.25,883.00,2208791,1950364509.75,89155,954472.0,43.21
2022-04-21,M&M,EQ,881.25,881.25,914.00,880.75,909.00,911.00,901.35,3206906,2890543659.7,87195,1736442.0,54.15
2022-04-22,M&M,EQ,911.00,903.80,927.05,889.05,919.00,920.65,912.33,4924905,4493117035.9,118729,2096306.0,42.57
2022-04-25,M&M,EQ,920.65,914.35,928.00,895.10,903.45,904.00,917.24,5476626,5023366116.45,134412,3110904.0,56.8
2022-04-26,M&M,EQ,904.00,906.60,942.90,906.60,939.65,940.15,935.55,6384561,5973087742.4,165183,3384915.0,53.02
2022-04-27,M&M,EQ,940.15,930.00,940.70,922.95,926.00,926.85,931.23,3154605,2937676418.6,96254,1783493.0,56.54
2022-04-28,M&M,EQ,926.85,945.00,945.00,918.50,922.00,922.90,925.42,2869224,2655225465.15,111851,1518015.0,52.91
2022-04-29,M&M,EQ,922.90,928.90,939.25,918.00,924.00,922.10,930.12,3467791,3225465095.75,84713,1957893.0,56.46
2022-05-02,M&M,EQ,922.10,915.00,933.70,909.70,922.10,921.35,922.25,2740823,2527723310.45,146590,1524125.0,55.61
2022-05-04,M&M,EQ,921.35,917.90,923.95,891.05,900.00,896.10,907.18,2408261,2184730998.1,104663,1215477.0,50.47
2022-05-05,M&M,EQ,896.10,910.00,921.00,895.65,896.00,899.05,912.14,2690817,2454393927.8,71044,1495574.0,55.58
2022-05-06,M&M,EQ,899.05,890.00,914.80,887.30,895.70,893.85,901.24,4247088,3827648420.9,122680,1271422.0,29.94
2022-05-09,M&M,EQ,893.85,880.00,901.90,875.00,891.70,895.30,887.10,1790691,1588526000.6,57128,653542.0,36.5
2022-05-10,M&M,EQ,895.30,895.30,910.95,884.10,886.15,888.35,897.08,2436623,2185844729.35,95095,1180780.0,48.46
2022-05-11,M&M,EQ,888.35,888.60,898.40,876.50,889.90,887.05,885.82,3048794,2700685543.3,85563,1778851.0,58.35
2022-05-12,M&M,EQ,887.05,884.90,889.00,853.70,866.00,865.25,861.60,4908042,4228774414.65,127806,3323410.0,67.71
2022-05-13,M&M,EQ,865.25,879.80,905.00,870.10,891.50,889.50,892.95,4956950,4426301025.65,93681,3342114.0,67.42
2022-05-16,M&M,EQ,889.50,895.00,908.90,892.70,904.00,903.35,902.24,2856221,2576983800.45,75653,1466579.0,51.35
2022-05-17,M&M,EQ,903.35,907.00,917.00,898.15,911.00,910.80,906.61,3469290,3145304185.6,76373,1838228.0,52.99
2022-05-18,M&M,EQ,910.80,910.00,922.75,905.20,913.10,913.30,914.35,3203522,2929130589.4,112435,1904496.0,59.45
2022-05-19,M&M,EQ,913.30,901.00,913.00,880.15,884.50,882.55,896.82,2658159,2383900296.95,80597,1293693.0,48.67
2022-05-20,M&M,EQ,882.55,896.90,911.35,888.65,904.90,903.80,903.92,3426756,3097498165.25,92204,2067673.0,60.34
2022-05-23,M&M,EQ,903.80,911.00,943.45,910.25,941.00,941.90,934.48,6613972,6180632314.05,198646,3280800.0,49.6
2022-05-24,M&M,EQ,941.90,949.00,960.40,943.10,945.15,946.85,952.07,4546511,4328599813.9,133926,1797775.0,39.54
2022-05-25,M&M,EQ,946.85,953.80,953.80,923.35,930.05,928.40,935.28,1363358,1275116904.0,43283,388740.0,28.51
2022-05-26,M&M,EQ,928.40,930.10,933.50,914.80,932.50,929.80,922.69,2384886,2200498905.15,97112,1117131.0,46.84
2022-05-27,M&M,EQ,929.80,940.00,958.00,923.00,947.95,952.85,940.43,3269005,3074284516.0,87450,1621712.0,49.61
2022-05-30,M&M,EQ,952.85,972.25,"1,011.75",957.05,"1,000.00",998.35,990.50,11690785,11579705920.25,226318,4015619.0,34.35
2022-05-31,M&M,EQ,998.35,997.95,"1,043.00",992.00,"1,032.00","1,034.35","1,031.40",13301109,13718785356.15,244629,6909245.0,51.94
2022-06-01,M&M,EQ,"1,034.35","1,035.00","1,057.25","1,014.80","1,047.00","1,047.35","1,037.92",7889745,8188924136.7,192961,2816061.0,35.69
2022-06-02,M&M,EQ,"1,047.35","1,044.95","1,057.95","1,035.00","1,042.95","1,044.55","1,048.73",4081658,4280561933.5,143983,1699624.0,41.64
2022-06-03,M&M,EQ,"1,044.55","1,050.10","1,056.55","1,025.70","1,028.75","1,028.65","1,037.30",2660682,2759923281.9,78909,1212255.0,45.56
2022-06-06,M&M,EQ,"1,028.65","1,028.00","1,048.60","1,018.00","1,035.80","1,035.95","1,030.15",3443406,3547240916.7,138709,1304633.0,37.89
2022-06-07,M&M,EQ,"1,035.95","1,034.80","1,045.00","1,018.10","1,044.05","1,042.55","1,034.32",2162861,2237079943.6,79250,999346.0,46.2
2022-06-08,M&M,EQ,"1,042.55","1,056.95","1,056.95","1,034.25","1,043.00","1,045.00","1,044.43",4293398,4484163899.0,209299,2029254.0,47.26
2022-06-09,M&M,EQ,"1,045.00","1,036.00","1,049.30","1,032.00","1,045.40","1,045.10","1,044.69",2757706,2880952797.5,97888,1625813.0,58.96
2022-06-10,M&M,EQ,"1,045.10","1,033.00","1,043.50","1,026.60","1,034.95","1,036.50","1,036.64",2425545,2514413253.5,94362,1360675.0,56.1
2022-06-13,M&M,EQ,"1,036.50","1,023.65","1,029.00",998.55,"1,011.00","1,004.30","1,011.00",4047155,4091693527.45,143291,2549534.0,63.0
2022-06-14,M&M,EQ,"1,004.30","1,000.00","1,025.00",999.05,"1,018.95","1,019.25","1,017.33",3614327,3676947192.65,119789,1782619.0,49.32
2022-06-15,M&M,EQ,"1,019.25","1,024.65","1,039.30","1,020.00","1,022.05","1,025.50","1,030.81",3333753,3436465763.3,98772,1266776.0,38.00
2022-06-16,M&M,EQ,"1,025.50","1,037.70","1,037.70",997.00,"1,005.95","1,005.25","1,014.05",3255301,3301027281.8,81494,1983894.0,60.94
2022-06-17,M&M,EQ,"1,005.25","1,000.00","1,007.95",983.15,"1,000.40",997.65,996.27,5318310,5298496032.55,161620,3069013.0,57.71
2022-06-20,M&M,EQ,997.65,"1,005.00","1,008.00",979.10,983.50,982.70,988.58,3722583,3680058726.45,90773,2437605.0,65.48
2022-06-21,M&M,EQ,982.70,982.70,"1,004.75",981.80,996.45,997.95,997.37,6263423,6246936102.7,66702,4785901.0,76.41
2022-06-22,M&M,EQ,997.95,995.15,"1,003.95",972.65,983.70,983.80,985.83,2629024,2591771868.15,76895,1305193.0,49.65
2022-06-23,M&M,EQ,983.80,986.00,"1,031.60",985.20,"1,028.00","1,027.70","1,006.18",7303072,7348181820.3,121313,4209495.0,57.64
2022-06-24,M&M,EQ,"1,027.70","1,036.90","1,074.50","1,031.60","1,072.50","1,072.05","1,058.78",7273273,7700783673.85,173335,3281703.0,45.12
2022-06-27,M&M,EQ,"1,072.05","1,089.80","1,095.00","1,072.05","1,082.05","1,082.70","1,082.97",6316257,6840315441.35,142365,3271946.0,51.80
2022-06-28,M&M,EQ,"1,082.70","1,082.00","1,121.45","1,079.45","1,110.50","1,112.00","1,109.18",11020641,12223831286.5,261901,4739512.0,43.01
2022-06-29,M&M,EQ,"1,112.00","1,106.00","1,115.45","1,090.70","1,105.30","1,111.75","1,104.65",5052023,5580693460.5,118184,2765847.0,54.75
2022-06-30,M&M,EQ,"1,111.75","1,109.30","1,117.50","1,088.05","1,090.00","1,093.15","1,101.90",4165189,4589616036.15,134563,1966281.0,47.21
2022-07-01,M&M,EQ,"1,093.15","1,092.40","1,113.35","1,064.00","1,107.00","1,107.35","1,092.38",2839545,3101871346.25,66194,1175818.0,41.41
2022-07-04,M&M,EQ,"1,107.35","1,101.00","1,102.00","1,079.40","1,089.70","1,091.20","1,091.31",2784613,3038863858.05,83317,1080436.0,38.80
2022-07-05,M&M,EQ,"1,091.20","1,091.00","1,102.00","1,078.00","1,080.00","1,081.95","1,087.83",3675577,3998410557.65,112521,2153158.0,58.58
2022-07-06,M&M,EQ,"1,081.95","1,082.70","1,112.00","1,080.60","1,106.55","1,104.55","1,103.12",4957228,5468418798.55,111093,2625354.0,52.96
2022-07-07,M&M,EQ,"1,104.55","1,119.00","1,138.95","1,114.60","1,133.00","1,133.30","1,130.14",4917004,5556910668.2,111563,2544930.0,51.76
2022-07-08,M&M,EQ,"1,133.30","1,184.95","1,194.90","1,126.15","1,130.50","1,133.60","1,150.35",10482265,12058311537.0,253333,3117049.0,29.74
2022-07-11,M&M,EQ,"1,133.60","1,128.95","1,167.90","1,122.65","1,164.00","1,165.05","1,157.78",4520273,5233461904.75,150897,1590252.0,35.18
2022-07-12,M&M,EQ,"1,165.05","1,164.00","1,164.45","1,142.00","1,147.95","1,146.65","1,154.08",2452632,2830541655.95,81721,1170677.0,47.73
2022-07-13,M&M,EQ,"1,146.65","1,153.20","1,156.50","1,138.10","1,140.40","1,140.35","1,147.25",3379695,3877345740.4,132650,1821087.0,53.88
2022-07-14,M&M,EQ,"1,140.35","1,134.80","1,151.35","1,131.20","1,143.00","1,142.65","1,141.75",2423203,2766680528.75,109153,1243176.0,51.30
2022-07-15,M&M,EQ,"1,142.65","1,143.00","1,175.90","1,140.40","1,167.40","1,172.50","1,161.12",3879759,4504869851.45,120896,1448221.0,37.33
2022-07-18,M&M,EQ,"1,172.50","1,179.50","1,179.50","1,159.25","1,162.00","1,163.40","1,165.46",3480683,4056585522.9,145125,2057872.0,59.12
2022-07-19,M&M,EQ,"1,163.40","1,161.90","1,189.50","1,161.00","1,185.00","1,186.25","1,179.29",4056414,4783699267.95,124721,1955712.0,48.21
2022-07-20,M&M,EQ,"1,186.25","1,195.00","1,195.00","1,162.50","1,164.65","1,165.65","1,174.43",3028752,3557046769.5,88568,1545805.0,51.04
2022-07-21,M&M,EQ,"1,165.65","1,167.10","1,180.00","1,164.80","1,176.95","1,175.15","1,171.64",2062279,2416241605.8,75947,1052216.0,51.02
2022-07-22,M&M,EQ,"1,175.15","1,180.00","1,185.90","1,170.30","1,179.00","1,181.10","1,178.80",1983433,2338062517.3,93811,1027604.0,51.81
2022-07-25,M&M,EQ,"1,181.10","1,185.00","1,185.00","1,132.00","1,134.00","1,135.85","1,147.85",4380502,5028143653.6,145168,2639646.0,60.26
2022-07-26,M&M,EQ,"1,135.85","1,134.00","1,146.00","1,125.15","1,136.00","1,136.00","1,137.99",2598868,2957480129.05,101354,1298154.0,49.95
2022-07-27,M&M,EQ,"1,136.00","1,140.00","1,150.30","1,126.80","1,137.00","1,138.10","1,134.65",1647876,1869758703.5,67756,822258.0,49.90
2022-07-28,M&M,EQ,"1,138.10","1,142.10","1,152.00","1,135.35","1,149.35","1,149.15","1,145.39",1929675,2210222823.95,76750,1093489.0,56.67
2022-07-29,M&M,EQ,"1,149.15","1,158.80","1,184.20","1,153.25","1,162.65","1,164.45","1,166.46",2230572,2601873417.3,70567,939861.0,42.14
2022-08-01,M&M,EQ,"1,164.45","1,189.40","1,248.70","1,184.25","1,234.50","1,237.75","1,235.60",12673841,15659857032.3,393710,5426819.0,42.82
2022-08-02,M&M,EQ,"1,237.75","1,237.70","1,259.75","1,226.20","1,251.00","1,254.50","1,242.93",5626351,6993169199.1,176857,3463223.0,61.55
2022-08-03,M&M,EQ,"1,254.50","1,259.95","1,259.95","1,231.00","1,256.00","1,253.70","1,244.32",3820503,4753917774.8,108809,2128550.0,55.71
2022-08-04,M&M,EQ,"1,253.70","1,264.90","1,265.00","1,239.05","1,265.00","1,261.80","1,255.79",3075648,3862361790.3,94916,1691724.0,55.00
2022-08-05,M&M,EQ,"1,261.80","1,278.20","1,278.50","1,231.25","1,236.80","1,235.90","1,254.23",5766297,7232249894.8,135514,2070939.0,35.91
2022-08-08,M&M,EQ,"1,235.90","1,245.00","1,280.00","1,242.65","1,275.60","1,276.70","1,266.32",5412651,6854126976.85,168556,2615805.0,48.33
2022-08-10,M&M,EQ,"1,276.70","1,277.00","1,279.70","1,260.25","1,269.00","1,268.05","1,267.72",2530492,3207951846.5,95039,1399492.0,55.31
2022-08-11,M&M,EQ,"1,268.05","1,277.00","1,278.95","1,254.00","1,267.95","1,266.20","1,265.04",3077633,3893327579.7,112422,1519247.0,49.36
2022-08-12,M&M,EQ,"1,266.20","1,265.00","1,268.90","1,249.30","1,264.00","1,259.45","1,256.38",3355489,4215753253.2,121211,2125600.0,63.35
2022-08-16,M&M,EQ,"1,259.45","1,280.60","1,298.70","1,274.65","1,289.00","1,288.30","1,284.86",4085782,5249674526.6,140955,1718182.0,42.05
2022-08-17,M&M,EQ,"1,288.30","1,294.00","1,294.00","1,270.05","1,274.90","1,274.25","1,277.38",2197165,2806624655.85,112715,1099376.0,50.04
2022-08-18,M&M,EQ,"1,274.25","1,274.00","1,278.35","1,254.70","1,262.75","1,261.15","1,264.86",2659857,3364358012.2,82652,1480678.0,55.67
2022-08-19,M&M,EQ,"1,261.15","1,270.00","1,272.65","1,235.50","1,239.35","1,239.40","1,248.59",2513148,3137886962.2,80762,1184741.0,47.14
2022-08-22,M&M,EQ,"1,239.40","1,239.40","1,247.40","1,219.05","1,227.95","1,226.70","1,230.99",2443323,3007698460.6,111106,1275223.0,52.19
2022-08-23,M&M,EQ,"1,226.70","1,219.95","1,277.00","1,218.00","1,277.00","1,273.10","1,261.71",4449168,5613560177.85,118559,1801620.0,40.49
2022-08-24,M&M,EQ,"1,273.10","1,274.95","1,283.50","1,261.00","1,267.45","1,268.30","1,269.99",2570071,3263964428.45,80388,1151366.0,44.80
2022-08-25,M&M,EQ,"1,268.30","1,274.00","1,277.45","1,256.70","1,264.30","1,259.65","1,268.36",1769049,2243797111.6,57951,848725.0,47.98
2022-08-26,M&M,EQ,"1,259.65","1,279.90","1,299.00","1,268.80","1,275.00","1,274.65","1,283.63",4325600,5552458092.9,138415,1440225.0,33.30
2022-08-29,M&M,EQ,"1,274.65","1,249.00","1,280.80","1,242.15","1,276.80","1,276.80","1,264.30",2554692,3229906802.95,64136,1095483.0,42.88
2022-08-30,M&M,EQ,"1,276.80","1,284.00","1,315.00","1,284.00","1,309.00","1,308.70","1,304.90",5078317,6626695762.75,108675,2833493.0,55.80
2022-09-01,M&M,EQ,"1,308.70","1,280.00","1,325.70","1,280.00","1,311.00","1,312.05","1,309.41",4913035,6433165822.85,168094,2510748.0,51.10
2022-09-02,M&M,EQ,"1,312.05","1,318.65","1,330.65","1,311.20","1,314.00","1,315.95","1,322.72",2316436,3064002042.25,88145,1187940.0,51.28
2022-09-05,M&M,EQ,"1,315.95","1,319.00","1,324.45","1,301.10","1,317.25","1,320.55","1,314.59",2271837,2986540183.15,61709,1241846.0,54.66
2022-09-06,M&M,EQ,"1,320.55","1,325.00","1,327.00","1,300.60","1,303.00","1,306.40","1,311.97",1930221,2532390418.3,59331,1030512.0,53.39
2022-09-07,M&M,EQ,"1,306.40","1,291.00","1,311.95","1,281.20","1,289.00","1,289.70","1,293.31",3162428,4089999450.7,81540,1745231.0,55.19
2022-09-08,M&M,EQ,"1,289.70","1,305.00","1,331.95","1,302.00","1,320.45","1,321.90","1,321.76",4026323,5321823684.1,119049,2133732.0,52.99
2022-09-09,M&M,EQ,"1,321.90","1,338.00","1,338.00","1,294.05","1,302.00","1,301.25","1,312.06",3415016,4480695939.8,114323,1506160.0,44.10
2022-09-12,M&M,EQ,"1,301.25","1,308.00","1,315.60","1,295.00","1,296.00","1,297.05","1,300.76",3077887,4003583907.7,120781,1957562.0,63.60
2022-09-13,M&M,EQ,"1,297.05","1,309.95","1,309.95","1,291.00","1,300.50","1,299.85","1,298.48",2460291,3194645300.45,75802,1506969.0,61.25
2022-09-14,M&M,EQ,"1,299.85","1,283.95","1,313.85","1,280.00","1,296.70","1,298.05","1,303.14",2955136,3850961425.65,123338,1542501.0,52.20
2022-09-15,M&M,EQ,"1,298.05","1,305.00","1,314.25","1,289.05","1,298.90","1,297.05","1,301.23",2555055,3324712393.1,125115,1373339.0,53.75
2022-09-16,M&M,EQ,"1,297.05","1,291.25","1,297.00","1,234.50","1,251.30","1,250.10","1,254.49",9047956,11350555376.35,186013,5871704.0,64.90
2022-09-19,M&M,EQ,"1,250.10","1,259.90","1,298.45","1,250.10","1,292.45","1,288.65","1,283.42",4476773,5745601314.2,151654,1882668.0,42.05
2022-09-20,M&M,EQ,"1,288.65","1,300.00","1,312.00","1,296.55","1,301.85","1,302.95","1,304.85",3780649,4933181288.7,94525,2552527.0,67.52
2022-09-21,M&M,EQ,"1,302.95","1,308.95","1,323.00","1,293.60","1,306.95","1,306.65","1,308.12",2887754,3777532798.0,95130,1269956.0,43.98
2022-09-22,M&M,EQ,"1,306.65","1,297.00","1,320.55","1,293.00","1,313.50","1,310.40","1,307.49",2010645,2628904747.1,84510,908107.0,45.16
2022-09-23,M&M,EQ,"1,310.40","1,305.00","1,318.10","1,261.00","1,274.30","1,272.30","1,273.71",4639618,5909542134.7,182994,2563588.0,55.25
2022-09-26,M&M,EQ,"1,272.30","1,250.00","1,258.95","1,216.30","1,233.00","1,236.40","1,233.31",3345338,4125823790.75,144201,2017019.0,60.29
2022-09-27,M&M,EQ,"1,236.40","1,242.60","1,252.90","1,221.20","1,242.00","1,235.75","1,233.83",3588217,4427260141.2,149018,2218692.0,61.83
2022-09-28,M&M,EQ,"1,235.75","1,233.10","1,261.75","1,211.25","1,244.00","1,242.40","1,247.64",3361451,4193867898.8,105207,1783350.0,53.05
2022-09-29,M&M,EQ,"1,242.40","1,255.00","1,267.95","1,245.70","1,258.00","1,258.35","1,257.04",3474302,4367331218.75,103095,2320210.0,66.78
2022-09-30,M&M,EQ,"1,258.35","1,256.95","1,282.70","1,233.05","1,268.00","1,268.20","1,263.42",3320684,4195434281.45,106391,1654443.0,49.82
2022-10-03,M&M,EQ,"1,268.20","1,269.95","1,276.10","1,242.05","1,248.00","1,251.35","1,261.15",3150821,3973667642.6,130643,1604623.0,50.93
2022-10-04,M&M,EQ,"1,251.35","1,265.00","1,277.95","1,255.00","1,260.00","1,260.35","1,264.12",3011962,3807478170.5,104627,1720620.0,57.13
2022-10-06,M&M,EQ,"1,260.35","1,268.00","1,277.00","1,254.50","1,257.90","1,256.90","1,266.06",3531469,4471066599.6,157474,2295913.0,65.01
2022-10-07,M&M,EQ,"1,256.90","1,260.00","1,261.95","1,232.95","1,240.00","1,238.85","1,239.81",3501889,4341673913.55,155043,2471332.0,70.57
2022-10-10,M&M,EQ,"1,238.85","1,234.00","1,246.55","1,218.00","1,245.05","1,243.00","1,231.85",2230590,2747760088.8,132666,1203015.0,53.93
2022-10-11,M&M,EQ,"1,243.00","1,249.25","1,249.25","1,225.50","1,228.10","1,229.55","1,236.45",1569478,1940583518.0,112840,809327.0,51.57
2022-10-12,M&M,EQ,"1,229.55","1,235.65","1,259.35","1,230.10","1,253.00","1,247.90","1,248.18",2884899,3600877536.4,76349,1481551.0,51.36
2022-10-13,M&M,EQ,"1,247.90","1,255.00","1,274.15","1,240.50","1,247.90","1,248.20","1,256.03",2137351,2684582794.6,62892,819951.0,38.36
2022-10-14,M&M,EQ,"1,248.20","1,267.75","1,272.00","1,228.00","1,232.50","1,230.30","1,245.89",1696759,2113979290.05,54410,867267.0,51.11
2022-10-17,M&M,EQ,"1,230.30","1,227.00","1,238.75","1,196.50","1,235.00","1,230.00","1,223.22",2158727,2640597829.95,89294,851778.0,39.46
2022-10-18,M&M,EQ,"1,230.00","1,236.15","1,267.35","1,233.50","1,254.90","1,253.80","1,253.94",2722206,3413470242.2,61734,1496204.0,54.96
2022-10-19,M&M,EQ,"1,253.80","1,259.95","1,264.80","1,244.00","1,251.00","1,248.40","1,253.77",1449579,1817441818.7,48814,781580.0,53.92
2022-10-20,M&M,EQ,"1,248.40","1,241.20","1,254.00","1,223.55","1,245.40","1,250.00","1,241.85",1831346,2274260573.95,56827,976300.0,53.31
2022-10-21,M&M,EQ,"1,250.00","1,253.10","1,268.90","1,244.15","1,257.00","1,256.75","1,256.62",1750934,2200253264.75,51101,1025666.0,58.58
2022-10-24,M&M,EQ,"1,256.75","1,261.00","1,278.00","1,261.00","1,270.00","1,270.95","1,271.62",318933,405560686.0,15427,122989.0,38.56
2022-10-25,M&M,EQ,"1,270.95","1,270.95","1,283.85","1,259.60","1,279.25","1,281.40","1,275.42",2809493,3583270188.9,61048,1629758.0,58.01
2022-10-27,M&M,EQ,"1,281.40","1,283.30","1,299.85","1,279.05","1,294.95","1,294.15","1,292.61",3279938,4239670670.75,105966,1864346.0,56.84
2022-10-28,M&M,EQ,"1,294.15","1,300.65","1,315.90","1,290.00","1,313.95","1,311.65","1,304.82",2111224,2754764144.85,68876,1007041.0,47.70
2022-10-31,M&M,EQ,"1,311.65","1,318.25","1,358.50","1,316.60","1,349.90","1,348.60","1,344.25",4306893,5789556835.55,109479,2014224.0,46.77
2022-11-01,M&M,EQ,"1,348.60","1,361.00","1,366.55","1,349.35","1,354.00","1,354.05","1,356.20",3405472,4618503253.9,76105,1866147.0,54.80
2022-11-02,M&M,EQ,"1,354.05","1,354.05","1,361.00","1,338.60","1,351.60","1,352.35","1,348.67",2298917,3100470237.85,75404,1333631.0,58.01
2022-11-03,M&M,EQ,"1,352.35","1,340.00","1,355.00","1,328.55","1,338.30","1,335.40","1,337.53",1931917,2584002693.35,62308,1015054.0,52.54
2022-11-04,M&M,EQ,"1,335.40","1,338.00","1,352.00","1,331.00","1,340.00","1,338.30","1,337.24",2204968,2948572552.55,55295,1380366.0,62.60
2022-11-07,M&M,EQ,"1,338.30","1,345.00","1,355.60","1,336.60","1,352.50","1,351.30","1,346.31",2599224,3499363444.4,53384,1603183.0,61.68
2022-11-09,M&M,EQ,"1,351.30","1,364.85","1,364.85","1,331.00","1,334.70","1,337.55","1,341.53",2459869,3299980053.6,66136,1623352.0,65.99
2022-11-10,M&M,EQ,"1,337.55","1,339.00","1,339.00","1,290.60","1,296.50","1,298.20","1,300.32",2792546,3631206288.4,90520,1536166.0,55.01
2022-11-11,M&M,EQ,"1,298.20","1,305.10","1,318.75","1,278.55","1,289.00","1,287.10","1,295.00",5308986,6875138297.7,130400,2402147.0,45.25
2022-11-14,M&M,EQ,"1,287.10","1,304.00","1,309.70","1,268.05","1,280.00","1,278.15","1,285.86",3794391,4879051720.35,94714,2082116.0,54.87
2022-11-15,M&M,EQ,"1,278.15","1,284.55","1,296.30","1,275.25","1,292.20","1,291.70","1,284.50",3192070,4100205270.5,78891,1900179.0,59.53
2022-11-16,M&M,EQ,"1,291.70","1,288.95","1,295.00","1,276.00","1,285.00","1,286.70","1,286.11",2478281,3187339740.3,93428,1552637.0,62.65
2022-11-17,M&M,EQ,"1,286.70","1,280.20","1,285.00","1,254.15","1,259.00","1,259.35","1,269.14",2319979,2944380950.6,74882,1409303.0,60.75
2022-11-18,M&M,EQ,"1,259.35","1,250.05","1,255.95","1,217.25","1,227.70","1,227.15","1,232.20",4525364,5576170818.2,133086,2636342.0,58.26
2022-11-21,M&M,EQ,"1,227.15","1,218.00","1,234.90","1,202.00","1,223.00","1,218.25","1,216.75",4120736,5013913405.4,101823,2551549.0,61.92
2022-11-22,M&M,EQ,"1,218.25","1,220.65","1,235.45","1,215.95","1,234.00","1,228.45","1,223.66",2469455,3021785336.75,77361,1776330.0,71.93
2022-11-23,M&M,EQ,"1,228.45","1,234.60","1,240.35","1,224.00","1,234.00","1,235.70","1,231.37",2396267,2950690822.5,81814,1646659.0,68.72
2022-11-24,M&M,EQ,"1,235.70","1,241.90","1,257.00","1,238.65","1,253.00","1,254.05","1,248.62",2133523,2663949859.65,92317,1249221.0,58.55
2022-11-25,M&M,EQ,"1,254.05","1,258.00","1,267.70","1,246.00","1,261.00","1,260.80","1,260.03",1370326,1726645304.65,59901,730900.0,53.34
2022-11-28,M&M,EQ,"1,260.80","1,258.90","1,272.00","1,246.00","1,252.25","1,250.70","1,252.91",2126619,2664454840.8,53678,1279681.0,60.17
2022-11-29,M&M,EQ,"1,250.70","1,256.00","1,265.00","1,248.55","1,256.20","1,257.10","1,255.73",2435651,3058531016.4,58148,1508226.0,61.92
2022-11-30,M&M,EQ,"1,257.10","1,262.10","1,316.00","1,257.65","1,307.95","1,305.60","1,292.79",7536690,9743326750.1,124923,4991930.0,66.24
2022-12-01,M&M,EQ,"1,305.60","1,315.00","1,316.95","1,288.00","1,290.00","1,293.45","1,297.48",2613761,3391303810.65,69000,1608100.0,61.52
2022-12-02,M&M,EQ,"1,293.45","1,286.45","1,293.80","1,260.00","1,266.95","1,264.60","1,268.40",2892150,3668398732.45,100936,1666153.0,57.61
2022-12-05,M&M,EQ,"1,264.60","1,269.45","1,269.45","1,252.60","1,259.20","1,259.80","1,258.45",2764806,3479360826.5,65886,1774842.0,64.19
2022-12-06,M&M,EQ,"1,259.80","1,248.50","1,265.45","1,248.50","1,262.45","1,263.05","1,258.51",1686075,2121935825.7,67777,1001915.0,59.42
2022-12-07,M&M,EQ,"1,263.05","1,262.00","1,268.90","1,252.40","1,267.50","1,266.60","1,261.70",1731982,2185239862.6,63220,1000707.0,57.78
2022-12-08,M&M,EQ,"1,266.60","1,272.95","1,282.00","1,269.50","1,274.00","1,274.35","1,275.64",1906386,2431862616.4,77274,1105484.0,57.99
2022-12-09,M&M,EQ,"1,274.35","1,281.50","1,284.65","1,256.50","1,265.00","1,265.40","1,269.29",1308941,1661430543.6,78964,730761.0,55.83
2022-12-12,M&M,EQ,"1,265.40","1,263.90","1,277.30","1,256.50","1,263.90","1,264.00","1,264.43",1723401,2179121599.6,52869,976122.0,56.64
2022-12-13,M&M,EQ,"1,264.00","1,268.00","1,285.95","1,267.00","1,282.00","1,283.35","1,280.55",2164600,2771875977.35,79309,1180042.0,54.52
2022-12-14,M&M,EQ,"1,283.35","1,287.00","1,291.00","1,276.45","1,286.00","1,286.45","1,284.52",1436837,1845649571.85,47546,834445.0,58.08
2022-12-15,M&M,EQ,"1,286.45","1,285.90","1,293.50","1,281.75","1,286.00","1,286.95","1,289.55",2417555,3117564166.8,43147,1855378.0,76.75
2022-12-16,M&M,EQ,"1,286.95","1,277.95","1,287.00","1,250.00","1,254.80","1,251.60","1,258.43",2136354,2688441984.15,80392,1270190.0,59.46
2022-12-19,M&M,EQ,"1,251.60","1,250.90","1,294.90","1,245.05","1,289.00","1,290.65","1,278.14",2767603,3537371561.3,81920,1544945.0,55.82
2022-12-20,M&M,EQ,"1,290.65","1,287.95","1,288.00","1,263.10","1,274.20","1,275.25","1,271.19",1286604,1635514976.25,53859,600120.0,46.64
2022-12-21,M&M,EQ,"1,275.25","1,279.90","1,284.50","1,258.50","1,265.95","1,265.70","1,272.70",1251993,1593412896.95,49553,601049.0,48.01
2022-12-22,M&M,EQ,"1,265.70","1,265.70","1,277.65","1,229.30","1,234.40","1,233.95","1,244.51",1557590,1938443647.1,60880,715399.0,45.93
2022-12-23,M&M,EQ,"1,233.95","1,220.00","1,230.00","1,208.00","1,229.00","1,224.60","1,220.09",1913648,2334828086.35,91117,955288.0,49.92
2022-12-26,M&M,EQ,"1,224.60","1,224.60","1,247.40","1,216.30","1,237.00","1,237.05","1,239.97",1677560,2080126730.6,71960,890417.0,53.08
2022-12-27,M&M,EQ,"1,237.05","1,243.25","1,248.50","1,223.95","1,230.00","1,234.25","1,231.97",1304940,1607647393.95,43663,611853.0,46.89
2022-12-28,M&M,EQ,"1,234.25","1,229.85","1,255.00","1,225.00","1,254.10","1,252.35","1,247.29",1959508,2444075087.3,67974,852928.0,43.53
2022-12-29,M&M,EQ,"1,252.35","1,247.70","1,267.60","1,238.55","1,260.55","1,262.35","1,252.29",1289676,1615052426.6,47957,650664.0,50.45
2022-12-30,M&M,EQ,"1,262.35","1,265.35","1,265.35","1,245.00","1,251.00","1,249.20","1,254.28",1372710,1721759506.3,54985,744611.0,54.24
2023-01-02,M&M,EQ,"1,249.20","1,251.00","1,271.00","1,242.60","1,262.00","1,262.85","1,262.06",1718385,2168696725.65,76028,888015.0,51.68
2023-01-03,M&M,EQ,"1,262.85","1,263.00","1,265.00","1,246.70","1,251.00","1,249.30","1,253.06",1510751,1893065513.75,68244,847362.0,56.09
2023-01-04,M&M,EQ,"1,249.30","1,252.35","1,255.80","1,231.00","1,235.50","1,236.20","1,241.09",1344532,1668684918.65,59066,603115.0,44.86
2023-01-05,M&M,EQ,"1,236.20","1,240.00","1,255.00","1,231.00","1,253.00","1,252.65","1,248.46",2745160,3427225186.85,103100,1851620.0,67.45
2023-01-06,M&M,EQ,"1,252.65","1,252.65","1,274.95","1,248.15","1,263.40","1,264.90","1,263.26",2214972,2798096003.2,63562,1021175.0,46.1
2023-01-09,M&M,EQ,"1,264.90","1,272.95","1,313.90","1,271.65","1,310.10","1,310.35","1,303.44",3634805,4737737669.4,145295,1687162.0,46.42
2023-01-10,M&M,EQ,"1,310.35","1,310.50","1,326.40","1,305.75","1,317.00","1,314.90","1,316.71",3139930,4134388498.5,104788,1787842.0,56.94
2023-01-11,M&M,EQ,"1,314.90","1,315.50","1,320.00","1,300.50","1,312.00","1,312.60","1,308.72",2041750,2672068950.4,111463,1413102.0,69.21
2023-01-12,M&M,EQ,"1,312.60","1,316.00","1,327.00","1,310.00","1,322.00","1,319.90","1,317.72",2448619,3226600093.45,98403,1608862.0,65.7
2023-01-13,M&M,EQ,"1,319.90","1,325.00","1,337.00","1,311.60","1,327.55","1,328.15","1,328.14",2600139,3453342140.8,85649,1574343.0,60.55
2023-01-16,M&M,EQ,"1,328.15","1,333.00","1,335.25","1,302.95","1,315.30","1,315.60","1,313.88",1651972,2170493795.6,73856,980222.0,59.34
2023-01-17,M&M,EQ,"1,315.60","1,318.95","1,323.85","1,304.10","1,318.00","1,320.85","1,315.24",1607137,2113763483.4,82409,997255.0,62.05
2023-01-18,M&M,EQ,"1,320.85","1,320.35","1,325.00","1,308.10","1,320.60","1,322.15","1,317.60",1179938,1554687089.55,71949,713118.0,60.44
2023-01-19,M&M,EQ,"1,322.15","1,317.60","1,328.70","1,312.30","1,318.00","1,319.55","1,320.94",2066881,2730229248.15,75393,1279501.0,61.9
2023-01-20,M&M,EQ,"1,319.55","1,324.05","1,325.00","1,311.65","1,318.85","1,314.75","1,318.48",1332666,1757099309.9,68589,856465.0,64.27
2023-01-23,M&M,EQ,"1,314.75","1,321.35","1,345.95","1,312.30","1,326.95","1,328.45","1,333.88",1681075,2242355208.6,58969,847119.0,50.39
2023-01-24,M&M,EQ,"1,328.45","1,335.10","1,335.10","1,321.05","1,323.55","1,323.90","1,326.45",1408040,1867691102.9,54049,917791.0,65.18
2023-01-25,M&M,EQ,"1,323.90","1,324.90","1,332.00","1,306.05","1,317.95","1,311.50","1,314.87",1359090,1787029928.95,45866,762595.0,56.11
2023-01-27,M&M,EQ,"1,311.50","1,318.10","1,339.80","1,286.65","1,320.00","1,320.20","1,314.55",1914769,2517063798.6,113017,900726.0,47.04
2023-01-30,M&M,EQ,"1,320.20","1,320.10","1,342.00","1,305.00","1,332.00","1,331.60","1,327.94",2402331,3190152274.1,117782,1466016.0,61.02
2023-01-31,M&M,EQ,"1,331.60","1,350.30","1,385.50","1,335.30","1,377.00","1,378.75","1,365.83",5265862,7192274482.85,204323,3663358.0,69.57
2023-02-01,M&M,EQ,"1,378.75","1,386.55","1,390.00","1,322.00","1,350.10","1,352.05","1,365.58",3010838,4111548690.3,154533,1380421.0,45.85
2023-02-02,M&M,EQ,"1,352.05","1,348.05","1,378.20","1,330.50","1,354.00","1,352.40","1,356.97",2029111,2753435257.05,112553,1080776.0,53.26
2023-02-03,M&M,EQ,"1,352.40","1,359.20","1,391.95","1,350.55","1,390.00","1,388.00","1,369.93",1803085,2470104448.2,117288,994605.0,55.16
2023-02-06,M&M,EQ,"1,388.00","1,391.90","1,391.90","1,360.00","1,374.15","1,376.00","1,372.28",1504382,2064437635.85,70435,715637.0,47.57
2023-02-07,M&M,EQ,"1,376.00","1,382.90","1,385.00","1,361.00","1,368.80","1,366.70","1,370.26",1413825,1937303492.05,90555,806012.0,57.01
2023-02-08,M&M,EQ,"1,366.70","1,373.55","1,380.00","1,360.00","1,373.60","1,373.05","1,371.06",1241238,1701811890.3,65375,607267.0,48.92
2023-02-09,M&M,EQ,"1,373.05","1,372.00","1,386.00","1,363.00","1,372.00","1,372.20","1,372.95",1866387,2562447273.2,79925,965251.0,51.72
2023-02-10,M&M,EQ,"1,372.20","1,378.55","1,386.95","1,350.80","1,362.95","1,365.45","1,370.68",3282665,4499477051.75,108794,582137.0,17.73
2023-02-13,M&M,EQ,"1,365.45","1,375.00","1,384.00","1,325.05","1,350.00","1,353.00","1,352.12",4401219,5950957408.6,141710,1573329.0,35.75
2023-02-14,M&M,EQ,"1,353.00","1,358.00","1,377.00","1,350.00","1,365.50","1,363.15","1,367.97",2373179,3246433929.55,136512,1114954.0,46.98
2023-02-15,M&M,EQ,"1,363.15","1,364.20","1,383.15","1,360.05","1,378.00","1,379.35","1,371.71",2007214,2753313947.3,67652,1283646.0,63.95
2023-02-16,M&M,EQ,"1,379.35","1,380.10","1,397.00","1,363.20","1,366.10","1,368.15","1,381.70",2646301,3656384718.8,106674,1546981.0,58.46
2023-02-17,M&M,EQ,"1,368.15","1,359.95","1,372.55","1,332.30","1,343.00","1,341.50","1,349.63",2150027,2901732428.25,99592,920722.0,42.82
2023-02-20,M&M,EQ,"1,341.50","1,342.10","1,354.95","1,332.60","1,343.00","1,346.25","1,347.12",1497314,2017054185.1,65991,767747.0,51.27
2023-02-21,M&M,EQ,"1,346.25","1,354.50","1,362.40","1,341.00","1,346.45","1,351.85","1,351.36",2118816,2863273608.0,134813,1348928.0,63.66
2023-02-22,M&M,EQ,"1,351.85","1,346.90","1,352.85","1,311.15","1,331.00","1,319.75","1,333.84",2196484,2929753843.9,106037,1401367.0,63.8
2023-02-23,M&M,EQ,"1,319.75","1,325.25","1,326.25","1,305.00","1,315.60","1,313.95","1,315.69",1847879,2431231348.65,118680,949113.0,51.36
2023-02-24,M&M,EQ,"1,313.95","1,320.20","1,320.55","1,278.20","1,280.45","1,280.20","1,293.06",2824384,3652099151.9,138382,1679190.0,59.45
2023-02-27,M&M,EQ,"1,280.20","1,270.05","1,285.40","1,248.40","1,261.00","1,257.40","1,259.93",2019964,2545017171.9,108471,1058826.0,52.42
2023-02-28,M&M,EQ,"1,257.40","1,263.70","1,293.25","1,260.00","1,275.35","1,269.60","1,275.72",3407211,4346652629.15,108781,1631141.0,47.87
2023-03-01,M&M,EQ,"1,269.60","1,275.95","1,305.55","1,269.05","1,274.80","1,272.15","1,288.26",2338935,3013147989.8,93922,872964.0,37.32
2023-03-02,M&M,EQ,"1,272.15","1,278.55","1,278.55","1,250.00","1,253.00","1,251.55","1,257.01",1563750,1965641591.45,103192,802151.0,51.3
2023-03-03,M&M,EQ,"1,251.55","1,257.90","1,276.95","1,253.25","1,266.95","1,268.60","1,266.28",1493291,1890926721.65,79127,841629.0,56.36
2023-03-06,M&M,EQ,"1,268.60","1,269.55","1,284.25","1,268.00","1,274.90","1,270.45","1,276.65",1570410,2004860450.45,82701,973901.0,62.02
2023-03-08,M&M,EQ,"1,270.45","1,270.00","1,291.95","1,258.30","1,288.10","1,289.95","1,278.12",2370800,3030174932.65,102908,1564395.0,65.99
2023-03-09,M&M,EQ,"1,289.95","1,291.00","1,294.80","1,244.95","1,245.15","1,248.15","1,259.52",3596577,4529965390.05,104594,2401347.0,66.77
2023-03-10,M&M,EQ,"1,248.15","1,249.00","1,256.70","1,225.35","1,227.65","1,226.70","1,234.74",2664696,3290206651.25,105829,1204513.0,45.2
2023-03-13,M&M,EQ,"1,226.70","1,222.70","1,231.00","1,182.45","1,193.00","1,193.45","1,203.05",3842775,4623044928.1,174287,2268336.0,59.03
2023-03-14,M&M,EQ,"1,193.45","1,192.30","1,192.40","1,156.85","1,159.65","1,160.80","1,170.17",5379592,6295017026.85,210285,3259783.0,60.6
2023-03-15,M&M,EQ,"1,160.80","1,167.00","1,174.40","1,153.20","1,158.50","1,160.35","1,165.20",2226887,2594777066.65,95603,1076715.0,48.35
2023-03-16,M&M,EQ,"1,160.35","1,160.00","1,175.25","1,140.15","1,170.00","1,167.05","1,161.29",3604480,4185852141.9,185190,2197980.0,60.98
2023-03-17,M&M,EQ,"1,167.05","1,172.90","1,186.25","1,152.00","1,171.40","1,171.50","1,169.99",3683701,4309890014.0,98483,2130652.0,57.84
2023-03-20,M&M,EQ,"1,171.50","1,169.95","1,179.15","1,145.00","1,169.00","1,167.65","1,158.59",2082268,2412488159.6,146872,1018830.0,48.93
2023-03-21,M&M,EQ,"1,167.65","1,170.60","1,175.00","1,156.40","1,162.70","1,160.30","1,162.55",2209422,2568560892.8,110281,1248822.0,56.52
2023-03-22,M&M,EQ,"1,160.30","1,167.50","1,180.50","1,159.15","1,164.00","1,164.10","1,167.95",2211909,2583408999.5,103691,1162952.0,52.58
2023-03-23,M&M,EQ,"1,164.10","1,161.00","1,175.00","1,153.80","1,160.25","1,164.95","1,165.52",2594282,3023686000.6,112210,1627417.0,62.73
2023-03-24,M&M,EQ,"1,164.95","1,160.55","1,170.55","1,147.10","1,148.00","1,150.80","1,158.08",1839876,2130717389.55,111241,1020048.0,55.44
2023-03-27,M&M,EQ,"1,150.80","1,141.50","1,150.60","1,125.50","1,139.00","1,137.90","1,139.30",2446528,2787330742.15,100900,1211904.0,49.54
2023-03-28,M&M,EQ,"1,137.90","1,143.60","1,149.00","1,123.40","1,130.90","1,128.30","1,131.73",1903339,2154065712.0,74023,1071280.0,56.28
2023-03-29,M&M,EQ,"1,128.30","1,133.95","1,152.45","1,132.00","1,145.85","1,144.30","1,144.74",4003003,4582401176.45,95406,2604885.0,65.07
2023-03-31,M&M,EQ,"1,144.30","1,147.60","1,163.00","1,145.85","1,158.00","1,158.70","1,154.92",2343070,2706056495.25,86258,1458853.0,62.26
2023-04-03,M&M,EQ,"1,158.70","1,161.30","1,180.00","1,155.30","1,172.00","1,169.90","1,168.18",2546562,2974837861.15,178078,1408233.0,55.3
2023-04-05,M&M,EQ,"1,169.90","1,172.00","1,173.30","1,151.95","1,154.05","1,155.45","1,161.44",2028469,2355952263.75,108271,1325845.0,65.36
2023-04-06,M&M,EQ,"1,155.45","1,154.00","1,175.00","1,148.30","1,171.95","1,171.25","1,165.09",2029418,2364459862.0,88915,1162445.0,57.28
2023-04-10,M&M,EQ,"1,171.25","1,171.25","1,191.00","1,171.25","1,189.00","1,188.60","1,184.20",2586918,3063428073.95,93434,1455734.0,56.27
2023-04-11,M&M,EQ,"1,188.60","1,200.00","1,204.20","1,188.20","1,203.50","1,201.70","1,196.00",2443384,2922281034.8,113995,1519519.0,62.19
2023-04-12,M&M,EQ,"1,201.70","1,203.50","1,212.95","1,198.60","1,209.00","1,207.35","1,207.59",2469405,2982017349.05,121209,1565380.0,63.39
2023-04-13,M&M,EQ,"1,207.35","1,213.45","1,222.20","1,199.55","1,205.45","1,204.55","1,205.80",4470196,5390148195.9,122229,3131847.0,70.06
2023-04-17,M&M,EQ,"1,204.55","1,218.95","1,218.95","1,203.40","1,214.00","1,212.95","1,208.96",1956198,2364960178.35,89774,1192515.0,60.96
2023-04-18,M&M,EQ,"1,212.95","1,213.00","1,217.90","1,202.60","1,205.40","1,204.70","1,207.20",2075066,2505025632.4,82844,1396346.0,67.29
2023-04-19,M&M,EQ,"1,204.70","1,204.65","1,217.95","1,203.40","1,215.45","1,215.50","1,213.10",1818732,2206305714.25,53648,1116510.0,61.39
2023-04-20,M&M,EQ,"1,215.50","1,218.00","1,224.90","1,214.55","1,215.05","1,218.60","1,219.80",2172677,2650241378.9,64800,1434877.0,66.04
2023-04-21,M&M,EQ,"1,218.60","1,221.95","1,221.95","1,209.05","1,212.15","1,212.75","1,212.84",1015815,1232023990.8,49947,688377.0,67.77
2023-04-24,M&M,EQ,"1,212.75","1,210.40","1,217.10","1,196.00","1,206.90","1,207.75","1,204.34",1389756,1673744359.05,79708,846833.0,60.93
2023-04-25,M&M,EQ,"1,207.75","1,207.75","1,215.00","1,199.40","1,207.65","1,209.85","1,207.02",1360260,1641867112.0,78457,799276.0,58.76
2023-04-26,M&M,EQ,"1,209.85","1,212.00","1,217.25","1,205.30","1,215.75","1,213.55","1,211.52",1708865,2070330615.65,82752,1065013.0,62.32
2023-04-27,M&M,EQ,"1,213.55","1,210.05","1,225.00","1,210.05","1,224.00","1,224.00","1,221.02",1340045,1636225046.95,70970,804404.0,60.03
2023-04-28,M&M,EQ,"1,224.00","1,225.00","1,228.75","1,211.50","1,225.10","1,226.90","1,222.57",2333102,2852380878.35,94563,1448571.0,62.09
2023-05-02,M&M,EQ,"1,226.90","1,230.00","1,240.80","1,217.50","1,234.00","1,237.30","1,231.82",2607580,3212076691.7,83747,1496760.0,57.4
2023-05-03,M&M,EQ,"1,237.30","1,237.30","1,242.00","1,230.10","1,235.00","1,235.45","1,235.35",1307304,1614983470.55,51373,810843.0,62.02
2023-05-04,M&M,EQ,"1,235.45","1,235.00","1,238.05","1,228.00","1,230.45","1,231.70","1,231.41",1541188,1897827472.0,107298,958516.0,62.19
2023-05-05,M&M,EQ,"1,231.70","1,232.80","1,242.35","1,208.05","1,213.00","1,211.20","1,220.48",4753718,5801823647.55,74419,3585036.0,75.42
2023-05-08,M&M,EQ,"1,211.20","1,216.95","1,239.85","1,213.70","1,233.50","1,231.80","1,233.24",3513667,4333184372.7,119692,2402597.0,68.38
2023-05-09,M&M,EQ,"1,231.80","1,239.00","1,250.00","1,234.05","1,244.70","1,245.45","1,244.17",1846359,2297176570.65,96037,1081441.0,58.57
2023-05-10,M&M,EQ,"1,245.45","1,250.00","1,255.80","1,235.00","1,250.00","1,248.65","1,244.32",2108081,2623126522.95,101400,1389328.0,65.9
2023-05-11,M&M,EQ,"1,248.65","1,250.00","1,260.85","1,244.15","1,251.05","1,251.30","1,251.60",4100467,5132138074.8,81913,2896046.0,70.63
2023-05-12,M&M,EQ,"1,251.30","1,256.40","1,278.80","1,251.30","1,275.05","1,275.95","1,267.70",2427624,3077503825.2,81774,1606379.0,66.17
2023-05-15,M&M,EQ,"1,275.95","1,279.90","1,287.75","1,272.60","1,287.50","1,285.65","1,283.33",2647630,3397782400.75,88203,1935599.0,73.11
2023-05-16,M&M,EQ,"1,285.65","1,287.00","1,291.70","1,258.85","1,265.00","1,262.45","1,271.96",1571371,1998728640.75,88509,1053780.0,67.06
2023-05-17,M&M,EQ,"1,262.45","1,265.00","1,271.70","1,260.70","1,262.00","1,263.10","1,265.63",1643851,2080508122.7,70293,1159845.0,70.56
2023-05-18,M&M,EQ,"1,263.10","1,269.95","1,269.95","1,241.25","1,248.80","1,245.50","1,253.56",1900447,2382323213.5,58030,1253783.0,65.97
2023-05-19,M&M,EQ,"1,245.50","1,252.90","1,262.45","1,237.45","1,258.00","1,260.40","1,252.59",1588996,1990359577.4,76012,1042511.0,65.61
2023-05-22,M&M,EQ,"1,260.40","1,259.25","1,269.45","1,251.30","1,265.00","1,265.55","1,264.15",917769,1160198733.6,50047,542621.0,59.12
2023-05-23,M&M,EQ,"1,265.55","1,265.55","1,270.75","1,256.55","1,268.00","1,268.55","1,265.72",1803955,2283309711.0,63990,1278558.0,70.88
2023-05-24,M&M,EQ,"1,268.55","1,260.00","1,278.00","1,254.50","1,277.10","1,275.70","1,268.82",1369297,1737394061.3,51832,815606.0,59.56
2023-05-25,M&M,EQ,"1,275.70","1,280.00","1,280.80","1,257.55","1,279.35","1,277.80","1,268.92",2040166,2588799776.75,88205,1374015.0,67.35
2023-05-26,M&M,EQ,"1,277.80","1,290.00","1,292.80","1,268.35","1,277.00","1,281.85","1,283.55",3508112,4502827826.0,97532,1940517.0,55.32
2023-05-29,M&M,EQ,"1,281.85","1,321.50","1,350.00","1,298.00","1,325.05","1,330.15","1,329.30",6185862,8222850122.7,267574,3118492.0,50.41
2023-05-30,M&M,EQ,"1,330.15","1,329.95","1,335.30","1,320.00","1,327.05","1,328.45","1,330.40",2493657,3317565304.05,102790,1735275.0,69.59
2023-05-31,M&M,EQ,"1,328.45","1,325.00","1,328.25","1,303.25","1,316.20","1,319.00","1,318.27",5629378,7421049375.1,136284,4673086.0,83.01
2023-06-01,M&M,EQ,"1,319.00","1,319.00","1,337.70","1,312.80","1,319.80","1,318.90","1,324.42",2364455,3131520548.2,161465,1464908.0,61.96
2023-06-02,M&M,EQ,"1,318.90","1,324.85","1,345.00","1,320.30","1,343.00","1,341.40","1,333.58",2313841,3085684622.0,119337,1579056.0,68.24
2023-06-05,M&M,EQ,"1,341.40","1,349.80","1,401.00","1,346.35","1,394.95","1,395.40","1,382.09",5105293,7055993111.65,222575,2369214.0,46.41
2023-06-06,M&M,EQ,"1,395.40","1,395.40","1,414.90","1,388.05","1,410.10","1,411.20","1,404.61",2335838,3280949721.2,148600,1322702.0,56.63
2023-06-07,M&M,EQ,"1,411.20","1,422.80","1,422.80","1,395.00","1,409.00","1,406.40","1,405.42",2491079,3501008994.0,85909,1685533.0,67.66
2023-06-08,M&M,EQ,"1,406.40","1,412.70","1,415.55","1,377.50","1,379.95","1,381.05","1,390.27",1776230,2469433713.7,58863,1051704.0,59.21
2023-06-09,M&M,EQ,"1,381.05","1,380.75","1,387.00","1,363.00","1,371.85","1,370.65","1,369.64",1881329,2576741282.0,77964,1109944.0,59.0
2023-06-12,M&M,EQ,"1,370.65","1,377.90","1,384.80","1,369.30","1,384.00","1,381.40","1,377.34",1389300,1913542866.75,87121,810302.0,58.32
2023-06-13,M&M,EQ,"1,381.40","1,383.15","1,388.50","1,368.20","1,374.20","1,373.15","1,374.16",2516583,3458194422.9,88930,1884972.0,74.9
2023-06-14,M&M,EQ,"1,373.15","1,374.00","1,381.00","1,366.00","1,378.15","1,378.65","1,376.09",905086,1245481508.85,39756,559127.0,61.78
2023-06-15,M&M,EQ,"1,378.65","1,381.80","1,407.20","1,371.50","1,393.05","1,392.75","1,393.96",1720070,2397714144.8,69075,877831.0,51.03
2023-06-16,M&M,EQ,"1,392.75","1,399.00","1,409.80","1,393.40","1,406.00","1,403.85","1,403.03",2132678,2992214928.45,83278,1444864.0,67.75
2023-06-19,M&M,EQ,"1,403.85","1,409.50","1,415.35","1,396.00","1,400.50","1,402.55","1,406.43",1476764,2076959980.9,50352,1046083.0,70.84
2023-06-20,M&M,EQ,"1,402.55","1,402.60","1,409.90","1,380.70","1,397.65","1,396.45","1,389.88",1042428,1448848860.75,75030,490982.0,47.10
2023-06-21,M&M,EQ,"1,396.45","1,394.05","1,403.40","1,370.65","1,377.25","1,374.25","1,384.41",2008628,2780763287.5,73106,1439304.0,71.66
2023-06-22,M&M,EQ,"1,374.25","1,379.00","1,392.00","1,374.65","1,379.80","1,378.70","1,382.36",1296616,1792385557.15,59952,637111.0,49.14
2023-06-23,M&M,EQ,"1,378.70","1,376.90","1,379.60","1,368.50","1,374.35","1,373.25","1,374.34",1258590,1729728767.55,76941,819880.0,65.14
2023-06-26,M&M,EQ,"1,373.25","1,375.00","1,404.90","1,369.95","1,398.00","1,397.65","1,391.55",2281046,3174179572.45,118787,1442944.0,63.26
2023-06-27,M&M,EQ,"1,397.65","1,406.70","1,417.00","1,393.60","1,401.50","1,402.40","1,405.15",2737379,3846440646.5,109787,1750153.0,63.94
2023-06-28,M&M,EQ,"1,402.40","1,408.95","1,413.75","1,390.15","1,397.00","1,395.00","1,401.57",2611913,3660789774.8,95156,1851446.0,70.88
2023-06-30,M&M,EQ,"1,395.00","1,402.65","1,461.00","1,400.00","1,456.00","1,453.60","1,442.59",4114865,5936069457.0,145578,1914512.0,46.53
2023-07-03,M&M,EQ,"1,453.60","1,470.00","1,498.05","1,459.30","1,471.70","1,467.95","1,475.68",3615176,5334836255.65,151271,1857175.0,51.37
2023-07-04,M&M,EQ,"1,467.95","1,487.00","1,487.00","1,462.10","1,467.55","1,464.45","1,474.83",1595700,2353386706.45,69329,892010.0,55.90
2023-07-05,M&M,EQ,"1,464.45","1,463.95","1,478.00","1,457.10","1,477.90","1,475.35","1,468.79",1456527,2139334212.8,63472,723637.0,49.68
2023-07-06,M&M,EQ,"1,475.35","1,477.85","1,552.90","1,472.65","1,549.50","1,548.80","1,525.41",5628945,8586443512.65,205433,2946475.0,52.35
2023-07-07,M&M,EQ,"1,548.80","1,546.90","1,591.95","1,539.30","1,561.00","1,564.15","1,564.56",6905845,10804625639.95,260393,3314036.0,47.99
2023-07-10,M&M,EQ,"1,564.15","1,567.00","1,579.00","1,545.95","1,553.00","1,551.40","1,560.33",2276342,3551833862.95,149933,1378966.0,60.58
2023-07-11,M&M,EQ,"1,551.40","1,558.25","1,576.00","1,550.40","1,569.00","1,569.45","1,567.19",1563376,2450114284.3,114002,957357.0,61.24
2023-07-12,M&M,EQ,"1,569.45","1,569.00","1,579.65","1,541.65","1,570.00","1,570.85","1,563.94",2658457,4157678302.6,109295,1691478.0,63.63
2023-07-13,M&M,EQ,"1,570.85","1,576.00","1,594.80","1,558.45","1,571.05","1,566.90","1,578.32",1859405,2934732700.9,87474,927976.0,49.91
2023-07-14,M&M,EQ,"1,566.90","1,562.70","1,566.90","1,542.70","1,545.00","1,546.55","1,551.94",2174792,3375154000.35,96588,1493802.0,68.69
2023-07-17,M&M,BL,"1,287.10","1,546.55","1,546.55","1,546.55","1,546.55","1,546.55","1,546.55",319564,494221704.2,1,,-
2023-07-18,M&M,EQ,"1,536.30","1,536.00","1,542.15","1,526.00","1,536.50","1,534.70","1,532.81",1059058,1623335669.05,60751,575441.0,54.34
2023-07-19,M&M,EQ,"1,534.70","1,530.20","1,549.50","1,524.00","1,544.00","1,544.45","1,537.33",1081196,1662159892.1,70954,553446.0,51.19
2023-07-20,M&M,EQ,"1,544.45","1,550.05","1,553.75","1,530.55","1,545.95","1,545.35","1,542.53",1538263,2372823593.3,59514,1017018.0,66.11
2023-07-21,M&M,EQ,"1,545.35","1,548.95","1,552.60","1,518.85","1,522.35","1,523.50","1,535.40",1668783,2562244084.5,53153,1097755.0,65.78
2023-07-24,M&M,EQ,"1,523.50","1,522.00","1,557.00","1,514.95","1,547.00","1,546.85","1,545.52",2129706,3291495808.2,63981,1174377.0,55.14
2023-07-25,M&M,EQ,"1,546.85","1,551.45","1,569.50","1,548.05","1,566.00","1,565.75","1,559.57",1996604,3113851815.85,93250,1239119.0,62.06
2023-07-26,M&M,EQ,"1,565.75","1,570.15","1,574.00","1,532.00","1,545.90","1,544.85","1,548.29",2100855,3252735692.95,138339,1304509.0,62.09
2023-07-27,M&M,EQ,"1,544.85","1,499.00","1,500.00","1,438.35","1,448.60","1,447.40","1,456.47",11879512,17302119830.3,529448,7568396.0,63.71
2023-07-28,M&M,EQ,"1,447.40","1,460.00","1,471.00","1,450.00","1,467.95","1,467.80","1,465.88",4714146,6910385047.05,183184,3195611.0,67.79
2023-07-31,M&M,EQ,"1,467.80","1,476.80","1,479.00","1,457.60","1,474.00","1,475.20","1,471.47",2460789,3620987285.8,95493,1745148.0,70.92
2023-08-01,M&M,EQ,"1,475.20","1,475.20","1,504.00","1,470.20","1,490.00","1,493.35","1,491.08",4184243,6239054567.4,141243,2625757.0,62.75
2023-08-02,M&M,EQ,"1,493.35","1,493.35","1,497.00","1,465.25","1,480.50","1,485.30","1,480.42",3188395,4720174968.7,115865,2329894.0,73.07
2023-08-03,M&M,EQ,"1,485.30","1,485.00","1,501.55","1,447.60","1,470.90","1,469.15","1,475.46",2222395,3279049817.95,102440,819716.0,36.88
2023-08-04,M&M,EQ,"1,469.15","1,481.00","1,502.45","1,415.75","1,463.50","1,464.65","1,473.57",8066091,11885927353.4,211004,2571087.0,31.88
2023-08-07,M&M,EQ,"1,464.65","1,489.00","1,531.00","1,480.75","1,528.00","1,526.90","1,511.54",9257291,13992770403.85,250334,4662233.0,50.36
2023-08-08,M&M,EQ,"1,526.90","1,530.00","1,534.00","1,485.00","1,500.00","1,499.70","1,501.87",3426948,5146835747.2,131009,2074398.0,60.53
2023-08-09,M&M,EQ,"1,499.70","1,505.00","1,537.55","1,492.25","1,535.80","1,534.75","1,523.49",3713003,5656722762.4,138085,2320378.0,62.49
2023-08-10,M&M,EQ,"1,534.75","1,534.50","1,556.05","1,531.80","1,546.00","1,545.40","1,543.62",3600607,5557977030.4,125399,2231691.0,61.98
2023-08-11,M&M,EQ,"1,545.40","1,548.55","1,559.60","1,533.05","1,544.45","1,546.45","1,548.93",2402812,3721797012.45,105088,1541963.0,64.17
2023-08-14,M&M,EQ,"1,546.45","1,544.95","1,550.75","1,524.00","1,544.95","1,546.85","1,536.80",1875450,2882200322.0,84182,1217515.0,64.92
2023-08-16,M&M,EQ,"1,546.85","1,559.05","1,573.00","1,538.60","1,570.00","1,570.60","1,554.23",2361632,3670516760.55,73729,1486004.0,62.92
2023-08-17,M&M,EQ,"1,570.60","1,573.00","1,579.05","1,560.15","1,568.75","1,573.50","1,570.95",2377711,3735259102.15,106994,1501612.0,63.15
2023-08-18,M&M,EQ,"1,573.50","1,568.75","1,582.55","1,544.60","1,548.90","1,552.65","1,559.13",2202570,3434092716.15,109131,1244310.0,56.49
2023-08-21,M&M,EQ,"1,552.65","1,546.00","1,552.65","1,531.75","1,538.50","1,538.55","1,540.09",1487526,2290930187.0,67927,702587.0,47.23
2023-08-22,M&M,EQ,"1,538.55","1,538.00","1,555.00","1,534.75","1,550.00","1,550.50","1,549.55",975607,1511750845.35,48063,446055.0,45.72
2023-08-23,M&M,EQ,"1,550.50","1,546.05","1,554.85","1,536.10","1,544.75","1,542.45","1,543.98",1405076,2169406989.35,73804,772522.0,54.98
2023-08-24,M&M,EQ,"1,542.45","1,550.05","1,554.95","1,528.05","1,542.00","1,542.20","1,542.05",2111147,3255493056.8,90572,1307134.0,61.92
2023-08-25,M&M,EQ,"1,542.20","1,530.90","1,547.25","1,508.20","1,517.50","1,520.05","1,526.22",1455320,2221135433.0,89655,604931.0,41.57
2023-08-28,M&M,EQ,"1,520.05","1,528.00","1,553.00","1,524.10","1,547.80","1,549.25","1,542.12",2132512,3288587350.2,116884,1341273.0,62.90
2023-08-29,M&M,EQ,"1,549.25","1,554.90","1,564.35","1,540.00","1,555.05","1,560.85","1,553.95",1325882,2060357379.6,64986,804869.0,60.70
2023-08-30,M&M,EQ,"1,560.85","1,569.00","1,589.00","1,559.80","1,579.40","1,583.20","1,580.41",3140040,4962552408.2,81860,1951836.0,62.16
2023-08-31,M&M,EQ,"1,583.20","1,588.95","1,590.00","1,567.15","1,577.70","1,575.40","1,578.93",3512885,5546607060.75,96186,2059606.0,58.63
2023-09-01,M&M,EQ,"1,575.40","1,577.00","1,604.50","1,575.00","1,589.95","1,591.95","1,594.46",2147299,3423788677.25,92628,900496.0,41.94
2023-09-04,M&M,EQ,"1,591.95","1,605.90","1,605.90","1,564.20","1,576.00","1,576.40","1,579.78",2200142,3475730985.35,91998,1061868.0,48.26
2023-09-05,M&M,EQ,"1,576.40","1,577.60","1,584.10","1,565.25","1,571.65","1,571.15","1,572.71",1078759,1696579170.45,71823,546277.0,50.64
2023-09-06,M&M,EQ,"1,571.15","1,577.00","1,580.90","1,558.70","1,572.20","1,577.00","1,571.48",1301466,2045222551.5,75648,765134.0,58.79
2023-09-07,M&M,EQ,"1,577.00","1,572.20","1,577.90","1,560.25","1,564.90","1,565.75","1,566.50",1514369,2372252819.2,64556,708201.0,46.77
2023-09-08,M&M,EQ,"1,565.75","1,565.10","1,578.00","1,560.00","1,567.30","1,567.55","1,568.94",1223910,1920238327.9,54277,703684.0,57.49
2023-09-11,M&M,EQ,"1,567.55","1,567.65","1,589.00","1,564.00","1,580.55","1,582.10","1,578.07",1921950,3032976545.5,71137,1301927.0,67.74
2023-09-12,M&M,EQ,"1,582.10","1,582.20","1,589.45","1,513.05","1,552.70","1,557.95","1,547.80",3770868,5836561603.85,151631,1513423.0,40.13
2023-09-13,M&M,EQ,"1,557.95","1,564.00","1,568.60","1,530.10","1,536.65","1,536.95","1,544.36",2382637,3679649124.45,106500,1609541.0,67.55
2023-09-14,M&M,EQ,"1,536.95","1,545.00","1,575.40","1,538.35","1,574.00","1,566.00","1,555.96",2220196,3454543286.4,111644,1049719.0,47.28
2023-09-15,M&M,EQ,"1,566.00","1,579.65","1,610.70","1,571.85","1,600.05","1,601.10","1,596.74",5425897,8663746439.45,132986,3321107.0,61.21
2023-09-18,M&M,EQ,"1,601.10","1,608.75","1,670.00","1,602.10","1,637.25","1,641.45","1,643.96",6887528,11322821630.2,238663,3284443.0,47.69
2023-09-20,M&M,EQ,"1,641.45","1,620.10","1,665.00","1,620.10","1,642.00","1,634.00","1,641.12",6116670,10038194819.8,161553,3857167.0,63.06
2023-09-21,M&M,EQ,"1,634.00","1,637.80","1,656.20","1,575.10","1,586.90","1,583.25","1,598.98",2898266,4634277070.8,132021,897066.0,30.95
2023-09-22,M&M,EQ,"1,583.25","1,580.00","1,617.95","1,566.10","1,610.00","1,607.15","1,601.02",3827771,6128320005.6,158229,1462485.0,38.21
2023-09-25,M&M,EQ,"1,607.15","1,612.95","1,620.00","1,582.35","1,587.05","1,589.45","1,598.36",3231962,5165838001.75,119251,1939820.0,60.02
2023-09-26,M&M,EQ,"1,589.45","1,589.45","1,606.60","1,582.00","1,597.85","1,595.20","1,594.86",1479841,2360144550.35,90867,806177.0,54.48
2023-09-27,M&M,EQ,"1,595.20","1,594.85","1,599.60","1,583.25","1,597.00","1,589.20","1,590.55",1991198,3167091344.1,67369,1452014.0,72.92
2023-09-28,M&M,EQ,"1,589.20","1,595.95","1,596.90","1,544.00","1,554.35","1,556.05","1,563.62",2369699,3705300764.65,125645,1012374.0,42.72
2023-09-29,M&M,EQ,"1,556.05","1,574.00","1,576.50","1,550.10","1,555.75","1,554.25","1,558.54",1254881,1955778620.0,78231,655136.0,52.21
2023-10-03,M&M,EQ,"1,554.25","1,597.20","1,598.00","1,533.05","1,535.90","1,537.40","1,548.60",3436776,5322180370.85,115789,2065131.0,60.09
2023-10-04,M&M,EQ,"1,537.40","1,531.80","1,537.90","1,501.75","1,522.70","1,522.10","1,514.78",2580901,3909495362.9,105636,1583424.0,61.35
2023-10-05,M&M,EQ,"1,522.10","1,533.00","1,550.80","1,513.05","1,548.85","1,537.95","1,530.68",1991367,3048145568.15,149329,1088943.0,54.68
2023-10-06,M&M,EQ,"1,537.95","1,545.00","1,554.00","1,540.35","1,544.90","1,548.85","1,548.27",1743027,2698674998.5,82505,830658.0,47.66
2023-10-09,M&M,EQ,"1,548.85","1,540.00","1,541.25","1,514.00","1,515.00","1,515.20","1,528.82",2123175,3245942615.0,78785,1590119.0,74.89
2023-10-10,M&M,EQ,"1,515.20","1,521.45","1,543.85","1,519.20","1,538.00","1,537.85","1,534.77",1956653,3003015413.15,99328,1141285.0,58.33
2023-10-11,M&M,EQ,"1,537.85","1,540.00","1,559.15","1,540.00","1,556.00","1,556.30","1,550.73",1536986,2383446754.7,81417,935036.0,60.84
2023-10-12,M&M,EQ,"1,556.30","1,559.00","1,570.05","1,555.60","1,569.00","1,566.65","1,563.66",1731806,2707961661.65,96976,914351.0,52.8
2023-10-13,M&M,EQ,"1,566.65","1,560.50","1,574.40","1,550.30","1,564.50","1,562.45","1,562.94",1465554,2290580060.65,91610,731955.0,49.94
2023-10-16,M&M,EQ,"1,562.45","1,562.85","1,577.25","1,558.50","1,574.70","1,574.55","1,569.82",1089610,1710492703.95,72668,583329.0,53.54
2023-10-17,M&M,EQ,"1,574.55","1,575.00","1,583.90","1,568.60","1,572.55","1,576.60","1,577.41",997962,1574191504.05,70716,537367.0,53.85
2023-10-18,M&M,EQ,"1,576.60","1,576.60","1,579.45","1,561.75","1,577.95","1,574.85","1,573.68",1212994,1908862078.4,84374,721232.0,59.46
2023-10-19,M&M,EQ,"1,574.85","1,553.35","1,578.90","1,553.35","1,566.90","1,569.55","1,569.38",1239578,1945372083.35,96393,472126.0,38.09
2023-10-20,M&M,EQ,"1,569.55","1,566.00","1,575.00","1,545.10","1,553.75","1,558.25","1,557.96",1435102,2235834548.5,91618,904795.0,63.05
2023-10-23,M&M,EQ,"1,558.25","1,548.25","1,574.90","1,546.50","1,561.00","1,565.15","1,567.05",4069167,6376572423.8,69299,3310331.0,81.35
2023-10-25,M&M,EQ,"1,565.15","1,574.00","1,576.60","1,547.00","1,570.95","1,569.10","1,564.71",2510769,3928625248.65,100426,1814824.0,72.28
2023-10-26,M&M,EQ,"1,569.10","1,554.00","1,558.20","1,500.00","1,508.00","1,506.10","1,516.88",3343802,5072138488.05,160693,1923540.0,57.53
2023-10-27,M&M,EQ,"1,506.10","1,508.35","1,533.95","1,507.30","1,511.80","1,510.80","1,518.97",3341111,5075044106.8,131095,2166039.0,64.83
2023-10-30,M&M,EQ,"1,510.80","1,502.10","1,515.45","1,463.20","1,494.95","1,497.80","1,486.97",2637486,3921862448.8,109907,1210710.0,45.9
2023-10-31,M&M,EQ,"1,497.80","1,494.20","1,497.30","1,455.55","1,464.00","1,458.60","1,471.08",2555737,3759706051.9,120821,1417073.0,55.45
2023-11-01,M&M,EQ,"1,458.60","1,464.90","1,485.00","1,450.00","1,452.50","1,454.60","1,464.95",2627536,3849213929.4,124446,1385854.0,52.74
2023-11-02,M&M,EQ,"1,454.60","1,465.00","1,477.50","1,452.50","1,475.25","1,469.70","1,461.99",2091122,3057189957.3,114675,948766.0,45.37
2023-11-03,M&M,EQ,"1,469.70","1,480.00","1,488.10","1,460.45","1,470.00","1,469.00","1,473.06",2456723,3618907743.05,114156,1442878.0,58.73
2023-11-06,M&M,EQ,"1,469.00","1,481.80","1,492.20","1,473.55","1,492.05","1,488.30","1,482.59",1271868,1885658642.35,70563,878236.0,69.05
2023-11-07,M&M,EQ,"1,488.30","1,488.25","1,497.00","1,475.00","1,479.60","1,479.75","1,486.39",1940908,2884937770.1,91741,1249961.0,64.4
2023-11-08,M&M,EQ,"1,479.75","1,485.05","1,489.40","1,474.00","1,486.00","1,487.40","1,481.64",1342202,1988662938.3,63329,826544.0,61.58
2023-11-09,M&M,EQ,"1,487.40","1,487.40","1,558.70","1,487.40","1,550.00","1,552.05","1,532.62",4831782,7405307780.85,175935,2030967.0,42.03
2023-11-10,M&M,EQ,"1,552.05","1,550.00","1,551.00","1,515.30","1,523.50","1,524.10","1,528.30",4872228,7446249607.25,156757,1620457.0,33.26
2023-11-12,M&M,EQ,"1,524.10","1,540.00","1,540.00","1,523.35","1,527.50","1,526.25","1,530.61",340544,521239526.35,18133,150536.0,44.2
2023-11-13,M&M,EQ,"1,526.25","1,526.25","1,543.30","1,513.05","1,537.65","1,540.25","1,532.61",1968032,3016218939.75,76313,1169534.0,59.43
2023-11-15,M&M,EQ,"1,540.25","1,549.00","1,550.80","1,533.55","1,541.25","1,544.15","1,541.12",2782942,4288849627.7,96931,1980064.0,71.15
2023-11-16,M&M,EQ,"1,544.15","1,544.20","1,583.95","1,538.50","1,571.00","1,569.50","1,560.31",3224223,5030772372.0,131439,1900132.0,58.93
2023-11-17,M&M,EQ,"1,569.50","1,575.00","1,596.00","1,572.65","1,582.00","1,584.55","1,586.80",2035309,3229634318.15,96008,979295.0,48.12
2023-11-20,M&M,EQ,"1,584.55","1,589.80","1,589.80","1,540.60","1,553.00","1,552.20","1,552.86",2918577,4532142535.2,100706,1692474.0,57.99
2023-11-21,M&M,EQ,"1,552.20","1,553.00","1,571.40","1,549.15","1,561.25","1,559.75","1,560.72",2213144,3454099064.1,74086,1438046.0,64.98
2023-11-22,M&M,EQ,"1,559.75","1,560.00","1,564.65","1,535.00","1,545.50","1,543.45","1,547.17",1269475,1964098546.8,74110,665034.0,52.39
2023-11-23,M&M,EQ,"1,543.45","1,556.60","1,560.95","1,535.10","1,547.50","1,545.85","1,546.53",1552635,2401191549.55,78433,654391.0,42.15
2023-11-24,M&M,EQ,"1,545.85","1,549.00","1,559.50","1,547.50","1,551.95","1,553.20","1,553.16",1239270,1924787709.0,64427,764149.0,61.66
2023-11-28,M&M,EQ,"1,553.20","1,553.20","1,572.00","1,542.15","1,565.50","1,566.05","1,559.99",2596766,4050929463.5,143836,1785527.0,68.76
2023-11-29,M&M,EQ,"1,566.05","1,576.00","1,623.40","1,567.25","1,614.00","1,619.10","1,606.73",3581220,5754064065.5,146890,1929727.0,53.88
2023-11-30,M&M,EQ,"1,619.10","1,615.05","1,660.00","1,613.70","1,644.60","1,647.75","1,645.03",5214960,8578768910.0,171773,2802695.0,53.74
2023-12-01,M&M,EQ,"1,647.75","1,656.00","1,666.00","1,621.20","1,627.00","1,625.50","1,640.08",2489755,4083387511.45,98599,1352999.0,54.34
2023-12-04,M&M,EQ,"1,625.50","1,662.85","1,675.00","1,639.45","1,655.00","1,656.85","1,655.66",3001010,4968642170.2,100100,1850073.0,61.65
2023-12-05,M&M,EQ,"1,656.85","1,660.90","1,708.00","1,640.60","1,684.50","1,686.05","1,687.33",3423953,5777340535.9,130952,1841933.0,53.8
2023-12-06,M&M,EQ,"1,686.05","1,688.10","1,710.45","1,684.15","1,706.45","1,702.40","1,698.46",2279220,3871169734.4,118171,1599703.0,70.19
2023-12-07,M&M,EQ,"1,702.40","1,703.00","1,706.00","1,681.65","1,697.95","1,692.65","1,694.46",2461051,4170145824.7,117808,1373108.0,55.79
2023-12-08,M&M,EQ,"1,692.65","1,699.00","1,708.15","1,662.55","1,668.00","1,668.55","1,676.43",1942667,3256748653.4,104421,1016289.0,52.31
2023-12-11,M&M,EQ,"1,668.55","1,674.00","1,674.45","1,647.10","1,652.00","1,652.20","1,655.74",2037178,3373031067.35,87156,1286309.0,63.14
2023-12-12,M&M,EQ,"1,652.20","1,663.00","1,670.00","1,626.50","1,634.80","1,635.40","1,644.36",2051527,3373456932.95,98456,1429794.0,69.69
2023-12-13,M&M,EQ,"1,635.40","1,639.00","1,670.50","1,629.55","1,668.05","1,666.15","1,652.49",2247441,3713878152.95,83152,1409441.0,62.71
2023-12-14,M&M,EQ,"1,666.15","1,676.00","1,709.85","1,671.05","1,704.00","1,703.55","1,690.28",3326228,5622269608.75,122685,2084609.0,62.67
2023-12-15,M&M,EQ,"1,703.55","1,727.90","1,739.60","1,698.00","1,721.40","1,724.95","1,721.54",3858594,6642722791.95,130820,2070465.0,53.66
2023-12-18,M&M,EQ,"1,724.95","1,720.00","1,731.85","1,698.75","1,710.10","1,710.80","1,715.62",1739425,2984190960.75,124391,1162512.0,66.83
2023-12-19,M&M,EQ,"1,710.80","1,720.00","1,723.85","1,691.30","1,699.60","1,699.35","1,699.44",1660221,2821441539.8,131426,1088972.0,65.59
2023-12-20,M&M,EQ,"1,699.35","1,710.00","1,711.95","1,640.60","1,660.00","1,646.95","1,672.97",3047660,5098641405.4,186996,1924565.0,63.15
2023-12-21,M&M,EQ,"1,646.95","1,635.00","1,653.15","1,620.40","1,639.00","1,633.85","1,637.23",3211338,5257699123.2,249337,2004656.0,62.42
2023-12-22,M&M,EQ,"1,633.85","1,630.00","1,652.00","1,622.75","1,635.00","1,634.25","1,637.84",2751274,4506154106.05,189768,1807489.0,65.7
2023-12-26,M&M,EQ,"1,634.25","1,640.90","1,669.00","1,634.50","1,657.10","1,662.25","1,659.40",1203594,1997237988.25,85702,597105.0,49.61
2023-12-27,M&M,EQ,"1,662.25","1,670.00","1,691.80","1,660.25","1,683.00","1,687.95","1,677.56",1793638,3008930098.65,93360,1077999.0,60.1
2023-12-28,M&M,EQ,"1,687.95","1,688.95","1,739.95","1,688.40","1,735.00","1,734.45","1,717.64",2963938,5090964717.35,139021,1405533.0,47.42
2023-12-29,M&M,EQ,"1,734.45","1,730.00","1,758.00","1,715.00","1,725.00","1,729.40","1,736.08",2273255,3946549150.1,112932,1241939.0,54.63
2024-01-01,M&M,EQ,"1,729.40","1,729.40","1,730.00","1,699.00","1,702.00","1,703.30","1,705.61",1307485,2230055234.0,88305,611782.0,46.79
2024-01-02,M&M,EQ,"1,703.30","1,703.60","1,705.00","1,649.45","1,661.00","1,656.20","1,661.80",2857334,4748322508.25,178353,1811155.0,63.39
2024-01-03,M&M,EQ,"1,656.20","1,672.00","1,678.20","1,648.05","1,656.50","1,655.25","1,658.32",1927812,3196931108.1,136110,1060295.0,55.0
2024-01-04,M&M,EQ,"1,655.25","1,666.90","1,674.45","1,638.20","1,642.00","1,641.70","1,653.75",2835768,4689664224.4,147068,1940025.0,68.41
2024-01-05,M&M,EQ,"1,641.70","1,647.95","1,661.50","1,636.50","1,640.65","1,642.00","1,645.68",1709313,2812987716.25,125534,974366.0,57.0
2024-01-08,M&M,EQ,"1,642.00","1,648.15","1,653.40","1,606.10","1,606.10","1,616.15","1,625.06",1492195,2424900552.3,131119,916260.0,61.4
2024-01-09,M&M,EQ,"1,616.15","1,625.00","1,636.80","1,615.00","1,630.50","1,629.90","1,630.04",2542484,4144356068.95,120247,1770687.0,69.64
2024-01-10,M&M,EQ,"1,629.90","1,645.00","1,647.45","1,621.35","1,626.50","1,632.80","1,630.09",1954233,3185579690.15,93797,1196049.0,61.2
2024-01-11,M&M,EQ,"1,632.80","1,643.90","1,651.25","1,625.85","1,631.45","1,628.65","1,635.48",2228002,3643852904.75,94877,1497989.0,67.23
2024-01-12,M&M,EQ,"1,628.65","1,630.00","1,633.85","1,601.50","1,626.50","1,624.45","1,614.52",3061539,4942919898.5,155045,1792589.0,58.55
2024-01-15,M&M,EQ,"1,624.45","1,635.00","1,640.90","1,616.10","1,638.00","1,635.55","1,628.55",1405514,2288952748.85,90573,857320.0,61.0
2024-01-16,M&M,EQ,"1,635.55","1,638.00","1,640.00","1,617.55","1,621.00","1,620.35","1,627.10",2236688,3639324487.4,106188,1459830.0,65.27
2024-01-17,M&M,EQ,"1,620.35","1,612.00","1,615.00","1,591.00","1,595.00","1,597.70","1,600.90",2548169,4079365507.05,121110,1676809.0,65.8
2024-01-18,M&M,EQ,"1,597.70","1,600.00","1,623.30","1,580.65","1,617.30","1,617.25","1,609.83",2328588,3748640616.6,162681,1395128.0,59.91
2024-01-19,M&M,EQ,"1,617.25","1,624.95","1,659.00","1,622.25","1,653.30","1,655.55","1,644.09",2836976,4664230995.4,133905,1686296.0,59.44
2024-01-20,M&M,EQ,"1,655.55","1,660.50","1,673.95","1,616.00","1,624.00","1,622.30","1,639.07",711300,1165867502.95,46251,283648.0,39.88
2024-01-23,M&M,EQ,"1,622.30","1,619.00","1,647.60","1,588.25","1,595.10","1,595.20","1,620.52",2772880,4493517297.7,157662,1819195.0,65.61
2024-01-24,M&M,EQ,"1,595.20","1,595.00","1,632.30","1,575.00","1,628.00","1,628.10","1,604.55",2543323,4080886969.1,171147,1540243.0,60.56
2024-01-25,M&M,EQ,"1,628.10","1,631.60","1,642.75","1,603.90","1,633.10","1,635.50","1,627.41",2038472,3317433483.65,144616,1183828.0,58.07
2024-01-29,M&M,EQ,"1,635.50","1,635.50","1,645.00","1,625.00","1,637.50","1,640.00","1,637.85",3075670,5037474705.1,132824,2332644.0,75.84
2024-01-30,M&M,EQ,"1,640.00","1,649.95","1,659.50","1,614.45","1,618.00","1,620.35","1,636.71",2569098,4204867337.0,130366,1665270.0,64.82
2024-01-31,M&M,EQ,"1,620.35","1,615.05","1,658.30","1,609.05","1,656.80","1,651.55","1,644.55",3154787,5188219997.35,178458,2094992.0,66.41
2024-02-01,M&M,EQ,"1,651.55","1,659.25","1,702.60","1,645.55","1,651.00","1,651.15","1,676.52",4065784,6816383895.35,169445,2087749.0,51.35
2024-02-02,M&M,EQ,"1,651.15","1,655.00","1,687.05","1,650.00","1,660.00","1,660.75","1,666.64",3304158,5506839985.1,171830,1928724.0,58.37
2024-02-05,M&M,EQ,"1,660.75","1,676.70","1,712.85","1,665.10","1,700.00","1,703.55","1,697.06",3525423,5982867697.0,149948,2379202.0,67.49
2024-02-06,M&M,EQ,"1,703.55","1,710.95","1,730.00","1,706.00","1,728.00","1,727.65","1,722.89",2219874,3824598913.1,126701,1363445.0,61.42
2024-02-07,M&M,EQ,"1,727.65","1,731.45","1,752.00","1,715.70","1,722.00","1,721.00","1,727.35",1213661,2096413185.25,111960,739979.0,60.97
2024-02-08,M&M,EQ,"1,721.00","1,729.00","1,743.90","1,675.55","1,691.20","1,685.90","1,707.81",2550690,4356102159.5,145744,1331198.0,52.19
2024-02-09,M&M,EQ,"1,685.90","1,686.00","1,689.75","1,628.00","1,644.45","1,646.40","1,647.76",2033950,3351465286.6,145064,955487.0,46.98
2024-02-12,M&M,EQ,"1,646.40","1,654.00","1,675.05","1,640.55","1,661.60","1,660.45","1,657.26",1197925,1985271523.25,95274,625805.0,52.24
2024-02-13,M&M,EQ,"1,660.45","1,670.00","1,679.40","1,623.45","1,650.00","1,646.75","1,649.01",2075130,3421916330.55,111100,1141291.0,55.0
2024-02-14,M&M,EQ,"1,646.75","1,631.00","1,679.65","1,623.90","1,662.00","1,657.05","1,650.42",4368695,7210183363.85,184976,1883538.0,43.11
2024-02-15,M&M,EQ,"1,657.05","1,681.05","1,784.90","1,668.10","1,769.85","1,765.05","1,748.30",9887134,17285635543.9,365256,4109578.0,41.56
2024-02-16,M&M,EQ,"1,765.05","1,788.00","1,864.65","1,776.85","1,838.00","1,835.55","1,825.59",7188957,13124079097.95,316154,2101070.0,29.23
2024-02-19,M&M,EQ,"1,835.55","1,836.05","1,856.45","1,820.00","1,847.10","1,848.55","1,843.43",2682236,4944525867.95,112120,1329721.0,49.58
2024-02-20,M&M,EQ,"1,848.55","1,837.40","1,860.00","1,820.50","1,848.75","1,853.65","1,845.06",1830562,3377501723.05,105235,850188.0,46.44
2024-02-21,M&M,EQ,"1,853.65","1,849.90","1,889.70","1,846.70","1,858.00","1,859.65","1,866.69",4466234,8337064019.1,158000,2750588.0,61.59
2024-02-22,M&M,EQ,"1,859.65","1,870.95","1,917.00","1,853.00","1,908.00","1,910.35","1,876.80",3360123,6306267779.0,175607,1702316.0,50.66
2024-02-23,M&M,EQ,"1,910.35","1,926.35","1,947.85","1,901.10","1,924.95","1,929.95","1,927.71",3323441,6406632831.35,127112,1742479.0,52.43
2024-02-26,M&M,EQ,"1,929.95","1,935.00","1,951.00","1,925.20","1,926.00","1,929.80","1,937.46",2436063,4719763840.85,97255,1702370.0,69.88
2024-02-27,M&M,EQ,"1,929.80","1,926.00","1,956.95","1,915.05","1,945.00","1,950.60","1,929.39",2821465,5443696175.2,115924,1853912.0,65.71
2024-02-28,M&M,EQ,"1,950.60","1,951.95","1,953.15","1,897.05","1,905.00","1,901.65","1,921.29",2010429,3862613934.35,115877,1216048.0,60.49
2024-02-29,M&M,EQ,"1,901.65","1,902.85","1,950.90","1,892.55","1,932.00","1,932.40","1,933.38",5539065,10709120457.2,203880,3456296.0,62.4
2024-03-01,M&M,EQ,"1,932.40","1,933.60","1,982.30","1,930.50","1,973.00","1,972.95","1,962.75",3384932,6643781847.85,214057,1723651.0,50.92
2024-03-02,M&M,EQ,"1,972.95","1,978.00","1,978.00","1,957.00","1,959.80","1,960.10","1,962.48",110564,216979425.85,8738,62071.0,56.14
2024-03-04,M&M,EQ,"1,960.10","1,967.00","1,974.95","1,919.05","1,926.00","1,921.05","1,933.08",1645331,3180550992.95,97713,1000206.0,60.79
2024-03-05,M&M,EQ,"1,921.05","1,925.00","1,968.00","1,923.05","1,942.30","1,939.25","1,944.99",2208384,4295286730.65,159181,1127113.0,51.04
2024-03-06,M&M,EQ,"1,939.25","1,945.00","1,979.90","1,922.00","1,972.00","1,970.65","1,949.69",1673183,3262193561.4,121313,1015012.0,60.66
2024-03-07,M&M,EQ,"1,970.65","1,930.15","1,932.15","1,884.30","1,892.00","1,897.55","1,907.06",18323831,34944554378.05,370373,11751636.0,64.13
2024-03-11,M&M,EQ,"1,897.55","1,913.00","1,913.70","1,873.30","1,888.60","1,894.35","1,893.01",3250782,6153767603.25,204948,2130752.0,65.55
2024-03-12,M&M,EQ,"1,894.35","1,892.00","1,898.35","1,876.65","1,893.00","1,895.15","1,889.35",3186510,6020435340.3,145929,2197384.0,68.96
2024-03-13,M&M,EQ,"1,895.15","1,896.00","1,901.40","1,844.25","1,847.10","1,853.70","1,871.86",4270994,7994694457.4,165984,2991264.0,70.04
2024-03-14,M&M,EQ,"1,853.70","1,853.70","1,895.60","1,844.60","1,881.50","1,890.55","1,884.28",2388133,4499914034.7,128629,1203806.0,50.41
2024-03-15,M&M,EQ,"1,890.55","1,875.00","1,882.10","1,788.80","1,796.30","1,799.50","1,812.83",5504948,9979554718.2,191028,3525523.0,64.04
2024-03-18,M&M,EQ,"1,799.50","1,807.95","1,867.40","1,801.05","1,859.00","1,856.05","1,850.05",3404076,6297707676.45,172055,1493597.0,43.88
2024-03-19,M&M,EQ,"1,856.05","1,856.05","1,865.00","1,826.80","1,847.35","1,843.90","1,846.15",2189225,4041632744.4,103604,1352380.0,61.77
2024-03-20,M&M,EQ,"1,843.90","1,851.95","1,859.05","1,820.55","1,847.00","1,844.40","1,839.70",1550415,2852305700.55,96982,923926.0,59.59
2024-03-21,M&M,EQ,"1,844.40","1,859.95","1,875.00","1,845.00","1,870.00","1,865.85","1,860.35",2072960,3856422569.1,121686,1105928.0,53.35
2024-03-22,M&M,EQ,"1,865.85","1,865.85","1,905.45","1,847.25","1,875.00","1,878.80","1,880.49",3786990,7121401214.6,188135,2129210.0,56.22
2024-03-26,M&M,EQ,"1,878.80","1,878.20","1,917.50","1,861.10","1,868.00","1,863.95","1,877.23",4092744,7683030551.55,163561,2868529.0,70.09
2024-03-27,M&M,EQ,"1,863.95","1,869.90","1,899.90","1,855.30","1,884.00","1,881.15","1,876.70",4196597,7875770141.65,124880,3303968.0,78.73
2024-03-28,M&M,EQ,"1,881.15","1,881.15","1,962.95","1,870.35","1,915.35","1,921.35","1,920.47",3790854,7280224678.0,179599,1563118.0,41.23
2024-04-01,M&M,EQ,"1,921.35","1,938.00","1,963.85","1,891.80","1,917.00","1,915.95","1,926.88",2765845,5329438096.9,132571,1380345.0,49.91
2024-04-02,M&M,EQ,"1,915.95","1,915.95","1,977.50","1,901.45","1,970.00","1,971.95","1,941.57",3431715,6662918731.95,159650,2124098.0,61.90
2024-04-03,M&M,EQ,"1,971.95","1,967.00","2,003.30","1,956.20","1,985.00","1,989.30","1,984.89",3615370,7176095709.25,145827,2201246.0,60.89
2024-04-04,M&M,EQ,"1,989.30","1,999.00","2,015.00","1,963.20","2,008.00","2,002.70","1,990.02",3007920,5985808386.85,178669,1077420.0,35.82
2024-04-05,M&M,EQ,"2,002.70","1,995.35","2,027.45","1,992.25","2,011.90","2,013.30","2,014.55",2767027,5574300725.65,93624,1935941.0,69.96
2024-04-08,M&M,EQ,"2,013.30","2,018.00","2,087.00","2,016.90","2,080.90","2,078.10","2,066.63",2781568,5748478216.95,176571,1467492.0,52.76
2024-04-09,M&M,EQ,"2,078.10","2,095.00","2,098.65","2,070.10","2,087.00","2,090.90","2,084.31",2853137,5946817842.75,95608,1889815.0,66.24
2024-04-10,M&M,EQ,"2,090.90","2,098.45","2,108.60","2,070.00","2,077.00","2,076.20","2,084.46",2280814,4754271184.55,127279,1581365.0,69.33
2024-04-12,M&M,EQ,"2,076.20","2,084.00","2,087.50","2,051.65","2,072.00","2,070.95","2,072.81",4008660,8309173468.05,169073,2519317.0,62.85
2024-04-15,M&M,EQ,"2,070.95","2,055.25","2,083.90","2,035.00","2,052.00","2,053.45","2,056.93",2024919,4165125300.35,95536,1180623.0,58.30
2024-04-16,M&M,EQ,"2,053.45","2,047.05","2,073.75","2,027.75","2,031.90","2,031.30","2,044.91",1981730,4052461711.65,113029,1097363.0,55.37
2024-04-18,M&M,EQ,"2,031.30","2,031.30","2,087.00","2,016.50","2,025.00","2,024.95","2,051.09",3539862,7260591199.85,202224,1783580.0,50.39
2024-04-19,M&M,EQ,"2,024.95","2,034.00","2,087.00","1,998.20","2,084.00","2,082.90","2,056.75",3253248,6691133980.15,155276,1699975.0,52.25
2024-04-22,M&M,EQ,"2,082.90","2,124.55","2,133.00","2,065.00","2,093.00","2,090.65","2,086.95",2449171,5111295496.65,110402,1464011.0,59.78
2024-04-23,M&M,EQ,"2,090.65","2,096.00","2,114.00","2,056.85","2,069.70","2,062.60","2,080.68",2886136,6005117881.95,125119,2005569.0,69.49
2024-04-24,M&M,EQ,"2,062.60","2,055.00","2,090.85","2,052.95","2,059.95","2,058.45","2,068.83",1929834,3992506955.2,83959,1377255.0,71.37
2024-04-25,M&M,EQ,"2,058.45","2,060.00","2,113.95","2,041.90","2,092.35","2,096.85","2,084.46",3084498,6429510430.95,152671,1344105.0,43.58
2024-04-26,M&M,EQ,"2,096.85","2,099.55","2,103.00","2,038.80","2,055.00","2,044.90","2,063.69",2952484,6093002392.35,154737,1827710.0,61.90
2024-04-29,M&M,EQ,"2,044.90","2,045.50","2,068.35","2,001.00","2,065.55","2,062.05","2,041.16",2724604,5561340119.85,112964,1663971.0,61.07
2024-04-30,M&M,EQ,"2,062.05","2,073.05","2,169.00","2,073.05","2,159.90","2,156.35","2,149.44",5745143,12348842487.85,264690,2455150.0,42.73
2024-05-02,M&M,EQ,"2,156.35","2,165.10","2,204.00","2,165.10","2,183.80","2,185.15","2,190.11",3347541,7331482177.8,219943,992272.0,29.64
2024-05-03,M&M,EQ,"2,185.15","2,210.00","2,210.00","2,172.35","2,193.15","2,193.00","2,189.88",3859227,8451228639.95,200650,2097367.0,54.35
2024-05-06,M&M,EQ,"2,193.00","2,200.45","2,240.00","2,190.00","2,227.00","2,224.95","2,220.18",2111447,4687785713.15,117348,950179.0,45.00
2024-05-07,M&M,EQ,"2,224.95","2,236.00","2,236.90","2,164.85","2,195.70","2,191.50","2,193.59",1727823,3790138026.15,121466,1020311.0,59.05
2024-05-08,M&M,EQ,"2,191.50","2,191.70","2,195.00","2,160.00","2,183.60","2,182.40","2,178.86",1993202,4342906748.55,113972,1219597.0,61.19
2024-05-09,M&M,EQ,"2,182.40","2,185.55","2,256.75","2,185.00","2,215.65","2,212.55","2,225.13",3998822,8897890554.65,281445,1859998.0,46.51
2024-05-10,M&M,EQ,"2,212.55","2,211.85","2,231.65","2,183.00","2,193.80","2,193.05","2,200.08",3045912,6701263581.85,156040,1862600.0,61.15
2024-05-13,M&M,EQ,"2,193.05","2,208.00","2,208.05","2,160.00","2,206.90","2,184.25","2,176.83",2575573,5606591080.55,122635,1770539.0,68.74
2024-05-14,M&M,EQ,"2,184.25","2,175.00","2,280.35","2,175.00","2,271.80","2,269.90","2,252.95",3830189,8629223966.15,233647,1919453.0,50.11
2024-05-15,M&M,EQ,"2,269.90","2,281.30","2,317.15","2,256.00","2,301.45","2,302.30","2,292.14",2569084,5888694717.25,125876,1528108.0,59.48
2024-05-16,M&M,EQ,"2,302.30","2,319.45","2,393.90","2,286.20","2,393.90","2,371.75","2,326.15",7444517,17317083306.05,306022,3053712.0,41.02
2024-05-17,M&M,EQ,"2,371.75","2,425.35","2,557.95","2,425.35","2,510.00","2,514.60","2,519.07",9796445,24677957925.85,389049,3497675.0,35.70
2024-05-18,M&M,EQ,"2,514.60","2,527.95","2,527.95","2,500.05","2,504.00","2,503.70","2,509.63",257091,645203745.0,13739,116501.0,45.32
2024-05-21,M&M,EQ,"2,503.70","2,503.00","2,536.95","2,467.00","2,516.55","2,522.65","2,504.01",3747292,9383270683.15,168361,2355178.0,62.85
2024-05-22,M&M,EQ,"2,522.65","2,521.70","2,535.00","2,490.00","2,516.00","2,521.05","2,510.64",2974921,7468966735.75,142667,2040765.0,68.60
2024-05-23,M&M,EQ,"2,521.05","2,520.00","2,617.40","2,500.25","2,610.00","2,609.20","2,565.13",4715263,12095258090.65,209714,2524490.0,53.54
2024-05-24,M&M,EQ,"2,609.20","2,589.80","2,605.00","2,572.40","2,576.45","2,579.75","2,588.50",2919241,7556469846.6,130155,1923995.0,65.91
2024-05-27,M&M,EQ,"2,579.75","2,581.15","2,589.75","2,541.00","2,548.90","2,549.10","2,565.01",3328559,8537784466.25,88947,2542382.0,76.38
2024-05-28,M&M,EQ,"2,549.10","2,550.00","2,581.95","2,548.00","2,550.00","2,552.80","2,558.57",1549203,3963747876.75,85473,895507.0,57.80
2024-05-29,M&M,EQ,"2,552.80","2,510.25","2,547.00","2,500.60","2,530.00","2,533.65","2,525.21",2720451,6869720458.35,112815,1837451.0,67.54
2024-05-30,M&M,EQ,"2,533.65","2,518.00","2,531.45","2,478.00","2,501.15","2,493.50","2,497.83",3367101,8410458256.2,170101,2141186.0,63.59
2024-05-31,M&M,EQ,"2,493.50","2,517.75","2,569.20","2,495.15","2,517.95","2,506.25","2,520.24",8769724,22101781610.85,273642,5802619.0,66.17
2024-06-03,M&M,EQ,"2,506.25","2,575.05","2,654.35","2,570.40","2,641.80","2,634.00","2,631.64",2701157,7108482575.95,143508,1519348.0,56.25
2024-06-04,M&M,EQ,"2,634.00","2,634.25","2,639.00","2,448.20","2,584.00","2,572.90","2,557.71",6372249,16298392753.85,375878,3641658.0,57.15
2024-06-05,M&M,EQ,"2,572.90","2,572.90","2,753.70","2,571.80","2,728.90","2,740.95","2,694.50",4242881,11432436746.25,241980,2609010.0,61.49
2024-06-06,M&M,EQ,"2,740.95","2,745.00","2,761.90","2,670.90","2,699.00","2,699.85","2,705.02",4992660,13505257471.65,290943,2863296.0,57.35
2024-06-07,M&M,EQ,"2,699.85","2,668.35","2,867.60","2,668.35","2,845.00","2,857.45","2,800.79",6447821,18059018225.7,263057,3243967.0,50.31
2024-06-10,M&M,EQ,"2,857.45","2,861.00","2,886.00","2,800.00","2,814.00","2,807.55","2,824.87",2021106,5709364107.25,126237,1139606.0,56.39
2024-06-11,M&M,EQ,"2,807.55","2,821.00","2,855.00","2,813.40","2,833.25","2,835.55","2,834.11",2298974,6515535399.7,121561,1371903.0,59.67
2024-06-12,M&M,EQ,"2,835.55","2,835.55","2,848.60","2,782.05","2,796.65","2,787.55","2,812.62",2580846,7258933750.0,140894,1754740.0,67.99
2024-06-13,M&M,EQ,"2,787.55","2,850.00","2,879.10","2,788.65","2,877.00","2,861.70","2,833.48",2492637,7062834186.9,143736,1215627.0,48.77
2024-06-14,M&M,EQ,"2,861.70","2,875.00","2,946.00","2,865.00","2,924.00","2,928.60","2,913.17",3515019,10239854158.6,189489,1494586.0,42.52
2024-06-18,M&M,EQ,"2,928.60","2,965.00","3,013.50","2,956.65","2,958.15","2,961.90","2,977.67",4887512,14553414432.35,191759,3025955.0,61.91
2024-06-19,M&M,EQ,"2,961.90","2,975.00","2,977.00","2,926.45","2,930.00","2,933.85","2,952.72",3512298,10370840452.7,135558,2420235.0,68.91
2024-06-20,M&M,EQ,"2,933.85","2,945.05","2,954.75","2,857.30","2,874.05","2,871.20","2,889.52",4024418,11628643402.4,173356,2175887.0,54.07
2024-06-21,M&M,EQ,"2,871.20","2,884.75","2,920.90","2,825.05","2,834.65","2,839.95","2,858.53",8400461,24012994456.4,267549,5009179.0,59.63
2024-06-24,M&M,EQ,"2,839.95","2,836.50","2,923.95","2,813.05","2,921.20","2,915.80","2,884.85",2699784,7788482677.65,206488,1331805.0,49.33
2024-06-25,M&M,EQ,"2,915.80","2,921.20","2,947.00","2,891.05","2,909.00","2,909.40","2,913.46",1910886,5567298518.65,87557,1131286.0,59.2
2024-06-26,M&M,EQ,"2,909.40","2,907.05","2,912.95","2,844.60","2,856.75","2,851.50","2,870.49",3282318,9421869983.7,151058,2399459.0,73.1
2024-06-27,M&M,EQ,"2,851.50","2,842.00","2,905.00","2,793.05","2,885.00","2,888.95","2,855.69",6900180,19704806762.0,318943,4187288.0,60.68
2024-06-28,M&M,EQ,"2,888.95","2,855.00","2,896.00","2,855.00","2,866.45","2,866.65","2,870.77",2548169,7315200075.7,200148,1538441.0,60.37
2024-07-01,M&M,EQ,"2,866.65","2,841.00","2,894.05","2,838.25","2,867.50","2,875.85","2,870.30",1718501,4932615396.9,112190,904755.0,52.65
2024-07-02,M&M,EQ,"2,875.85","2,890.20","2,891.00","2,850.00","2,862.95","2,865.15","2,870.12",1507890,4327818202.15,104840,929837.0,61.66
2024-07-03,M&M,EQ,"2,865.15","2,871.00","2,895.00","2,865.10","2,880.00","2,877.95","2,877.60",1019710,2934316164.0,57181,580585.0,56.94
2024-07-04,M&M,EQ,"2,877.95","2,890.00","2,922.00","2,885.05","2,901.10","2,902.80","2,906.64",1502213,4366387530.35,89312,698600.0,46.5
2024-07-05,M&M,EQ,"2,902.80","2,886.00","2,886.00","2,840.00","2,879.00","2,880.60","2,863.73",1966103,5630387330.55,135972,817315.0,41.57
2024-07-08,M&M,EQ,"2,880.60","2,880.60","2,918.60","2,847.50","2,849.65","2,851.35","2,873.64",1631998,4689776456.45,93280,1041819.0,63.84
2024-07-09,M&M,EQ,"2,851.35","2,855.35","2,940.00","2,837.25","2,915.05","2,925.50","2,905.08",2902129,8430908732.9,158508,1764054.0,60.78
2024-07-10,M&M,EQ,"2,925.50","2,930.00","2,930.00","2,697.90","2,729.90","2,732.00","2,739.33",14481615,39669923612.65,626816,7342210.0,50.7
2024-07-11,M&M,EQ,"2,732.00","2,757.95","2,757.95","2,691.00","2,700.00","2,698.05","2,714.29",4314565,11710977305.15,226150,2389458.0,55.38
2024-07-12,M&M,EQ,"2,698.05","2,689.65","2,722.30","2,687.15","2,704.00","2,703.95","2,706.37",3398732,9198227939.4,189109,2026248.0,59.62
2024-07-15,M&M,EQ,"2,703.95","2,722.85","2,739.00","2,708.10","2,730.00","2,731.05","2,724.70",2017720,5497689205.2,144350,1278231.0,63.35
2024-07-16,M&M,EQ,"2,731.05","2,754.95","2,766.85","2,740.00","2,752.20","2,756.75","2,752.88",1925983,5301998871.7,89569,1126043.0,58.47
2024-07-18,M&M,EQ,"2,756.75","2,756.00","2,825.95","2,736.50","2,815.05","2,819.45","2,789.28",4122844,11499761577.25,208380,2492815.0,60.46
2024-07-19,M&M,EQ,"2,819.45","2,819.95","2,819.95","2,743.00","2,756.20","2,749.30","2,773.85",2042568,5665771010.45,131251,1261978.0,61.78
2024-07-22,M&M,EQ,"2,749.30","2,751.05","2,819.00","2,725.00","2,805.00","2,804.75","2,794.83",2208103,6171277473.15,138149,1190019.0,53.89
2024-07-23,M&M,EQ,"2,804.75","2,824.00","2,854.50","2,743.40","2,817.00","2,821.35","2,818.29",2572524,7250123643.3,130724,1194503.0,46.43
2024-07-24,M&M,EQ,"2,821.35","2,823.00","2,830.40","2,763.65","2,815.70","2,805.50","2,793.66",2276082,6358592571.6,129470,1405233.0,61.74
2024-07-25,M&M,EQ,"2,805.50","2,799.80","2,827.00","2,781.80","2,809.40","2,811.40","2,806.70",1857122,5212381274.3,113038,1041104.0,56.06
2024-07-26,M&M,EQ,"2,811.40","2,821.60","2,897.40","2,790.00","2,881.80","2,887.80","2,860.83",2352661,6730574701.55,125594,1214869.0,51.64
2024-07-29,M&M,EQ,"2,887.80","2,900.00","2,945.00","2,875.50","2,945.00","2,933.00","2,907.04",2388937,6944739099.25,124039,1458103.0,61.04
2024-07-30,M&M,EQ,"2,933.00","2,945.00","2,950.00","2,904.60","2,929.00","2,922.10","2,924.84",2290006,6697891503.15,131275,1350121.0,58.96
2024-07-31,M&M,EQ,"2,922.10","2,937.00","2,979.60","2,872.95","2,909.00","2,907.80","2,934.35",4238740,12437931579.6,201456,1595847.0,37.65
2024-08-01,M&M,EQ,"2,907.80","2,926.50","2,926.50","2,820.10","2,827.00","2,828.40","2,844.77",4971708,14143383089.35,229181,2805305.0,56.43
2024-08-02,M&M,EQ,"2,828.40","2,810.30","2,810.30","2,733.85","2,755.40","2,749.65","2,764.79",3041513,8409133531.45,213631,1750251.0,57.55
2024-08-05,M&M,EQ,"2,749.65","2,679.65","2,729.20","2,635.80","2,688.00","2,678.95","2,666.64",3731770,9951290198.05,254274,2137047.0,57.27
2024-08-06,M&M,EQ,"2,678.95","2,688.30","2,748.75","2,625.70","2,644.45","2,632.95","2,677.72",3069277,8218669400.65,140271,1834951.0,59.78
2024-08-07,M&M,EQ,"2,632.95","2,697.50","2,704.75","2,661.00","2,686.35","2,680.85","2,679.10",2479171,6641956289.5,179114,1601840.0,64.61
2024-08-08,M&M,EQ,"2,680.85","2,660.50","2,716.50","2,656.50","2,680.20","2,682.95","2,684.35",2673182,7175743339.35,157089,1598664.0,59.8
2024-08-09,M&M,EQ,"2,682.95","2,734.00","2,765.00","2,705.00","2,764.90","2,749.15","2,739.96",2279076,6244574698.05,134308,1338467.0,58.73
2024-08-12,M&M,EQ,"2,749.15","2,749.15","2,757.00","2,708.70","2,717.00","2,717.65","2,725.50",2321474,6327180057.25,134027,1529715.0,65.89
2024-08-13,M&M,EQ,"2,717.65","2,718.10","2,738.65","2,704.10","2,717.05","2,718.05","2,721.95",1292521,3518173051.95,80390,782772.0,60.56
2024-08-14,M&M,EQ,"2,718.05","2,728.80","2,771.95","2,715.30","2,749.45","2,745.25","2,751.31",2609359,7179143467.65,228537,1580591.0,60.57
2024-08-16,M&M,EQ,"2,745.25","2,789.00","2,845.05","2,776.15","2,839.90","2,840.45","2,820.65",4376092,12343429089.8,220601,2348109.0,53.66
2024-08-19,M&M,EQ,"2,840.45","2,859.90","2,859.90","2,760.00","2,767.00","2,765.15","2,787.85",2500718,6971638875.65,128646,1457842.0,58.3
2024-08-20,M&M,EQ,"2,765.15","2,779.75","2,783.20","2,748.50","2,773.00","2,771.30","2,761.79",1762399,4867371118.8,88796,1029402.0,58.41
2024-08-21,M&M,EQ,"2,771.30","2,774.00","2,780.95","2,755.00","2,769.50","2,769.40","2,763.80",1497501,4138796539.05,77871,1081542.0,72.22
2024-08-22,M&M,EQ,"2,769.40","2,771.10","2,775.75","2,724.05","2,736.00","2,732.95","2,742.05",2346622,6434561513.15,132160,1627277.0,69.35
2024-08-23,M&M,EQ,"2,732.95","2,732.95","2,769.00","2,725.30","2,761.00","2,759.00","2,755.20",1943539,5354839968.25,91338,1155504.0,59.45
2024-08-26,M&M,EQ,"2,759.00","2,764.95","2,799.00","2,753.10","2,795.00","2,793.10","2,777.40",2765969,7682207851.1,92686,2132252.0,77.09
2024-08-27,M&M,EQ,"2,793.10","2,797.95","2,800.00","2,773.95","2,792.00","2,780.80","2,784.70",1604159,4467099110.7,93051,1031734.0,64.32
2024-08-28,M&M,EQ,"2,780.80","2,781.90","2,827.00","2,780.80","2,800.75","2,798.00","2,807.00",1851275,5196522608.35,79156,940852.0,50.82
2024-08-29,M&M,EQ,"2,798.00","2,789.35","2,801.65","2,741.65","2,763.00","2,757.60","2,764.43",2237121,6184359971.9,121924,1235775.0,55.24
2024-08-30,M&M,EQ,"2,757.60","2,780.00","2,821.55","2,765.00","2,812.00","2,805.40","2,802.90",4895220,13720793825.45,127641,3272785.0,66.86
2024-09-02,M&M,EQ,"2,805.40","2,848.80","2,848.80","2,756.50","2,775.80","2,777.00","2,779.04",2270687,6310322574.95,168417,1482800.0,65.3
2024-09-03,M&M,EQ,"2,777.00","2,780.00","2,798.10","2,772.60","2,783.00","2,784.85","2,786.41",1592710,4437944183.1,68765,995357.0,62.49
2024-09-04,M&M,EQ,"2,784.85","2,761.00","2,779.90","2,731.10","2,755.20","2,749.60","2,744.34",1697000,4657142167.0,93071,1047225.0,61.71
2024-09-05,M&M,EQ,"2,749.60","2,756.20","2,760.00","2,711.90","2,721.00","2,723.10","2,732.01",2360312,6448386255.05,131629,1730453.0,73.31
2024-09-06,M&M,EQ,"2,723.10","2,723.00","2,738.90","2,680.10","2,699.40","2,698.10","2,702.07",2835519,7661762844.7,165868,1748793.0,61.67
2024-09-09,M&M,EQ,"2,698.10","2,688.15","2,714.30","2,660.05","2,709.00","2,708.85","2,699.07",1269082,3425345368.95,101169,716105.0,56.43
2024-09-10,M&M,EQ,"2,708.85","2,691.25","2,715.00","2,677.00","2,694.00","2,690.00","2,692.58",2034126,5477056062.15,107644,1285575.0,63.2
2024-09-11,M&M,EQ,"2,690.00","2,681.50","2,708.00","2,644.10","2,652.00","2,654.25","2,673.19",2034245,5437924108.35,103805,1295033.0,63.66
2024-09-12,M&M,EQ,"2,654.25","2,665.00","2,751.60","2,635.60","2,729.35","2,740.90","2,707.74",3730285,10100647235.55,189378,1907212.0,51.13
2024-09-13,M&M,EQ,"2,740.90","2,755.00","2,758.55","2,711.75","2,737.20","2,739.10","2,732.91",2102332,5745487395.8,101869,1116005.0,53.08
2024-09-16,M&M,EQ,"2,739.10","2,740.20","2,784.30","2,732.05","2,756.50","2,757.40","2,767.49",1234752,3417166949.35,51786,631618.0,51.15
2024-09-17,M&M,EQ,"2,757.40","2,765.00","2,793.50","2,745.30","2,782.00","2,787.65","2,780.45",1387175,3856973632.7,81028,881975.0,63.58
2024-09-18,M&M,EQ,"2,787.65","2,781.50","2,848.00","2,777.65","2,807.45","2,808.20","2,816.63",2526756,7116947063.1,115551,1521418.0,60.21
2024-09-19,M&M,EQ,"2,808.20","2,812.00","2,852.00","2,792.20","2,801.75","2,797.50","2,813.03",2807727,7898226039.15,141920,1629743.0,58.04
2024-09-20,M&M,EQ,"2,797.50","2,798.70","2,960.00","2,798.50","2,946.35","2,950.85","2,925.84",12492909,36552195685.75,281790,7265204.0,58.15
2024-09-23,M&M,EQ,"2,950.85","2,962.75","3,056.90","2,956.15","3,047.00","3,049.80","3,021.80",3925490,11862063350.75,189322,1652803.0,42.1
2024-09-24,M&M,EQ,"3,049.80","3,020.00","3,098.55","3,020.00","3,075.00","3,074.30","3,068.43",3697722,11346187109.75,162487,1772216.0,47.93
2024-09-25,M&M,EQ,"3,074.30","3,045.00","3,149.00","3,034.55","3,092.00","3,091.05","3,092.75",4218815,13047751911.8,166721,1992200.0,47.22
2024-09-26,M&M,EQ,"3,091.05","3,072.00","3,197.20","3,045.65","3,169.00","3,181.10","3,131.62",4753617,14886512721.4,180991,2171030.0,45.67
2024-09-27,M&M,EQ,"3,181.10","3,171.00","3,222.10","3,152.55","3,190.00","3,183.65","3,186.02",6803795,21677008008.85,233093,4792673.0,70.44
2024-09-30,M&M,EQ,"3,183.65","3,163.15","3,179.00","3,087.00","3,115.00","3,094.90","3,114.00",3554400,11068390764.7,159274,2434462.0,68.49
2024-10-01,M&M,EQ,"3,094.90","3,105.50","3,185.45","3,095.80","3,168.00","3,165.50","3,148.04",4028211,12680985238.8,202691,2405334.0,59.71
2024-10-03,M&M,EQ,"3,165.50","3,085.00","3,171.00","3,072.45","3,137.60","3,129.85","3,135.52",3237011,10149722860.85,220055,1626666.0,50.25
2024-10-04,M&M,EQ,"3,129.85","3,127.05","3,157.60","3,009.50","3,019.00","3,017.45","3,071.80",4281562,13152120767.65,245327,1731447.0,40.44
2024-10-07,M&M,EQ,"3,017.45","3,028.00","3,066.95","2,982.90","3,062.00","3,060.20","3,031.21",2732276,8282112553.4,142221,1422502.0,52.06
2024-10-08,M&M,EQ,"3,060.20","3,074.00","3,176.90","3,066.00","3,169.25","3,165.85","3,132.88",6060165,18985758735.25,214050,4026417.0,66.44
2024-10-09,M&M,EQ,"3,165.85","3,164.80","3,204.30","3,145.00","3,154.75","3,153.00","3,168.73",2432656,7708425490.75,119641,1328785.0,54.62
2024-10-10,M&M,EQ,"3,153.00","3,156.00","3,220.30","3,155.00","3,191.60","3,194.30","3,196.77",2507231,8015049479.05,184816,1155949.0,46.1
2024-10-11,M&M,EQ,"3,194.30","3,200.00","3,210.50","3,121.00","3,136.80","3,134.35","3,148.63",1652856,5204226016.4,106728,877674.0,53.1
2024-10-14,M&M,EQ,"3,134.35","3,151.00","3,174.00","3,115.00","3,155.00","3,154.90","3,155.22",2425178,7651962599.25,97400,1703570.0,70.25
2024-10-15,M&M,EQ,"3,154.90","3,177.00","3,192.95","3,086.55","3,154.80","3,155.80","3,127.74",2245701,7023973344.25,117012,1243335.0,55.37
2024-10-16,M&M,EQ,"3,155.80","3,138.00","3,147.90","3,052.15","3,068.00","3,068.00","3,080.49",1972106,6075058757.05,147424,900473.0,45.66
2024-10-17,M&M,EQ,"3,068.00","3,055.00","3,065.30","2,952.20","2,960.00","2,964.60","2,979.43",3622197,10792077109.25,223538,2181223.0,60.22
2024-10-18,M&M,EQ,"2,964.60","2,945.35","2,988.85","2,914.70","2,965.00","2,964.25","2,961.76",3407751,10092931933.0,177177,1904913.0,55.9
2024-10-21,M&M,EQ,"2,964.25","2,959.75","3,001.40","2,892.90","2,998.95","2,998.20","2,960.36",5059952,14979280248.55,252336,3421790.0,67.62
2024-10-22,M&M,EQ,"2,998.20","3,005.00","3,008.95","2,878.20","2,889.30","2,887.20","2,933.72",4195638,12308844415.95,182571,2870650.0,68.42
2024-10-23,M&M,EQ,"2,887.20","2,876.15","2,924.90","2,781.25","2,794.30","2,793.50","2,843.79",7913897,22505485890.25,216249,5039468.0,63.68
2024-10-24,M&M,EQ,"2,793.50","2,763.00","2,842.20","2,763.00","2,834.90","2,826.35","2,812.00",3992102,11225775315.15,163897,2053035.0,51.43
2024-10-25,M&M,EQ,"2,826.35","2,825.00","2,825.05","2,679.30","2,726.65","2,720.85","2,715.16",4532596,12306704235.7,305866,2590414.0,57.15
2024-10-28,M&M,EQ,"2,720.85","2,730.00","2,834.90","2,713.90","2,788.00","2,781.00","2,788.92",2813985,7847967750.7,190929,1517282.0,53.92
2024-10-29,M&M,EQ,"2,781.00","2,762.00","2,797.95","2,702.55","2,743.55","2,746.90","2,734.80",3156567,8632590207.15,135960,1615048.0,51.16
2024-10-30,M&M,EQ,"2,746.90","2,689.25","2,755.85","2,669.05","2,700.00","2,707.70","2,722.71",5677865,15459177763.05,173902,3815227.0,67.19
2024-10-31,M&M,EQ,"2,707.70","2,707.70","2,752.00","2,671.60","2,751.30","2,728.55","2,709.60",3833325,10386764265.7,165119,2566540.0,66.95
2024-11-01,M&M,EQ,"2,728.55","2,780.00","2,840.90","2,780.00","2,826.45","2,817.65","2,807.12",1061709,2980347418.6,46914,184024.0,17.33
2024-11-04,M&M,EQ,"2,817.65","2,804.50","2,971.75","2,804.50","2,878.00","2,883.95","2,876.88",7559263,21747115179.6,362491,3315825.0,43.86
2024-11-05,M&M,EQ,"2,883.95","2,875.50","2,908.00","2,822.10","2,890.00","2,899.45","2,877.99",3562624,10253195982.75,115664,2110708.0,59.25
2024-11-06,M&M,EQ,"2,899.45","2,910.00","2,953.80","2,885.40","2,912.40","2,934.55","2,925.64",2902347,8491225138.9,150639,1296929.0,44.69
2024-11-07,M&M,EQ,"2,934.55","2,971.75","2,972.55","2,857.95","2,900.00","2,891.35","2,910.04",4251557,12372187568.0,204748,1523963.0,35.84
2024-11-08,M&M,EQ,"2,891.35","2,910.00","2,990.95","2,851.25","2,960.60","2,974.90","2,932.06",4455563,13063961740.65,239380,2099464.0,47.12
2024-11-11,M&M,EQ,"2,974.90","2,962.35","3,009.60","2,889.05","2,920.00","2,930.60","2,946.34",2628672,7744972849.0,137708,1152991.0,43.86
2024-11-12,M&M,EQ,"2,930.60","2,931.20","2,945.90","2,880.00","2,884.05","2,898.55","2,912.87",2414528,7033200332.95,124178,1442356.0,59.74
2024-11-13,M&M,EQ,"2,898.55","2,876.00","2,895.00","2,782.90","2,798.00","2,798.95","2,808.05",3949602,11090661915.05,285055,2225054.0,56.34
2024-11-14,M&M,EQ,"2,798.95","2,815.00","2,842.40","2,736.25","2,818.25","2,807.20","2,793.03",2478112,6921441550.45,175000,1097492.0,44.29
2024-11-18,M&M,EQ,"2,807.20","2,844.00","2,874.70","2,800.05","2,846.95","2,846.90","2,833.55",2405351,6815691926.35,127014,1255491.0,52.2
2024-11-19,M&M,EQ,"2,846.90","2,845.00","2,998.00","2,845.00","2,936.55","2,948.95","2,955.35",5230405,15457691246.8,243063,2841608.0,54.33
2024-11-21,M&M,EQ,"2,948.95","2,962.50","2,974.00","2,918.00","2,925.05","2,936.25","2,939.66",3821808,11234812173.15,198573,2081492.0,54.46
2024-11-22,M&M,EQ,"2,936.25","2,944.00","3,063.50","2,896.70","3,005.50","3,012.95","2,977.33",4827125,14371965141.6,228670,2699636.0,55.93
2024-11-25,M&M,EQ,"3,012.95","3,075.00","3,149.65","3,022.40","3,047.60","3,045.60","3,069.03",6299837,19334414421.2,231715,3924048.0,62.29
2024-11-26,M&M,EQ,"3,045.60","3,053.50","3,068.10","2,952.50","3,005.00","2,985.20","2,997.87",2144702,6429532777.85,109018,898568.0,41.9
2024-11-27,M&M,EQ,"2,985.20","3,025.95","3,070.00","2,986.05","3,000.00","3,004.80","3,021.24",3593911,10858071838.8,160444,1391182.0,38.71
2024-11-28,M&M,EQ,"3,004.80","2,995.00","2,999.95","2,892.00","2,904.00","2,898.70","2,928.88",4457143,13054419649.45,283790,2254537.0,50.58
2024-11-29,M&M,EQ,"2,898.70","2,903.00","2,991.65","2,903.00","2,973.60","2,966.10","2,957.03",3542836,10476282364.85,213329,1685375.0,47.57
2024-12-02,M&M,EQ,"2,966.10","2,984.00","3,026.25","2,961.90","3,019.40","3,016.40","3,004.29",2318823,6966422287.8,124690,1103724.0,47.6
2024-12-03,M&M,EQ,"3,016.40","3,041.70","3,041.70","2,987.65","3,025.00","3,027.30","3,020.04",2308865,6972856050.0,111711,1523252.0,65.97
2024-12-04,M&M,EQ,"3,027.30","3,003.00","3,051.85","3,003.00","3,025.00","3,031.75","3,032.57",3364025,10201651331.45,174102,2170089.0,64.51
2024-12-05,M&M,EQ,"3,031.75","3,049.95","3,099.00","3,016.05","3,069.00","3,071.60","3,058.47",3797063,11613216825.9,166421,2105743.0,55.46
2024-12-06,M&M,EQ,"3,071.60","3,075.50","3,099.00","3,065.95","3,070.00","3,073.00","3,082.29",2688767,8287547290.75,140317,1785051.0,66.39
2024-12-09,M&M,EQ,"3,073.00","3,063.40","3,073.00","3,040.00","3,048.00","3,051.25","3,055.30",1879542,5742568051.7,92999,1245531.0,66.27
2024-12-10,M&M,EQ,"3,051.25","3,047.95","3,081.25","3,005.30","3,066.00","3,066.90","3,038.98",2061909,6266110443.2,112898,1128131.0,54.71
2024-12-11,M&M,EQ,"3,066.90","3,052.00","3,115.00","3,047.80","3,075.30","3,072.05","3,083.64",2409385,7429667275.05,123928,1358149.0,56.37
2024-12-12,M&M,EQ,"3,072.05","3,084.80","3,086.00","3,045.00","3,059.65","3,067.45","3,067.50",1958999,6009223924.1,103751,1003925.0,51.25
2024-12-13,M&M,EQ,"3,067.45","3,051.00","3,093.10","3,000.00","3,082.65","3,081.40","3,057.47",2467964,7545735060.75,161210,1244555.0,50.43
2024-12-16,M&M,EQ,"3,081.40","3,089.40","3,092.15","3,040.00","3,083.30","3,084.85","3,068.33",2300493,7058675404.15,108823,1541135.0,66.99
2024-12-17,M&M,EQ,"3,084.85","3,055.10","3,093.75","3,028.00","3,035.20","3,041.50","3,053.91",2564201,7830849808.35,130274,1520893.0,59.31
2024-12-18,M&M,EQ,"3,041.50","3,026.10","3,062.00","3,024.55","3,049.30","3,051.20","3,047.31",2014105,6137596710.65,107664,1161956.0,57.69
2024-12-19,M&M,EQ,"3,051.20","3,006.00","3,045.00","2,970.50","3,015.00","3,014.65","3,009.29",2372390,7139204242.55,126113,1374738.0,57.95
2024-12-20,M&M,EQ,"3,014.65","3,014.65","3,025.00","2,886.35","2,916.95","2,906.35","2,921.81",8046336,23509827079.65,178148,5562771.0,69.13
2024-12-23,M&M,EQ,"2,906.35","2,918.00","2,942.40","2,891.10","2,915.00","2,909.30","2,908.63",2142508,6231761429.1,116382,1153720.0,53.85
2024-12-24,M&M,EQ,"2,909.30","2,909.40","2,950.20","2,900.80","2,916.50","2,928.70","2,932.16",1858546,5449559827.1,95864,1128603.0,60.73
2024-12-26,M&M,EQ,"2,928.70","2,925.00","2,984.45","2,923.35","2,984.20","2,975.65","2,965.85",2162163,6412648587.3,126043,1298302.0,60.05
2024-12-27,M&M,EQ,"2,975.65","2,987.20","3,064.00","2,978.05","3,042.00","3,049.45","3,044.76",2290315,6973466553.8,126468,1017894.0,44.44
2024-12-30,M&M,EQ,"3,049.45","3,028.05","3,044.60","2,991.05","3,015.00","3,002.90","3,021.00",2336275,7057894484.3,135762,1428261.0,61.13
2024-12-31,M&M,EQ,"3,002.90","2,994.40","3,018.90","2,971.20","3,014.85","3,007.10","3,002.52",1536411,4613101288.15,103146,953165.0,62.04
2025-01-01,M&M,EQ,"3,007.10","3,007.10","3,086.95","2,995.20","3,078.00","3,082.00","3,058.12",1686613,5157859203.5,105839,594164.0,35.23
2025-01-02,M&M,EQ,"3,082.00","3,100.00","3,228.10","3,085.05","3,203.00","3,211.10","3,186.00",4298090,13693729849.9,243475,1944002.0,45.23
2025-01-03,M&M,EQ,"3,211.10","3,215.00","3,237.05","3,175.70","3,180.00","3,190.55","3,200.56",2257218,7224352082.8,114347,1107303.0,49.06
2025-01-06,M&M,EQ,"3,190.55","3,209.60","3,235.00","3,090.10","3,095.95","3,105.70","3,145.70",2657204,8358755572.8,134839,1340440.0,50.45
2025-01-07,M&M,EQ,"3,105.70","3,110.00","3,131.30","3,081.75","3,099.00","3,108.85","3,107.77",1978328,6148187068.85,131011,1186931.0,60.0
2025-01-08,M&M,EQ,"3,108.85","3,135.00","3,135.00","3,057.00","3,093.00","3,086.10","3,101.99",2715102,8422230068.65,160444,1712332.0,63.07
2025-01-09,M&M,EQ,"3,086.10","3,103.80","3,157.90","3,085.35","3,131.80","3,126.50","3,128.73",2434207,7615978956.85,183787,1242099.0,51.03
2025-01-10,M&M,EQ,"3,126.50","3,110.00","3,149.60","3,055.00","3,090.00","3,092.85","3,101.17",2341303,7260781318.6,138023,1432928.0,61.2
2025-01-13,M&M,EQ,"3,092.85","3,053.65","3,066.85","2,993.45","3,000.00","2,999.65","3,020.83",2207294,6667849423.9,147852,1395215.0,63.21
2025-01-14,M&M,EQ,"2,999.65","3,000.00","3,078.45","2,999.65","3,051.50","3,049.50","3,052.44",2851530,8704136862.25,169874,1769779.0,62.06
2025-01-15,M&M,EQ,"3,049.50","3,057.10","3,063.95","2,951.00","2,961.00","2,960.25","2,982.20",2440803,7278958805.4,207416,1285717.0,52.68
2025-01-16,M&M,EQ,"2,960.25","2,978.15","2,997.40","2,945.00","2,979.75","2,980.60","2,973.93",2598449,7727599257.2,256445,1504309.0,57.89
2025-01-17,M&M,EQ,"2,980.60","2,969.95","2,970.35","2,903.10","2,922.35","2,917.35","2,926.89",2002830,5862059283.85,191158,1114894.0,55.67
2025-01-20,M&M,EQ,"2,917.35","2,910.00","2,935.95","2,877.30","2,890.00","2,888.10","2,893.31",2905527,8406593954.4,167093,2013942.0,69.31
2025-01-21,M&M,EQ,"2,888.10","2,900.10","2,907.00","2,808.90","2,816.60","2,821.30","2,846.08",3381309,9623462601.5,190805,1533422.0,45.35
2025-01-22,M&M,EQ,"2,821.30","2,848.00","2,851.90","2,805.85","2,830.10","2,826.45","2,827.65",3133157,8859467567.7,225916,2018752.0,64.43
2025-01-23,M&M,EQ,"2,826.45","2,826.45","2,899.40","2,810.00","2,888.90","2,886.45","2,880.58",2650506,7634981768.35,168309,1602491.0,60.46
2025-01-24,M&M,EQ,"2,886.45","2,875.00","2,896.00","2,790.00","2,799.00","2,801.40","2,845.11",2665366,7583259220.05,193220,1673095.0,62.77
2025-01-27,M&M,EQ,"2,801.40","2,772.30","2,846.90","2,754.15","2,830.00","2,831.60","2,802.78",2022141,5667625142.1,138368,991606.0,49.04
2025-01-28,M&M,EQ,"2,831.60","2,835.00","2,925.00","2,784.00","2,875.30","2,870.60","2,865.44",2432787,6971015603.2,183499,1066729.0,43.85
2025-01-29,M&M,EQ,"2,870.60","2,883.95","2,933.50","2,856.30","2,933.50","2,924.35","2,901.11",1808565,5246839928.4,123662,824182.0,45.57
2025-01-30,M&M,EQ,"2,924.35","2,924.35","3,008.90","2,919.00","2,972.00","2,971.45","2,970.94",3055352,9077252819.0,138896,1604975.0,52.53
2025-01-31,M&M,EQ,"2,971.45","2,970.00","3,049.85","2,955.10","3,000.00","2,989.85","3,005.90",2412370,7251351432.55,134679,1378942.0,57.16
2025-02-01,M&M,EQ,"2,989.85","2,990.00","3,098.95","2,990.00","3,069.85","3,076.75","3,052.90",2674573,8165208918.35,152464,1191338.0,44.54
2025-02-03,M&M,EQ,"3,076.75","3,056.60","3,187.95","3,044.75","3,169.00","3,173.30","3,129.67",3664084,11467373532.9,241251,2033630.0,55.5
2025-02-04,M&M,EQ,"3,173.30","3,225.00","3,270.55","3,137.85","3,180.00","3,189.05","3,190.27",3862456,12322278209.5,193503,2170953.0,56.21
2025-02-05,M&M,EQ,"3,189.05","3,189.05","3,218.65","3,142.00","3,175.45","3,178.75","3,180.80",2264208,7201989629.25,130694,1389467.0,61.37
2025-02-06,M&M,EQ,"3,178.75","3,170.00","3,180.85","3,121.25","3,152.00","3,139.95","3,144.07",2341341,7361328842.35,126022,1161297.0,49.6
2025-02-07,M&M,EQ,"3,139.95","3,168.00","3,219.95","3,110.00","3,193.00","3,198.45","3,174.75",4790111,15207385377.65,220264,1971775.0,41.16
2025-02-10,M&M,EQ,"3,198.45","3,209.20","3,270.95","3,128.80","3,130.75","3,137.25","3,194.69",3852783,12308445237.05,203318,1599258.0,41.51
2025-02-11,M&M,EQ,"3,137.25","3,146.85","3,154.00","3,071.10","3,085.00","3,085.95","3,113.75",2470280,7691830725.55,145323,1140752.0,46.18
2025-02-12,M&M,EQ,"3,085.95","3,068.55","3,075.00","2,955.10","2,987.10","2,987.20","3,001.67",4609887,13837373569.9,208885,2406285.0,52.2
2025-02-13,M&M,EQ,"2,987.20","3,024.95","3,047.00","2,971.05","2,979.95","2,978.00","3,003.54",2481783,7454137121.55,147059,1285263.0,51.79
2025-02-14,M&M,EQ,"2,978.00","2,999.00","3,020.00","2,907.05","2,939.00","2,942.60","2,949.12",1959802,5779699750.25,127522,992488.0,50.64
2025-02-17,M&M,EQ,"2,942.60","2,940.80","2,955.00","2,792.25","2,841.00","2,831.95","2,825.13",4773279,13485151658.05,268050,2089108.0,43.77
2025-02-18,M&M,EQ,"2,831.95","2,844.00","2,845.00","2,755.90","2,780.95","2,790.05","2,789.68",2301836,6421397120.7,162427,1047304.0,45.5
2025-02-19,M&M,EQ,"2,790.05","2,750.00","2,782.65","2,728.00","2,758.85","2,757.40","2,756.02",2671072,7361529633.4,280089,1444807.0,54.09
2025-02-20,M&M,EQ,"2,757.40","2,745.10","2,844.50","2,690.05","2,832.35","2,839.45","2,793.23",3799854,10613849775.1,263951,1519892.0,40.0
2025-02-21,M&M,EQ,"2,839.45","2,815.20","2,815.20","2,653.35","2,663.50","2,669.35","2,694.03",8940621,24086280053.25,407564,4442713.0,49.69
2025-02-24,M&M,EQ,"2,669.35","2,669.00","2,716.80","2,631.15","2,710.50","2,709.20","2,688.30",6167313,16579558765.15,282137,3068806.0,49.76
2025-02-25,M&M,EQ,"2,709.20","2,740.00","2,803.95","2,728.15","2,767.00","2,777.85","2,778.01",4916248,13657366847.05,247707,2142048.0,43.57
2025-02-27,M&M,EQ,"2,777.85","2,837.00","2,840.00","2,703.50","2,720.00","2,726.55","2,738.18",2669767,7310309066.65,132720,1172307.0,43.91
2025-02-28,M&M,EQ,"2,726.55","2,695.10","2,699.00","2,572.20","2,595.00","2,585.10","2,604.06",7549863,19660315531.7,373075,4754887.0,62.98
2025-03-03,M&M,EQ,"2,585.10","2,613.80","2,695.95","2,595.00","2,612.00","2,611.90","2,628.07",4340806,11407948555.15,218511,1923955.0,44.32
2025-03-04,M&M,EQ,"2,611.90","2,561.00","2,627.30","2,550.00","2,612.85","2,613.35","2,603.43",1984876,5167487843.95,118486,929416.0,46.82
2025-03-05,M&M,EQ,"2,613.35","2,661.95","2,736.90","2,642.65","2,721.35","2,726.60","2,708.55",3665710,9928769339.95,180134,1747380.0,47.67
2025-03-06,M&M,EQ,"2,726.60","2,748.00","2,766.85","2,695.00","2,740.60","2,742.40","2,736.25",3706264,10141282937.65,152491,1895302.0,51.14
2025-03-07,M&M,EQ,"2,742.40","2,721.30","2,765.95","2,708.10","2,728.10","2,727.85","2,734.27",1886774,5158952088.8,119343,1042120.0,55.23
2025-03-10,M&M,EQ,"2,727.85","2,695.00","2,734.65","2,665.10","2,699.00","2,702.60","2,706.17",2520931,6822078572.15,112467,1371763.0,54.41
2025-03-11,M&M,EQ,"2,702.60","2,684.75","2,685.00","2,613.15","2,657.85","2,645.60","2,648.19",3616140,9576228724.45,202979,2325430.0,64.31
2025-03-12,M&M,EQ,"2,645.60","2,645.60","2,678.00","2,636.10","2,650.00","2,653.30","2,655.73",3447155,9154699019.8,149821,2258417.0,65.52
2025-03-13,M&M,EQ,"2,653.30","2,677.10","2,686.35","2,618.30","2,644.50","2,643.50","2,643.38",2446428,6466847997.95,126240,1361732.0,55.66
2025-03-17,M&M,EQ,"2,643.50","2,635.00","2,727.05","2,635.00","2,701.00","2,705.15","2,689.17",2527623,6797200209.55,160528,1313507.0,51.97
2025-03-18,M&M,EQ,"2,705.15","2,732.30","2,798.00","2,715.05","2,785.00","2,791.40","2,769.58",3522624,9756190786.8,147651,2182466.0,61.96
2025-03-19,M&M,EQ,"2,791.40","2,795.00","2,831.90","2,779.55","2,785.00","2,789.10","2,804.00",2438912,6838703620.55,130749,1452821.0,59.57
2025-03-20,M&M,EQ,"2,789.10","2,803.75","2,847.00","2,801.00","2,838.00","2,828.10","2,827.02",2354374,6655853148.65,146188,1319450.0,56.04
2025-03-21,M&M,EQ,"2,828.10","2,839.10","2,893.00","2,781.25","2,787.20","2,801.85","2,833.87",3824316,10837617894.85,128915,2451495.0,64.1
2025-03-24,M&M,EQ,"2,801.85","2,815.30","2,822.15","2,709.40","2,777.00","2,774.70","2,758.48",5395134,14882345906.65,262642,2781853.0,51.56
2025-03-25,M&M,EQ,"2,774.70","2,774.70","2,802.45","2,725.05","2,730.50","2,736.00","2,752.07",3576766,9843520381.4,220783,1798955.0,50.30
2025-03-26,M&M,EQ,"2,736.00","2,751.30","2,795.00","2,737.05","2,742.05","2,742.25","2,759.30",3111504,8585569216.85,155421,2007247.0,64.51
2025-03-27,M&M,EQ,"2,742.25","2,735.00","2,751.00","2,695.55","2,734.00","2,733.00","2,727.11",4325599,11796376825.8,216437,2708085.0,62.61
2025-03-28,M&M,EQ,"2,733.00","2,735.80","2,739.70","2,635.00","2,661.15","2,665.80","2,659.63",6074446,16155785635.85,283613,3576036.0,58.87
2025-04-01,M&M,EQ,"2,665.80","2,652.80","2,728.00","2,623.15","2,640.00","2,637.90","2,662.50",3300417,8787374453.8,171785,1829929.0,55.45
2025-04-02,M&M,EQ,"2,637.90","2,631.10","2,660.00","2,625.30","2,637.95","2,637.55","2,641.07",2243574,5925434011.85,129253,1487790.0,66.31
2025-04-03,M&M,EQ,"2,637.55","2,607.75","2,652.40","2,600.25","2,617.00","2,611.45","2,624.91",2361203,6197950577.35,126111,1451199.0,61.46
2025-04-04,M&M,EQ,"2,611.45","2,614.95","2,631.50","2,557.05","2,601.40","2,596.55","2,598.52",3598415,9350569400.25,181164,2207531.0,61.35
2025-04-07,M&M,EQ,"2,596.55","2,425.00","2,524.65","2,425.00","2,508.00","2,491.25","2,486.05",3937471,9788765284.05,284875,2239871.0,56.89
2025-04-08,M&M,EQ,"2,491.25","2,510.00","2,550.00","2,454.00","2,524.85","2,523.65","2,508.62",4253527,10670502713.6,227666,1824796.0,42.90
2025-04-09,M&M,EQ,"2,523.65","2,540.00","2,571.95","2,515.95","2,530.50","2,523.10","2,542.52",3347213,8510365788.75,188585,1785845.0,53.35
2025-04-11,M&M,EQ,"2,523.10","2,549.00","2,604.00","2,532.05","2,600.60","2,580.35","2,575.14",3600209,9271028199.65,226713,2173524.0,60.37
2025-04-15,M&M,EQ,"2,580.35","2,606.00","2,690.00","2,606.00","2,650.00","2,646.00","2,661.82",3287861,8751706211.9,235293,2031120.0,61.78
2025-04-16,M&M,EQ,"2,646.00","2,660.00","2,665.00","2,618.30","2,632.20","2,634.60","2,636.04",3070954,8095144350.7,230796,1923830.0,62.65
2025-04-17,M&M,EQ,"2,634.60","2,632.00","2,682.80","2,602.40","2,675.30","2,679.40","2,653.58",2638979,7002733750.0,174058,1418452.0,53.75
2025-04-21,M&M,EQ,"2,679.40","2,699.90","2,774.00","2,665.90","2,765.00","2,764.00","2,742.15",3120955,8558140689.6,129375,1949413.0,62.46
2025-04-22,M&M,EQ,"2,764.00","2,765.00","2,822.00","2,756.00","2,811.10","2,817.10","2,800.01",3193757,8942540174.5,166491,2151672.0,67.37
2025-04-23,M&M,EQ,"2,817.10","2,830.00","2,923.00","2,826.00","2,900.90","2,917.80","2,890.96",3906215,11292694450.3,153835,2477410.0,63.42
2025-04-24,M&M,EQ,"2,917.80","2,917.80","2,928.00","2,865.00","2,898.00","2,901.40","2,893.16",2488496,7199608088.0,107895,1298187.0,52.17
2025-04-25,M&M,EQ,"2,901.40","2,901.40","2,939.60","2,831.10","2,865.00","2,864.20","2,872.73",2299310,6605295806.0,107647,1225347.0,53.29
2025-04-28,M&M,EQ,"2,864.20","2,918.90","2,945.00","2,882.30","2,930.00","2,930.60","2,911.69",1864672,5429340679.3,105189,791977.0,42.47
2025-04-29,M&M,EQ,"2,930.60","2,950.00","2,969.50","2,901.80","2,905.80","2,909.60","2,920.47",2051228,5990542010.3,110088,1121669.0,54.68
2025-04-30,M&M,EQ,"2,909.60","2,908.80","2,948.90","2,887.00","2,919.50","2,928.80","2,927.07",2689753,7873097540.7,115500,1668685.0,62.04
2025-05-02,M&M,EQ,"2,928.80","2,950.00","3,000.00","2,910.20","2,918.60","2,926.20","2,953.27",3384402,9995052108.0,142813,1957019.0,57.82
2025-05-05,M&M,EQ,"2,926.20","2,948.90","3,044.00","2,937.70","3,024.00","3,021.50","2,995.56",4049197,12129625352.0,198957,1424070.0,35.17
2025-05-06,M&M,EQ,"3,021.50","3,150.60","3,159.70","3,056.00","3,058.40","3,068.40","3,097.22",5683215,17602147039.9,266730,1648477.0,29.01
2025-05-07,M&M,EQ,"3,068.40","3,021.90","3,125.00","3,021.90","3,109.90","3,119.90","3,098.08",2942902,9117359370.7,140228,1798490.0,61.11
2025-05-08,M&M,EQ,"3,119.90","3,127.40","3,137.00","3,008.50","3,009.00","3,033.10","3,058.10",3323894,10164798793.4,155291,1867867.0,56.20
2025-05-09,M&M,EQ,"3,033.10","2,961.60","3,057.10","2,955.00","2,989.70","2,982.10","3,009.04",2308852,6947425357.4,127115,1357442.0,58.79
2025-05-12,M&M,EQ,"2,982.10","3,044.70","3,112.20","3,033.70","3,097.50","3,104.70","3,067.99",2166730,6647500167.2,157748,1170364.0,54.02
2025-05-13,M&M,EQ,"3,104.70","3,050.00","3,111.00","3,035.00","3,058.00","3,053.80","3,073.02",2681662,8240813022.9,178009,1420071.0,52.95
2025-05-14,M&M,EQ,"3,053.80","3,037.50","3,110.00","3,018.00","3,103.10","3,101.80","3,092.44",2236302,6915634317.1,98515,1291326.0,57.74
2025-05-15,M&M,EQ,"3,101.80","3,085.00","3,170.70","3,073.00","3,132.00","3,144.30","3,127.25",3590003,11226842035.0,198690,1829468.0,50.96
2025-05-16,M&M,EQ,"3,144.30","3,135.00","3,149.50","3,115.00","3,133.90","3,135.60","3,134.27",2269659,7113719402.8,186310,1414434.0,62.32
2025-05-19,M&M,EQ,"3,135.60","3,115.00","3,157.00","3,103.60","3,125.00","3,128.00","3,133.83",2011149,6302592642.0,149542,1359898.0,67.62
2025-05-20,M&M,EQ,"3,128.00","3,128.20","3,135.30","3,049.10","3,073.00","3,063.50","3,076.55",2667772,8207524069.7,115914,1739697.0,65.21
2025-05-21,M&M,EQ,"3,063.50","3,063.00","3,132.00","3,048.10","3,086.30","3,090.70","3,096.44",1395136,4319950164.0,78449,736196.0,52.77
2025-05-22,M&M,EQ,"3,090.70","3,076.60","3,089.80","2,980.50","3,016.00","3,006.30","3,010.09",3870830,11651531830.4,187573,2350179.0,60.72
2025-05-23,M&M,EQ,"3,006.30","3,020.00","3,030.80","2,984.20","3,014.80","3,012.70","3,011.07",1828093,5504516972.4,105053,1089203.0,59.58
2025-05-26,M&M,EQ,"3,012.70","3,038.00","3,101.00","3,027.70","3,075.00","3,080.20","3,078.97",2164190,6663481816.6,150987,1196105.0,55.27
2025-05-27,M&M,EQ,"3,080.20","3,080.20","3,085.00","3,014.60","3,042.00","3,039.80","3,040.70",2599143,7903217359.6,130075,1148898.0,44.20
2025-05-28,M&M,EQ,"3,039.80","3,039.70","3,044.80","2,993.00","2,994.50","2,997.80","3,009.00",1491995,4489415080.4,93521,817951.0,54.82
2025-05-29,M&M,EQ,"2,997.80","2,999.00","3,028.90","2,987.20","3,013.60","3,009.00","3,003.39",2093429,6287388111.4,102777,1200293.0,57.34
2025-05-30,M&M,EQ,"3,009.00","3,005.00","3,017.40","2,957.00","2,971.00","2,976.80","2,977.23",3700191,11016320512.7,113144,2417696.0,65.34
2025-06-02,M&M,EQ,"2,976.80","2,976.80","3,038.50","2,962.30","3,024.00","3,025.90","3,015.36",2967741,8948807437.3,170070,1824352.0,61.47
2025-06-03,M&M,EQ,"3,025.90","3,042.00","3,064.80","3,027.00","3,044.00","3,046.50","3,045.88",3204094,9759296418.7,139606,1879883.0,58.67
2025-06-04,M&M,EQ,"3,046.50","3,045.10","3,087.00","3,040.10","3,051.00","3,053.40","3,061.48",1584653,4851381285.3,82506,824834.0,52.05
2025-06-05,M&M,EQ,"3,053.40","3,078.00","3,095.00","2,994.80","3,045.00","3,041.60","3,049.40",3504632,10687029172.0,143954,1583830.0,45.19
2025-06-06,M&M,EQ,"3,041.60","3,041.60","3,112.90","3,027.00","3,106.50","3,106.50","3,075.56",2028071,6237451267.2,95355,1041267.0,51.34
2025-06-09,M&M,EQ,"3,106.50","3,130.00","3,141.00","3,078.00","3,085.00","3,087.40","3,101.96",1364639,4233053183.5,76538,740672.0,54.28
2025-06-10,M&M,EQ,"3,087.40","3,102.00","3,106.90","3,059.80","3,075.20","3,067.50","3,082.98",1787253,5510067863.5,111508,1032525.0,57.77
2025-06-11,M&M,EQ,"3,067.50","3,085.00","3,124.00","3,076.00","3,082.00","3,080.70","3,096.19",1749787,5417668102.9,81643,893969.0,51.09
2025-06-12,M&M,EQ,"3,080.70","3,088.00","3,094.00","3,007.00","3,008.00","3,019.20","3,035.72",2278398,6916579589.5,117848,1117100.0,49.03
2025-06-13,M&M,EQ,"3,019.20","2,932.00","3,018.50","2,932.00","3,005.90","3,006.00","2,990.46",2003184,5990441411.5,102647,1317447.0,65.77
2025-06-16,M&M,EQ,"3,006.00","3,001.00","3,045.00","2,988.10","3,021.00","3,023.60","3,019.76",1673726,5054244285.8,82046,1157804.0,69.18
2025-06-17,M&M,EQ,"3,023.60","3,043.00","3,043.00","2,994.00","3,008.00","3,007.20","3,008.48",1455355,4378404686.1,113661,909840.0,62.52
2025-06-18,M&M,EQ,"3,007.20","3,000.00","3,074.90","2,986.60","3,038.00","3,041.10","3,043.90",2161043,6577997630.3,93881,1080142.0,49.98
2025-06-19,M&M,EQ,"3,041.10","3,038.00","3,106.90","3,034.20","3,089.00","3,094.80","3,082.49",2482920,7653564735.1,107167,1141839.0,45.99
2025-06-20,M&M,EQ,"3,094.80","3,100.00","3,203.00","3,090.30","3,189.90","3,184.40","3,173.67",8315834,26391740253.1,233029,5748231.0,69.12
2025-06-23,M&M,EQ,"3,184.40","3,163.60","3,184.40","3,122.70","3,136.00","3,135.00","3,141.92",1731432,5440016795.6,96994,816382.0,47.15
2025-06-24,M&M,EQ,"3,135.00","3,155.10","3,216.60","3,136.80","3,156.20","3,150.10","3,177.77",2834887,9008622103.8,151693,1255072.0,44.27
2025-06-25,M&M,EQ,"3,150.10","3,180.00","3,225.50","3,160.50","3,218.00","3,215.50","3,195.35",2078771,6642406851.1,101906,1259543.0,60.59
2025-06-26,M&M,EQ,"3,215.50","3,225.90","3,238.00","3,183.50","3,203.20","3,215.80","3,208.13",2907261,9326873893.2,161956,1691206.0,58.17
2025-06-27,M&M,EQ,"3,215.80","3,205.00","3,241.50","3,187.10","3,220.00","3,203.30","3,206.86",5098406,16349856926.0,176163,3920621.0,76.90
2025-06-30,M&M,EQ,"3,203.30","3,205.40","3,219.80","3,161.00","3,178.80","3,183.20","3,184.38",2083572,6634893924.0,111475,1348672.0,64.73
2025-07-01,M&M,EQ,"3,183.20","3,188.00","3,218.00","3,168.20","3,176.00","3,176.10","3,188.97",1407074,4487121750.1,90034,712564.0,50.64
2025-07-02,M&M,EQ,"3,176.10","3,168.00","3,202.70","3,153.70","3,164.80","3,165.20","3,172.44",1559309,4946821700.0,76219,1003866.0,64.38
2025-07-03,M&M,EQ,"3,165.20","3,165.20","3,221.00","3,164.80","3,175.60","3,174.40","3,196.86",2102806,6722367311.2,98684,1176494.0,55.95
2025-07-04,M&M,EQ,"3,174.40","3,161.10","3,177.00","3,134.10","3,162.00","3,162.50","3,155.27",968006,3054321981.6,63482,452159.0,46.71
2025-07-07,M&M,EQ,"3,162.50","3,162.50","3,173.00","3,152.10","3,158.00","3,160.20","3,163.69",853459,2700077746.0,68501,558959.0,65.49
2025-07-08,M&M,EQ,"3,160.20","3,150.00","3,168.00","3,123.00","3,163.00","3,157.90","3,145.25",1513129,4759168871.9,120541,837618.0,55.36
2025-07-09,M&M,EQ,"3,157.90","3,145.00","3,189.00","3,141.00","3,175.00","3,176.30","3,174.88",1245661,3954824484.6,69074,762378.0,61.20
2025-07-10,M&M,EQ,"3,176.30","3,172.10","3,192.60","3,137.60","3,160.00","3,162.40","3,161.04",1701384,5378135216.6,84149,1058849.0,62.23
2025-07-11,M&M,EQ,"3,162.40","3,158.00","3,162.40","3,062.40","3,069.90","3,073.20","3,091.91",3041614,9404399177.8,150131,1995409.0,65.60
2025-07-14,M&M,EQ,"3,073.20","3,072.80","3,104.80","3,053.60","3,093.20","3,092.10","3,089.15",2958843,9140320464.2,93030,2112495.0,71.40
2025-07-15,M&M,EQ,"3,092.10","3,086.10","3,148.30","3,082.90","3,135.00","3,128.60","3,123.96",2826720,8830561477.6,123399,2015205.0,71.29
2025-07-16,M&M,EQ,"3,128.60","3,128.60","3,210.00","3,082.40","3,203.00","3,196.50","3,154.19",2892812,9124466835.8,140712,1710748.0,59.14
2025-07-17,M&M,EQ,"3,196.50","3,186.30","3,238.00","3,171.00","3,216.00","3,195.00","3,192.87",3267180,10431677227.0,125112,1998058.0,61.16
2025-07-18,M&M,EQ,"3,195.00","3,208.00","3,252.00","3,176.70","3,199.00","3,192.40","3,202.66",2040381,6534636726.9,126629,1096179.0,53.72
2025-07-21,M&M,EQ,"3,192.40","3,177.00","3,253.60","3,152.80","3,246.30","3,246.70","3,223.16",2436535,7853338648.5,129022,1379673.0,56.62
2025-07-22,M&M,EQ,"3,246.70","3,246.70","3,271.90","3,210.50","3,260.00","3,257.20","3,242.64",1854072,6012096306.2,131531,952159.0,51.36
2025-07-23,M&M,EQ,"3,257.20","3,260.00","3,303.00","3,248.00","3,265.00","3,268.80","3,274.46",2159800,7072173921.4,120588,1154275.0,53.44
2025-07-24,M&M,EQ,"3,268.80","3,255.00","3,286.50","3,243.70","3,245.00","3,260.90","3,264.66",1469406,4797113228.7,108929,951732.0,64.77
2025-07-25,M&M,EQ,"3,260.90","3,256.00","3,259.00","3,214.00","3,245.00","3,246.40","3,237.82",1475856,4778558496.3,74302,962014.0,65.18
2025-07-28,M&M,EQ,"3,246.40","3,246.40","3,256.90","3,199.20","3,210.00","3,209.80","3,219.27",1939520,6243845327.8,111553,1355716.0,69.90
2025-07-29,M&M,EQ,"3,209.80","3,203.00","3,225.90","3,186.60","3,207.00","3,199.40","3,203.08",1824673,5844575813.7,132200,1271369.0,69.68
2025-07-30,M&M,EQ,"3,199.40","3,195.00","3,241.60","3,151.90","3,225.00","3,208.90","3,191.71",2199654,7020666358.4,155483,1205888.0,54.82
2025-07-31,M&M,EQ,"3,208.90","3,225.00","3,238.20","3,135.60","3,197.50","3,203.10","3,199.17",4465859,14287051740.9,242288,2013788.0,45.09
2025-08-01,M&M,EQ,"3,203.10","3,205.00","3,205.00","3,116.70","3,165.00","3,159.30","3,160.76",3781457,11952281862.4,183054,2017323.0,53.35
2025-08-04,M&M,EQ,"3,159.30","3,170.00","3,223.00","3,160.00","3,197.60","3,200.20","3,200.23",2684012,8589444766.9,101458,1577253.0,58.76
2025-08-05,M&M,EQ,"3,200.20","3,195.00","3,222.00","3,170.10","3,213.00","3,212.20","3,198.75",1805644,5775796842.2,94042,1108471.0,61.39
2025-08-06,M&M,EQ,"3,212.20","3,212.20","3,240.10","3,178.60","3,240.10","3,227.50","3,212.42",1866321,5995414551.8,101809,1283000.0,68.74
2025-08-07,M&M,EQ,"3,227.50","3,198.00","3,229.60","3,161.10","3,206.00","3,211.10","3,203.57",2374621,7607259640.9,96751,1555640.0,65.51
2025-08-08,M&M,EQ,"3,211.10","3,207.00","3,214.90","3,135.60","3,141.80","3,144.20","3,169.17",1721037,5454253481.6,135295,1115991.0,64.84
2025-08-11,M&M,EQ,"3,144.20","3,150.90","3,230.00","3,130.30","3,184.10","3,186.20","3,169.91",2046761,6488040275.7,132454,1404479.0,68.62
2025-08-12,M&M,EQ,"3,186.20","3,186.10","3,253.00","3,185.10","3,236.00","3,236.50","3,235.18",3315978,10727784089.5,152785,2139543.0,64.52
2025-08-13,M&M,EQ,"3,236.50","3,255.00","3,300.00","3,238.70","3,294.00","3,282.20","3,273.00",2436029,7973134836.8,114569,1519092.0,62.36
2025-08-14,M&M,EQ,"3,282.20","3,273.20","3,313.50","3,262.00","3,265.00","3,265.40","3,276.60",1508721,4943476384.1,104267,906289.0,60.07
2025-08-18,M&M,EQ,"3,265.40","3,350.00","3,432.00","3,335.30","3,379.00","3,383.10","3,401.48",5787481,19686000130.2,329583,3699413.0,63.92
2025-08-19,M&M,EQ,"3,383.10","3,400.00","3,403.90","3,338.10","3,357.00","3,354.00","3,367.12",2596242,8741854869.2,214611,1705328.0,65.68
2025-08-20,M&M,EQ,"3,354.00","3,354.10","3,404.20","3,335.00","3,392.00","3,395.60","3,374.40",2957816,9980849538.8,176971,2120951.0,71.71
2025-08-21,M&M,EQ,"3,395.60","3,410.00","3,410.00","3,370.00","3,377.50","3,375.10","3,387.18",1964795,6655107263.6,112757,1262106.0,64.24
2025-08-22,M&M,EQ,"3,375.10","3,380.00","3,420.00","3,375.40","3,400.10","3,403.00","3,399.83",2509867,8533131905.2,129261,1758254.0,70.05
2025-08-25,M&M,EQ,"3,403.00","3,428.00","3,429.00","3,381.80","3,400.00","3,398.90","3,396.86",1859862,6317685152.4,132740,1246324.0,67.01
2025-08-26,M&M,EQ,"3,398.90","3,395.00","3,414.00","3,318.10","3,340.00","3,330.80","3,354.33",3122442,10473688991.0,145646,2034087.0,65.14
2025-08-28,M&M,EQ,"3,330.80","3,375.00","3,375.00","3,287.30","3,301.00","3,295.30","3,308.84",2936428,9716160339.2,180770,1498033.0,51.02
2025-08-29,M&M,EQ,"3,295.30","3,271.00","3,280.00","3,187.00","3,200.00","3,199.50","3,213.52",3017625,9697194403.8,207686,1616689.0,53.57
2025-09-01,M&M,EQ,"3,199.50","3,191.10","3,324.90","3,191.10","3,312.00","3,315.40","3,278.35",3525726,11558558577.6,174792,2166140.0,61.44
2025-09-02,M&M,EQ,"3,315.40","3,325.00","3,330.00","3,223.00","3,238.00","3,234.50","3,270.24",3073407,10050775941.0,181109,1366099.0,44.45
2025-09-03,M&M,EQ,"3,234.50","3,269.00","3,293.70","3,232.80","3,288.00","3,286.00","3,266.31",2672659,8729729375.6,121638,1408290.0,52.69
2025-09-04,M&M,EQ,"3,286.00","3,527.00","3,550.00","3,463.40","3,480.00","3,481.50","3,494.72",7600320,26560976128.4,353688,3722778.0,48.98
2025-09-05,M&M,EQ,"3,481.50","3,511.00","3,577.80","3,481.50","3,562.90","3,561.30","3,554.30",3700943,13154258911.7,190252,1558866.0,42.12
2025-09-08,M&M,EQ,"3,561.30","3,585.00","3,715.20","3,579.10","3,704.20","3,701.40","3,673.43",4623789,16985171650.0,220538,2461463.0,53.23
2025-09-09,M&M,EQ,"3,701.40","3,702.20","3,723.80","3,673.10","3,702.00","3,696.30","3,696.11",2879258,10642060040.7,194157,1396612.0,48.51
2025-09-10,M&M,EQ,"3,696.30","3,702.00","3,708.90","3,591.40","3,609.00","3,604.40","3,624.04",2298202,8328764832.9,149195,1176435.0,51.19
2025-09-11,M&M,EQ,"3,604.40","3,620.00","3,647.90","3,580.00","3,597.00","3,595.70","3,597.27",1949934,7014430014.5,128933,1057975.0,54.26
2025-09-12,M&M,EQ,"3,595.70","3,594.90","3,641.00","3,582.00","3,591.00","3,589.90","3,599.07",2839264,10218704650.1,129437,1982368.0,69.82
2025-09-15,M&M,EQ,"3,589.90","3,590.00","3,603.40","3,526.60","3,530.30","3,530.30","3,544.99",2550444,9041291874.4,140495,1903461.0,74.63
2025-09-16,M&M,EQ,"3,530.30","3,545.00","3,619.90","3,528.90","3,612.00","3,608.00","3,580.21",2465043,8825361957.9,117952,1222837.0,49.61
2025-09-17,M&M,EQ,"3,608.00","3,608.00","3,644.90","3,593.10","3,635.00","3,633.20","3,625.72",2237804,8113652038.5,92659,1364428.0,60.97
2025-09-18,M&M,EQ,"3,633.20","3,636.10","3,650.00","3,603.30","3,637.00","3,642.20","3,629.28",2480472,9002315211.4,107896,1735583.0,69.97
2025-09-19,M&M,EQ,"3,642.20","3,601.00","3,636.70","3,584.50","3,600.90","3,592.10","3,602.33",4018342,14475407169.3,116789,3068776.0,76.37
2025-09-22,M&M,EQ,"3,592.10","3,600.00","3,616.60","3,569.30","3,585.00","3,584.80","3,592.08",1664133,5977694949.5,80506,1096368.0,65.88
2025-09-23,M&M,EQ,"3,584.80","3,610.00","3,679.20","3,606.80","3,610.00","3,614.60","3,627.06",2523224,9151889431.9,126861,1208006.0,47.88
2025-09-24,M&M,EQ,"3,614.60","3,614.50","3,626.30","3,568.00","3,580.50","3,574.90","3,593.60",1320014,4743596986.0,99535,756135.0,57.28
2025-09-25,M&M,EQ,"3,574.90","3,579.90","3,584.10","3,521.80","3,538.20","3,530.00","3,545.18",2106344,7467376220.7,120749,1321489.0,62.74
2025-09-26,M&M,EQ,"3,530.00","3,510.00","3,547.50","3,391.60","3,400.00","3,396.50","3,438.21",3046760,10475389442.7,211846,2025745.0,66.49
2025-09-29,M&M,EQ,"3,396.50","3,419.00","3,458.00","3,405.00","3,433.10","3,418.10","3,431.03",3175716,10895980137.6,211089,2141544.0,67.43
2025-09-30,M&M,EQ,"3,418.10","3,420.00","3,454.00","3,393.10","3,435.00","3,427.00","3,425.21",2611078,8943478480.4,121816,1671536.0,64.02
2025-10-01,M&M,EQ,"3,427.00","3,419.20","3,501.00","3,415.50","3,468.50","3,463.40","3,467.09",2364844,8199117035.7,120394,1259560.0,53.26
2025-10-03,M&M,EQ,"3,463.40","3,462.10","3,492.40","3,404.20","3,460.00","3,462.00","3,445.02",2357702,8122329194.8,122072,1534565.0,65.09
2025-10-06,M&M,EQ,"3,462.00","3,462.00","3,480.00","3,425.10","3,476.00","3,472.00","3,463.48",1156082,4004068116.5,71226,615108.0,53.21
2025-10-07,M&M,EQ,"3,472.00","3,468.10","3,521.40","3,465.10","3,497.00","3,492.80","3,491.83",1508939,5268952345.4,88944,674314.0,44.69
2025-10-08,M&M,EQ,"3,492.80","3,500.00","3,509.70","3,422.60","3,425.00","3,426.50","3,447.19",1444911,4980886190.2,96223,890449.0,61.63
2025-10-09,M&M,EQ,"3,426.50","3,450.00","3,475.00","3,424.00","3,436.00","3,442.90","3,441.65",1997853,6875919859.4,99935,1023944.0,51.25
2025-10-10,M&M,EQ,"3,442.90","3,425.00","3,473.90","3,395.70","3,454.00","3,454.90","3,444.15",1416272,4877854709.3,98132,728084.0,51.41
2025-10-13,M&M,EQ,"3,454.90","3,432.00","3,470.00","3,432.00","3,457.00","3,459.70","3,456.02",1090517,3768849508.8,98582,585933.0,53.73
2025-10-14,M&M,EQ,"3,459.70","3,469.90","3,487.10","3,428.00","3,453.00","3,459.80","3,453.14",1518505,5243614247.8,88544,753551.0,49.62
2025-10-15,M&M,EQ,"3,459.80","3,461.00","3,500.00","3,460.00","3,494.40","3,497.20","3,490.86",1319445,4605999810.8,74577,854770.0,64.78
2025-10-16,M&M,EQ,"3,497.20","3,503.00","3,573.20","3,498.30","3,563.90","3,560.80","3,552.62",2125552,7551275887.7,149417,1096542.0,51.59
2025-10-17,M&M,EQ,"3,560.80","3,561.00","3,656.00","3,560.10","3,656.00","3,647.20","3,629.84",3339579,12122153989.0,143948,1957224.0,58.61
2025-10-20,M&M,EQ,"3,647.20","3,674.00","3,676.00","3,593.00","3,596.70","3,599.10","3,630.88",2827250,10265393771.2,120487,1947713.0,68.89
2025-10-21,M&M,EQ,"3,599.10","3,608.20","3,628.10","3,604.30","3,606.00","3,621.20","3,621.39",286950,1039157741.1,28419,184835.0,64.43
2025-10-23,M&M,EQ,"3,621.20","3,632.10","3,650.00","3,600.00","3,627.50","3,623.60","3,627.70",3724956,13513026368.1,175986,2331507.0,62.59
2025-10-24,M&M,EQ,"3,623.60","3,630.00","3,655.30","3,615.10","3,618.20","3,625.00","3,633.70",1654500,6011948836.1,86815,1042405.0,63.00
2025-10-27,M&M,EQ,"3,625.00","3,626.80","3,635.30","3,593.00","3,616.00","3,611.60","3,612.50",1440893,5205219258.2,115594,923106.0,64.06
2025-10-28,M&M,EQ,"3,611.60","3,605.00","3,624.90","3,562.00","3,581.00","3,579.10","3,591.79",2851093,10240538836.5,134052,1340973.0,47.03
2025-10-29,M&M,EQ,"3,579.10","3,580.00","3,583.50","3,522.10","3,539.50","3,534.70","3,539.66",2526473,8942852378.1,116799,1672267.0,66.19
2025-10-30,M&M,EQ,"3,534.70","3,540.00","3,550.00","3,496.00","3,503.00","3,502.10","3,509.41",2103351,7381525198.1,154066,1440733.0,68.50
2025-10-31,M&M,EQ,"3,502.10","3,516.10","3,526.70","3,483.70","3,490.60","3,487.20","3,497.71",1915577,6700139749.6,86391,1423681.0,74.32
2025-11-03,M&M,EQ,"3,487.20","3,511.00","3,590.00","3,511.00","3,553.20","3,548.90","3,553.25",1776510,6312377054.9,101811,968536.0,54.52
2025-11-04,M&M,EQ,"3,548.90","3,548.60","3,632.80","3,537.20","3,584.30","3,581.20","3,579.83",3494428,12509454839.6,158797,1576038.0,45.10
2025-11-06,M&M,EQ,"3,581.20","3,625.00","3,674.70","3,586.30","3,615.10","3,618.50","3,632.90",4535984,16478792759.1,236481,2497541.0,55.06
2025-11-07,M&M,EQ,"3,618.50","3,615.60","3,718.00","3,566.80","3,685.00","3,690.20","3,657.39",2595934,9494349340.4,114599,1497107.0,57.67
2025-11-10,M&M,EQ,"3,690.20","3,690.20","3,715.80","3,645.10","3,666.00","3,663.90","3,670.99",1620889,5950269334.7,108575,927400.0,57.22
2025-11-11,M&M,EQ,"3,663.90","3,699.90","3,759.00","3,670.00","3,745.10","3,749.10","3,718.02",3044040,11317814134.9,151361,1524811.0,50.09
2025-11-12,M&M,EQ,"3,749.10","3,761.00","3,781.00","3,740.00","3,740.30","3,754.30","3,759.25",1984901,7461745051.3,122975,1311813.0,66.09
2025-11-13,M&M,EQ,"3,754.30","3,748.20","3,754.10","3,690.20","3,699.40","3,699.50","3,722.97",1599079,5953330624.9,82467,854417.0,53.43
2025-11-14,M&M,EQ,"3,699.50","3,700.00","3,716.80","3,660.50","3,698.00","3,698.60","3,694.19",1847028,6823270329.9,99835,1226646.0,66.41
2025-11-17,M&M,EQ,"3,698.60","3,710.00","3,754.50","3,682.30","3,731.70","3,734.90","3,731.18",2094008,7813120933.7,113027,1418085.0,67.72
2025-11-18,M&M,EQ,"3,734.90","3,718.50","3,732.70","3,688.00","3,699.00","3,694.80","3,704.51",2613743,9682641192.0,80348,1856129.0,71.01
2025-11-19,M&M,EQ,"3,694.80","3,695.00","3,746.50","3,667.80","3,718.00","3,722.50","3,719.32",1626043,6047772644.5,79016,1072009.0,65.93
2025-11-20,M&M,EQ,"3,722.50","3,744.80","3,759.00","3,711.10","3,711.80","3,716.70","3,734.77",1815617,6780919678.0,109216,1223759.0,67.40
2025-11-21,M&M,EQ,"3,716.70","3,730.00","3,779.00","3,726.00","3,747.00","3,749.60","3,758.37",3184145,11967179242.9,133438,1787061.0,56.12
2025-11-24,M&M,EQ,"3,749.60","3,745.10","3,749.50","3,677.20","3,687.00","3,690.80","3,698.21",4059935,15014484799.6,173533,3019887.0,74.38
2025-11-25,M&M,EQ,"3,690.80","3,687.00","3,695.80","3,653.00","3,660.70","3,669.30","3,675.94",1714176,6301202655.3,112437,966524.0,56.38
2025-11-26,M&M,EQ,"3,669.30","3,681.00","3,708.00","3,669.30","3,686.40","3,686.40","3,686.10",2116524,7801710688.4,102699,1315000.0,62.13
2025-11-27,M&M,EQ,"3,686.40","3,701.50","3,717.60","3,665.00","3,679.00","3,681.20","3,684.90",1993274,7345023294.1,125917,1191871.0,59.79
2025-11-28,M&M,EQ,"3,681.20","3,692.00","3,768.90","3,690.10","3,761.00","3,757.30","3,749.96",2944457,11041589221.5,150530,1578092.0,53.60
2025-12-01,M&M,EQ,"3,757.30","3,790.00","3,795.00","3,730.00","3,733.00","3,741.60","3,755.36",1830158,6872904233.5,124425,987225.0,53.94
2025-12-02,M&M,EQ,"3,741.60","3,722.80","3,748.00","3,705.50","3,720.90","3,716.50","3,721.62",2285922,8507325850.3,108543,1266571.0,55.41
2025-12-03,M&M,BL,"3,449.00","3,665.00","3,665.00","3,665.00","3,665.00","3,665.00","3,665.00",274288,1005265520.0,1,,-
2025-12-04,M&M,EQ,"3,649.40","3,675.00","3,678.20","3,620.20","3,670.00","3,671.60","3,662.60",1984001,7266608912.7,114158,1316332.0,66.35
2025-12-05,M&M,EQ,"3,671.60","3,659.30","3,721.50","3,642.50","3,708.30","3,717.10","3,704.63",2393280,8866205885.3,80840,1465642.0,61.24
2025-12-08,M&M,EQ,"3,717.10","3,720.00","3,725.00","3,671.60","3,679.00","3,681.70","3,689.44",1500195,5534885312.7,97521,827104.0,55.13
2025-12-09,M&M,EQ,"3,681.70","3,658.00","3,674.40","3,604.50","3,648.40","3,635.90","3,633.20",3901255,14174028840.0,159487,2475149.0,63.44
2025-12-10,M&M,EQ,"3,635.90","3,660.00","3,694.90","3,626.20","3,633.40","3,630.00","3,654.49",1593915,5824943872.1,99751,972873.0,61.04
2025-12-11,M&M,EQ,"3,630.00","3,623.40","3,669.10","3,615.90","3,658.60","3,665.20","3,642.92",981456,3575366554.5,81623,494077.0,50.34
2025-12-12,M&M,EQ,"3,665.20","3,665.40","3,695.00","3,661.30","3,679.10","3,679.60","3,679.41",1078982,3970013397.3,88836,789591.0,73.18
2025-12-15,M&M,EQ,"3,679.60","3,632.00","3,665.40","3,603.60","3,609.70","3,608.00","3,619.21",1704069,6167380944.3,152694,1085048.0,63.67
2025-12-16,M&M,EQ,"3,608.00","3,581.00","3,633.50","3,577.90","3,628.90","3,621.00","3,617.75",1394406,5044617192.8,108047,821666.0,58.93
2025-12-17,M&M,EQ,"3,621.00","3,647.90","3,647.90","3,594.00","3,612.50","3,612.80","3,612.94",1209367,4369365281.5,103978,784289.0,64.85
2025-12-18,M&M,EQ,"3,612.80","3,600.00","3,611.90","3,540.10","3,585.00","3,586.60","3,568.76",2446168,8729793973.5,142491,1504816.0,61.52
2025-12-19,M&M,EQ,"3,586.60","3,571.00","3,615.00","3,560.00","3,605.00","3,603.60","3,598.04",1647819,5928915962.4,93791,1126245.0,68.35
2025-12-22,M&M,EQ,"3,603.60","3,600.00","3,625.00","3,576.90","3,612.50","3,616.70","3,606.92",1400786,5052526395.2,108908,899452.0,64.21
2025-12-23,M&M,EQ,"3,616.70","3,619.20","3,637.50","3,605.00","3,622.00","3,625.10","3,621.54",1413628,5119509275.8,95084,752026.0,53.20
2025-12-24,M&M,EQ,"3,625.10","3,624.60","3,658.00","3,612.10","3,636.10","3,636.70","3,640.27",842897,3068368459.7,53785,481991.0,57.18
2025-12-26,M&M,EQ,"3,636.70","3,636.70","3,647.00","3,614.60","3,627.00","3,623.10","3,626.77",829910,3009890089.1,38529,576999.0,69.53
2025-12-29,M&M,EQ,"3,623.10","3,622.70","3,640.20","3,588.10","3,595.00","3,592.10","3,614.18",1034692,3739565908.1,59021,670941.0,64.84
2025-12-30,M&M,EQ,"3,592.10","3,590.00","3,666.00","3,575.20","3,660.00","3,660.30","3,646.84",2063179,7524077539.0,123302,1266316.0,61.38
2025-12-31,M&M,EQ,"3,660.30","3,653.00","3,723.60","3,640.40","3,716.00","3,709.20","3,684.25",1868363,6883522424.6,105249,1192725.0,63.84
2026-01-01,M&M,EQ,"3,709.20","3,725.00","3,774.00","3,721.10","3,755.00","3,761.00","3,756.90",1498161,5628441048.0,95505,540724.0,36.09
2026-01-02,M&M,EQ,"3,761.00","3,759.90","3,812.00","3,743.20","3,801.00","3,802.40","3,797.33",1478292,5613565429.2,119277,773276.0,52.31
2026-01-05,M&M,EQ,"3,802.40","3,805.90","3,839.90","3,785.00","3,790.00","3,790.30","3,809.25",1574098,5996125123.3,99676,1050225.0,66.72
2026-01-06,M&M,EQ,"3,790.30","3,788.00","3,819.10","3,758.10","3,787.00","3,785.60","3,776.88",1299489,4908017597.5,74634,735101.0,56.57
2026-01-07,M&M,EQ,"3,785.60","3,800.00","3,808.60","3,718.50","3,755.00","3,748.80","3,754.25",1046776,3929860377.6,88136,610550.0,58.33
2026-01-08,M&M,EQ,"3,748.80","3,730.00","3,756.80","3,693.20","3,715.00","3,724.00","3,725.81",1261005,4698269114.9,90546,663692.0,52.63
2026-01-09,M&M,EQ,"3,724.00","3,712.10","3,748.50","3,667.10","3,679.00","3,677.30","3,696.91",1235928,4569116950.0,80815,679319.0,54.96
2026-01-12,M&M,EQ,"3,677.30","3,675.30","3,717.00","3,598.80","3,685.00","3,682.00","3,656.44",1665237,6088843581.0,97831,779619.0,46.82
2026-01-13,M&M,EQ,"3,682.00","3,717.00","3,717.00","3,631.50","3,658.00","3,661.50","3,654.66",1700985,6216527829.5,102955,702241.0,41.28
2026-01-14,M&M,EQ,"3,661.50","3,663.00","3,682.00","3,635.10","3,646.50","3,649.50","3,655.07",1573135,5749921740.8,132116,1020657.0,64.88
2026-01-16,M&M,BL,"3,665.00","3,666.00","3,666.00","3,666.00","3,666.00","3,666.00","3,666.00",163487,599343342.0,1,,-
2026-01-19,M&M,EQ,"3,658.20","3,689.00","3,689.00","3,614.00","3,662.90","3,657.40","3,649.89",1715818,6262553142.7,108381,975119.0,56.83
2026-01-20,M&M,EQ,"3,657.40","3,646.00","3,677.50","3,540.00","3,557.50","3,557.50","3,598.28",1753439,6309358267.9,132221,994347.0,56.71
2026-01-21,M&M,EQ,"3,557.50","3,543.00","3,586.70","3,517.10","3,560.00","3,553.30","3,552.50",1587467,5639473929.7,135680,984572.0,62.02
2026-01-22,M&M,EQ,"3,553.30","3,600.00","3,620.00","3,533.40","3,578.00","3,573.70","3,566.97",2107171,7516217772.2,104976,1243128.0,59.00
2026-01-23,M&M,EQ,"3,573.70","3,573.70","3,596.00","3,534.80","3,555.00","3,543.40","3,561.01",1922549,6846214915.6,97459,1347224.0,70.07
2026-01-27,M&M,EQ,"3,543.40","3,437.20","3,497.70","3,344.10","3,392.90","3,393.50","3,396.79",7139715,24252090651.9,345827,4241175.0,59.40
2026-01-28,M&M,EQ,"3,393.50","3,379.00","3,456.90","3,376.00","3,450.30","3,449.20","3,422.39",3964878,13569356916.4,174289,2582012.0,65.12
2026-01-29,M&M,EQ,"3,449.20","3,449.20","3,479.60","3,321.00","3,388.10","3,384.40","3,364.46",5592638,18816199115.6,196343,3547676.0,63.43
2026-01-30,M&M,EQ,"3,384.40","3,283.00","3,452.40","3,282.80","3,444.30","3,431.80","3,394.56",5291090,17960922575.4,189473,3577533.0,67.61
2026-02-01,M&M,EQ,"3,431.80","3,444.30","3,525.00","3,343.00","3,362.00","3,363.80","3,436.11",1608594,5527305421.4,82282,590541.0,36.71
2026-02-02,M&M,EQ,"3,363.80","3,355.00","3,472.10","3,343.70","3,455.00","3,463.20","3,412.69",2950641,10069622028.8,163507,1760942.0,59.68
2026-02-03,M&M,EQ,"3,463.20","3,638.00","3,643.80","3,513.00","3,530.00","3,527.90","3,559.47",5492214,19549361476.2,240793,3292803.0,59.95
2026-02-04,M&M,EQ,"3,527.90","3,549.00","3,620.00","3,519.10","3,574.90","3,574.00","3,583.82",2395062,8583479893.9,174320,1298725.0,54.23
2026-02-05,M&M,EQ,"3,574.00","3,592.00","3,598.80","3,528.10","3,575.00","3,572.00","3,566.77",1251428,4463552019.2,108408,674131.0,53.87
2026-02-06,M&M,EQ,"3,572.00","3,577.00","3,590.00","3,530.60","3,580.00","3,578.00","3,564.62",1462031,5211583214.5,84850,950526.0,65.01
2026-02-09,M&M,EQ,"3,578.00","3,593.80","3,619.10","3,557.10","3,616.00","3,609.60","3,602.61",1294690,4664267168.2,79678,685621.0,52.96
2026-02-10,M&M,EQ,"3,609.60","3,616.30","3,699.00","3,601.00","3,677.00","3,675.80","3,664.62",1917432,7026663761.1,126715,1038059.0,54.14
2026-02-11,M&M,BL,"3,666.00","3,677.00","3,677.00","3,677.00","3,677.00","3,677.00","3,677.00",80300,295263100.0,1,,-
2026-02-12,M&M,EQ,"3,674.90","3,698.20","3,699.00","3,582.20","3,590.00","3,593.10","3,619.03",2554236,9243849569.0,147214,1228810.0,48.11
2026-02-13,M&M,EQ,"3,593.10","3,530.00","3,596.50","3,520.30","3,533.00","3,533.40","3,556.03",1632115,5803847085.2,127136,917838.0,56.24
2026-02-16,M&M,EQ,"3,533.40","3,535.00","3,549.50","3,469.00","3,506.30","3,509.70","3,504.87",1562001,5474612063.8,89136,873043.0,55.89
2026-02-17,M&M,EQ,"3,509.70","3,509.70","3,515.80","3,462.00","3,488.40","3,489.20","3,480.16",1991583,6931024436.5,80133,1217426.0,61.13
2026-02-18,M&M,EQ,"3,489.20","3,491.10","3,545.00","3,483.20","3,543.00","3,530.50","3,505.07",1682427,5897023535.0,61192,1057963.0,62.88
2026-02-19,M&M,EQ,"3,530.50","3,534.90","3,546.50","3,421.30","3,427.00","3,431.80","3,465.40",2479531,8592574883.1,117566,1475714.0,59.52
2026-02-20,M&M,EQ,"3,431.80","3,443.00","3,449.90","3,402.50","3,417.00","3,412.80","3,418.30",2260853,7728281619.2,143949,1463310.0,64.72
2026-02-23,M&M,EQ,"3,412.80","3,425.00","3,457.60","3,416.90","3,435.00","3,447.10","3,444.91",1789276,6163887641.5,130536,1120279.0,62.61
2026-02-24,M&M,EQ,"3,447.10","3,415.00","3,441.00","3,390.00","3,440.00","3,433.20","3,422.67",1929400,6603708111.6,97515,1304506.0,67.61
2026-02-25,M&M,EQ,"3,433.20","3,435.00","3,500.90","3,425.40","3,480.00","3,491.30","3,477.69",2273269,7905718227.1,113036,1541408.0,67.81
2026-02-26,M&M,EQ,"3,491.30","3,505.00","3,507.00","3,461.60","3,480.00","3,484.60","3,483.27",1998012,6959615790.4,180268,1361033.0,68.12
2026-02-27,M&M,EQ,"3,484.60","3,460.00","3,488.10","3,381.10","3,402.60","3,397.40","3,416.42",3765500,12864513716.6,185856,2852253.0,75.75
2026-03-02,M&M,EQ,"3,397.40","3,299.90","3,374.90","3,283.00","3,324.80","3,334.30","3,322.56",2997529,9959455449.8,216425,1638680.0,54.67
2026-03-04,M&M,EQ,"3,334.30","3,240.00","3,278.10","3,207.90","3,269.50","3,264.30","3,246.91",4537215,14731944105.2,290136,2922414.0,64.41
2026-03-05,M&M,BL,"3,677.00","3,264.30","3,264.30","3,264.30","3,264.30","3,264.30","3,264.30",94120,307235916.0,1,,-
2026-03-06,M&M,EQ,"3,348.00","3,315.00","3,367.00","3,315.00","3,333.00","3,332.50","3,342.41",2084605,6967595282.0,127319,1447901.0,69.46
2026-03-09,M&M,EQ,"3,332.50","3,250.00","3,250.00","3,142.90","3,184.50","3,187.60","3,177.41",3961149,12586185934.2,208741,2340528.0,59.09
2026-03-10,M&M,EQ,"3,187.60","3,278.00","3,309.40","3,228.90","3,296.00","3,293.70","3,264.88",2672336,8724852333.6,150638,1573215.0,58.87
2026-03-11,M&M,EQ,"3,293.70","3,276.00","3,292.90","3,156.00","3,178.00","3,168.20","3,206.85",4574950,14671188631.5,270477,3130375.0,68.42
2026-03-12,M&M,EQ,"3,168.20","3,115.10","3,142.80","3,020.00","3,029.10","3,031.20","3,056.55",6968585,21299817984.8,280715,4694238.0,67.36
2026-03-13,M&M,EQ,"3,031.20","2,965.00","3,025.00","2,922.60","2,940.00","2,931.10","2,971.75",7217643,21449059382.9,268935,4949072.0,68.57
2026-03-16,M&M,EQ,"2,931.10","2,902.00","3,043.70","2,896.00","3,029.00","3,036.10","2,982.46",5378638,16041545970.7,278271,3270946.0,60.81
2026-03-17,M&M,EQ,"3,036.10","3,052.00","3,139.30","3,024.50","3,122.50","3,128.90","3,109.43",3491894,10857811662.0,196398,1824323.0,52.24
2026-03-18,M&M,EQ,"3,128.90","3,140.10","3,236.20","3,140.10","3,212.10","3,214.60","3,207.59",3746758,12018050322.3,193567,2279937.0,60.85
2026-03-19,M&M,EQ,"3,214.60","3,136.30","3,147.90","3,032.60","3,059.80","3,045.40","3,090.07",3059501,9454071522.5,231121,1715936.0,56.09
2026-03-20,M&M,EQ,"3,045.40","3,059.20","3,106.60","3,043.20","3,075.00","3,066.10","3,069.55",4471960,13726888143.0,244968,2793383.0,62.46
2026-03-23,M&M,EQ,"3,066.10","3,015.10","3,019.70","2,935.00","2,948.50","2,955.80","2,966.98",3978740,11804856445.6,235232,2487023.0,62.51
2026-03-24,M&M,EQ,"2,955.80","3,030.00","3,057.30","2,965.90","3,041.00","3,031.30","3,016.20",3944279,11896716470.1,194144,2169369.0,55.00
2026-03-25,M&M,EQ,"3,031.30","3,099.90","3,157.90","3,082.90","3,125.10","3,128.10","3,130.00",3328790,10419104590.5,187482,2042426.0,61.36
2026-03-27,M&M,EQ,"3,128.10","3,100.00","3,105.20","3,030.00","3,044.00","3,041.30","3,055.94",3155168,9642015334.5,177241,1867766.0,59.20
2026-03-30,M&M,EQ,"3,041.30","2,980.00","3,023.70","2,945.00","2,963.90","2,954.70","2,969.19",5416854,16083649932.1,185688,2477803.0,45.74
2026-04-01,M&M,EQ,"2,954.70","3,079.90","3,079.90","3,010.10","3,021.00","3,031.50","3,044.01",3522875,10723658219.6,205174,2088458.0,59.28
2026-04-02,M&M,EQ,"3,031.50","2,975.00","3,028.80","2,928.10","3,007.00","3,011.70","2,978.92",3297975,9824416094.7,208741,1856725.0,56.3
2026-04-06,M&M,EQ,"3,011.70","3,006.10","3,030.00","2,961.00","3,019.00","3,021.60","2,997.53",2554900,7658378608.9,128019,1246889.0,48.8
2026-04-07,M&M,EQ,"3,021.60","3,001.60","3,017.00","2,949.50","3,013.00","3,006.60","2,989.61",2292715,6854320009.0,120085,973069.0,42.44
2026-04-08,M&M,EQ,"3,006.60","3,125.00","3,231.00","3,109.00","3,212.50","3,210.10","3,203.75",4227961,13545329857.9,162425,2059584.0,48.71
2026-04-09,M&M,EQ,"3,210.10","3,179.90","3,199.90","3,131.00","3,158.00","3,166.80","3,167.45",3039565,9627663262.6,137000,1332583.0,43.84
2026-04-10,M&M,EQ,"3,166.80","3,180.00","3,270.00","3,180.00","3,266.00","3,259.80","3,245.12",2801451,9091031620.7,128798,1319885.0,47.11
2026-04-13,M&M,EQ,"3,259.80","3,194.60","3,249.20","3,183.10","3,210.00","3,220.20","3,221.99",3183080,10255837657.4,128512,1548121.0,48.64
2026-04-15,M&M,EQ,"3,220.20","3,250.00","3,301.90","3,225.00","3,259.00","3,256.50","3,266.32",2591177,8463616182.7,131416,1352750.0,52.21
2026-04-16,M&M,EQ,"3,256.50","3,273.00","3,288.00","3,201.00","3,220.00","3,222.30","3,233.99",2678634,8662680476.0,133295,1312897.0,49.01
2026-04-17,M&M,EQ,"3,222.30","3,210.00","3,242.50","3,185.00","3,202.00","3,200.20","3,210.26",2180404,6999663384.3,100571,1215745.0,55.76
2026-04-20,M&M,EQ,"3,200.20","3,207.00","3,235.50","3,162.60","3,212.50","3,221.60","3,209.22",3201466,10274203692.7,165825,1954463.0,61.05
2026-04-21,M&M,EQ,"3,221.60","3,212.00","3,262.30","3,212.00","3,247.80","3,247.30","3,246.87",1972188,6403436537.7,158296,1300038.0,65.92
2026-04-22,M&M,EQ,"3,247.30","3,214.10","3,249.90","3,143.00","3,150.00","3,149.70","3,191.43",3096787,9883172474.0,165176,2087569.0,67.41
2026-04-23,M&M,EQ,"3,149.70","3,105.00","3,114.70","3,032.20","3,060.00","3,047.70","3,063.65",4540875,13911642458.5,297648,2853452.0,62.84
2026-04-24,M&M,EQ,"3,047.70","3,047.70","3,089.00","3,035.00","3,040.00","3,038.40","3,054.78",2300917,7028787807.1,136776,1287980.0,55.98
2026-04-27,M&M,EQ,"3,038.40","3,050.00","3,114.00","3,050.00","3,104.80","3,102.40","3,093.06",1816150,5617465498.8,126716,1042278.0,57.39
2026-04-28,M&M,EQ,"3,102.40","3,115.90","3,144.00","3,075.00","3,084.80","3,088.10","3,101.04",2645344,8203313898.7,166246,1716066.0,64.87
2026-04-29,M&M,EQ,"3,088.10","3,100.00","3,192.00","3,092.00","3,149.00","3,152.30","3,164.12",3917359,12394981993.3,182960,2385289.0,60.89
2026-04-30,M&M,EQ,"3,152.30","3,105.40","3,117.30","3,047.00","3,094.20","3,097.50","3,082.32",3331158,10267694184.1,173354,1792710.0,53.82
2026-05-04,M&M,EQ,"3,097.50","3,131.50","3,172.00","3,081.50","3,109.90","3,106.50","3,122.93",2873467,8973635803.5,137558,1426313.0,49.64
2026-05-05,M&M,EQ,"3,106.50","3,114.00","3,222.00","3,070.20","3,220.80","3,210.80","3,148.50",6454419,20321725717.6,228022,2048549.0,31.74
2026-05-06,M&M,EQ,"3,210.80","3,245.00","3,315.70","3,243.50","3,297.00","3,300.80","3,286.03",6007370,19740371594.9,296505,2847266.0,47.4
2026-05-07,M&M,EQ,"3,300.80","3,311.90","3,399.00","3,305.00","3,366.00","3,370.70","3,369.81",4916193,16566650048.4,203900,2741887.0,55.77
2026-05-08,M&M,EQ,"3,370.70","3,357.80","3,363.00","3,317.60","3,331.50","3,330.40","3,342.84",2071348,6924180330.6,123714,1203830.0,58.12
2026-05-11,M&M,EQ,"3,330.40","3,235.00","3,292.00","3,224.20","3,246.00","3,245.90","3,257.19",2320887,7559565921.1,134886,1105340.0,47.63
2026-05-12,M&M,EQ,"3,245.90","3,240.00","3,261.60","3,166.30","3,189.60","3,176.00","3,210.88",2638081,8470572732.1,157193,1340610.0,50.82
2026-05-13,M&M,EQ,"3,176.00","3,176.00","3,189.60","3,103.60","3,127.00","3,111.80","3,136.88",2692484,8446009465.6,167496,1476981.0,54.86
2026-05-14,M&M,EQ,"3,111.80","3,137.00","3,181.00","3,101.10","3,176.00","3,173.90","3,145.65",2167959,6819631465.3,119265,995013.0,45.9
2026-05-15,M&M,EQ,"3,173.90","3,170.00","3,188.90","3,111.00","3,128.40","3,123.10","3,142.36",2196383,6901822458.1,131364,1284756.0,58.49
2026-05-18,M&M,EQ,"3,123.10","3,100.00","3,111.70","3,050.00","3,080.90","3,083.70","3,080.39",1962357,6044831613.8,123600,1086008.0,55.34
