Date,"ï»¿""Symbol""",Series,PrevClose,OpenPrice,HighPrice,LowPrice,LastPrice,ClosePrice,AveragePrice,TotalTradedQuantity,TurnoverInRs,No.ofTrades,DeliverableQty,%DlyQttoTradedQty
2016-05-18,RELIANCE,EQ,969.15,965.90,972.50,964.10,970.05,970.55,969.99,1880974,1824529636.55,44676,820347.0,43.61
2016-05-19,RELIANCE,EQ,970.55,971.70,971.90,945.60,947.35,951.20,960.71,2088058,2006009103.3,45052,953086.0,45.64
2016-05-20,RELIANCE,EQ,951.20,952.00,954.50,931.35,933.40,934.20,943.02,4238988,3997447796.5,126939,2452616.0,57.86
2016-05-23,RELIANCE,EQ,934.20,937.35,940.70,925.65,931.10,930.00,932.46,4198098,3914538268.0,119010,2399326.0,57.15
2016-05-24,RELIANCE,EQ,930.00,928.05,944.00,928.05,941.00,940.45,939.86,2807737,2638876532.3,85430,1570679.0,55.94
2016-05-25,RELIANCE,EQ,940.45,949.85,952.80,941.15,949.65,951.20,948.10,2112135,2002517641.5,52041,998514.0,47.28
2016-05-26,RELIANCE,EQ,951.20,950.00,952.40,944.10,947.30,946.85,947.62,3243601,3073707523.25,81624,1797370.0,55.41
2016-05-27,RELIANCE,EQ,946.85,949.05,976.90,948.75,973.10,974.70,966.82,3063379,2961741218.85,67215,1369331.0,44.7
2016-05-30,RELIANCE,EQ,974.70,976.40,981.50,965.00,965.80,968.70,972.17,2202091,2140805460.6,62587,898390.0,40.8
2016-05-31,RELIANCE,EQ,968.70,969.00,973.00,956.50,959.00,957.85,959.97,5333469,5119973489.05,104315,3875057.0,72.66
2016-06-01,RELIANCE,EQ,957.85,957.95,966.10,951.80,952.70,953.60,959.20,2067034,1982696121.6,53205,1142983.0,55.3
2016-06-02,RELIANCE,EQ,953.60,954.50,957.15,945.10,955.35,956.25,950.47,2343852,2227760801.15,84845,1344888.0,57.38
2016-06-03,RELIANCE,EQ,956.25,960.00,962.90,955.85,958.75,959.65,959.64,1975712,1895977556.7,61330,1266612.0,64.11
2016-06-06,RELIANCE,EQ,959.65,961.00,963.00,952.55,954.45,954.80,956.96,1982466,1897147292.9,64201,1383949.0,69.81
2016-06-07,RELIANCE,EQ,954.80,957.25,960.95,951.60,953.45,955.05,956.15,4332627,4142620601.1,95245,3560213.0,82.17
2016-06-08,RELIANCE,EQ,955.05,958.00,958.00,949.15,955.95,954.10,953.25,2773975,2644278169.95,70012,1967464.0,70.93
2016-06-09,RELIANCE,EQ,954.10,960.00,976.45,956.20,970.00,971.15,971.14,3575840,3472641637.75,116207,2243652.0,62.74
2016-06-10,RELIANCE,EQ,971.15,974.00,984.40,968.30,975.70,976.70,976.64,3729737,3642612995.75,74227,2380554.0,63.83
2016-06-13,RELIANCE,EQ,976.70,969.90,983.45,963.05,980.00,981.10,973.74,2334856,2273535312.8,57776,1139885.0,48.82
2016-06-14,RELIANCE,EQ,981.10,980.95,985.40,969.30,976.30,976.25,977.50,2497008,2440817298.95,55244,1606569.0,64.34
2016-06-15,RELIANCE,EQ,976.25,980.00,986.50,973.75,981.85,984.60,980.12,2543921,2493348429.2,97049,1709999.0,67.22
2016-06-16,RELIANCE,EQ,984.60,981.00,983.65,967.05,975.25,976.30,975.47,2142329,2089779295.4,71071,1159591.0,54.13
2016-06-17,RELIANCE,EQ,976.30,977.00,978.65,970.10,973.00,974.90,974.27,2408096,2346137251.15,97303,1421798.0,59.04
2016-06-20,RELIANCE,EQ,974.90,972.15,992.60,968.00,987.50,990.20,983.33,2459237,2418252127.65,108255,1520066.0,61.81
2016-06-21,RELIANCE,EQ,990.20,994.10,994.15,979.70,983.05,987.10,985.90,3184865,3139971424.95,116389,2202758.0,69.16
2016-06-22,RELIANCE,EQ,987.10,985.00,985.90,977.10,978.00,980.50,980.71,2923284,2866888654.35,82337,1995192.0,68.25
2016-06-23,RELIANCE,EQ,980.50,979.95,982.00,970.00,981.00,980.45,975.50,2248693,2193589012.75,106606,1120627.0,49.83
2016-06-24,RELIANCE,EQ,980.45,964.90,964.90,933.40,948.55,951.45,947.15,5711173,5409346858.65,163656,3518982.0,61.62
2016-06-27,RELIANCE,EQ,951.45,940.50,958.40,940.50,953.90,955.65,953.76,2094599,1997741764.5,55952,1231534.0,58.8
2016-06-28,RELIANCE,EQ,955.65,956.40,961.55,955.00,958.00,957.80,958.60,1738370,1666404999.3,54522,1087259.0,62.54
2016-06-29,RELIANCE,EQ,957.80,962.00,968.95,960.00,967.00,966.90,964.82,1719857,1659360680.65,44475,1179499.0,68.58
2016-06-30,RELIANCE,EQ,966.90,972.00,977.50,967.05,969.00,969.15,971.01,2916329,2831792986.6,111061,2022807.0,69.36
2016-07-01,RELIANCE,EQ,969.15,972.75,976.80,970.00,974.75,973.45,973.03,1510979,1470225445.8,49870,904855.0,59.89
2016-07-04,RELIANCE,EQ,973.45,975.50,993.60,975.50,986.35,986.70,987.44,1783750,1761346964.3,46307,777298.0,43.58
2016-07-05,RELIANCE,EQ,986.70,986.10,"1,002.90",980.30,991.20,993.10,994.43,2596678,2582210954.35,52194,1151719.0,44.35
2016-07-07,RELIANCE,EQ,993.10,992.50,"1,000.50",986.15,988.10,987.90,992.38,2749648,2728683064.85,101086,1681360.0,61.15
2016-07-08,RELIANCE,EQ,987.90,987.00,989.00,976.35,977.60,978.40,982.34,1632225,1603394588.25,47260,811990.0,49.75
2016-07-11,RELIANCE,EQ,978.40,991.00,994.95,985.50,991.55,992.50,991.25,1889606,1873068862.95,44114,844296.0,44.68
2016-07-12,RELIANCE,EQ,992.50,995.25,"1,005.00",991.00,"1,003.40","1,003.40",998.38,2232685,2229070183.65,58174,1068464.0,47.86
2016-07-13,RELIANCE,EQ,"1,003.40","1,005.20","1,016.70","1,004.15","1,008.00","1,008.75","1,010.89",3409386,3446506825.55,75726,2187003.0,64.15
2016-07-14,RELIANCE,EQ,"1,008.75","1,008.10","1,014.10",998.25,"1,004.20","1,004.90","1,006.27",2459183,2474605486.7,94968,1452576.0,59.07
2016-07-15,RELIANCE,EQ,"1,004.90","1,009.00","1,021.00","1,003.50","1,014.35","1,012.20","1,013.32",3198562,3241175868.6,75448,1747552.0,54.64
2016-07-18,RELIANCE,EQ,"1,012.20","1,028.00","1,038.75","1,001.75","1,002.90","1,006.25","1,024.42",7339086,7518309445.05,170099,3188518.0,43.45
2016-07-19,RELIANCE,EQ,"1,006.25","1,006.00","1,022.95",995.30,"1,022.50","1,017.80","1,010.24",3805750,3844707695.25,108195,1909887.0,50.18
2016-07-20,RELIANCE,EQ,"1,017.80","1,019.95","1,028.30","1,016.55","1,022.75","1,023.00","1,022.31",2803645,2866191224.7,86184,1617834.0,57.7
2016-07-21,RELIANCE,EQ,"1,023.00","1,024.00","1,025.00","1,005.00","1,006.20","1,006.35","1,011.19",1534044,1551205388.6,42542,729397.0,47.55
2016-07-22,RELIANCE,EQ,"1,006.35","1,006.00","1,017.80","1,005.10","1,015.90","1,014.85","1,013.37",1577114,1598204862.3,45519,669255.0,42.44
2016-07-25,RELIANCE,EQ,"1,014.85","1,014.00","1,023.75","1,007.35","1,020.50","1,022.75","1,016.50",1883884,1914975225.6,65866,1081712.0,57.42
2016-07-26,RELIANCE,EQ,"1,022.75","1,023.00","1,034.80","1,015.20","1,022.25","1,024.05","1,028.33",2403872,2471965450.8,73738,1251345.0,52.06
2016-07-27,RELIANCE,EQ,"1,024.05","1,023.05","1,026.00","1,008.95","1,011.20","1,013.10","1,017.10",2521448,2564577315.7,44577,1446453.0,57.37
2016-07-28,RELIANCE,EQ,"1,013.10","1,014.95","1,030.50","1,013.05","1,024.00","1,026.35","1,022.77",3568375,3649633313.7,57410,2561901.0,71.79
2016-07-29,RELIANCE,EQ,"1,026.35","1,024.00","1,024.90","1,012.00","1,016.05","1,014.90","1,016.04",2201164,2236478542.1,59232,1381115.0,62.74
2016-08-01,RELIANCE,EQ,"1,014.90","1,018.00","1,020.30","1,005.05","1,009.00","1,009.50","1,012.34",1823694,1846202181.85,39583,1037724.0,56.9
2016-08-02,RELIANCE,EQ,"1,009.50","1,008.00","1,020.00","1,006.30","1,013.00","1,012.80","1,014.69",1762408,1788291755.4,60093,994583.0,56.43
2016-08-03,RELIANCE,EQ,"1,012.80","1,014.40","1,014.40",991.50,992.90,993.95,998.00,2713804,2708366173.9,84839,1601581.0,59.02
2016-08-04,RELIANCE,EQ,993.95,999.00,"1,000.00",983.40,995.20,993.00,990.33,2328716,2306189259.05,70610,1366932.0,58.7
2016-08-05,RELIANCE,EQ,993.00,998.00,"1,019.00",997.05,"1,018.00","1,016.25","1,008.21",2767914,2790650162.95,63040,1757500.0,63.5
2016-08-08,RELIANCE,EQ,"1,016.25","1,019.90","1,034.00","1,018.65","1,027.30","1,029.25","1,029.46",3098753,3190040711.85,85046,2073440.0,66.91
2016-08-09,RELIANCE,EQ,"1,029.25","1,027.00","1,034.50","1,021.00","1,029.90","1,030.70","1,027.79",3038046,3122459911.4,80430,2009236.0,66.14
2016-08-10,RELIANCE,EQ,"1,030.70","1,031.25","1,034.55","1,002.00","1,002.20","1,003.65","1,012.18",3079463,3116960499.05,75445,1989339.0,64.6
2016-08-11,RELIANCE,EQ,"1,003.65","1,001.95","1,022.85",999.60,"1,014.00","1,014.10","1,013.46",3238899,3282503482.6,92154,1802433.0,55.65
2016-08-12,RELIANCE,EQ,"1,014.10","1,017.00","1,042.90","1,017.00","1,032.55","1,035.80","1,032.80",3740861,3863571902.25,104993,2111952.0,56.46
2016-08-16,RELIANCE,EQ,"1,035.80","1,036.25","1,044.80","1,015.50","1,023.65","1,024.90","1,028.02",3055603,3141211271.35,87377,1686839.0,55.2
2016-08-17,RELIANCE,EQ,"1,024.90","1,024.10","1,028.80","1,007.20","1,014.00","1,013.30","1,015.54",3539970,3594983478.75,88744,2228305.0,62.95
2016-08-18,RELIANCE,EQ,"1,013.30","1,016.00","1,023.65","1,016.00","1,018.00","1,018.05","1,019.00",1771449,1805112794.65,76822,1061800.0,59.94
2016-08-19,RELIANCE,EQ,"1,018.05","1,018.00","1,022.00","1,007.10","1,013.30","1,014.90","1,015.51",1869308,1898300778.7,59860,1007945.0,53.92
2016-08-22,RELIANCE,EQ,"1,014.90","1,012.00","1,019.70","1,007.20","1,010.05","1,011.85","1,012.82",1527904,1547496175.95,72620,844756.0,55.29
2016-08-23,RELIANCE,EQ,"1,011.85","1,012.00","1,015.00","1,005.00","1,011.20","1,010.45","1,010.12",1673328,1690268898.65,53304,983692.0,58.79
2016-08-24,RELIANCE,EQ,"1,010.45","1,011.70","1,021.95","1,011.00","1,021.25","1,020.50","1,017.13",1993153,2027291124.05,67902,1397697.0,70.12
2016-08-25,RELIANCE,EQ,"1,020.50","1,021.20","1,029.00","1,009.00","1,013.95","1,012.70","1,017.92",3419775,3481068524.7,82485,2198395.0,64.28
2016-08-26,RELIANCE,EQ,"1,012.70","1,017.90","1,030.80","1,014.60","1,026.60","1,027.90","1,024.82",2203465,2258151954.7,79842,1221216.0,55.42
2016-08-29,RELIANCE,EQ,"1,027.90","1,027.25","1,059.75","1,026.10","1,059.30","1,057.45","1,046.10",3701495,3872133054.6,90569,1772992.0,47.9
2016-08-30,RELIANCE,EQ,"1,057.45","1,062.00","1,068.50","1,053.00","1,064.75","1,066.40","1,062.92",4153522,4414855721.2,118180,2695150.0,64.89
2016-08-31,RELIANCE,EQ,"1,066.40","1,064.90","1,074.00","1,047.00","1,047.90","1,060.00","1,063.92",5324960,5665324906.65,210357,3748267.0,70.39
2016-09-01,RELIANCE,EQ,"1,060.00","1,053.00","1,072.75","1,025.70","1,028.05","1,029.20","1,050.52",9742454,10234626988.9,193607,3773071.0,38.73
2016-09-02,RELIANCE,EQ,"1,029.20","1,031.10","1,032.55","1,002.30","1,013.00","1,013.35","1,013.84",6428814,6517819697.65,133004,3431902.0,53.38
2016-09-06,RELIANCE,EQ,"1,013.35","1,019.90","1,025.00","1,015.00","1,021.70","1,019.90","1,019.30",2631091,2681861446.3,73178,1244935.0,47.32
2016-09-07,RELIANCE,EQ,"1,019.90","1,022.00","1,027.05","1,013.05","1,017.00","1,017.65","1,019.15",2954995,3011590628.15,87614,1549467.0,52.44
2016-09-08,RELIANCE,EQ,"1,017.65","1,023.05","1,035.95","1,020.20","1,034.00","1,033.40","1,030.87",2790196,2876333145.3,90566,1624638.0,58.23
2016-09-09,RELIANCE,EQ,"1,033.40","1,035.00","1,049.90","1,030.00","1,041.50","1,044.55","1,042.48",3490441,3638707846.1,69385,1393681.0,39.93
2016-09-12,RELIANCE,EQ,"1,044.55","1,030.40","1,056.00","1,029.15","1,046.95","1,046.50","1,046.99",7699800,8061595468.55,101157,3561932.0,46.26
2016-09-14,RELIANCE,EQ,"1,046.50","1,048.00","1,059.00","1,040.90","1,043.00","1,044.75","1,049.20",4252754,4461991599.45,95815,2122901.0,49.92
2016-09-15,RELIANCE,EQ,"1,044.75","1,047.00","1,070.20","1,047.00","1,064.80","1,065.00","1,055.37",7170885,7567970041.2,64639,3435092.0,47.9
2016-09-16,RELIANCE,EQ,"1,065.00","1,067.00","1,093.85","1,059.10","1,072.90","1,075.55","1,080.30",8988926,9710711353.05,151282,5125328.0,57.02
2016-09-19,RELIANCE,EQ,"1,075.55","1,072.55","1,088.00","1,071.00","1,083.00","1,082.40","1,080.96",3812324,4120984369.25,81518,2274111.0,59.65
2016-09-20,RELIANCE,EQ,"1,082.40","1,084.00","1,084.75","1,069.05","1,073.55","1,074.20","1,076.13",2635854,2836524443.2,65326,1612838.0,61.19
2016-09-21,RELIANCE,EQ,"1,074.20","1,074.00","1,084.90","1,069.00","1,070.00","1,072.25","1,075.51",2501476,2690360397.95,66182,1540167.0,61.57
2016-09-22,RELIANCE,EQ,"1,072.25","1,083.00","1,095.80","1,079.00","1,086.95","1,088.95","1,090.17",4288544,4675251073.25,82688,2666890.0,62.19
2016-09-23,RELIANCE,EQ,"1,088.95","1,089.00","1,109.45","1,089.00","1,101.60","1,102.80","1,100.28",7105725,7818310313.15,81712,4870535.0,68.54
2016-09-26,RELIANCE,EQ,"1,102.80","1,103.40","1,129.55","1,100.25","1,106.30","1,107.20","1,118.64",8734943,9771217522.35,119368,4166235.0,47.7
2016-09-27,RELIANCE,EQ,"1,107.20","1,117.00","1,125.95","1,106.60","1,110.90","1,110.50","1,115.34",4428693,4939498790.35,99600,2419363.0,54.63
2016-09-28,RELIANCE,EQ,"1,110.50","1,107.90","1,108.00","1,086.30","1,089.00","1,090.65","1,092.60",5673488,6198865983.3,123527,3869711.0,68.21
2016-09-29,RELIANCE,EQ,"1,090.65","1,095.00","1,110.75","1,067.40","1,074.55","1,072.45","1,085.03",4859746,5272989985.65,96086,2515785.0,51.77
2016-09-30,RELIANCE,EQ,"1,072.45","1,068.00","1,094.55","1,066.30","1,084.50","1,083.70","1,082.80",2560105,2772082002.15,97669,1458364.0,56.97
2016-10-03,RELIANCE,EQ,"1,083.70","1,087.00","1,107.95","1,076.25","1,090.00","1,090.70","1,093.31",4143109,4529687732.75,108886,2777662.0,67.04
2016-10-04,RELIANCE,EQ,"1,090.70","1,093.05","1,108.30","1,092.00","1,095.00","1,096.35","1,100.57",2997544,3299004036.4,74385,1798026.0,59.98
2016-10-05,RELIANCE,EQ,"1,096.35","1,104.00","1,106.50","1,085.80","1,090.00","1,089.40","1,095.21",2466397,2701225312.05,51226,1493361.0,60.55
2016-10-06,RELIANCE,EQ,"1,089.40","1,092.00","1,126.25","1,092.00","1,112.00","1,110.80","1,114.15",4825630,5376475095.3,96062,2636451.0,54.63
2016-10-07,RELIANCE,EQ,"1,110.80","1,114.00","1,123.05","1,106.50","1,106.95","1,109.00","1,114.12",3492838,3891447818.3,74933,2314405.0,66.26
2016-10-10,RELIANCE,EQ,"1,109.00","1,114.00","1,122.00","1,094.00","1,096.00","1,096.35","1,105.74",2640973,2920222667.6,66148,1756054.0,66.49
2016-10-13,RELIANCE,EQ,"1,096.35","1,089.00","1,089.05","1,052.00","1,058.50","1,057.15","1,067.72",5014667,5354276741.25,126457,3223106.0,64.27
2016-10-14,RELIANCE,EQ,"1,057.15","1,063.00","1,082.00","1,061.65","1,078.95","1,077.65","1,073.32",3489473,3745322970.8,93233,1742763.0,49.94
2016-10-17,RELIANCE,EQ,"1,077.65","1,080.00","1,080.80","1,058.75","1,060.40","1,060.65","1,068.55",2246237,2400217761.5,59134,1069777.0,47.63
2016-10-18,RELIANCE,EQ,"1,060.65","1,066.00","1,082.75","1,062.05","1,079.55","1,081.10","1,076.71",2531133,2725292002.9,73109,1439506.0,56.87
2016-10-19,RELIANCE,EQ,"1,081.10","1,084.45","1,094.70","1,081.40","1,087.00","1,087.35","1,088.72",3902656,4248885069.5,77327,2242617.0,57.46
2016-10-20,RELIANCE,EQ,"1,087.35","1,093.95","1,098.00","1,084.05","1,086.10","1,087.55","1,089.93",2314521,2522655590.7,50757,1141733.0,49.33
2016-10-21,RELIANCE,EQ,"1,087.55","1,097.00","1,097.00","1,058.40","1,065.00","1,064.20","1,069.05",9968242,10656537354.95,172822,5585752.0,56.04
2016-10-24,RELIANCE,EQ,"1,064.20","1,070.00","1,074.00","1,060.65","1,063.30","1,063.30","1,067.37",2403099,2565001759.25,58047,1464989.0,60.96
2016-10-25,RELIANCE,EQ,"1,063.30","1,065.00","1,065.25","1,054.20","1,063.50","1,060.85","1,059.75",1750711,1855315527.65,69996,863955.0,49.35
2016-10-26,RELIANCE,EQ,"1,060.85","1,056.05","1,059.45","1,052.10","1,054.50","1,054.05","1,054.67",2502055,2638835503.7,66935,1702307.0,68.04
2016-10-27,RELIANCE,EQ,"1,054.05","1,051.10","1,053.90","1,043.40","1,050.50","1,048.70","1,048.69",2935574,3078514158.3,58825,1689252.0,57.54
2016-10-28,RELIANCE,EQ,"1,048.70","1,050.00","1,058.00","1,043.80","1,056.00","1,054.95","1,052.58",1857917,1955599207.5,33745,844896.0,45.48
2016-10-30,RELIANCE,EQ,"1,054.95","1,058.75","1,058.75","1,046.30","1,049.55","1,051.20","1,052.55",362170,381202360.2,9214,125224.0,34.58
2016-11-01,RELIANCE,EQ,"1,051.20","1,051.30","1,055.95","1,047.40","1,052.00","1,051.00","1,051.07",2337011,2456355915.7,74188,1567083.0,67.06
2016-11-02,RELIANCE,EQ,"1,051.00","1,041.00","1,042.85","1,021.00","1,026.40","1,023.75","1,029.71",1609225,1657027215.45,62676,854648.0,53.11
2016-11-03,RELIANCE,EQ,"1,023.75","1,023.85","1,034.75","1,020.60","1,021.90","1,023.95","1,027.98",1671371,1718133324.85,63170,940280.0,56.26
2016-11-04,RELIANCE,EQ,"1,023.95","1,020.25","1,026.90","1,000.00","1,006.55","1,005.55","1,010.83",2636911,2665480457.45,71344,1383790.0,52.48
2016-11-07,RELIANCE,EQ,"1,005.55","1,014.00","1,016.55",999.05,"1,000.00","1,001.15","1,005.00",2172921,2183786373.45,72315,1263004.0,58.12
2016-11-08,RELIANCE,EQ,"1,001.15","1,005.70","1,005.70",998.30,"1,003.90","1,003.50","1,001.70",3070346,3075564144.2,71607,2139904.0,69.7
2016-11-09,RELIANCE,EQ,"1,003.50",950.00,"1,009.00",930.00,"1,003.00","1,004.60",981.42,4946573,4854675033.95,83043,2272901.0,45.95
2016-11-10,RELIANCE,EQ,"1,004.60","1,018.60","1,028.95","1,007.00","1,008.05","1,010.40","1,018.04",2231907,2272175380.2,67470,1128033.0,50.54
2016-11-11,RELIANCE,EQ,"1,010.40",997.85,"1,017.50",995.10,998.00,"1,001.75","1,003.74",3377392,3390025727.25,96461,1906464.0,56.45
2016-11-15,RELIANCE,EQ,"1,001.75",996.50,"1,000.00",979.55,982.85,985.40,988.79,3311592,3274482016.3,95636,1881764.0,56.82
2016-11-16,RELIANCE,EQ,985.40,995.00,996.80,980.70,982.05,986.55,990.58,3783226,3747602868.45,79760,3035821.0,80.24
2016-11-17,RELIANCE,EQ,986.55,986.00,998.15,974.40,977.05,977.75,987.21,2886635,2849709343.65,78724,2017146.0,69.88
2016-11-18,RELIANCE,EQ,977.75,985.00,992.70,982.00,986.40,987.50,987.80,4151928,4101257453.2,123195,2929574.0,70.56
2016-11-21,RELIANCE,EQ,987.50,987.55,993.55,983.20,993.00,991.50,988.95,3024712,2991285792.2,89103,2172681.0,71.83
2016-11-22,RELIANCE,EQ,991.50,997.70,"1,007.80",993.30,"1,001.30","1,001.45","1,000.64",4033660,4036245791.6,100268,2679071.0,66.42
2016-11-23,RELIANCE,EQ,"1,001.45","1,005.00","1,010.50",999.55,"1,007.00","1,009.00","1,005.35",2996248,3012288585.0,68315,2246046.0,74.96
2016-11-24,RELIANCE,EQ,"1,009.00","1,005.55","1,005.55",982.20,992.40,987.35,989.73,4323375,4278988685.75,98362,2749446.0,63.59
2016-11-25,RELIANCE,EQ,987.35,990.00,995.90,984.35,993.00,993.70,989.79,2389829,2365422433.9,90829,1700942.0,71.17
2016-11-28,RELIANCE,EQ,993.70,993.00,"1,000.60",984.10,986.50,986.65,991.92,1900161,1884801098.9,85702,1267547.0,66.71
2016-11-29,RELIANCE,EQ,986.65,989.00,"1,004.30",988.05,997.95,997.70,999.90,2259609,2259387576.45,83165,1615394.0,71.49
2016-11-30,RELIANCE,EQ,997.70,999.95,999.95,986.65,988.15,990.05,990.16,6308004,6245953460.85,103344,4820747.0,76.42
2016-12-01,RELIANCE,EQ,990.05,"1,000.00","1,015.00",995.00,996.50,997.75,"1,004.55",2886513,2899649144.45,64770,818598.0,28.36
2016-12-02,RELIANCE,EQ,997.75,995.90,"1,005.00",991.80,995.60,994.75,999.59,2853045,2851867039.95,115352,1868329.0,65.49
2016-12-05,RELIANCE,EQ,994.75,995.00,999.70,986.50,993.05,993.85,993.15,911410,905170181.75,33770,418584.0,45.93
2016-12-06,RELIANCE,EQ,993.85,996.00,"1,006.55",994.60,"1,003.25","1,005.20","1,000.60",1537535,1538464382.05,77584,1007905.0,65.55
2016-12-07,RELIANCE,EQ,"1,005.20","1,004.00","1,007.60",996.35,"1,001.85",999.15,"1,002.80",1127113,1130270448.75,47622,666754.0,59.16
2016-12-08,RELIANCE,EQ,999.15,"1,005.05","1,021.80","1,004.35","1,019.55","1,020.05","1,017.09",2000230,2034423374.2,63936,1242726.0,62.13
2016-12-09,RELIANCE,EQ,"1,020.05","1,022.00","1,031.85","1,020.30","1,028.95","1,028.95","1,027.97",1883333,1936017722.25,61243,1178522.0,62.58
2016-12-12,RELIANCE,EQ,"1,028.95","1,020.50","1,041.70","1,020.50","1,024.90","1,027.20","1,034.34",2062700,2133530208.15,72075,1225688.0,59.42
2016-12-13,RELIANCE,EQ,"1,027.20","1,028.00","1,041.00","1,027.55","1,039.00","1,039.80","1,037.64",2369453,2458635173.75,84958,1821332.0,76.87
2016-12-14,RELIANCE,EQ,"1,039.80","1,039.80","1,064.45","1,038.20","1,056.35","1,059.50","1,056.76",5517829,5830998013.35,117128,3927832.0,71.18
2016-12-15,RELIANCE,EQ,"1,059.50","1,052.40","1,067.60","1,048.65","1,051.00","1,052.95","1,059.31",4418967,4681049111.2,75838,2801638.0,63.4
2016-12-16,RELIANCE,EQ,"1,052.95","1,052.00","1,062.00","1,052.00","1,055.85","1,057.15","1,057.34",3415537,3611399947.5,77749,2550641.0,74.68
2016-12-19,RELIANCE,EQ,"1,057.15","1,055.00","1,066.95","1,054.35","1,060.55","1,062.55","1,063.71",3430950,3649521699.85,55483,2065450.0,60.2
2016-12-20,RELIANCE,EQ,"1,062.55","1,054.70","1,061.00","1,053.15","1,060.00","1,057.90","1,058.65",2671719,2828402958.7,47616,1896610.0,70.99
2016-12-21,RELIANCE,EQ,"1,057.90","1,060.10","1,067.30","1,057.20","1,063.00","1,063.25","1,061.12",4655758,4940302652.9,89738,3720215.0,79.91
2016-12-22,RELIANCE,EQ,"1,063.25","1,058.00","1,062.65","1,050.95","1,052.00","1,053.35","1,058.51",6604416,6990846841.25,71577,4816707.0,72.93
2016-12-23,RELIANCE,EQ,"1,053.35","1,052.00","1,068.95","1,052.00","1,059.90","1,057.30","1,059.91",2346414,2486990080.35,67543,1174874.0,50.07
2016-12-26,RELIANCE,EQ,"1,057.30","1,054.35","1,066.00","1,044.65","1,044.95","1,047.45","1,056.49",3502299,3700130719.95,45499,2051673.0,58.58
2016-12-27,RELIANCE,EQ,"1,047.45","1,047.85","1,067.10","1,047.00","1,064.85","1,064.70","1,056.43",3987142,4212155359.05,35254,2006497.0,50.32
2016-12-28,RELIANCE,EQ,"1,064.70","1,067.90","1,069.55","1,047.10","1,051.15","1,049.70","1,057.89",2202927,2330463999.05,76376,1489420.0,67.61
2016-12-29,RELIANCE,EQ,"1,049.70","1,050.00","1,068.80","1,049.50","1,064.05","1,065.45","1,058.89",2005206,2123298035.3,70952,1210453.0,60.37
2016-12-30,RELIANCE,EQ,"1,065.45","1,064.80","1,085.00","1,063.10","1,080.70","1,082.40","1,079.52",3591493,3877071530.0,71421,2387799.0,66.48
2017-01-02,RELIANCE,EQ,"1,082.40","1,084.00","1,090.00","1,072.35","1,086.70","1,085.10","1,086.63",1622458,1763016191.2,38903,881915.0,54.36
2017-01-03,RELIANCE,EQ,"1,085.10","1,089.85","1,097.00","1,081.10","1,089.00","1,089.40","1,091.74",1470751,1605682134.95,31291,776985.0,52.83
2017-01-04,RELIANCE,EQ,"1,089.40","1,092.90","1,093.00","1,064.30","1,067.15","1,067.15","1,072.39",2375547,2547513624.1,70540,1516724.0,63.85
2017-01-05,RELIANCE,EQ,"1,067.15","1,071.00","1,079.90","1,068.75","1,077.00","1,077.40","1,077.12",1996483,2150451749.2,84058,1272212.0,63.72
2017-01-06,RELIANCE,EQ,"1,077.40","1,074.20","1,085.00","1,073.10","1,073.95","1,074.95","1,078.77",1793427,1934704004.6,66643,1121595.0,62.54
2017-01-09,RELIANCE,EQ,"1,074.95","1,077.00","1,086.00","1,071.00","1,078.00","1,077.70","1,079.41",1195257,1290170893.1,37309,717860.0,60.06
2017-01-10,RELIANCE,EQ,"1,077.70","1,080.00","1,094.40","1,080.00","1,088.00","1,089.85","1,089.83",2594400,2827464833.9,76596,1854059.0,71.46
2017-01-11,RELIANCE,EQ,"1,089.85","1,095.00","1,095.70","1,084.00","1,084.80","1,086.05","1,087.58",2623211,2852942523.8,58033,2028194.0,77.32
2017-01-12,RELIANCE,EQ,"1,086.05","1,087.00","1,090.35","1,079.80","1,080.45","1,083.30","1,084.63",999364,1083937776.15,29486,499595.0,49.99
2017-01-13,RELIANCE,EQ,"1,083.30","1,084.55","1,097.50","1,084.55","1,089.95","1,090.40","1,091.91",1653669,1805654452.75,52984,881588.0,53.31
2017-01-16,RELIANCE,EQ,"1,090.40","1,089.95","1,093.95","1,073.95","1,076.70","1,076.25","1,078.39",2746005,2961250762.4,59289,1898030.0,69.12
2017-01-17,RELIANCE,EQ,"1,076.25","1,065.00","1,068.00","1,038.50","1,040.00","1,041.25","1,049.23",8968290,9409827087.05,172984,5407424.0,60.29
2017-01-18,RELIANCE,EQ,"1,041.25","1,042.60","1,048.00","1,028.75","1,031.95","1,032.55","1,036.48",3627071,3759369531.25,155581,2321652.0,64.01
2017-01-19,RELIANCE,EQ,"1,032.55","1,035.15","1,045.30","1,031.00","1,032.45","1,033.70","1,037.12",3493728,3623411807.5,117616,2467726.0,70.63
2017-01-20,RELIANCE,EQ,"1,033.70","1,033.95","1,037.45","1,023.90","1,025.70","1,025.80","1,029.42",2008082,2067168053.9,75554,1194058.0,59.46
2017-01-23,RELIANCE,EQ,"1,025.80","1,021.80","1,031.00","1,012.80","1,018.40","1,015.90","1,019.37",3133533,3194244708.7,98745,2089020.0,66.67
2017-01-24,RELIANCE,EQ,"1,015.90","1,017.00","1,028.80","1,017.00","1,027.90","1,027.30","1,024.12",2153091,2205027803.65,67115,1431871.0,66.5
2017-01-25,RELIANCE,EQ,"1,027.30","1,032.00","1,032.70","1,016.15","1,018.05","1,017.30","1,020.11",5453230,5562884613.9,161600,3923084.0,71.94
2017-01-27,RELIANCE,EQ,"1,017.30","1,020.25","1,028.90","1,019.00","1,028.15","1,025.10","1,024.42",4997239,5119264081.75,109980,3544461.0,70.93
2017-01-30,RELIANCE,EQ,"1,025.10","1,024.95","1,046.45","1,024.80","1,044.95","1,044.80","1,038.36",3583756,3721227069.35,88109,2667553.0,74.43
2017-01-31,RELIANCE,EQ,"1,044.80","1,046.85","1,053.80","1,040.30","1,045.00","1,045.20","1,046.18",3457365,3617029514.4,95062,2634632.0,76.2
2017-02-01,RELIANCE,EQ,"1,045.20","1,046.10","1,050.90","1,035.20","1,050.00","1,049.65","1,044.86",2585798,2701805550.7,83931,1755572.0,67.89
2017-02-02,RELIANCE,EQ,"1,049.65","1,050.00","1,050.80","1,038.25","1,045.55","1,043.50","1,042.22",2079908,2167729582.0,64859,1469840.0,70.67
2017-02-03,RELIANCE,EQ,"1,043.50","1,046.00","1,050.45","1,030.10","1,033.45","1,033.65","1,038.23",3021751,3137286043.85,48459,2477077.0,81.97
2017-02-06,RELIANCE,EQ,"1,033.65","1,037.00","1,044.90","1,032.05","1,040.70","1,041.65","1,038.21",2283982,2371255826.45,60273,1512364.0,66.22
2017-02-07,RELIANCE,EQ,"1,041.65","1,042.00","1,042.35","1,027.20","1,031.95","1,030.90","1,031.93",2264245,2336537922.0,67846,1351517.0,59.69
2017-02-08,RELIANCE,EQ,"1,030.90","1,030.90","1,038.25","1,022.00","1,022.70","1,025.15","1,027.70",3710094,3812874885.4,96353,2786342.0,75.1
2017-02-09,RELIANCE,EQ,"1,025.15","1,028.00","1,034.00","1,026.80","1,032.45","1,032.75","1,030.58",2254216,2323159365.45,97836,1637861.0,72.66
2017-02-10,RELIANCE,EQ,"1,032.75","1,035.00","1,035.55","1,025.55","1,030.00","1,030.15","1,030.89",2861531,2949922515.35,81923,2366578.0,82.7
2017-02-13,RELIANCE,EQ,"1,030.15","1,033.00","1,034.00","1,022.00","1,030.00","1,029.85","1,026.56",1957988,2009983985.2,53352,1315916.0,67.21
2017-02-14,RELIANCE,EQ,"1,029.85","1,035.00","1,052.90","1,029.90","1,048.10","1,049.80","1,047.40",4170414,4368108266.7,108276,2878955.0,69.03
2017-02-15,RELIANCE,EQ,"1,049.80","1,052.90","1,057.50","1,045.25","1,050.35","1,051.30","1,052.94",3482845,3667220075.7,73263,2400194.0,68.91
2017-02-16,RELIANCE,EQ,"1,051.30","1,052.55","1,069.45","1,052.55","1,065.95","1,067.50","1,062.56",4492847,4773923841.15,54707,2936392.0,65.36
2017-02-17,RELIANCE,EQ,"1,067.50","1,066.50","1,078.20","1,058.45","1,070.70","1,075.50","1,070.57",3393856,3633367038.25,72587,2370822.0,69.86
2017-02-20,RELIANCE,EQ,"1,075.50","1,070.55","1,078.85","1,066.50","1,075.00","1,075.40","1,074.60",2663127,2861806843.25,46942,1784092.0,66.99
2017-02-21,RELIANCE,EQ,"1,075.40","1,075.20","1,090.95","1,073.05","1,088.10","1,088.20","1,084.82",3242790,3517853373.6,78020,1715528.0,52.9
2017-02-22,RELIANCE,EQ,"1,088.20","1,093.00","1,211.65","1,092.00","1,209.80","1,207.50","1,177.82",29103926,34279184225.25,529232,10949059.0,37.62
2017-02-23,RELIANCE,EQ,"1,207.50","1,213.60","1,222.00","1,179.35","1,186.80","1,182.75","1,196.34",14229234,17023004700.95,325600,6195579.0,43.54
2017-02-27,RELIANCE,EQ,"1,182.75","1,190.50","1,256.80","1,190.35","1,237.55","1,238.90","1,241.99",19068911,23683416513.5,248086,8149162.0,42.74
2017-02-28,RELIANCE,EQ,"1,238.90","1,232.00","1,248.00","1,228.50","1,237.65","1,238.05","1,240.68",8254531,10241229539.45,132662,4383833.0,53.11
2017-03-01,RELIANCE,EQ,"1,238.05","1,240.10","1,244.40","1,230.00","1,231.55","1,234.50","1,238.28",5574153,6902376075.8,86071,3829123.0,68.69
2017-03-02,RELIANCE,EQ,"1,234.50","1,237.90","1,254.70","1,227.05","1,234.95","1,236.75","1,241.01",4129033,5124164949.85,114912,2267277.0,54.91
2017-03-03,RELIANCE,EQ,"1,236.75","1,241.55","1,287.80","1,241.55","1,258.60","1,258.55","1,269.09",19270851,24456422018.25,218969,8796175.0,45.64
2017-03-06,RELIANCE,EQ,"1,258.55","1,269.00","1,312.00","1,265.25","1,308.00","1,305.35","1,298.39",15252154,19803196906.45,271304,7693280.0,50.44
2017-03-07,RELIANCE,EQ,"1,305.35","1,318.85","1,327.00","1,296.15","1,306.35","1,304.95","1,309.21",9616850,12590518108.2,187234,4262649.0,44.32
2017-03-08,RELIANCE,EQ,"1,304.95","1,307.70","1,307.70","1,286.10","1,288.15","1,291.20","1,294.73",9906103,12825718917.95,117724,5532704.0,55.85
2017-03-09,RELIANCE,EQ,"1,291.20","1,290.00","1,298.00","1,281.50","1,285.40","1,286.75","1,287.46",7107670,9150874646.6,91156,3491139.0,49.12
2017-03-10,RELIANCE,EQ,"1,286.75","1,290.25","1,296.00","1,261.20","1,279.10","1,281.65","1,282.25",5665568,7264671759.9,82236,2917379.0,51.49
2017-03-14,RELIANCE,EQ,"1,281.65","1,318.75","1,319.00","1,285.25","1,288.25","1,289.50","1,299.08",6346620,8244794509.15,148050,3687454.0,58.1
2017-03-15,RELIANCE,EQ,"1,289.50","1,291.05","1,316.30","1,290.40","1,302.00","1,304.95","1,306.90",5510658,7201863485.5,118169,3101824.0,56.29
2017-03-16,RELIANCE,EQ,"1,304.95","1,310.00","1,310.40","1,293.60","1,296.80","1,297.65","1,300.24",3639964,4732822404.2,101204,2180552.0,59.91
2017-03-17,RELIANCE,EQ,"1,297.65","1,308.00","1,319.95","1,298.05","1,300.55","1,300.70","1,302.80",5195076,6768124195.2,103713,3520073.0,67.76
2017-03-20,RELIANCE,EQ,"1,300.70","1,306.00","1,306.25","1,278.35","1,280.95","1,280.80","1,287.84",2941714,3788456426.1,85225,2067131.0,70.27
2017-03-21,RELIANCE,EQ,"1,280.80","1,282.20","1,283.90","1,259.30","1,265.20","1,263.80","1,270.21",5165107,6560786985.85,97439,3464341.0,67.07
2017-03-22,RELIANCE,EQ,"1,263.80","1,252.00","1,265.90","1,246.55","1,260.45","1,259.70","1,257.09",4638338,5830800370.75,123911,2456891.0,52.97
2017-03-23,RELIANCE,EQ,"1,259.70","1,263.15","1,277.55","1,258.00","1,272.00","1,273.30","1,269.40",2699090,3426224947.45,100190,1514419.0,56.11
2017-03-24,RELIANCE,EQ,"1,273.30","1,274.10","1,292.00","1,268.45","1,284.00","1,286.75","1,282.43",3721911,4773078555.1,122493,2349994.0,63.14
2017-03-27,RELIANCE,BL,867.15,"1,270.25","1,270.25","1,269.25","1,269.25","1,269.25","1,270.02",948596,1204739009.0,5,948596.0,100.0
2017-03-28,RELIANCE,EQ,"1,251.10","1,258.00","1,264.00","1,242.10","1,246.30","1,245.75","1,249.71",4961934,6200976653.4,100601,3029496.0,61.05
2017-03-29,RELIANCE,EQ,"1,245.75","1,251.70","1,260.00","1,233.35","1,259.20","1,256.65","1,246.51",4325787,5392124742.85,119423,2173596.0,50.25
2017-03-30,RELIANCE,EQ,"1,256.65","1,255.00","1,274.75","1,253.00","1,267.60","1,270.65","1,267.91",6368859,8075111743.25,113795,4612464.0,72.42
2017-03-31,RELIANCE,EQ,"1,270.65","1,266.00","1,337.65","1,266.00","1,320.60","1,320.90","1,311.06",10375519,13602917636.9,209261,4371626.0,42.13
2017-04-03,RELIANCE,EQ,"1,320.90","1,342.00","1,380.50","1,337.05","1,373.25","1,374.65","1,365.85",10260327,14014070970.7,167021,4815428.0,46.93
2017-04-05,RELIANCE,EQ,"1,374.65","1,395.20","1,418.00","1,380.10","1,415.05","1,415.00","1,400.66",9217360,12910386480.6,188615,4343888.0,47.13
2017-04-06,RELIANCE,EQ,"1,415.00","1,409.00","1,448.90","1,402.20","1,434.00","1,438.50","1,429.25",11571075,16537975353.15,193297,5364090.0,46.36
2017-04-07,RELIANCE,EQ,"1,438.50","1,421.30","1,434.00","1,402.55","1,405.25","1,406.60","1,419.57",7286151,10343188455.35,172166,3594186.0,49.33
2017-04-10,RELIANCE,EQ,"1,406.60","1,410.00","1,424.90","1,377.30","1,384.75","1,381.35","1,396.97",7033141,9825093896.0,146691,3998689.0,56.85
2017-04-11,RELIANCE,EQ,"1,381.35","1,387.85","1,400.45","1,370.10","1,375.70","1,372.35","1,382.90",7371727,10194385221.25,150329,4362093.0,59.17
2017-04-12,RELIANCE,EQ,"1,372.35","1,382.80","1,386.45","1,351.15","1,355.00","1,354.00","1,363.72",6274215,8556264240.65,162585,3238000.0,51.61
2017-04-13,RELIANCE,EQ,"1,354.00","1,354.00","1,373.40","1,347.35","1,365.80","1,364.80","1,365.73",2906188,3969077630.35,68868,1141564.0,39.28
2017-04-17,RELIANCE,EQ,"1,364.80","1,365.00","1,395.55","1,365.00","1,391.45","1,391.85","1,380.35",2705854,3735039098.15,56746,977288.0,36.12
2017-04-18,RELIANCE,EQ,"1,391.85","1,399.95","1,410.00","1,367.00","1,369.00","1,370.20","1,393.47",3661083,5101601216.25,88267,1142150.0,31.2
2017-04-19,RELIANCE,EQ,"1,370.20","1,369.00","1,382.55","1,357.55","1,369.95","1,368.80","1,368.72",2645292,3620655411.5,80500,1199472.0,45.34
2017-04-20,RELIANCE,EQ,"1,368.80","1,379.00","1,386.80","1,364.10","1,370.45","1,369.55","1,371.78",1918612,2631919172.4,55149,736770.0,38.4
2017-04-21,RELIANCE,EQ,"1,369.55","1,380.50","1,421.00","1,378.55","1,405.00","1,402.50","1,404.50",6910277,9705482124.25,137920,2371273.0,34.32
2017-04-24,RELIANCE,EQ,"1,402.50","1,409.05","1,435.00","1,400.20","1,417.85","1,417.40","1,418.74",5831731,8273693518.0,183083,2146777.0,36.81
2017-04-25,RELIANCE,EQ,"1,417.40","1,460.00","1,467.75","1,426.10","1,431.00","1,432.80","1,442.90",8403704,12125713088.0,176682,3213592.0,38.24
2017-04-26,RELIANCE,EQ,"1,432.80","1,435.00","1,440.05","1,402.60","1,416.50","1,416.45","1,421.45",3831775,5446671308.75,108141,1977500.0,51.61
2017-04-27,RELIANCE,EQ,"1,416.45","1,417.00","1,424.15","1,402.20","1,409.00","1,409.50","1,408.44",2873655,4047372598.75,67915,1530304.0,53.25
2017-04-28,RELIANCE,EQ,"1,409.50","1,409.75","1,420.30","1,391.00","1,394.25","1,395.20","1,403.80",2708404,3802054529.95,65970,1109279.0,40.96
2017-05-02,RELIANCE,EQ,"1,395.20","1,402.00","1,402.00","1,366.30","1,372.00","1,370.55","1,375.81",4249684,5846767714.15,98491,2414317.0,56.81
2017-05-03,RELIANCE,EQ,"1,370.55","1,376.90","1,380.75","1,365.00","1,370.20","1,370.10","1,371.36",2171549,2977965401.4,51100,1091961.0,50.28
2017-05-04,RELIANCE,EQ,"1,370.10","1,375.00","1,379.60","1,354.05","1,361.60","1,357.95","1,364.31",3283811,4480138684.2,101401,1986534.0,60.49
2017-05-05,RELIANCE,EQ,"1,357.95","1,361.60","1,367.35","1,325.00","1,328.40","1,328.25","1,343.70",3565543,4791006380.75,81287,1874915.0,52.58
2017-05-08,RELIANCE,EQ,"1,328.25","1,330.00","1,339.50","1,318.35","1,320.10","1,321.40","1,328.00",3672585,4877180991.65,64261,2378259.0,64.76
2017-05-09,RELIANCE,EQ,"1,321.40","1,324.00","1,333.65","1,320.25","1,330.00","1,330.35","1,329.47",4824511,6414062772.6,73661,3697634.0,76.64
2017-05-10,RELIANCE,EQ,"1,330.35","1,334.80","1,363.60","1,330.65","1,359.20","1,359.10","1,352.69",5235932,7082604050.4,127713,2966210.0,56.65
2017-05-11,RELIANCE,EQ,"1,359.10","1,364.10","1,369.75","1,351.65","1,357.00","1,359.55","1,361.00",3150756,4288166983.4,81000,1801503.0,57.18
2017-05-12,RELIANCE,EQ,"1,359.55","1,360.05","1,364.00","1,344.05","1,349.90","1,350.45","1,351.52",1719729,2324243176.95,45354,884077.0,51.41
2017-05-15,RELIANCE,EQ,"1,350.45","1,356.40","1,356.40","1,333.50","1,343.60","1,344.10","1,344.22",1540213,2070378803.2,75812,802733.0,52.12
2017-05-16,RELIANCE,EQ,"1,344.10","1,346.05","1,376.90","1,341.00","1,356.20","1,356.30","1,360.59",2892947,3936121463.6,79767,1238129.0,42.8
2017-05-17,RELIANCE,EQ,"1,356.30","1,353.00","1,365.95","1,347.75","1,350.00","1,353.10","1,354.16",2250304,3047263294.2,56277,1225837.0,54.47
2017-05-18,RELIANCE,EQ,"1,353.10","1,340.25","1,350.00","1,324.10","1,327.45","1,327.35","1,336.14",2237916,2990177747.2,84723,1339478.0,59.85
2017-05-19,RELIANCE,EQ,"1,327.35","1,333.00","1,335.70","1,310.00","1,318.20","1,318.85","1,321.99",2928883,3871939701.45,115988,1444387.0,49.32
2017-05-22,RELIANCE,EQ,"1,318.85","1,326.50","1,333.60","1,315.20","1,326.00","1,324.15","1,322.82",2011859,2661318292.65,89828,1123947.0,55.87
2017-05-23,RELIANCE,EQ,"1,324.15","1,325.70","1,329.85","1,302.00","1,304.55","1,305.55","1,313.55",2108223,2769246986.8,81667,1172410.0,55.61
2017-05-24,RELIANCE,EQ,"1,305.55","1,307.50","1,313.70","1,295.10","1,299.00","1,297.70","1,302.71",3274804,4266122161.8,78535,1782580.0,54.43
2017-05-25,RELIANCE,EQ,"1,297.70","1,300.00","1,312.40","1,296.45","1,301.50","1,302.45","1,303.19",5925335,7721842990.45,114553,4678965.0,78.97
2017-05-26,RELIANCE,EQ,"1,302.45","1,303.95","1,344.40","1,300.00","1,339.00","1,337.30","1,320.18",4898639,6467102968.55,111248,2843822.0,58.05
2017-05-29,RELIANCE,EQ,"1,337.30","1,337.00","1,365.45","1,335.60","1,355.25","1,356.90","1,352.77",5491170,7428268296.7,88604,2590759.0,47.18
2017-05-30,RELIANCE,EQ,"1,356.90","1,355.90","1,364.70","1,348.50","1,360.00","1,359.35","1,357.25",2207727,2996431672.15,71958,1133031.0,51.32
2017-05-31,RELIANCE,EQ,"1,359.35","1,367.00","1,367.95","1,335.80","1,340.00","1,340.70","1,346.68",3754099,5055552391.8,153444,2447584.0,65.2
2017-06-01,RELIANCE,EQ,"1,340.70","1,332.70","1,340.00","1,323.00","1,329.85","1,328.25","1,329.31",2179328,2896998252.0,79314,1229535.0,56.42
2017-06-02,RELIANCE,EQ,"1,328.25","1,335.00","1,338.70","1,317.00","1,322.90","1,324.75","1,326.29",2627565,3484908657.55,92530,1625375.0,61.86
2017-06-05,RELIANCE,EQ,"1,324.75","1,326.25","1,341.00","1,315.85","1,330.00","1,329.35","1,328.64",2476706,3290662701.45,77234,1452622.0,58.65
2017-06-06,RELIANCE,EQ,"1,329.35","1,333.95","1,333.95","1,311.00","1,312.50","1,312.80","1,320.16",2192356,2894270054.8,61140,1301049.0,59.34
2017-06-07,RELIANCE,EQ,"1,312.80","1,311.20","1,342.00","1,309.00","1,339.00","1,339.00","1,328.04",2559954,3399718610.0,102403,1465014.0,57.23
2017-06-08,RELIANCE,EQ,"1,339.00","1,340.00","1,344.80","1,328.05","1,333.90","1,331.70","1,332.33",1806521,2406881914.95,61841,1063436.0,58.87
2017-06-09,RELIANCE,EQ,"1,331.70","1,345.10","1,352.95","1,331.00","1,332.95","1,335.70","1,340.93",3162802,4241088719.1,78984,1333930.0,42.18
2017-06-12,RELIANCE,EQ,"1,335.70","1,326.55","1,329.75","1,317.00","1,319.00","1,319.45","1,321.07",1927513,2546372486.95,44210,1194367.0,61.96
2017-06-13,RELIANCE,EQ,"1,319.45","1,320.60","1,327.00","1,311.00","1,312.00","1,314.35","1,318.87",1377291,1816467340.7,63864,679324.0,49.32
2017-06-14,RELIANCE,EQ,"1,314.35","1,315.90","1,360.00","1,315.90","1,360.00","1,357.50","1,348.06",12101027,16312963495.05,139964,7232727.0,59.77
2017-06-15,RELIANCE,EQ,"1,357.50","1,360.00","1,395.00","1,359.10","1,377.35","1,383.95","1,379.51",6466804,8921027744.65,122808,2913028.0,45.05
2017-06-16,RELIANCE,EQ,"1,383.95","1,389.10","1,395.80","1,369.30","1,387.10","1,388.80","1,384.77",7477157,10354166799.6,126947,3372282.0,45.1
2017-06-19,RELIANCE,EQ,"1,388.80","1,390.20","1,415.80","1,390.20","1,407.00","1,409.25","1,409.38",3482912,4908755460.05,97727,1288969.0,37.01
2017-06-20,RELIANCE,EQ,"1,409.25","1,409.00","1,422.10","1,407.45","1,411.05","1,412.35","1,414.55",2318399,3279484043.0,54658,1142097.0,49.26
2017-06-21,RELIANCE,EQ,"1,412.35","1,407.80","1,428.00","1,404.25","1,427.75","1,422.00","1,418.57",4569943,6482764628.4,72533,2979165.0,65.19
2017-06-22,RELIANCE,EQ,"1,422.00","1,429.45","1,445.40","1,427.70","1,434.80","1,432.65","1,438.13",5055942,7271102905.3,67464,2293076.0,45.35
2017-06-23,RELIANCE,EQ,"1,432.65","1,436.00","1,442.00","1,430.60","1,432.10","1,435.85","1,437.72",7118832,10234862866.6,84739,4671640.0,65.62
2017-06-27,RELIANCE,EQ,"1,435.85","1,432.00","1,443.00","1,425.00","1,439.05","1,437.15","1,433.65",7449878,10680534186.35,95862,4517542.0,60.64
2017-06-28,RELIANCE,EQ,"1,437.15","1,439.95","1,439.95","1,395.55","1,399.80","1,398.50","1,408.58",3558538,5012497439.8,96283,1761401.0,49.5
2017-06-29,RELIANCE,EQ,"1,398.50","1,400.00","1,410.00","1,390.10","1,392.35","1,392.70","1,397.72",2948322,4120928819.3,73181,1023958.0,34.73
2017-06-30,RELIANCE,EQ,"1,392.70","1,392.00","1,392.40","1,375.05","1,383.00","1,380.00","1,381.68",1786211,2467964900.75,57115,797965.0,44.67
2017-07-03,RELIANCE,EQ,"1,380.00","1,388.20","1,394.70","1,371.00","1,384.00","1,381.05","1,381.94",2101886,2904674175.1,58487,909257.0,43.26
2017-07-04,RELIANCE,EQ,"1,381.05","1,390.00","1,427.10","1,389.00","1,422.00","1,421.95","1,411.47",4301200,6071002326.55,79094,1269909.0,29.52
2017-07-05,RELIANCE,EQ,"1,421.95","1,429.45","1,447.45","1,424.00","1,440.05","1,442.65","1,440.65",6219522,8960156338.1,67692,2253529.0,36.23
2017-07-06,RELIANCE,EQ,"1,442.65","1,448.70","1,450.00","1,438.00","1,442.00","1,442.55","1,444.20",3106517,4486436976.5,51171,1446377.0,46.56
2017-07-07,RELIANCE,EQ,"1,442.55","1,443.00","1,497.75","1,440.00","1,489.50","1,491.15","1,467.56",8193635,12024672966.8,118579,2850308.0,34.79
2017-07-10,RELIANCE,EQ,"1,491.15","1,530.00","1,550.00","1,489.10","1,491.00","1,492.85","1,495.16",815433,1219206575.7,9771,524406.0,64.31
2017-07-11,RELIANCE,EQ,"1,492.85","1,501.00","1,504.40","1,487.00","1,496.50","1,494.35","1,495.08",4799229,7175215647.25,58533,2178682.0,45.4
2017-07-12,RELIANCE,EQ,"1,494.35","1,499.40","1,525.00","1,497.50","1,511.25","1,511.10","1,512.30",3909797,5912789614.6,130937,1618467.0,41.4
2017-07-13,RELIANCE,EQ,"1,511.10","1,508.75","1,525.00","1,506.15","1,518.60","1,522.10","1,516.35",5259759,7975613062.3,80445,2425730.0,46.12
2017-07-14,RELIANCE,EQ,"1,522.10","1,520.00","1,536.00","1,515.55","1,533.00","1,533.75","1,527.64",4693011,7169211716.9,60570,1855009.0,39.53
2017-07-17,RELIANCE,EQ,"1,533.75","1,537.00","1,559.60","1,537.00","1,548.70","1,551.75","1,550.72",4285809,6646109251.55,58737,2295970.0,53.57
2017-07-18,RELIANCE,EQ,"1,551.75","1,546.80","1,551.80","1,511.00","1,520.50","1,519.90","1,526.50",4489412,6853087594.9,91217,2516460.0,56.05
2017-07-19,RELIANCE,EQ,"1,519.90","1,512.60","1,538.00","1,512.60","1,538.00","1,532.95","1,527.52",2695041,4116718439.05,77682,1515379.0,56.23
2017-07-20,RELIANCE,EQ,"1,532.95","1,539.75","1,550.00","1,523.70","1,526.10","1,528.90","1,535.46",3114686,4782481316.7,71431,1606391.0,51.57
2017-07-21,RELIANCE,EQ,"1,528.90","1,550.00","1,591.70","1,544.95","1,584.00","1,585.00","1,572.08",22205112,34908155068.5,427790,4293169.0,19.33
2017-07-24,RELIANCE,EQ,"1,585.00","1,600.00","1,624.90","1,585.00","1,619.00","1,615.25","1,613.62",9927229,16018796811.7,192058,3831194.0,38.59
2017-07-25,RELIANCE,EQ,"1,615.25","1,624.70","1,624.95","1,597.60","1,602.50","1,602.15","1,610.25",4586079,7384713584.95,110309,2144225.0,46.76
2017-07-26,RELIANCE,EQ,"1,602.15","1,604.20","1,629.90","1,601.10","1,621.15","1,622.75","1,620.72",5018389,8133382696.2,126847,2015577.0,40.16
2017-07-27,RELIANCE,EQ,"1,622.75","1,628.00","1,631.50","1,588.35","1,592.80","1,594.80","1,608.84",4208071,6770133068.75,74777,2154944.0,51.21
2017-07-28,RELIANCE,EQ,"1,594.80","1,591.25","1,605.95","1,578.00","1,594.00","1,594.45","1,592.27",3276023,5216321535.6,81539,1149781.0,35.1
2017-07-31,RELIANCE,EQ,"1,594.45","1,601.95","1,618.80","1,596.00","1,615.45","1,615.20","1,610.24",3787034,6098027726.85,77426,1889965.0,49.91
2017-08-01,RELIANCE,EQ,"1,615.20","1,622.75","1,622.75","1,591.50","1,605.80","1,603.60","1,605.00",2814298,4516958842.35,80380,1413196.0,50.21
2017-08-02,RELIANCE,EQ,"1,603.60","1,610.00","1,635.70","1,608.10","1,625.10","1,629.20","1,624.28",4751385,7717586946.25,85961,2143251.0,45.11
2017-08-03,RELIANCE,EQ,"1,629.20","1,626.85","1,664.90","1,617.05","1,654.00","1,650.10","1,645.48",4504776,7412507560.75,100320,1280650.0,28.43
2017-08-04,RELIANCE,EQ,"1,650.10","1,663.00","1,663.00","1,615.10","1,626.50","1,622.15","1,626.00",4247045,6905703756.4,105310,2052979.0,48.34
2017-08-07,RELIANCE,EQ,"1,622.15","1,631.60","1,631.60","1,612.55","1,618.00","1,616.35","1,620.90",2180018,3533598682.4,73400,1064581.0,48.83
2017-08-08,RELIANCE,EQ,"1,616.35","1,618.00","1,621.05","1,586.80","1,604.60","1,602.55","1,605.42",2505568,4022476840.85,54425,856664.0,34.19
2017-08-09,RELIANCE,EQ,"1,602.55","1,601.50","1,620.00","1,585.00","1,595.00","1,598.80","1,605.79",2385643,3830853342.75,73759,778289.0,32.62
2017-08-10,RELIANCE,EQ,"1,598.80","1,593.05","1,606.65","1,577.95","1,593.75","1,584.35","1,590.55",2328843,3704143392.15,82027,1089828.0,46.8
2017-08-11,RELIANCE,EQ,"1,584.35","1,550.95","1,580.00","1,533.00","1,545.50","1,546.25","1,558.16",3885064,6053534861.9,106441,1792053.0,46.13
2017-08-14,RELIANCE,EQ,"1,546.25","1,561.00","1,584.50","1,561.00","1,572.20","1,573.05","1,573.14",3072299,4833153046.9,92410,1667459.0,54.27
2017-08-16,RELIANCE,EQ,"1,573.05","1,572.00","1,576.00","1,550.20","1,576.00","1,566.10","1,561.92",3103394,4847251820.75,96068,1481871.0,47.75
2017-08-17,RELIANCE,EQ,"1,566.10","1,569.00","1,597.65","1,561.15","1,563.00","1,567.10","1,580.02",3618179,5716789489.9,89026,1450228.0,40.08
2017-08-18,RELIANCE,EQ,"1,567.10","1,564.00","1,577.80","1,553.15","1,576.25","1,575.40","1,568.93",1814011,2846062732.35,50855,646001.0,35.61
2017-08-21,RELIANCE,EQ,"1,575.40","1,577.00","1,584.15","1,560.25","1,564.30","1,564.40","1,571.08",1731188,2719841500.65,50892,746749.0,43.14
2017-08-22,RELIANCE,EQ,"1,564.40","1,572.00","1,579.90","1,556.05","1,560.10","1,560.05","1,568.81",2179230,3418790347.6,57712,1164969.0,53.46
2017-08-23,RELIANCE,EQ,"1,560.05","1,564.85","1,586.55","1,553.15","1,582.55","1,582.05","1,567.85",1901824,2981782350.95,57111,705110.0,37.08
2017-08-24,RELIANCE,EQ,"1,582.05","1,590.00","1,593.10","1,564.50","1,570.00","1,568.05","1,575.93",2892571,4558488605.6,92963,1522504.0,52.63
2017-08-28,RELIANCE,EQ,"1,568.05","1,579.05","1,581.95","1,561.20","1,564.75","1,566.55","1,568.06",2815328,4414602361.45,113655,1952702.0,69.36
2017-08-29,RELIANCE,EQ,"1,566.55","1,561.85","1,567.50","1,530.00","1,532.05","1,532.15","1,543.47",3466421,5350330119.9,109648,2104367.0,60.71
2017-08-30,RELIANCE,EQ,"1,532.15","1,547.55","1,568.80","1,541.25","1,563.50","1,564.10","1,558.27",2362387,3681230670.65,70628,821509.0,34.77
2017-08-31,RELIANCE,EQ,"1,564.10","1,575.00","1,597.45","1,574.00","1,595.40","1,594.50","1,587.29",5738495,9108681150.3,153607,3293653.0,57.4
2017-09-01,RELIANCE,EQ,"1,594.50","1,599.85","1,616.60","1,599.00","1,611.95","1,610.10","1,609.02",3527477,5675773296.7,67678,1561681.0,44.27
2017-09-04,RELIANCE,EQ,"1,610.10","1,615.50","1,636.15","1,595.85","1,615.00","1,613.35","1,616.73",4928375,7967844928.65,78551,2385472.0,48.4
2017-09-05,RELIANCE,EQ,"1,613.35","1,630.00","1,634.85","1,621.05","1,632.15","1,632.60","1,630.06",5764131,9395875386.35,103790,3567169.0,61.89
2017-09-06,RELIANCE,EQ,"1,632.60","1,626.40","1,652.50","1,622.80","1,644.00","1,645.40","1,645.90",11142512,18339508179.8,107540,8046232.0,72.21
2017-09-07,RELIANCE,EQ,"1,645.40",823.00,832.50,815.00,816.60,818.10,822.46,7408536,6093238362.2,125644,3413409.0,46.07
2017-09-08,RELIANCE,EQ,818.10,820.00,823.25,812.10,816.95,816.90,817.30,6056729,4950161479.8,107693,3404300.0,56.21
2017-09-11,RELIANCE,EQ,816.90,821.30,826.85,816.55,819.50,817.90,822.68,5801712,4772966391.15,65550,3899662.0,67.22
2017-09-12,RELIANCE,EQ,817.90,822.75,825.00,817.00,824.50,823.75,821.76,2971669,2441997855.35,60052,1570576.0,52.85
2017-09-13,RELIANCE,EQ,823.75,824.00,859.90,822.00,853.40,849.00,846.97,13430225,11375039392.05,169159,5061298.0,37.69
2017-09-14,RELIANCE,EQ,849.00,855.80,861.50,842.00,844.20,843.85,850.31,5425486,4613369236.95,73159,2181419.0,40.21
2017-09-15,RELIANCE,EQ,843.85,842.00,852.85,834.75,842.00,841.80,841.99,13072853,11007221825.9,97143,8512123.0,65.11
2017-09-18,RELIANCE,EQ,841.80,850.00,851.05,843.10,845.20,845.55,847.17,2314174,1960493731.45,57137,918028.0,39.67
2017-09-19,RELIANCE,EQ,845.55,848.70,848.75,837.00,839.00,838.60,839.69,3528729,2963055859.95,56976,2171370.0,61.53
2017-09-20,RELIANCE,EQ,838.60,856.10,872.50,845.10,848.00,847.15,855.91,11402965,9759876153.8,147419,5286400.0,46.36
2017-09-21,RELIANCE,EQ,847.15,847.00,851.70,836.25,842.95,841.35,841.76,5920552,4983709461.65,81741,3689024.0,62.31
2017-09-22,RELIANCE,EQ,841.35,839.90,839.90,813.20,816.95,817.40,824.67,5620443,4635015513.75,97574,2686568.0,47.8
2017-09-25,RELIANCE,EQ,817.40,815.00,827.95,805.20,821.00,821.55,818.09,6505309,5321937992.75,116207,3232646.0,49.69
2017-09-26,RELIANCE,EQ,821.55,821.70,827.05,812.20,819.20,820.10,819.18,4829571,3956299338.1,71436,2194442.0,45.44
2017-09-27,RELIANCE,EQ,820.10,825.60,825.70,795.50,798.40,799.15,805.86,8434196,6796763903.25,130217,3767260.0,44.67
2017-09-28,RELIANCE,EQ,799.15,799.65,802.90,780.20,786.25,786.45,789.61,13508179,10666240866.7,197436,8286564.0,61.34
2017-09-29,RELIANCE,EQ,786.45,791.75,793.40,779.10,781.20,780.90,785.51,7619230,5984977306.7,139675,3644681.0,47.84
2017-10-03,RELIANCE,EQ,780.90,795.00,803.85,785.35,799.00,798.35,797.81,8387059,6691289330.7,147117,4792550.0,57.14
2017-10-04,RELIANCE,EQ,798.35,799.20,824.95,795.60,824.00,818.85,811.68,8643924,7016116516.1,131730,4821464.0,55.78
2017-10-05,RELIANCE,EQ,818.85,825.00,828.45,818.65,824.00,824.15,823.34,4860479,4001818826.75,64016,2110387.0,43.42
2017-10-06,RELIANCE,EQ,824.15,824.00,839.35,822.60,838.20,837.05,832.42,5942106,4946321212.5,57349,2501831.0,42.1
2017-10-09,RELIANCE,EQ,837.05,839.00,839.80,828.00,829.25,830.65,832.26,4046109,3367411680.85,55669,1868638.0,46.18
2017-10-10,RELIANCE,EQ,830.65,831.00,847.30,831.00,842.25,843.20,842.23,6734986,5672427724.3,129431,3140069.0,46.62
2017-10-11,RELIANCE,EQ,843.20,845.30,858.40,836.00,839.00,840.15,848.94,7049800,5984845575.6,107153,3557392.0,50.46
2017-10-12,RELIANCE,EQ,840.15,842.10,876.80,842.10,875.60,872.75,859.93,8522926,7329142508.6,133483,3855443.0,45.24
2017-10-13,RELIANCE,EQ,872.75,879.30,890.70,873.35,877.35,876.45,880.42,9833512,8657585192.1,159717,3846703.0,39.12
2017-10-16,RELIANCE,EQ,876.45,879.00,892.00,861.30,877.50,876.80,877.10,14633539,12835077761.65,199908,5138463.0,35.11
2017-10-17,RELIANCE,EQ,876.80,878.00,884.00,867.20,874.80,874.35,874.82,6354084,5558696928.35,82934,2425100.0,38.17
2017-10-18,RELIANCE,EQ,874.35,877.40,917.90,875.00,916.40,914.50,902.06,16765178,15123276190.35,236743,5324698.0,31.76
2017-10-19,RELIANCE,EQ,914.50,915.80,921.90,903.00,904.00,909.90,914.94,3664082,3352403286.6,57147,752973.0,20.55
2017-10-23,RELIANCE,EQ,909.90,912.90,944.70,909.10,940.10,939.75,930.39,12551649,11677979383.1,181861,5558279.0,44.28
2017-10-24,RELIANCE,EQ,939.75,947.70,947.70,928.20,936.20,934.25,936.76,6335308,5934642215.95,114331,2261547.0,35.7
2017-10-25,RELIANCE,EQ,934.25,940.10,945.90,929.50,939.30,939.90,937.60,4577050,4291419530.25,84923,2094561.0,45.76
2017-10-26,RELIANCE,EQ,939.90,940.00,957.80,931.00,945.30,947.40,943.54,7698704,7264042925.0,135945,3607637.0,46.86
2017-10-27,RELIANCE,EQ,947.40,950.00,956.70,925.70,930.95,929.85,936.16,5256749,4921139448.0,100759,2291791.0,43.6
2017-10-30,RELIANCE,EQ,929.85,934.00,945.55,930.60,945.35,942.50,939.44,3576533,3359929915.4,59624,1456076.0,40.71
2017-10-31,RELIANCE,EQ,942.50,944.95,945.75,932.20,944.05,940.85,938.33,4345360,4077373480.3,113055,2391774.0,55.04
2017-11-01,RELIANCE,EQ,940.85,947.75,957.80,945.75,952.35,952.55,952.36,8033040,7650355596.55,120104,4029559.0,50.16
2017-11-02,RELIANCE,EQ,952.55,952.80,956.50,944.25,946.80,946.60,950.60,4698609,4466520209.1,57550,1658640.0,35.3
2017-11-03,RELIANCE,EQ,946.60,955.95,955.95,940.15,945.95,945.30,945.40,2193730,2073948026.8,41298,645281.0,29.41
2017-11-06,RELIANCE,EQ,945.30,942.50,942.50,929.00,931.35,932.50,935.46,4460799,4172898901.95,120041,3021207.0,67.73
2017-11-07,RELIANCE,EQ,932.50,933.35,935.00,903.05,906.50,906.70,910.53,9347943,8511592120.85,150615,6087592.0,65.12
2017-11-08,RELIANCE,EQ,906.70,902.50,906.00,884.10,889.50,887.80,891.91,8115980,7238759485.05,175122,5266296.0,64.89
2017-11-09,RELIANCE,EQ,887.80,894.75,909.90,892.05,902.90,900.50,901.96,6860798,6188162917.8,100868,2342869.0,34.15
2017-11-10,RELIANCE,EQ,900.50,900.95,900.95,879.20,884.90,883.85,886.80,6365174,5644664492.6,117869,3961031.0,62.23
2017-11-13,RELIANCE,EQ,883.85,885.00,891.90,873.50,874.90,875.25,879.06,4155011,3652510603.2,155793,2396488.0,57.68
2017-11-14,RELIANCE,EQ,875.25,875.00,895.00,873.00,887.50,886.70,885.91,5706105,5055092471.3,123594,2227040.0,39.03
2017-11-15,RELIANCE,EQ,886.70,884.50,890.60,877.95,883.25,883.70,884.44,6981872,6175039788.05,113126,3261381.0,46.71
2017-11-16,RELIANCE,EQ,883.70,885.50,906.00,885.50,905.25,903.85,900.06,6931038,6238352387.75,124353,3150704.0,45.46
2017-11-17,RELIANCE,EQ,903.85,918.95,924.90,908.50,913.00,911.90,916.30,5586242,5118671947.75,114604,2824973.0,50.57
2017-11-20,RELIANCE,EQ,911.90,906.20,924.35,905.00,919.00,920.85,916.60,4220192,3868228235.05,73297,1893132.0,44.86
2017-11-21,RELIANCE,EQ,920.85,926.8,939.65,925.5,932.05,932.55,934.2,5980763,5587246390.6,139701,3335555.0,55.77
2017-11-22,RELIANCE,EQ,932.55,937.45,938.65,923.45,934.1,930.75,930.23,5055490,4702768893.45,80499,2499017.0,49.43
2017-11-23,RELIANCE,EQ,930.75,931.0,949.90,926.65,949.7,947.0,940.34,7329126,6891873715.2,86733,3905572.0,53.29
2017-11-24,RELIANCE,EQ,947.0,950.0,959.50,947.4,951.25,951.1,952.55,6394443,6091020187.15,104436,3410898.0,53.34
2017-11-27,RELIANCE,EQ,951.1,947.25,957.50,944.0,952.5,951.35,949.61,4680074,4444266973.9,97924,2384703.0,50.95
2017-11-28,RELIANCE,EQ,951.35,949.85,951.35,938.1,942.4,943.35,944.15,4641893,4382634299.75,109264,2738861.0,59.0
2017-11-29,RELIANCE,EQ,943.35,941.85,950.00,941.0,943.45,946.0,946.8,3674864,3479372052.65,86735,2029868.0,55.24
2017-11-30,RELIANCE,EQ,946.0,941.45,941.45,919.5,922.5,921.55,925.7,9434893,8733894422.15,144271,5722173.0,60.65
2017-12-01,RELIANCE,EQ,921.55,924.45,931.25,907.7,909.5,910.1,918.22,5081389,4665846806.05,101581,1664223.0,32.75
2017-12-04,RELIANCE,EQ,910.1,913.5,913.80,897.35,902.6,901.6,902.87,4618847,4170229646.35,98705,1947974.0,42.17
2017-12-05,RELIANCE,EQ,901.6,901.05,920.75,895.45,914.3,913.7,911.85,8369174,7631456011.1,130046,3775734.0,45.11
2017-12-06,RELIANCE,EQ,913.7,910.0,930.30,908.8,929.0,926.65,923.12,11007689,10161404380.45,116174,5913583.0,53.72
2017-12-07,RELIANCE,EQ,926.65,930.05,936.00,923.0,932.45,931.55,928.69,5529565,5135253669.25,108371,2924032.0,52.88
2017-12-08,RELIANCE,EQ,931.55,933.85,936.95,919.05,921.3,921.0,925.59,5588486,5172651632.2,118138,2963675.0,53.03
2017-12-11,RELIANCE,EQ,921.0,922.45,926.00,913.55,916.5,916.15,917.67,4933853,4527638392.6,91965,2652465.0,53.76
2017-12-12,RELIANCE,EQ,916.15,915.95,929.00,908.0,917.75,915.6,920.76,7215014,6643269135.55,107416,3034717.0,42.06
2017-12-13,RELIANCE,EQ,915.6,916.9,924.95,910.7,914.75,914.65,919.03,4182097,3843490644.2,66952,1368151.0,32.71
2017-12-14,RELIANCE,EQ,914.65,919.0,924.90,908.75,924.0,921.5,915.89,5021130,4598789868.1,97478,2236820.0,44.55
2017-12-15,RELIANCE,EQ,921.5,931.0,932.95,917.7,921.0,919.75,922.67,11158706,10295851305.4,178864,7983980.0,71.55
2017-12-18,RELIANCE,EQ,919.75,911.95,932.65,862.65,922.45,921.0,916.28,8494801,7783599546.35,131395,2365873.0,27.85
2017-12-19,RELIANCE,EQ,921.0,923.6,927.00,920.0,926.85,925.95,924.26,4064982,3757097202.45,78194,1941789.0,47.77
2017-12-20,RELIANCE,EQ,925.95,925.9,927.40,917.0,918.75,918.15,920.58,4774414,4395253600.35,122373,2796408.0,58.57
2017-12-21,RELIANCE,EQ,918.15,918.45,923.95,910.0,913.0,912.95,917.28,4147162,3804108015.15,91666,2425548.0,58.49
2017-12-22,RELIANCE,EQ,912.95,914.65,922.40,909.3,919.8,920.4,917.93,4872675,4472795835.0,107550,2501910.0,51.35
2017-12-26,RELIANCE,EQ,920.4,924.85,938.90,918.15,936.0,929.8,925.15,5301456,4904644711.45,88411,3034867.0,57.25
2017-12-27,RELIANCE,EQ,929.8,933.0,937.50,919.0,923.25,923.75,930.28,4352384,4048927002.1,107845,2086939.0,47.95
2017-12-28,RELIANCE,EQ,923.75,925.25,934.40,919.1,922.6,924.2,924.83,7091515,6558467598.75,92078,3829171.0,54.0
2017-12-29,RELIANCE,EQ,924.2,926.5,932.30,918.5,920.1,921.05,924.13,5069838,4685185006.7,102691,2516140.0,49.63
2018-01-01,RELIANCE,EQ,921.05,922.7,922.70,907.5,909.5,909.75,913.43,4321686,3947568943.55,61538,2615951.0,60.53
2018-01-02,RELIANCE,EQ,909.75,913.0,919.55,906.4,911.5,911.15,912.92,4342815,3964649169.65,63346,1835805.0,42.27
2018-01-03,RELIANCE,EQ,911.15,925.0,926.00,913.05,915.5,914.8,920.1,6175312,5681898482.5,101162,2679871.0,43.4
2018-01-04,RELIANCE,EQ,914.8,918.15,921.80,915.7,920.5,920.3,919.08,4118581,3785310187.15,92195,2666331.0,64.74
2018-01-05,RELIANCE,EQ,920.3,921.8,926.90,920.25,923.0,923.25,923.12,3401905,3140379429.35,59095,1641153.0,48.24
2018-01-08,RELIANCE,EQ,923.25,926.1,931.00,923.5,926.6,928.55,927.42,4035417,3742538282.25,71254,2338783.0,57.96
2018-01-09,RELIANCE,EQ,928.55,928.15,943.90,924.0,940.0,940.95,938.57,6534997,6133531767.75,130260,2793438.0,42.75
2018-01-10,RELIANCE,EQ,940.95,943.0,947.40,935.5,941.5,942.35,942.13,5361502,5051241312.15,88179,3071989.0,57.3
2018-01-11,RELIANCE,EQ,942.35,941.8,942.65,935.0,936.9,937.75,939.68,3588727,3372263778.65,61745,2236859.0,62.33
2018-01-12,RELIANCE,EQ,937.75,943.0,952.80,938.25,946.6,949.0,946.82,6890028,6523589663.4,120871,3367729.0,48.88
2018-01-15,RELIANCE,EQ,949.0,950.0,958.50,945.2,947.6,949.15,952.57,5084113,4842989337.35,67051,3050153.0,59.99
2018-01-16,RELIANCE,EQ,949.15,947.7,947.70,920.0,923.8,922.95,930.84,4948895,4606622460.85,112950,2257272.0,45.61
2018-01-17,RELIANCE,EQ,922.95,926.0,929.00,907.0,924.1,924.5,921.46,6036432,5562354161.7,113531,2867770.0,47.51
2018-01-18,RELIANCE,EQ,924.5,929.0,929.60,915.1,922.0,919.7,922.33,4289053,3955927032.4,96415,1953284.0,45.54
2018-01-19,RELIANCE,EQ,919.7,923.0,934.40,922.1,934.2,931.3,928.48,4559564,4233444944.0,104474,1700020.0,37.28
2018-01-22,RELIANCE,EQ,931.3,948.0,974.30,940.0,970.2,971.5,959.81,20892838,20053133153.8,324891,7211234.0,34.52
2018-01-23,RELIANCE,EQ,971.5,975.0,990.95,975.0,982.05,983.25,984.66,10298500,10140509291.75,189970,4375134.0,42.48
2018-01-24,RELIANCE,EQ,983.25,981.75,981.75,962.65,967.95,966.35,968.16,6532672,6324642038.05,112501,3339394.0,51.12
2018-01-25,RELIANCE,EQ,966.35,967.9,972.00,956.15,963.95,965.9,963.99,6249419,6024404785.35,124818,3361900.0,53.8
2018-01-29,RELIANCE,EQ,965.9,966.2,977.30,959.3,963.7,964.5,968.68,4524605,4382895108.05,98469,2245340.0,49.63
2018-01-30,RELIANCE,EQ,964.5,965.8,965.80,949.0,950.0,950.4,956.43,4198139,4015232068.0,67935,2568921.0,61.19
2018-01-31,RELIANCE,EQ,950.4,950.0,964.50,941.55,962.0,961.3,958.82,5738209,5501909578.55,118233,3180140.0,55.42
2018-02-01,RELIANCE,EQ,961.3,963.25,972.60,936.6,945.0,943.85,955.08,7554587,7215260532.4,126370,3415032.0,45.2
2018-02-02,RELIANCE,EQ,943.85,935.0,943.95,901.0,901.9,904.35,917.5,13242095,12149575193.3,233056,8153043.0,61.57
2018-02-05,RELIANCE,EQ,904.35,894.0,912.50,881.8,907.0,902.15,902.03,8773525,7913964633.25,208567,4974348.0,56.7
2018-02-06,RELIANCE,EQ,902.15,877.0,898.00,871.0,893.4,892.1,884.19,11000567,9726627414.2,223859,5774757.0,52.5
2018-02-07,RELIANCE,EQ,892.1,902.55,905.40,890.0,892.45,894.4,897.52,7100838,6373167726.65,167780,3968480.0,55.89
2018-02-08,RELIANCE,EQ,894.4,897.9,910.65,892.35,906.2,904.55,903.17,6320734,5708726206.4,184671,3350338.0,53.01
2018-02-09,RELIANCE,EQ,904.55,889.0,902.00,886.0,899.95,897.85,895.97,5294279,4743532839.7,134990,2528662.0,47.76
2018-02-12,RELIANCE,EQ,897.85,903.0,918.20,902.05,914.0,915.5,910.17,5429792,4942032259.35,117785,2864468.0,52.75
2018-02-14,RELIANCE,EQ,915.5,923.0,942.50,921.0,929.0,933.65,930.9,10170959,9468181694.9,207422,5714896.0,56.19
2018-02-15,RELIANCE,EQ,933.65,937.65,945.75,928.15,936.1,935.65,938.06,6109454,5731058556.45,110875,2385409.0,39.04
2018-02-16,RELIANCE,EQ,935.65,939.6,942.60,918.1,920.45,921.3,930.32,4401672,4094973054.6,89938,1942920.0,44.14
2018-02-19,RELIANCE,EQ,921.3,921.0,932.00,913.55,928.3,927.0,922.39,4087936,3770665441.35,76979,1510482.0,36.95
2018-02-20,RELIANCE,EQ,927.0,929.0,929.55,918.8,919.9,921.1,923.11,3866919,3569595827.9,73125,1883636.0,48.71
2018-02-21,RELIANCE,EQ,921.1,930.0,932.50,922.15,929.0,929.35,927.21,5448230,5051677024.3,115472,3286057.0,60.31
2018-02-22,RELIANCE,EQ,929.35,922.0,931.00,920.0,921.0,924.35,924.97,5118850,4734779150.6,95362,2583649.0,50.47
2018-02-23,RELIANCE,EQ,924.35,925.4,938.00,922.75,934.0,934.25,931.77,4850839,4519877656.55,107785,2720599.0,56.09
2018-02-26,RELIANCE,EQ,934.25,939.0,944.90,936.6,938.75,938.7,941.3,3856478,3630113758.55,76681,2134416.0,55.35
2018-02-27,RELIANCE,EQ,938.7,939.0,955.80,938.35,951.5,950.5,949.05,6410097,6083477042.25,97701,3270098.0,51.01
2018-02-28,RELIANCE,EQ,950.5,945.95,957.10,943.2,951.0,954.55,953.33,25898694,24689973325.05,245932,19148342.0,73.94
2018-03-01,RELIANCE,EQ,954.55,949.75,959.90,945.95,948.05,948.4,951.47,4094652,3895948304.25,82999,2074420.0,50.66
2018-03-05,RELIANCE,EQ,948.4,943.0,950.15,921.6,922.65,924.1,932.35,5634893,5253681530.4,105746,2770783.0,49.17
2018-03-06,RELIANCE,EQ,924.1,929.0,936.20,905.1,908.65,910.85,926.46,7323680,6785121098.75,119522,4340221.0,59.26
2018-03-07,RELIANCE,EQ,910.85,909.25,909.25,888.05,892.4,889.75,898.07,7247708,6508943482.75,162870,4114512.0,56.77
2018-03-08,RELIANCE,EQ,889.75,897.65,914.50,893.3,911.0,911.45,903.98,6072983,5489882189.9,110989,2821293.0,46.46
2018-03-09,RELIANCE,EQ,911.45,914.9,919.35,911.05,915.0,913.1,914.72,4863577,4448821265.35,110348,2706076.0,55.64
2018-03-12,RELIANCE,EQ,913.1,920.0,933.10,917.55,931.95,930.3,924.01,3801407,3512520944.25,70971,1844960.0,48.53
2018-03-13,RELIANCE,EQ,930.3,931.9,936.00,921.35,934.0,931.85,929.52,5096825,4737580483.65,72560,2290961.0,44.95
2018-03-14,RELIANCE,EQ,931.85,928.8,932.05,919.2,931.55,929.05,923.15,6731530,6214195309.0,79487,3237828.0,48.1
2018-03-15,RELIANCE,EQ,929.05,925.0,929.45,910.0,911.0,911.8,918.37,5811424,5337047119.4,70975,2849596.0,49.03
2018-03-16,RELIANCE,EQ,911.8,909.0,909.70,886.05,904.0,900.05,898.82,14087564,12662129927.65,221824,9248266.0,65.65
2018-03-19,RELIANCE,EQ,900.05,901.0,906.90,892.0,895.0,895.5,898.02,5774392,5185519991.5,111279,2595730.0,44.95
2018-03-20,RELIANCE,EQ,895.5,893.3,904.00,887.05,892.0,889.8,894.96,6945721,6216141684.45,111138,3726794.0,53.66
2018-03-21,RELIANCE,EQ,889.8,894.85,902.35,893.3,896.0,896.9,897.27,6727261,6036186651.55,126549,3864583.0,57.45
2018-03-22,RELIANCE,EQ,896.9,896.0,911.95,895.75,908.9,908.15,907.73,10116965,9183446074.1,135445,6244257.0,61.72
2018-03-23,RELIANCE,EQ,908.15,890.6,900.00,889.1,892.5,893.9,894.9,10729694,9601998760.5,115124,7669459.0,71.48
2018-03-26,RELIANCE,EQ,893.9,893.95,904.30,892.5,901.5,901.1,898.73,6047262,5434879313.05,121961,3636901.0,60.14
2018-03-27,RELIANCE,EQ,901.1,907.2,910.75,897.0,898.3,899.8,903.51,6939577,6269986775.15,107921,4642015.0,66.89
2018-03-28,RELIANCE,EQ,899.8,895.8,895.85,880.0,881.6,882.7,886.65,8759586,7766716375.05,164624,5760321.0,65.76
2018-04-02,RELIANCE,EQ,882.7,893.0,900.95,886.5,892.95,892.95,894.38,5712065,5108762641.2,138967,3627851.0,63.51
2018-04-03,RELIANCE,EQ,892.95,891.0,901.70,885.25,901.0,899.55,891.67,6364728,5675268231.5,106660,4357033.0,68.46
2018-04-04,RELIANCE,EQ,899.55,904.7,911.80,892.05,893.25,894.9,901.57,6498407,5858765070.35,90218,3792126.0,58.35
2018-04-05,RELIANCE,EQ,894.9,905.1,910.00,903.5,908.0,908.2,907.4,3898676,3537659969.75,76386,2302327.0,59.05
2018-04-06,RELIANCE,EQ,908.2,908.0,918.50,905.0,911.95,911.0,912.81,4418462,4033221156.45,76788,2226588.0,50.39
2018-04-09,RELIANCE,EQ,911.0,912.55,919.00,912.55,915.0,916.0,916.01,3572251,3272222859.6,73839,2250338.0,62.99
2018-04-10,RELIANCE,EQ,916.0,918.4,923.90,914.15,915.5,917.05,919.12,3865402,3552772955.3,80941,2362123.0,61.11
2018-04-11,RELIANCE,EQ,917.05,921.8,932.75,916.05,931.75,930.85,927.88,6007539,5574246154.3,109450,3174364.0,52.84
2018-04-12,RELIANCE,EQ,930.85,929.85,936.65,924.2,927.1,928.7,929.39,4947725,4598362819.55,81750,2709544.0,54.76
2018-04-13,RELIANCE,EQ,928.7,932.7,941.70,928.7,939.85,938.85,937.05,5767984,5404908210.45,102901,3471103.0,60.18
2018-04-16,RELIANCE,EQ,938.85,934.45,940.00,928.5,938.1,937.05,932.57,4084450,3809041574.0,104874,2628073.0,64.34
2018-04-17,RELIANCE,EQ,937.05,940.0,947.20,936.0,945.0,944.25,942.33,4388713,4135607266.1,107244,2792594.0,63.63
2018-04-18,RELIANCE,EQ,944.25,945.25,948.20,935.05,937.7,938.0,941.25,3365196,3167484000.9,90717,2111686.0,62.75
2018-04-19,RELIANCE,EQ,938.0,939.1,945.00,935.0,942.0,942.3,941.25,4481413,4218134285.75,49239,2947293.0,65.77
2018-04-20,RELIANCE,EQ,942.3,938.0,941.85,921.2,930.0,927.9,928.21,3349519,3109071704.25,72993,1740154.0,51.95
2018-04-23,RELIANCE,EQ,927.9,930.0,944.35,928.5,935.0,936.0,936.28,3508515,3284954148.55,74884,1921427.0,54.76
2018-04-24,RELIANCE,EQ,936.0,935.8,975.70,935.0,971.6,970.05,959.86,9107264,8741718169.1,161209,3460005.0,37.99
2018-04-25,RELIANCE,EQ,970.05,973.65,981.80,963.55,972.0,970.5,971.0,6436620,6249960891.1,125144,2040807.0,31.71
2018-04-26,RELIANCE,EQ,970.5,973.0,988.00,962.25,973.15,975.35,977.14,15588001,15231697345.95,191487,8531489.0,54.73
2018-04-27,RELIANCE,EQ,975.35,989.8,"1,011.00",985.5,996.5,996.3,999.97,11666267,11665872661.1,173541,4260032.0,36.52
2018-04-30,RELIANCE,EQ,996.3,982.0,992.60,960.0,963.5,963.3,969.39,8871802,8600270171.3,170165,3221915.0,36.32
2018-05-02,RELIANCE,EQ,963.3,967.0,979.20,965.05,974.8,972.7,973.34,6117761,5954655105.05,148402,3572199.0,58.39
2018-05-03,RELIANCE,EQ,972.7,977.9,977.90,959.25,962.0,961.6,964.27,3947546,3806512718.9,84753,1962554.0,49.72
2018-05-04,RELIANCE,EQ,961.6,962.85,964.70,950.0,953.6,953.95,954.68,3795692,3623686169.95,119312,2179011.0,57.41
2018-05-07,RELIANCE,EQ,953.95,958.85,973.25,956.35,971.9,971.0,963.82,3512532,3385450726.45,87310,1558672.0,44.37
2018-05-08,RELIANCE,EQ,971.0,977.5,982.00,965.2,966.0,967.1,972.41,4934036,4797914833.6,104703,2886310.0,58.5
2018-05-09,RELIANCE,EQ,967.1,965.9,984.30,962.25,976.2,976.7,973.59,4494423,4375739607.45,96826,2151911.0,47.88
2018-05-10,RELIANCE,EQ,976.7,980.0,984.60,974.25,979.15,981.15,980.67,4014645,3937024259.7,74806,2062636.0,51.38
2018-05-11,RELIANCE,EQ,981.15,981.25,991.30,977.75,986.0,989.25,986.84,4011516,3958724054.95,76911,1936607.0,48.28
2018-05-14,RELIANCE,EQ,989.25,991.95,991.95,976.7,984.95,986.6,984.23,2579561,2538890943.7,56447,1192913.0,46.24
2018-05-15,RELIANCE,EQ,986.6,983.05,"1,000.00",976.65,978.55,978.95,988.75,4800923,4746908409.8,100265,2160312.0,45.0
2018-05-16,RELIANCE,EQ,978.95,974.0,974.00,952.45,954.4,956.15,962.49,8613363,8290313022.65,116722,4335906.0,50.34
2018-05-17,RELIANCE,EQ,956.15,959.35,960.00,941.5,944.0,945.35,949.68,4733477,4495273470.4,119057,2896065.0,61.18
2018-05-18,RELIANCE,EQ,945.35,945.6,953.50,932.0,934.5,933.85,941.11,5230037,4922041684.75,117002,2639728.0,50.47
2018-05-21,RELIANCE,EQ,933.85,930.75,935.70,922.1,934.8,931.35,927.05,6624893,6141603388.35,83977,3776097.0,57.0
2018-05-22,RELIANCE,EQ,931.35,933.15,934.00,925.00,927.10,926.75,930.25,5170585,4809925289.2,78323,2425892.0,46.92
2018-05-23,RELIANCE,EQ,926.75,926.00,926.00,909.15,913.80,912.25,917.49,4567562,4190710346.6,111713,2429374.0,53.19
2018-05-24,RELIANCE,EQ,912.25,914.00,921.00,910.15,917.95,915.85,916.46,5317983,4873723841.4,96010,2683128.0,50.45
2018-05-25,RELIANCE,EQ,915.85,916.00,923.40,914.45,922.00,920.80,920.30,8129520,7481573040.65,94418,4874804.0,59.96
2018-05-28,RELIANCE,EQ,920.80,924.90,927.00,918.10,919.95,920.40,922.21,5197835,4793495120.7,98317,2438491.0,46.91
2018-05-29,RELIANCE,EQ,920.40,921.50,928.00,914.40,916.90,917.45,920.32,8173396,7522151497.25,113106,5810543.0,71.09
2018-05-30,RELIANCE,EQ,917.45,914.85,923.20,906.60,915.80,916.10,915.80,5991222,5486773044.7,135401,3269611.0,54.57
2018-05-31,RELIANCE,EQ,916.10,921.00,922.30,914.55,920.30,921.35,921.07,16951801,15613865590.25,166442,13107087.0,77.32
2018-06-01,RELIANCE,EQ,921.35,920.00,935.75,918.45,928.60,930.55,926.94,8765835,8125389215.5,136941,4890383.0,55.79
2018-06-04,RELIANCE,EQ,930.55,933.40,944.00,930.55,941.50,940.85,939.73,5600357,5262829394.75,237083,2937842.0,52.46
2018-06-05,RELIANCE,EQ,940.85,942.80,955.00,941.00,948.90,947.65,949.46,7971524,7568655588.4,169905,4928650.0,61.83
2018-06-06,RELIANCE,EQ,947.65,947.00,956.00,942.65,954.00,954.40,952.01,4189483,3988423353.05,108083,2708703.0,64.65
2018-06-07,RELIANCE,EQ,954.40,954.90,976.00,954.45,970.85,971.35,969.30,6857300,6646752363.3,202014,4501975.0,65.65
2018-06-08,RELIANCE,EQ,971.35,966.35,986.55,960.60,983.10,984.35,974.60,6532599,6366671932.45,143699,3812961.0,58.37
2018-06-11,RELIANCE,EQ,984.35,987.10,999.95,979.05,980.05,982.65,991.25,6866053,6806007439.5,169285,4298747.0,62.61
2018-06-12,RELIANCE,EQ,982.65,983.40,"1,000.00",980.30,999.40,997.15,991.14,7445221,7379266303.05,150601,4766496.0,64.02
2018-06-13,RELIANCE,EQ,997.15,"1,000.00","1,005.90",989.50,"1,002.50","1,002.50",999.25,5926020,5921557585.75,143644,2871545.0,48.46
2018-06-14,RELIANCE,EQ,"1,002.50",997.45,"1,011.80",987.40,"1,007.00","1,007.95","1,001.22",5484867,5491573757.3,130819,2218107.0,40.44
2018-06-15,RELIANCE,EQ,"1,007.95","1,006.00","1,023.50",999.25,"1,012.45","1,014.20","1,015.48",11294702,11469522694.4,227359,6385232.0,56.53
2018-06-18,RELIANCE,EQ,"1,014.20","1,008.80","1,020.45","1,007.00","1,014.10","1,015.55","1,014.97",5652374,5737016772.45,114998,3492837.0,61.79
2018-06-19,RELIANCE,EQ,"1,015.55","1,013.90","1,014.80",993.65,995.60,996.05,"1,002.70",6346101,6363262361.55,169205,3674239.0,57.9
2018-06-20,RELIANCE,EQ,996.05,996.00,"1,022.90",994.85,"1,019.20","1,019.25","1,015.65",7193824,7306438843.25,176300,3287906.0,45.7
2018-06-21,RELIANCE,EQ,"1,019.25","1,023.45","1,036.00","1,021.30","1,031.60","1,031.95","1,030.56",10509756,10830925855.25,218105,5465096.0,52.0
2018-06-22,RELIANCE,EQ,"1,031.95","1,028.40","1,029.20","1,008.45","1,011.65","1,012.50","1,014.60",16169978,16406133080.0,159059,7986234.0,49.39
2018-06-25,RELIANCE,EQ,"1,012.50","1,011.40","1,016.50","1,002.30","1,005.00","1,004.45","1,010.49",5197694,5252204245.65,93795,2676512.0,51.49
2018-06-26,RELIANCE,EQ,"1,004.45","1,006.00","1,006.00",975.25,978.30,978.95,986.72,8068585,7961465286.5,176505,5009123.0,62.08
2018-06-27,RELIANCE,EQ,978.95,978.50,985.40,962.70,963.70,965.85,973.82,8958555,8724005245.5,179753,4764722.0,53.19
2018-06-28,RELIANCE,EQ,965.85,962.00,968.50,940.30,948.00,944.95,952.67,8581234,8175043918.6,156175,4508940.0,52.54
2018-06-29,RELIANCE,EQ,944.95,949.10,975.50,949.00,973.20,972.45,967.48,7966401,7707335240.4,152587,4374071.0,54.91
2018-07-02,RELIANCE,EQ,972.45,972.35,972.35,957.00,960.05,960.60,962.14,6660916,6408701994.75,83823,4155523.0,62.39
2018-07-03,RELIANCE,EQ,960.60,965.00,978.45,960.35,972.20,971.30,972.10,5067261,4925883687.9,117456,1809418.0,35.71
2018-07-04,RELIANCE,EQ,971.30,971.80,992.00,971.00,991.00,990.10,982.92,5000724,4915326239.95,114594,1659398.0,33.18
2018-07-05,RELIANCE,EQ,990.10,997.00,"1,008.40",958.60,964.65,964.50,988.25,18719353,18499398245.95,309468,5001526.0,26.72
2018-07-06,RELIANCE,EQ,964.50,964.75,983.00,964.50,977.50,977.55,977.82,9161266,8958074812.5,164393,4334629.0,47.31
2018-07-09,RELIANCE,EQ,977.55,987.10,"1,000.00",983.50,996.00,997.10,991.93,5170189,5128442011.4,126126,2125680.0,41.11
2018-07-10,RELIANCE,EQ,997.10,"1,002.75","1,028.50","1,000.00","1,027.50","1,025.70","1,018.86",10444513,10641500106.7,204258,5119543.0,49.02
2018-07-11,RELIANCE,EQ,"1,025.70","1,025.00","1,040.90","1,017.85","1,040.00","1,038.80","1,030.85",8665072,8932367750.05,196687,4132538.0,47.69
2018-07-12,RELIANCE,EQ,"1,038.80","1,044.35","1,099.00","1,042.60","1,080.90","1,082.35","1,080.29",24109297,26045070532.95,383215,8426615.0,34.95
2018-07-13,RELIANCE,EQ,"1,082.35","1,080.50","1,109.00","1,080.00","1,101.00","1,099.80","1,098.67",17967282,19740145319.65,288822,6936199.0,38.6
2018-07-16,RELIANCE,EQ,"1,099.80","1,099.80","1,108.90","1,073.05","1,078.65","1,076.20","1,082.43",6595781,7139494128.9,140095,2315158.0,35.1
2018-07-17,RELIANCE,EQ,"1,076.20","1,078.30","1,095.95","1,069.60","1,094.00","1,092.35","1,085.22",6469256,7020568950.55,145535,2479774.0,38.33
2018-07-18,RELIANCE,EQ,"1,092.35","1,098.40","1,104.60","1,077.30","1,093.30","1,092.55","1,091.64",4682099,5111167211.1,110961,1252943.0,26.76
2018-07-19,RELIANCE,EQ,"1,092.55","1,093.30","1,115.00","1,086.35","1,114.35","1,104.85","1,098.53",5433617,5968998930.8,193943,2239525.0,41.22
2018-07-20,RELIANCE,EQ,"1,104.85","1,113.40","1,138.50","1,111.90","1,127.65","1,128.65","1,125.34",8018150,9023164648.75,203126,2628164.0,32.78
2018-07-23,RELIANCE,EQ,"1,128.65","1,129.80","1,129.80","1,113.10","1,120.50","1,120.30","1,119.33",5842496,6539660892.85,100779,3433559.0,58.77
2018-07-24,RELIANCE,EQ,"1,120.30","1,122.00","1,126.75","1,107.40","1,111.00","1,110.95","1,115.46",4469144,4985132839.75,150186,2148011.0,48.06
2018-07-25,RELIANCE,EQ,"1,110.95","1,110.00","1,123.00","1,104.20","1,112.65","1,115.15","1,116.21",5949680,6641092564.55,121293,3074960.0,51.68
2018-07-26,RELIANCE,EQ,"1,115.15","1,110.10","1,121.50","1,107.80","1,112.10","1,110.65","1,113.90",6424867,7156685848.3,131788,4020019.0,62.57
2018-07-27,RELIANCE,EQ,"1,110.65","1,119.50","1,137.40","1,112.15","1,128.00","1,129.85","1,127.43",6679468,7530602219.35,140124,2217077.0,33.19
2018-07-30,RELIANCE,EQ,"1,129.85","1,130.00","1,157.30","1,128.00","1,152.00","1,151.40","1,143.36",13872467,15861210912.15,221335,6108940.0,44.04
2018-07-31,RELIANCE,EQ,"1,151.40","1,151.00","1,190.40","1,147.15","1,184.15","1,186.00","1,171.82",13875377,16259510328.8,207197,5751741.0,41.45
2018-08-01,RELIANCE,EQ,"1,186.00","1,190.40","1,202.90","1,185.40","1,188.70","1,192.35","1,193.58",9704295,11582816349.95,174970,3037359.0,31.3
2018-08-02,RELIANCE,EQ,"1,192.35","1,191.50","1,191.50","1,165.95","1,169.10","1,168.35","1,174.13",6248975,7337117554.65,147732,2437701.0,39.01
2018-08-03,RELIANCE,EQ,"1,168.35","1,175.00","1,183.50","1,169.55","1,175.40","1,176.95","1,175.98",6645397,7814873535.85,155679,3103032.0,46.69
2018-08-06,RELIANCE,EQ,"1,176.95","1,176.70","1,196.00","1,175.35","1,194.45","1,192.60","1,188.86",4016418,4774942204.95,96976,1410496.0,35.12
2018-08-07,RELIANCE,EQ,"1,192.60","1,194.90","1,201.40","1,177.00","1,184.70","1,184.20","1,186.35",4059460,4815955315.35,104725,1487015.0,36.63
2018-08-08,RELIANCE,EQ,"1,184.20","1,185.00","1,222.50","1,185.00","1,220.80","1,217.70","1,204.70",7912437,9532113811.55,166500,2923306.0,36.95
2018-08-09,RELIANCE,EQ,"1,217.70","1,221.50","1,231.70","1,212.00","1,218.50","1,217.95","1,221.41",6846928,8362923499.2,135398,2921760.0,42.67
2018-08-10,RELIANCE,EQ,"1,217.95","1,211.00","1,215.00","1,202.30","1,204.00","1,204.20","1,207.99",3581210,4326050846.15,97265,1461098.0,40.8
2018-08-13,RELIANCE,EQ,"1,204.20","1,197.55","1,199.95","1,182.70","1,189.50","1,187.70","1,191.83",4668159,5563673323.05,134889,2275557.0,48.75
2018-08-14,RELIANCE,EQ,"1,187.70","1,190.00","1,217.20","1,184.30","1,211.90","1,210.60","1,203.27",5299536,6376786745.35,107665,1807539.0,34.11
2018-08-16,RELIANCE,EQ,"1,210.60","1,203.25","1,216.00","1,195.50","1,200.00","1,200.80","1,204.69",5982490,7207048818.1,134533,2599428.0,43.45
2018-08-17,RELIANCE,EQ,"1,200.80","1,209.00","1,215.40","1,200.05","1,202.65","1,203.75","1,208.89",3830992,4631245213.6,82052,1369817.0,35.76
2018-08-20,RELIANCE,EQ,"1,203.75","1,207.90","1,236.80","1,207.65","1,235.15","1,234.90","1,227.54",7607036,9337924805.85,187210,3757248.0,49.39
2018-08-21,RELIANCE,EQ,"1,234.90","1,237.25","1,251.50","1,227.00","1,246.70","1,247.20","1,244.28",7279641,9057941731.65,145104,3175536.0,43.62
2018-08-23,RELIANCE,EQ,"1,247.20","1,246.30","1,274.00","1,238.40","1,266.90","1,269.45","1,259.12",7968123,10032803693.25,170316,3223808.0,40.46
2018-08-24,RELIANCE,EQ,"1,269.45","1,265.25","1,279.95","1,260.05","1,277.00","1,277.50","1,271.78",6652005,8459873414.65,127779,2081971.0,31.3
2018-08-27,RELIANCE,EQ,"1,277.50","1,279.40","1,295.85","1,278.75","1,292.00","1,291.50","1,290.31",5572177,7189818653.5,122788,2230945.0,40.04
2018-08-28,RELIANCE,EQ,"1,291.50","1,296.00","1,323.00","1,295.00","1,322.50","1,319.00","1,311.31",8694751,11401552157.5,179953,2737776.0,31.49
2018-08-29,RELIANCE,EQ,"1,319.00","1,316.30","1,329.00","1,290.20","1,293.90","1,294.20","1,309.99",11077203,14511006063.6,188973,5194828.0,46.9
2018-08-30,RELIANCE,EQ,"1,294.20","1,293.60","1,297.15","1,270.45","1,277.00","1,274.45","1,278.51",9850042,12593407357.4,178483,4318202.0,43.84
2018-08-31,RELIANCE,EQ,"1,274.45","1,270.00","1,270.00","1,236.60","1,238.95","1,241.65","1,247.15",15305857,19088657884.15,283195,9238143.0,60.36
2018-09-03,RELIANCE,EQ,"1,241.65","1,245.00","1,257.90","1,226.05","1,228.10","1,229.15","1,241.40",12200022,15145106275.95,210884,5112877.0,41.91
2018-09-04,RELIANCE,EQ,"1,229.15","1,235.15","1,254.80","1,229.00","1,245.30","1,241.95","1,241.44",8838770,10972780660.5,201777,2413230.0,27.3
2018-09-05,RELIANCE,EQ,"1,241.95","1,242.50","1,252.65","1,208.50","1,226.00","1,227.00","1,230.06",10324923,12700281572.6,197839,4149062.0,40.18
2018-09-06,RELIANCE,EQ,"1,227.00","1,230.15","1,265.70","1,225.35","1,261.00","1,261.40","1,245.01",11195043,13937952449.6,212381,4006564.0,35.79
2018-09-07,RELIANCE,EQ,"1,261.40","1,264.90","1,281.35","1,254.50","1,277.05","1,278.60","1,272.05",10692787,13601744825.85,195122,4693947.0,43.9
2018-09-10,RELIANCE,EQ,"1,278.60","1,275.00","1,277.00","1,250.10","1,254.40","1,255.85","1,263.51",7059008,8919156488.3,158438,2590230.0,36.69
2018-09-11,RELIANCE,EQ,"1,255.85","1,259.00","1,268.40","1,234.25","1,236.50","1,237.70","1,248.31",10874768,13575108096.75,158160,2822017.0,25.95
2018-09-12,RELIANCE,EQ,"1,237.70","1,251.80","1,258.70","1,228.85","1,251.10","1,252.50","1,243.62",8065553,10030498342.95,173096,2060692.0,25.55
2018-09-14,RELIANCE,EQ,"1,252.50","1,259.40","1,275.60","1,247.65","1,252.55","1,253.15","1,258.40",7878583,9914404021.35,171172,3669268.0,46.57
2018-09-17,RELIANCE,EQ,"1,253.15","1,250.75","1,250.75","1,221.60","1,224.00","1,225.90","1,232.59",6754086,8325041897.7,160893,2267155.0,33.57
2018-09-18,RELIANCE,EQ,"1,225.90","1,226.00","1,239.40","1,214.35","1,215.40","1,217.15","1,228.49",7616412,9356664028.3,157438,2748827.0,36.09
2018-09-19,RELIANCE,EQ,"1,217.15","1,224.00","1,224.00","1,201.00","1,212.95","1,210.75","1,214.62",11265786,13683609849.55,184306,4748466.0,42.15
2018-09-21,RELIANCE,EQ,"1,210.75","1,219.00","1,237.40","1,183.50","1,216.20","1,217.50","1,223.31",19070172,23328775722.7,269984,10515967.0,55.14
2018-09-24,RELIANCE,EQ,"1,217.50","1,214.45","1,239.90","1,204.50","1,234.55","1,232.05","1,225.23",10102589,12378019783.3,165515,4847608.0,47.98
2018-09-25,RELIANCE,EQ,"1,232.05","1,235.50","1,245.00","1,195.00","1,229.75","1,230.60","1,226.67",9715020,11917120825.95,243108,3878485.0,39.92
2018-09-26,RELIANCE,EQ,"1,230.60","1,239.00","1,253.95","1,227.15","1,253.50","1,251.40","1,239.18",6396828,7926846393.2,136937,2528972.0,39.53
2018-09-27,RELIANCE,EQ,"1,251.40","1,255.00","1,263.00","1,237.50","1,252.05","1,253.75","1,252.61",10808749,13539185466.6,203082,5522509.0,51.09
2018-09-28,RELIANCE,EQ,"1,253.75","1,259.90","1,271.70","1,247.30","1,254.35","1,257.95","1,259.94",11073023,13951369740.8,193793,6069287.0,54.81
2018-10-01,RELIANCE,EQ,"1,257.95","1,257.70","1,257.70","1,204.00","1,235.60","1,231.70","1,231.68",7332693,9031562080.6,186000,2736679.0,37.32
2018-10-03,RELIANCE,EQ,"1,231.70","1,229.50","1,239.60","1,200.05","1,201.20","1,205.10","1,218.04",7376575,8984957810.5,200180,3256864.0,44.15
2018-10-04,RELIANCE,EQ,"1,205.10","1,189.50","1,190.40","1,106.00","1,108.50","1,122.25","1,140.40",23212443,26471556956.85,456572,8775930.0,37.81
2018-10-05,RELIANCE,EQ,"1,122.25","1,099.50","1,115.30","1,038.15","1,049.00","1,048.85","1,079.24",21943190,23681863862.1,439992,9233066.0,42.08
2018-10-08,RELIANCE,EQ,"1,048.85","1,050.00","1,117.00","1,025.55","1,110.00","1,109.40","1,082.04",24679428,26704181031.95,480539,7274941.0,29.48
2018-10-09,RELIANCE,EQ,"1,109.40","1,121.65","1,123.30","1,081.20","1,083.00","1,090.05","1,105.24",10991196,12147885881.8,247463,2649182.0,24.1
2018-10-10,RELIANCE,EQ,"1,090.05","1,093.90","1,115.85","1,084.30","1,103.00","1,102.10","1,101.57",9502176,10467314925.95,215681,3098938.0,32.61
2018-10-11,RELIANCE,EQ,"1,102.10","1,064.00","1,114.75","1,043.00","1,090.00","1,087.80","1,086.10",13224172,14362719399.05,278072,4793025.0,36.24
2018-10-12,RELIANCE,EQ,"1,087.80","1,104.95","1,129.00","1,101.90","1,125.50","1,126.55","1,121.38",9058536,10158064312.85,192795,3444135.0,38.02
2018-10-15,RELIANCE,EQ,"1,126.55","1,129.90","1,146.90","1,118.15","1,137.75","1,139.75","1,136.88",8871776,10086128972.15,200369,3286277.0,37.04
2018-10-16,RELIANCE,EQ,"1,139.75","1,146.00","1,167.40","1,140.00","1,166.00","1,163.80","1,154.23",7478601,8632001461.45,153398,2436006.0,32.57
2018-10-17,RELIANCE,EQ,"1,163.80","1,179.00","1,179.35","1,140.00","1,151.00","1,151.30","1,166.52",12785646,14914670103.05,203752,5683158.0,44.45
2018-10-19,RELIANCE,EQ,"1,151.30","1,100.00","1,111.00","1,070.25","1,100.30","1,101.30","1,092.05",25421229,27761323831.0,526528,11760364.0,46.26
2018-10-22,RELIANCE,EQ,"1,101.30","1,110.00","1,114.80","1,057.35","1,063.20","1,062.65","1,084.30",13165542,14275380336.5,324137,5575032.0,42.35
2018-10-23,RELIANCE,EQ,"1,062.65","1,052.75","1,064.70","1,043.65","1,061.70","1,054.70","1,053.27",10573730,11137009298.35,232603,4935700.0,46.68
2018-10-24,RELIANCE,EQ,"1,054.70","1,074.90","1,075.95","1,031.40","1,049.00","1,045.75","1,050.33",13655337,14342542136.7,218013,6374934.0,46.68
2018-10-25,RELIANCE,EQ,"1,045.75","1,036.00","1,040.65","1,016.40","1,037.80","1,030.80","1,029.24",14096237,14508429667.5,233601,5933721.0,42.09
2018-10-26,RELIANCE,EQ,"1,030.80","1,032.90","1,057.00","1,022.00","1,042.45","1,044.90","1,043.01",9182613,9577513897.3,214886,2807996.0,30.58
2018-10-29,RELIANCE,EQ,"1,044.90","1,046.00","1,093.85","1,046.00","1,089.00","1,087.80","1,069.59",7671807,8205700905.4,169046,2524165.0,32.9
2018-10-30,RELIANCE,EQ,"1,087.80","1,085.50","1,085.50","1,052.10","1,056.90","1,057.00","1,065.23",8806701,9381128111.9,187775,3419851.0,38.83
2018-10-31,RELIANCE,EQ,"1,057.00","1,059.00","1,065.85","1,047.00","1,058.20","1,061.25","1,059.51",16457691,17437021867.8,198506,7878322.0,47.87
2018-11-01,RELIANCE,EQ,"1,061.25","1,067.90","1,067.90","1,050.00","1,055.00","1,056.25","1,059.03",9396027,9950642966.1,156986,4656665.0,49.56
2018-11-02,RELIANCE,EQ,"1,056.25","1,067.00","1,081.00","1,063.15","1,074.00","1,074.90","1,072.30",16796200,18010596483.0,200419,8445647.0,50.28
2018-11-05,RELIANCE,EQ,"1,074.90","1,073.45","1,092.70","1,065.00","1,092.00","1,090.30","1,081.82",7582518,8202916185.25,197240,2857717.0,37.69
2018-11-06,RELIANCE,EQ,"1,090.30","1,094.00","1,112.00","1,091.60","1,101.75","1,104.10","1,104.23",8634266,9534243972.55,156053,2916693.0,33.78
2018-11-07,RELIANCE,EQ,"1,104.10","1,115.00","1,115.00","1,106.70","1,111.40","1,110.70","1,110.53",1283997,1425914094.15,34192,440625.0,34.32
2018-11-09,RELIANCE,EQ,"1,110.70","1,106.25","1,113.80","1,085.00","1,093.00","1,093.45","1,101.88",10840462,11944916795.25,215120,5841307.0,53.88
2018-11-12,RELIANCE,EQ,"1,093.45","1,097.70","1,098.80","1,074.55","1,076.00","1,080.00","1,085.52",5801720,6297872542.45,152590,2645013.0,45.59
2018-11-13,RELIANCE,EQ,"1,080.00","1,074.00","1,103.00","1,070.05","1,097.85","1,099.45","1,090.11",6811598,7425368614.3,143881,2108908.0,30.96
2018-11-14,RELIANCE,EQ,"1,099.45","1,105.05","1,112.65","1,085.50","1,099.00","1,097.95","1,098.36",7787530,8553487245.65,159663,2994850.0,38.46
2018-11-15,RELIANCE,EQ,"1,097.95","1,096.95","1,103.00","1,086.50","1,094.70","1,096.85","1,095.12",6831740,7481565459.05,163244,2856112.0,41.81
2018-11-16,RELIANCE,EQ,"1,096.85","1,097.95","1,129.95","1,097.10","1,125.00","1,127.40","1,121.66",11031889,12373982316.45,255693,5587243.0,50.65
2018-11-19,RELIANCE,EQ,"1,127.40","1,132.90","1,151.70","1,131.00","1,149.65","1,150.00","1,142.86",7308981,8353119946.4,197374,3592492.0,49.15
2018-11-20,RELIANCE,EQ,"1,150.00","1,145.00","1,155.90","1,130.00","1,137.00","1,137.40","1,143.18",5719901,6538904426.6,138734,1793839.0,31.36
2018-11-21,RELIANCE,EQ,"1,137.40","1,137.50","1,145.50","1,107.05","1,113.25","1,112.90","1,116.81",7507812,8384776645.6,178600,3064398.0,40.82
2018-11-22,RELIANCE,EQ,"1,112.90","1,114.50","1,125.35","1,100.10","1,100.10","1,102.85","1,113.39",5792568,6449393379.35,134718,1519067.0,26.22
2018-11-26,RELIANCE,EQ,"1,102.85","1,109.00","1,117.50","1,097.40","1,109.75","1,109.75","1,107.70",6386556,7074414782.3,131439,2438737.0,38.19
2018-11-27,RELIANCE,EQ,"1,109.75","1,107.90","1,130.00","1,105.45","1,128.60","1,128.20","1,121.98",6810228,7640955120.95,143188,2501285.0,36.73
2018-11-28,RELIANCE,EQ,"1,128.20","1,132.45","1,157.75","1,126.30","1,151.45","1,152.65","1,144.01",8003964,9156579874.75,173899,3299967.0,41.23
2018-11-29,RELIANCE,EQ,"1,152.65","1,161.00","1,179.90","1,160.00","1,167.80","1,168.50","1,170.72",12636169,14793418725.95,185139,6306144.0,49.91
2018-11-30,RELIANCE,EQ,"1,168.50","1,172.30","1,186.00","1,162.30","1,167.10","1,167.55","1,171.45",10717448,12554963387.3,248359,5180738.0,48.34
2018-12-03,RELIANCE,EQ,"1,167.55","1,174.90","1,174.90","1,148.50","1,158.00","1,156.45","1,158.74",5569578,6453718882.15,223402,2281565.0,40.96
2018-12-04,RELIANCE,EQ,"1,156.45","1,158.00","1,158.00","1,142.20","1,153.10","1,152.30","1,149.79",5192825,5970662018.15,138924,2107469.0,40.58
2018-12-05,RELIANCE,EQ,"1,152.30","1,143.75","1,158.80","1,139.30","1,158.15","1,155.15","1,150.35",5819618,6694600609.85,133704,2225427.0,38.24
2018-12-06,RELIANCE,EQ,"1,155.15","1,149.00","1,149.00","1,118.25","1,119.05","1,123.65","1,136.17",5866108,6664920879.35,167545,2029327.0,34.59
2018-12-07,RELIANCE,EQ,"1,123.65","1,129.45","1,136.95","1,108.35","1,133.20","1,133.80","1,124.39",7214078,8111464827.1,208447,3026361.0,41.95
2018-12-10,RELIANCE,EQ,"1,133.80","1,110.00","1,114.30","1,083.10","1,085.00","1,090.25","1,091.18",9381544,10236937614.75,312176,4443160.0,47.36
2018-12-11,RELIANCE,EQ,"1,090.25","1,066.00","1,102.10","1,055.00","1,098.00","1,097.55","1,079.85",13494665,14572281033.15,288585,5185141.0,38.42
2018-12-12,RELIANCE,EQ,"1,097.55","1,099.00","1,113.50","1,087.75","1,110.90","1,110.50","1,099.51",12605431,13859813727.1,207331,5196695.0,41.23
2018-12-13,RELIANCE,EQ,"1,110.50","1,128.00","1,128.00","1,095.05","1,105.75","1,107.05","1,110.87",9297518,10328317506.5,191768,3456104.0,37.17
2018-12-14,RELIANCE,EQ,"1,107.05","1,103.10","1,114.90","1,091.80","1,110.00","1,112.20","1,107.10",7221324,7994694822.35,194030,2836613.0,39.28
2018-12-17,RELIANCE,EQ,"1,112.20","1,115.95","1,133.00","1,111.50","1,131.65","1,129.90","1,125.03",5064357,5697537140.85,123031,1583096.0,31.26
2018-12-18,RELIANCE,EQ,"1,129.90","1,123.30","1,139.00","1,120.50","1,137.75","1,136.40","1,129.68",5870928,6632265674.45,112465,1463429.0,24.93
2018-12-19,RELIANCE,EQ,"1,136.40","1,141.50","1,147.30","1,133.20","1,134.85","1,136.80","1,141.63",7368799,8412459475.0,164405,3731005.0,50.63
2018-12-20,RELIANCE,EQ,"1,136.80","1,121.00","1,132.50","1,116.15","1,129.90","1,128.45","1,125.05",5764731,6485603201.15,185769,2014106.0,34.94
2018-12-21,RELIANCE,EQ,"1,128.45","1,125.00","1,131.25","1,096.00","1,098.00","1,100.20","1,109.50",8281941,9188808281.15,218034,4108319.0,49.61
2018-12-24,RELIANCE,EQ,"1,100.20","1,100.90","1,103.20","1,086.55","1,089.30","1,089.15","1,094.03",4144535,4534256814.15,117013,1170605.0,28.24
2018-12-26,RELIANCE,EQ,"1,089.15","1,085.80","1,100.00","1,065.65","1,099.70","1,098.35","1,081.50",7210059,7797694483.8,156049,1909463.0,26.48
2018-12-27,RELIANCE,EQ,"1,098.35","1,107.20","1,127.00","1,104.00","1,118.10","1,120.20","1,119.69",12478000,13971553903.15,216178,4046134.0,32.43
2018-12-28,RELIANCE,EQ,"1,120.20","1,125.50","1,135.25","1,121.20","1,125.65","1,125.55","1,129.79",7666016,8661012960.75,130793,2256132.0,29.43
2018-12-31,RELIANCE,EQ,"1,125.55","1,130.95","1,133.85","1,116.20","1,125.25","1,121.25","1,122.29",7222817,8106063425.2,155746,2448969.0,33.91
2019-01-01,RELIANCE,EQ,"1,121.25","1,125.25","1,127.30","1,110.10","1,120.50","1,121.00","1,119.01",4455850,4986129073.4,76742,1306898.0,29.33
2019-01-02,RELIANCE,EQ,"1,121.00","1,114.50","1,127.00","1,101.00","1,104.35","1,106.40","1,113.42",7144970,7955342409.7,147850,2543832.0,35.60
2019-01-03,RELIANCE,EQ,"1,106.40","1,107.50","1,114.60","1,090.10","1,090.30","1,092.75","1,101.37",7446457,8201291658.05,231404,2883339.0,38.72
2019-01-04,RELIANCE,EQ,"1,092.75","1,097.40","1,104.45","1,081.10","1,099.60","1,098.65","1,093.06",8465141,9252946937.2,189220,3496807.0,41.31
2019-01-07,RELIANCE,EQ,"1,098.65","1,107.00","1,118.45","1,101.00","1,104.90","1,104.75","1,110.32",5513559,6121831037.3,112082,2138247.0,38.78
2019-01-08,RELIANCE,EQ,"1,104.75","1,105.10","1,109.95","1,096.00","1,101.00","1,104.65","1,103.82",5625153,6209150562.95,103758,2263675.0,40.24
2019-01-09,RELIANCE,EQ,"1,104.65","1,112.00","1,117.00","1,098.70","1,109.25","1,110.75","1,110.55",5766805,6404322207.1,186143,2004031.0,34.75
2019-01-10,RELIANCE,EQ,"1,110.75","1,107.75","1,111.00","1,103.00","1,107.60","1,107.50","1,106.30",4080283,4514020687.2,92025,2045495.0,50.13
2019-01-11,RELIANCE,EQ,"1,107.50","1,107.60","1,113.80","1,088.60","1,095.50","1,098.05","1,099.31",6463903,7105842454.2,162386,2382676.0,36.86
2019-01-14,RELIANCE,EQ,"1,098.05","1,095.00","1,100.50","1,086.40","1,099.00","1,096.80","1,093.55",4111782,4496426168.75,97120,1851833.0,45.04
2019-01-15,RELIANCE,EQ,"1,096.80","1,105.00","1,132.00","1,105.00","1,130.95","1,129.65","1,124.77",10062875,11318469360.0,187957,4195032.0,41.69
2019-01-16,RELIANCE,EQ,"1,129.65","1,135.00","1,145.00","1,130.35","1,136.50","1,135.90","1,139.05",6382777,7270322619.05,129953,2077966.0,32.56
2019-01-17,RELIANCE,EQ,"1,135.90","1,144.45","1,147.90","1,130.00","1,133.00","1,134.45","1,139.30",7487963,8531072686.5,135936,2511305.0,33.54
2019-01-18,RELIANCE,EQ,"1,134.45","1,148.80","1,189.90","1,135.25","1,185.80","1,184.35","1,162.97",25684142,29870001778.85,438550,7341001.0,28.58
2019-01-21,RELIANCE,EQ,"1,184.35","1,194.00","1,239.95","1,188.65","1,235.00","1,237.70","1,222.77",22038534,26948045198.35,403702,6427362.0,29.16
2019-01-22,RELIANCE,EQ,"1,237.70","1,232.85","1,246.95","1,219.60","1,232.00","1,235.15","1,234.02",16552819,20426529561.5,283673,4373694.0,26.42
2019-01-23,RELIANCE,EQ,"1,235.15","1,233.30","1,244.20","1,222.00","1,224.45","1,226.30","1,233.79",8829502,10893762273.85,142555,3120131.0,35.34
2019-01-24,RELIANCE,EQ,"1,226.30","1,225.00","1,253.20","1,220.10","1,249.00","1,247.45","1,240.42",13155185,16318007440.15,225787,3750294.0,28.51
2019-01-25,RELIANCE,EQ,"1,247.45","1,250.45","1,264.70","1,235.40","1,247.10","1,246.00","1,253.45",8550836,10718047747.0,183744,2362577.0,27.63
2019-01-28,RELIANCE,EQ,"1,246.00","1,250.50","1,255.95","1,222.40","1,230.50","1,229.55","1,237.32",8569265,10602958029.0,188470,,-
2019-01-29,RELIANCE,EQ,"1,229.55","1,231.00","1,231.65","1,201.35","1,214.90","1,210.65","1,212.83",9328866,11314352059.55,169968,4553808.0,48.81
2019-01-30,RELIANCE,EQ,"1,210.65","1,215.00","1,225.00","1,191.10","1,195.75","1,195.70","1,208.06",7846940,9479601531.25,153142,3095594.0,39.45
2019-01-31,RELIANCE,EQ,"1,195.70","1,202.00","1,229.70","1,201.00","1,225.20","1,227.15","1,220.45",10185347,12430723963.0,221969,5218187.0,51.23
2019-02-01,RELIANCE,EQ,"1,227.15","1,234.00","1,255.00","1,227.05","1,253.10","1,249.95","1,240.68",9228965,11450198242.4,214121,3715944.0,40.26
2019-02-04,RELIANCE,EQ,"1,249.95","1,247.00","1,296.95","1,242.05","1,289.50","1,290.90","1,269.56",11670570,14816488322.25,238268,4215486.0,36.12
2019-02-05,RELIANCE,EQ,"1,290.90","1,292.00","1,304.40","1,278.60","1,288.00","1,291.55","1,292.06",9362406,12096749451.05,188250,3245178.0,34.66
2019-02-06,RELIANCE,EQ,"1,291.55","1,296.25","1,317.65","1,294.25","1,310.55","1,310.25","1,309.33",9411585,12322866454.8,171848,3426503.0,36.41
2019-02-07,RELIANCE,EQ,"1,310.25","1,310.25","1,321.20","1,286.10","1,288.00","1,290.40","1,302.19",9212227,11996039370.55,227737,2945960.0,31.98
2019-02-08,RELIANCE,EQ,"1,290.40","1,284.80","1,300.50","1,272.25","1,277.80","1,277.70","1,282.97",6505502,8346364102.55,174433,2225628.0,34.21
2019-02-11,RELIANCE,EQ,"1,277.70","1,275.90","1,276.00","1,251.00","1,254.50","1,253.25","1,259.38",7523999,9475609078.1,154193,4104534.0,54.55
2019-02-12,RELIANCE,EQ,"1,253.25","1,251.50","1,272.35","1,251.50","1,255.50","1,256.40","1,261.80",6399485,8074847915.9,173602,2638007.0,41.22
2019-02-13,RELIANCE,EQ,"1,256.40","1,261.00","1,273.95","1,235.75","1,238.30","1,245.95","1,258.94",6964042,8767311288.7,150257,2579211.0,37.04
2019-02-14,RELIANCE,EQ,"1,245.95","1,241.00","1,241.00","1,218.00","1,229.10","1,224.20","1,227.02",6627360,8131900743.5,138445,2505560.0,37.81
2019-02-15,RELIANCE,EQ,"1,224.20","1,229.75","1,249.90","1,214.00","1,248.10","1,244.45","1,228.62",9597961,11792253866.15,175538,3834033.0,39.95
2019-02-18,RELIANCE,EQ,"1,244.45","1,250.00","1,252.50","1,215.00","1,215.65","1,220.10","1,226.57",9649017,11835163807.7,212673,4211189.0,43.64
2019-02-19,RELIANCE,EQ,"1,220.10","1,218.00","1,239.70","1,211.20","1,215.60","1,216.10","1,228.49",6244189,7670926659.1,149603,1681609.0,26.93
2019-02-20,RELIANCE,EQ,"1,216.10","1,223.85","1,240.00","1,219.00","1,235.55","1,234.35","1,228.29",6298179,7736005977.15,157634,2060904.0,32.72
2019-02-21,RELIANCE,EQ,"1,234.35","1,236.00","1,257.80","1,229.35","1,247.30","1,246.90","1,246.51",10580178,13188332136.9,206387,4866938.0,46.00
2019-02-22,RELIANCE,EQ,"1,246.90","1,244.60","1,245.30","1,226.00","1,231.70","1,232.35","1,233.91",8755865,10803986767.65,169765,3503955.0,40.02
2019-02-25,RELIANCE,EQ,"1,232.35","1,236.00","1,243.00","1,220.65","1,231.30","1,232.30","1,232.29",7852528,9676593047.4,159793,3212379.0,40.91
2019-02-26,RELIANCE,EQ,"1,232.30","1,209.50","1,234.80","1,206.00","1,220.20","1,220.25","1,221.22",10131050,12372287569.65,166251,3886999.0,38.37
2019-02-27,RELIANCE,EQ,"1,220.25","1,228.05","1,244.90","1,209.00","1,220.65","1,223.50","1,227.12",11113182,13637250489.45,222847,4163615.0,37.47
2019-02-28,RELIANCE,EQ,"1,223.50","1,233.75","1,239.85","1,226.55","1,232.00","1,231.05","1,233.07",11286916,13917567837.35,179607,5923497.0,52.48
2019-03-01,RELIANCE,EQ,"1,231.05","1,237.00","1,242.35","1,222.25","1,225.00","1,226.05","1,229.08",7922513,9737413570.1,156673,4129082.0,52.12
2019-03-05,RELIANCE,EQ,"1,226.05","1,223.40","1,239.80","1,218.60","1,237.45","1,237.65","1,229.02",7121509,8752505365.7,177673,2886956.0,40.54
2019-03-06,RELIANCE,EQ,"1,237.65","1,239.80","1,273.10","1,235.10","1,262.00","1,264.80","1,257.64",12038231,15139719373.35,228963,4441001.0,36.89
2019-03-07,RELIANCE,EQ,"1,264.80","1,264.00","1,279.80","1,258.15","1,270.00","1,270.25","1,271.70",8109259,10312571022.5,180667,3006231.0,37.07
2019-03-08,RELIANCE,EQ,"1,270.25","1,266.05","1,274.45","1,262.00","1,266.90","1,267.10","1,267.28",6040052,7654451409.25,137676,3019726.0,50.00
2019-03-11,RELIANCE,EQ,"1,267.10","1,270.05","1,312.00","1,268.00","1,309.55","1,304.10","1,291.98",9718840,12556541045.7,176513,4714091.0,48.50
2019-03-12,RELIANCE,EQ,"1,304.10","1,316.90","1,334.00","1,314.25","1,330.85","1,331.35","1,324.88",11228736,14876774951.3,193657,4678374.0,41.66
2019-03-13,RELIANCE,EQ,"1,331.35","1,337.00","1,360.00","1,328.10","1,349.00","1,347.30","1,339.10",11236048,15046185762.1,219134,4622410.0,41.14
2019-03-14,RELIANCE,EQ,"1,347.30","1,349.75","1,362.00","1,336.10","1,339.50","1,341.55","1,352.38",10402048,14067556296.05,280534,5383855.0,51.76
2019-03-15,RELIANCE,EQ,"1,341.55","1,345.00","1,358.80","1,311.20","1,323.75","1,321.65","1,334.04",15893093,21202054547.95,212588,9619588.0,60.53
2019-03-18,RELIANCE,EQ,"1,321.65","1,331.00","1,357.95","1,329.00","1,356.50","1,350.05","1,341.23",10105234,13553461916.4,205654,4740899.0,46.92
2019-03-19,RELIANCE,EQ,"1,350.05","1,360.00","1,380.00","1,343.10","1,378.00","1,376.55","1,362.21",9805318,13356900675.35,196165,2711171.0,27.65
2019-03-20,RELIANCE,EQ,"1,376.55","1,377.80","1,388.00","1,364.00","1,373.05","1,375.45","1,376.17",9892823,13614222090.05,175117,3410645.0,34.48
2019-03-22,RELIANCE,EQ,"1,375.45","1,372.50","1,380.90","1,336.70","1,345.10","1,341.75","1,359.14",11465112,15582694374.75,216597,6045124.0,52.73
2019-03-25,RELIANCE,EQ,"1,341.75","1,330.60","1,336.85","1,316.70","1,328.00","1,324.45","1,325.16",7951992,10537631803.1,162927,3661248.0,46.04
2019-03-26,RELIANCE,EQ,"1,324.45","1,330.30","1,371.60","1,330.00","1,369.00","1,367.25","1,353.06",9479288,12826063635.9,186909,3250443.0,34.29
2019-03-27,RELIANCE,EQ,"1,367.25","1,377.95","1,377.95","1,344.25","1,347.00","1,349.25","1,360.73",10094174,13735399190.8,171701,3394370.0,33.63
2019-03-28,RELIANCE,EQ,"1,349.25","1,350.25","1,369.80","1,342.80","1,362.00","1,360.00","1,357.34",10482938,14228879896.7,178529,4655778.0,44.41
2019-03-29,RELIANCE,EQ,"1,360.00","1,370.05","1,376.85","1,355.10","1,363.05","1,363.25","1,363.56",7699271,10498445885.85,136542,3130918.0,40.67
2019-04-01,RELIANCE,EQ,"1,363.25","1,370.00","1,406.80","1,362.55","1,391.60","1,391.85","1,386.73",10098281,14003614629.2,239548,3166752.0,31.36
2019-04-02,RELIANCE,EQ,"1,391.85","1,398.00","1,403.10","1,380.10","1,388.20","1,389.70","1,390.35",8012636,11140373758.15,168893,2276094.0,28.41
2019-04-03,RELIANCE,EQ,"1,389.70","1,392.75","1,403.00","1,372.00","1,374.60","1,375.20","1,390.20",7849461,10912295747.3,169662,2934404.0,37.38
2019-04-04,RELIANCE,EQ,"1,375.20","1,379.00","1,383.70","1,347.25","1,354.50","1,353.05","1,360.64",8375674,11396256161.4,177047,2798000.0,33.41
2019-04-05,RELIANCE,EQ,"1,353.05","1,360.95","1,363.90","1,343.00","1,355.85","1,353.90","1,352.52",6728239,9100090311.8,131955,2231490.0,33.17
2019-04-08,RELIANCE,EQ,"1,353.90","1,356.00","1,357.50","1,323.70","1,328.00","1,329.25","1,335.09",8723577,11646734561.25,216174,4345575.0,49.81
2019-04-09,RELIANCE,EQ,"1,329.25","1,328.90","1,340.70","1,321.00","1,338.00","1,334.45","1,330.46",9497621,12636159790.65,202524,4554495.0,47.95
2019-04-10,RELIANCE,EQ,"1,334.45","1,337.95","1,348.00","1,326.50","1,331.00","1,331.40","1,337.99",7612711,10185730758.1,152322,3054830.0,40.13
2019-04-11,RELIANCE,EQ,"1,331.40","1,332.95","1,353.00","1,329.00","1,350.00","1,346.80","1,338.41",5741333,7684265511.95,139852,2274089.0,39.61
2019-04-12,RELIANCE,EQ,"1,346.80","1,350.00","1,356.90","1,336.65","1,340.00","1,343.10","1,346.08",5919742,7968461250.85,147697,2037194.0,34.41
2019-04-15,RELIANCE,EQ,"1,343.10","1,345.00","1,348.95","1,335.00","1,339.00","1,340.15","1,341.32",4245127,5694089311.5,90689,1497000.0,35.26
2019-04-16,RELIANCE,EQ,"1,340.15","1,345.00","1,360.00","1,340.00","1,345.00","1,343.75","1,349.70",7936553,10711981439.8,199659,4217307.0,53.14
2019-04-18,RELIANCE,EQ,"1,343.75","1,375.00","1,389.75","1,365.00","1,386.05","1,385.95","1,379.51",17960482,24776645489.8,337505,6905750.0,38.45
2019-04-22,RELIANCE,EQ,"1,385.95","1,360.00","1,367.00","1,341.30","1,344.00","1,345.35","1,353.82",10792748,14611422110.9,289829,3826256.0,35.45
2019-04-23,RELIANCE,EQ,"1,345.35","1,348.00","1,373.00","1,346.00","1,364.65","1,363.85","1,362.98",9055300,12342230169.05,183025,2687211.0,29.68
2019-04-24,RELIANCE,EQ,"1,363.85","1,370.30","1,394.80","1,366.25","1,389.50","1,389.50","1,379.35",7360887,10153225468.1,182147,2800119.0,38.04
2019-04-25,RELIANCE,EQ,"1,389.50","1,389.10","1,412.40","1,362.60","1,370.00","1,372.40","1,391.77",13929820,19387122709.6,275583,6097094.0,43.77
2019-04-26,RELIANCE,EQ,"1,372.40","1,375.00","1,395.95","1,370.70","1,392.00","1,392.80","1,383.98",6889444,9534854405.8,160625,2543349.0,36.92
2019-04-30,RELIANCE,EQ,"1,392.80","1,396.40","1,396.40","1,366.80","1,392.45","1,392.80","1,384.81",10217019,14148587974.7,210909,4720683.0,46.20
2019-05-02,RELIANCE,EQ,"1,392.80","1,392.00","1,413.90","1,382.10","1,403.10","1,405.05","1,402.33",8682505,12175759293.55,203263,3311981.0,38.15
2019-05-03,RELIANCE,EQ,"1,405.05","1,407.95","1,417.50","1,402.65","1,409.90","1,408.85","1,412.19",6510169,9193624810.45,174995,2762984.0,42.44
2019-05-06,RELIANCE,EQ,"1,408.85","1,398.00","1,402.80","1,378.10","1,382.95","1,384.90","1,392.39",7237910,10078024781.25,151864,3763775.0,52.00
2019-05-07,RELIANCE,EQ,"1,384.90","1,394.80","1,395.00","1,340.20","1,341.00","1,343.50","1,361.64",8877095,12087393002.15,214252,4066700.0,45.81
2019-05-08,RELIANCE,EQ,"1,343.50","1,340.00","1,340.00","1,292.20","1,297.75","1,299.45","1,313.10",14610543,19185103691.6,354813,6922545.0,47.38
2019-05-09,RELIANCE,EQ,"1,299.45","1,288.80","1,288.80","1,251.75","1,253.15","1,256.45","1,265.10",19507368,24678759801.85,389079,9685998.0,49.65
2019-05-10,RELIANCE,EQ,"1,256.45","1,265.00","1,277.70","1,245.00","1,245.75","1,251.15","1,263.56",11226831,14185772328.95,231193,3221387.0,28.69
2019-05-13,RELIANCE,EQ,"1,251.15","1,247.90","1,260.80","1,227.50","1,229.90","1,232.05","1,246.96",8047801,10035248862.8,165987,2507496.0,31.16
2019-05-14,RELIANCE,EQ,"1,232.05","1,236.50","1,269.35","1,231.50","1,267.00","1,260.45","1,252.66",13001004,16285800116.85,237275,5416017.0,41.66
2019-05-15,RELIANCE,EQ,"1,260.45","1,273.00","1,278.00","1,250.60","1,256.00","1,256.90","1,269.53",11163801,14172762818.1,199165,5331570.0,47.76
2019-05-16,RELIANCE,EQ,"1,256.90","1,259.95","1,271.90","1,258.10","1,269.20","1,265.35","1,264.70",6606652,8355421932.95,165495,2695057.0,40.79
2019-05-17,RELIANCE,EQ,"1,265.35","1,267.00","1,276.95","1,252.00","1,269.00","1,267.40","1,268.85",7898440,10021920300.9,153297,3087049.0,39.08
2019-05-20,RELIANCE,EQ,"1,267.40","1,313.60","1,337.70","1,303.50","1,328.55","1,325.90","1,319.23",12333937,16271303255.2,291230,6076425.0,49.27
2019-05-21,RELIANCE,EQ,"1,325.90","1,332.20","1,367.00","1,330.05","1,339.90","1,339.80","1,348.00",13872055,18699517120.1,294207,5712146.0,41.18
2019-05-22,RELIANCE,EQ,"1,339.80","1,345.65","1,359.70","1,335.10","1,344.00","1,340.40","1,345.18",11287400,15183604296.75,210505,4593115.0,40.69
2019-05-23,RELIANCE,EQ,"1,340.40","1,372.00","1,392.00","1,325.00","1,336.00","1,333.90","1,364.45",17722514,24181412649.75,328622,5356239.0,30.22
2019-05-24,RELIANCE,EQ,"1,333.90","1,348.00","1,353.80","1,316.50","1,338.00","1,336.85","1,334.73",10180759,13588548475.0,237096,2740195.0,26.92
2019-05-27,RELIANCE,EQ,"1,336.85","1,337.10","1,337.50","1,307.00","1,313.20","1,310.65","1,322.83",7349720,9722442982.45,161412,2344542.0,31.9
2019-05-28,RELIANCE,EQ,"1,310.65","1,319.80","1,334.80","1,313.35","1,330.00","1,323.75","1,323.88",19472659,25779560282.2,327818,9947020.0,51.08
2019-05-29,RELIANCE,EQ,"1,323.75","1,321.00","1,333.30","1,304.15","1,315.60","1,313.05","1,321.09",7112830,9396655635.1,183211,1983629.0,27.89
2019-05-30,RELIANCE,EQ,"1,313.05","1,316.25","1,342.00","1,316.25","1,330.00","1,329.75","1,329.55",10740841,14280455587.5,198892,3938278.0,36.67
2019-05-31,RELIANCE,EQ,"1,329.75","1,337.90","1,341.90","1,320.20","1,330.10","1,330.15","1,330.68",11760178,15649085825.9,203751,4867709.0,41.39
2019-06-03,RELIANCE,EQ,"1,330.15","1,335.00","1,367.25","1,321.20","1,364.00","1,360.20","1,344.47",8483610,11405935737.7,168454,3426100.0,40.38
2019-06-04,RELIANCE,EQ,"1,360.20","1,357.45","1,374.25","1,348.10","1,353.00","1,351.65","1,358.17",7059911,9588561364.55,167875,1999768.0,28.33
2019-06-06,RELIANCE,EQ,"1,351.65","1,361.90","1,361.90","1,321.10","1,326.15","1,327.35","1,335.47",7664319,10235481154.25,199549,3562547.0,46.48
2019-06-07,RELIANCE,EQ,"1,327.35","1,325.95","1,327.25","1,305.60","1,311.00","1,314.90","1,314.55",6730595,8847672552.55,180263,1966742.0,29.22
2019-06-10,RELIANCE,EQ,"1,314.90","1,320.90","1,327.00","1,310.10","1,320.50","1,319.15","1,319.50",5380148,7099110099.9,151279,1985597.0,36.91
2019-06-11,RELIANCE,EQ,"1,319.15","1,321.85","1,334.50","1,318.00","1,329.55","1,329.15","1,327.51",5253790,6974448670.1,136433,1979424.0,37.68
2019-06-12,RELIANCE,EQ,"1,329.15","1,334.70","1,338.40","1,325.00","1,333.20","1,332.15","1,332.57",4707716,6273369871.65,125940,1470130.0,31.23
2019-06-13,RELIANCE,EQ,"1,332.15","1,330.00","1,334.70","1,308.65","1,323.65","1,327.25","1,322.47",7171189,9483684624.55,190475,3440145.0,47.97
2019-06-14,RELIANCE,EQ,"1,327.25","1,321.90","1,325.00","1,309.40","1,320.00","1,317.55","1,316.01",6831331,8990093261.8,153945,3520760.0,51.54
2019-06-17,RELIANCE,EQ,"1,317.55","1,320.00","1,320.00","1,278.50","1,282.25","1,282.30","1,291.90",6815554,8805027720.8,180983,2875500.0,40.83
2019-06-18,RELIANCE,EQ,"1,282.30","1,278.90","1,287.95","1,269.10","1,278.50","1,281.00","1,279.90",7679193,9828580499.75,176329,3400661.0,42.7
2019-06-19,RELIANCE,EQ,"1,281.00","1,286.90","1,302.00","1,262.60","1,282.00","1,277.35","1,284.31",6625604,8509322279.65,179058,2254672.0,34.03
2019-06-20,RELIANCE,EQ,"1,277.35","1,280.00","1,300.00","1,278.00","1,299.90","1,296.75","1,288.38",4914012,6331138795.25,120935,1864061.0,37.93
2019-06-21,RELIANCE,EQ,"1,296.75","1,295.95","1,296.00","1,275.55","1,278.70","1,279.50","1,282.04",10623098,13619185209.45,153633,7333771.0,69.04
2019-06-24,RELIANCE,EQ,"1,279.50","1,272.15","1,276.45","1,257.10","1,261.85","1,262.40","1,264.03",5150998,6511020816.9,149137,2132564.0,41.4
2019-06-25,RELIANCE,EQ,"1,262.40","1,258.90","1,298.00","1,254.25","1,295.40","1,295.85","1,281.36",6842363,8767510682.55,157350,2090674.0,30.55
2019-06-26,RELIANCE,EQ,"1,295.85","1,291.00","1,304.60","1,286.35","1,291.90","1,294.15","1,295.88",5299942,6868096871.6,137376,1423008.0,26.85
2019-06-27,RELIANCE,EQ,"1,294.15","1,293.15","1,296.90","1,271.00","1,276.00","1,274.15","1,281.11",11385972,14586656140.85,213461,6117120.0,53.73
2019-06-28,RELIANCE,EQ,"1,274.15","1,277.10","1,282.85","1,248.65","1,254.00","1,253.10","1,261.89",8659721,10927608370.85,212372,4949244.0,57.15
2019-07-01,RELIANCE,EQ,"1,253.10","1,258.05","1,272.65","1,246.45","1,268.90","1,268.85","1,263.04",6162080,7782945942.6,145700,1723543.0,27.97
2019-07-02,RELIANCE,EQ,"1,268.85","1,273.95","1,281.00","1,263.30","1,279.00","1,278.50","1,272.92",4638751,5904738864.35,128065,1426211.0,30.75
2019-07-03,RELIANCE,EQ,"1,278.50","1,282.90","1,286.50","1,275.05","1,282.00","1,282.55","1,281.62",4026032,5159834855.0,144904,1524004.0,37.85
2019-07-04,RELIANCE,EQ,"1,282.55","1,281.40","1,291.00","1,280.00","1,284.00","1,284.00","1,285.90",4275148,5497406372.3,104947,1731027.0,40.49
2019-07-05,RELIANCE,EQ,"1,284.00","1,285.10","1,290.50","1,260.00","1,262.90","1,263.35","1,275.14",4995344,6369748471.75,128927,1898594.0,38.01
2019-07-08,RELIANCE,EQ,"1,263.35","1,258.00","1,268.10","1,248.20","1,252.50","1,252.05","1,256.53",6404544,8047480741.55,230442,2846182.0,44.44
2019-07-09,RELIANCE,EQ,"1,252.05","1,248.95","1,283.50","1,245.50","1,283.00","1,280.10","1,272.67",8016757,10202649425.75,190477,3696748.0,46.11
2019-07-10,RELIANCE,EQ,"1,280.10","1,280.05","1,289.35","1,268.70","1,277.10","1,278.85","1,277.53",5494315,7019145793.25,189719,2127946.0,38.73
2019-07-11,RELIANCE,EQ,"1,278.85","1,287.00","1,289.80","1,279.30","1,280.50","1,281.55","1,284.68",3935460,5055815447.8,135350,1678654.0,42.65
2019-07-12,RELIANCE,EQ,"1,281.55","1,283.00","1,300.00","1,278.05","1,278.55","1,280.50","1,292.37",7174054,9271567813.15,170857,2943891.0,41.04
2019-07-15,RELIANCE,EQ,"1,280.50","1,285.00","1,289.50","1,270.35","1,276.50","1,276.10","1,276.79",4873164,6221997657.85,115484,2806704.0,57.6
2019-07-16,RELIANCE,EQ,"1,276.10","1,279.95","1,294.90","1,277.05","1,292.10","1,293.00","1,285.92",4604019,5920407971.15,143941,2151811.0,46.74
2019-07-17,RELIANCE,EQ,"1,293.00","1,294.30","1,297.00","1,280.00","1,280.50","1,281.85","1,287.12",4334958,5579597026.25,125052,2124452.0,49.01
2019-07-18,RELIANCE,EQ,"1,281.85","1,282.00","1,286.40","1,258.00","1,264.90","1,261.85","1,269.25",5459896,6929997086.75,154201,3041238.0,55.7
2019-07-19,RELIANCE,EQ,"1,261.85","1,268.20","1,272.95","1,242.70","1,253.00","1,249.00","1,256.85",7468515,9386768752.4,218081,3573381.0,47.85
2019-07-22,RELIANCE,EQ,"1,249.00","1,251.00","1,284.50","1,227.30","1,278.10","1,280.50","1,262.08",13300153,16785913907.15,324798,4610837.0,34.67
2019-07-23,RELIANCE,EQ,"1,280.50","1,285.00","1,293.90","1,260.40","1,275.00","1,273.55","1,281.65",9287951,11903864962.0,231082,4500528.0,48.46
2019-07-24,RELIANCE,EQ,"1,273.55","1,273.50","1,278.80","1,253.55","1,260.00","1,259.10","1,261.14",6943982,8757320632.3,214822,4092320.0,58.93
2019-07-25,RELIANCE,EQ,"1,259.10","1,264.00","1,269.05","1,227.00","1,235.00","1,231.50","1,245.25",9968545,12413340499.8,224275,4147870.0,41.61
2019-07-26,RELIANCE,EQ,"1,231.50","1,231.50","1,242.50","1,210.00","1,217.00","1,213.80","1,222.79",9320481,11396954499.55,247585,3725754.0,39.97
2019-07-29,RELIANCE,EQ,"1,213.80","1,216.90","1,222.00","1,205.10","1,211.40","1,210.95","1,212.37",8058035,9769288352.7,209633,4222688.0,52.4
2019-07-30,RELIANCE,EQ,"1,210.95","1,213.95","1,220.00","1,175.95","1,177.60","1,180.90","1,199.24",9533344,11432780838.55,230470,5042852.0,52.9
2019-07-31,RELIANCE,EQ,"1,180.90","1,175.75","1,185.00","1,162.40","1,165.20","1,166.25","1,173.86",9705619,11393035591.95,291399,5616490.0,57.87
2019-08-01,RELIANCE,EQ,"1,166.25","1,163.40","1,188.20","1,150.35","1,185.75","1,180.25","1,163.85",10344862,12039909016.9,299918,5120707.0,49.5
2019-08-02,RELIANCE,EQ,"1,180.25","1,175.70","1,198.25","1,162.10","1,183.55","1,184.35","1,181.63",10865385,12838863669.0,279007,5009673.0,46.11
2019-08-05,RELIANCE,EQ,"1,184.35","1,167.00","1,167.00","1,128.00","1,141.00","1,143.35","1,143.81",13897461,15896018245.25,331944,7353421.0,52.91
2019-08-06,RELIANCE,EQ,"1,143.35","1,134.75","1,149.60","1,122.00","1,122.35","1,128.30","1,137.27",13288909,15113039872.55,313122,7029679.0,52.9
2019-08-07,RELIANCE,EQ,"1,128.30","1,126.50","1,138.55","1,103.10","1,104.40","1,109.40","1,118.77",11588879,12965339878.15,328317,4677011.0,40.36
2019-08-08,RELIANCE,EQ,"1,109.40","1,108.35","1,158.00","1,095.30","1,156.65","1,152.35","1,124.86",14262936,16043824121.4,296960,6323162.0,44.33
2019-08-09,RELIANCE,EQ,"1,152.35","1,161.85","1,175.50","1,152.30","1,161.00","1,162.10","1,166.33",10043949,11714585302.95,251552,3975739.0,39.58
2019-08-13,RELIANCE,EQ,"1,162.10","1,233.15","1,302.80","1,226.00","1,275.30","1,274.75","1,274.80",47923444,61092901703.6,855344,17737691.0,37.01
2019-08-14,RELIANCE,EQ,"1,274.75","1,304.00","1,304.45","1,280.35","1,288.00","1,288.25","1,292.12",14487137,18719162022.3,317664,5340545.0,36.86
2019-08-16,RELIANCE,EQ,"1,288.25","1,291.20","1,291.80","1,273.00","1,278.50","1,278.00","1,280.75",10047496,12868358693.55,274722,5383619.0,53.58
2019-08-19,RELIANCE,EQ,"1,278.00","1,281.05","1,296.80","1,280.00","1,290.00","1,292.60","1,289.52",7459859,9619648793.3,210583,3445959.0,46.19
2019-08-20,RELIANCE,EQ,"1,292.60","1,289.80","1,292.60","1,272.60","1,278.55","1,275.95","1,280.83",6843460,8765276621.4,167203,3120955.0,45.6
2019-08-21,RELIANCE,EQ,"1,275.95","1,275.65","1,278.65","1,266.50","1,271.05","1,270.95","1,271.42",4881553,6206485612.3,131602,1910801.0,39.14
2019-08-22,RELIANCE,EQ,"1,270.95","1,270.95","1,271.00","1,238.90","1,244.20","1,246.75","1,251.88",6414937,8030748574.15,178072,2560780.0,39.92
2019-08-23,RELIANCE,EQ,"1,246.75","1,239.00","1,284.00","1,226.50","1,276.00","1,275.85","1,258.18",9741262,12256262869.05,216956,3046594.0,31.28
2019-08-26,RELIANCE,EQ,"1,275.85","1,294.00","1,294.00","1,259.00","1,265.00","1,266.80","1,274.20",8778739,11185873443.45,238915,3902952.0,44.46
2019-08-27,RELIANCE,EQ,"1,266.80","1,285.00","1,285.00","1,261.20","1,274.35","1,274.85","1,272.49",12984396,16522569647.4,271002,7846459.0,60.43
2019-08-28,RELIANCE,EQ,"1,274.85","1,273.75","1,281.00","1,256.05","1,260.05","1,263.30","1,266.27",5305639,6718393214.85,132293,1838944.0,34.66
2019-08-29,RELIANCE,EQ,"1,263.30","1,256.45","1,260.25","1,235.30","1,242.05","1,241.75","1,247.45",8635974,10772946075.15,161172,4042596.0,46.81
2019-08-30,RELIANCE,EQ,"1,241.75","1,245.50","1,254.40","1,221.00","1,253.00","1,248.55","1,237.50",11308120,13993833782.95,258498,5345295.0,47.27
2019-09-03,RELIANCE,EQ,"1,248.55","1,242.25","1,243.00","1,200.00","1,200.45","1,206.40","1,222.13",8563009,10465120848.25,199762,3923254.0,45.82
2019-09-04,RELIANCE,EQ,"1,206.40","1,200.55","1,205.25","1,186.05","1,202.40","1,201.15","1,196.00",15063355,18015841145.2,267845,7565881.0,50.23
2019-09-05,RELIANCE,EQ,"1,201.15","1,206.80","1,213.20","1,193.30","1,193.40","1,198.60","1,202.70",10512763,12643724990.6,191114,3254760.0,30.96
2019-09-06,RELIANCE,EQ,"1,198.60","1,203.00","1,229.00","1,195.25","1,220.50","1,222.50","1,215.37",10600234,12883178005.55,211038,3398248.0,32.06
2019-09-09,RELIANCE,EQ,"1,222.50","1,220.65","1,233.00","1,213.15","1,221.70","1,222.20","1,224.14",5370758,6574555885.1,126178,1201029.0,22.36
2019-09-11,RELIANCE,EQ,"1,222.20","1,222.50","1,240.00","1,222.50","1,232.05","1,234.40","1,233.81",5544468,6840842136.55,141564,1711218.0,30.86
2019-09-12,RELIANCE,EQ,"1,234.40","1,235.00","1,240.45","1,205.70","1,211.50","1,210.35","1,222.41",5431139,6639105042.15,133763,1784319.0,32.85
2019-09-13,RELIANCE,EQ,"1,210.35","1,212.00","1,228.50","1,206.90","1,226.70","1,225.60","1,216.36",5919260,7199926784.0,156260,1873608.0,31.65
2019-09-16,RELIANCE,EQ,"1,225.60","1,189.00","1,219.10","1,186.10","1,210.60","1,210.75","1,205.64",9393731,11325440052.65,185168,3647917.0,38.83
2019-09-17,RELIANCE,EQ,"1,210.75","1,211.00","1,211.00","1,193.50","1,196.95","1,197.45","1,201.83",7150435,8593600264.15,166672,3189652.0,44.61
2019-09-18,RELIANCE,EQ,"1,197.45","1,204.95","1,216.30","1,197.20","1,209.00","1,205.70","1,205.99",6827281,8233652161.85,202069,2038379.0,29.86
2019-09-19,RELIANCE,EQ,"1,205.70","1,207.85","1,209.70","1,172.65","1,179.00","1,179.05","1,189.50",6293454,7486075536.9,175486,1834750.0,29.15
2019-09-20,RELIANCE,EQ,"1,179.05","1,187.95","1,269.90","1,174.30","1,254.35","1,254.35","1,238.40",22019674,27269067451.95,392062,9257860.0,42.04
2019-09-23,RELIANCE,EQ,"1,254.35","1,274.15","1,281.00","1,235.00","1,236.35","1,239.20","1,249.95",9879751,12349237345.35,218447,3446361.0,34.88
2019-09-24,RELIANCE,EQ,"1,239.20","1,243.60","1,298.80","1,242.75","1,277.50","1,278.70","1,282.47",15982067,20496560837.95,378923,5249582.0,32.85
2019-09-25,RELIANCE,EQ,"1,278.70","1,284.00","1,295.00","1,268.85","1,280.60","1,279.55","1,284.48",8316894,10682857321.35,213332,2502977.0,30.1
2019-09-26,RELIANCE,EQ,"1,279.55","1,292.00","1,298.80","1,283.50","1,296.50","1,296.80","1,293.25",8389212,10849310880.15,186669,3376852.0,40.25
2019-09-27,RELIANCE,EQ,"1,296.80","1,292.50","1,315.00","1,284.00","1,307.50","1,309.05","1,307.46",8712980,11391851165.9,216408,2511179.0,28.82
2019-09-30,RELIANCE,EQ,"1,309.05","1,310.00","1,335.75","1,305.55","1,333.40","1,332.25","1,322.09",11549746,15269859906.95,288338,5500331.0,47.62
2019-10-01,RELIANCE,EQ,"1,332.25","1,337.00","1,342.00","1,293.30","1,303.70","1,304.90","1,320.17",8192597,10815596238.6,199164,2523507.0,30.8
2019-10-03,RELIANCE,EQ,"1,304.90","1,286.00","1,314.70","1,281.30","1,311.60","1,311.05","1,305.35",6183107,8071137689.55,160832,2530785.0,40.93
2019-10-04,RELIANCE,EQ,"1,311.05","1,319.90","1,328.60","1,303.85","1,307.75","1,308.10","1,318.17",6853954,9034653711.65,185130,3099523.0,45.22
2019-10-07,RELIANCE,EQ,"1,308.10","1,308.10","1,320.80","1,301.70","1,308.90","1,310.10","1,312.08",4599818,6035333161.85,121109,1835479.0,39.9
2019-10-09,RELIANCE,EQ,"1,310.10","1,308.70","1,329.95","1,292.50","1,328.70","1,324.75","1,309.53",8040938,10529814619.0,182007,3984784.0,49.56
2019-10-10,RELIANCE,EQ,"1,324.75","1,325.00","1,369.00","1,321.00","1,360.15","1,362.75","1,356.95",16003744,21716222025.7,375692,8609946.0,53.8
2019-10-11,RELIANCE,EQ,"1,362.75","1,363.70","1,365.60","1,336.55","1,350.10","1,352.60","1,352.25",7587648,10260367694.55,224923,3400105.0,44.81
2019-10-14,RELIANCE,EQ,"1,352.60","1,364.95","1,364.95","1,350.85","1,356.90","1,358.00","1,358.27",6123412,8317237658.8,118992,3590983.0,58.64
2019-10-15,RELIANCE,EQ,"1,358.00","1,362.50","1,370.00","1,354.30","1,364.15","1,364.15","1,364.34",4422075,6033214998.55,144636,2043101.0,46.2
2019-10-16,RELIANCE,EQ,"1,364.15","1,369.90","1,379.65","1,363.70","1,374.50","1,372.35","1,371.43",8870701,12165579723.75,183051,5663142.0,63.84
2019-10-17,RELIANCE,EQ,"1,372.35","1,375.00","1,399.00","1,372.00","1,394.95","1,396.50","1,384.72",7332464,10153421509.85,164517,3665912.0,50.0
2019-10-18,RELIANCE,EQ,"1,396.50","1,404.00","1,427.90","1,398.70","1,416.00","1,416.35","1,416.38",12856410,18209582125.5,228083,5482520.0,42.64
2019-10-22,RELIANCE,EQ,"1,416.35","1,425.00","1,436.85","1,403.35","1,417.40","1,414.15","1,420.93",12703054,18050195873.65,317936,4811890.0,37.88
2019-10-23,RELIANCE,EQ,"1,414.15","1,416.30","1,425.95","1,383.15","1,394.00","1,392.40","1,403.41",8432964,11834877910.65,214712,3936577.0,46.68
2019-10-24,RELIANCE,EQ,"1,392.40","1,401.00","1,441.40","1,386.55","1,435.10","1,436.45","1,415.13",10351384,14648603629.25,247194,3772686.0,36.45
2019-10-25,RELIANCE,EQ,"1,436.45","1,441.10","1,441.45","1,411.25","1,428.25","1,431.20","1,426.02",6190013,8827068858.25,163477,1995488.0,32.24
2019-10-27,RELIANCE,EQ,"1,431.20","1,441.00","1,445.00","1,430.00","1,435.50","1,434.25","1,437.86",1378313,1981825201.0,39531,347306.0,25.2
2019-10-29,RELIANCE,EQ,"1,434.25","1,445.50","1,480.00","1,442.10","1,470.10","1,467.05","1,465.55",11780494,17264861676.35,321298,6278189.0,53.29
2019-10-30,RELIANCE,EQ,"1,467.05","1,480.00","1,484.55","1,460.30","1,482.60","1,479.10","1,471.89",7470723,10996072295.65,259287,4052278.0,54.24
2019-10-31,RELIANCE,EQ,"1,479.10","1,484.00","1,489.65","1,461.70","1,465.10","1,464.35","1,471.86",8898168,13096851142.35,193629,4972388.0,55.88
2019-11-01,RELIANCE,EQ,"1,464.35","1,455.00","1,461.80","1,441.00","1,456.15","1,456.90","1,451.60",6356579,9227241717.35,236195,3504112.0,55.13
2019-11-04,RELIANCE,EQ,"1,456.90","1,465.90","1,471.00","1,445.10","1,460.65","1,457.65","1,456.28",6429329,9362882583.55,203644,3603931.0,56.05
2019-11-05,RELIANCE,EQ,"1,457.65","1,463.10","1,468.95","1,441.00","1,447.50","1,447.30","1,449.21",5799318,8404412065.65,154824,3229832.0,55.69
2019-11-06,RELIANCE,EQ,"1,447.30","1,442.70","1,446.45","1,428.50","1,433.00","1,434.90","1,436.25",6686289,9603195008.95,158809,3953109.0,59.12
2019-11-07,RELIANCE,EQ,"1,434.90","1,435.00","1,463.00","1,432.20","1,461.00","1,458.60","1,448.68",6438749,9327688345.55,135012,3465630.0,53.82
2019-11-08,RELIANCE,EQ,"1,458.60","1,449.00","1,459.65","1,441.30","1,446.00","1,445.50","1,448.50",5494844,7959284446.45,141759,2437863.0,44.37
2019-11-11,RELIANCE,EQ,"1,445.50","1,439.10","1,444.25","1,422.55","1,427.80","1,427.80","1,431.40",5192423,7432416174.6,145722,2643548.0,50.91
2019-11-13,RELIANCE,EQ,"1,427.80","1,430.00","1,475.90","1,430.00","1,469.10","1,472.30","1,460.74",11532364,16845751336.9,213111,4972794.0,43.12
2019-11-14,RELIANCE,EQ,"1,472.30","1,476.00","1,481.60","1,455.80","1,458.25","1,462.75","1,466.92",6518339,9561881076.55,127557,2601168.0,39.91
2019-11-15,RELIANCE,EQ,"1,462.75","1,465.65","1,486.80","1,463.15","1,466.80","1,470.85","1,476.84",7173674,10594340066.2,152000,3241407.0,45.18
2019-11-18,RELIANCE,EQ,"1,470.85","1,472.65","1,486.00","1,455.40","1,460.05","1,459.20","1,468.40",6435097,9449287322.4,128242,3180530.0,49.42
2019-11-19,RELIANCE,EQ,"1,459.20","1,467.00","1,514.90","1,465.00","1,511.55","1,509.75","1,496.45",13795569,20644325394.65,285115,4937220.0,35.79
2019-11-20,RELIANCE,EQ,"1,509.75","1,555.05","1,572.40","1,543.20","1,548.50","1,547.65","1,559.65",19904164,31043534027.2,376334,8724272.0,43.83
2019-11-21,RELIANCE,EQ,"1,547.65","1,545.00","1,556.00","1,528.55","1,540.50","1,537.60","1,538.44",6810577,10477684602.2,160090,2929568.0,43.01
2019-11-22,RELIANCE,EQ,"1,537.60","1,542.10","1,569.50","1,537.60","1,548.05","1,546.50","1,551.32",10218978,15852947451.8,200632,4268321.0,41.77
2019-11-25,RELIANCE,EQ,"1,546.50","1,551.15","1,564.80","1,551.00","1,562.00","1,561.55","1,559.10",6924313,10795666734.4,119670,3320341.0,47.95
2019-11-26,RELIANCE,EQ,"1,561.55","1,568.10","1,576.35","1,556.00","1,561.20","1,560.25","1,563.16",16152137,25248383481.15,218748,11981538.0,74.18
2019-11-27,RELIANCE,EQ,"1,560.25","1,559.95","1,575.50","1,556.10","1,575.10","1,569.85","1,564.27",4408336,6895829807.95,107469,1986795.0,45.07
2019-11-28,RELIANCE,EQ,"1,569.85","1,572.65","1,584.15","1,563.95","1,582.00","1,580.30","1,576.23",6284885,9906407921.85,163816,2661145.0,42.34
2019-11-29,RELIANCE,EQ,"1,580.30","1,581.95","1,581.95","1,547.85","1,553.00","1,551.15","1,558.76",8484822,13225831193.95,237128,5173503.0,60.97
2019-12-02,RELIANCE,EQ,"1,551.15","1,600.00","1,614.45","1,577.00","1,586.90","1,586.50","1,592.74",14275186,22736671350.65,273497,6992944.0,48.99
2019-12-03,RELIANCE,EQ,"1,586.50","1,592.75","1,594.00","1,572.60","1,582.00","1,578.90","1,580.07",5938786,9383687343.45,132025,3133860.0,52.77
2019-12-04,RELIANCE,EQ,"1,578.90","1,573.00","1,577.50","1,533.75","1,554.50","1,552.70","1,551.77",9594828,14888958079.4,246981,4608716.0,48.03
2019-12-05,RELIANCE,EQ,"1,552.70","1,574.00","1,579.75","1,544.00","1,551.00","1,550.85","1,561.41",9117022,14235446632.55,217414,3598940.0,39.47
2019-12-06,RELIANCE,EQ,"1,550.85","1,553.00","1,568.00","1,541.10","1,554.50","1,554.90","1,555.30",5982129,9304004869.5,127437,1885092.0,31.51
2019-12-09,RELIANCE,EQ,"1,554.90","1,556.15","1,577.40","1,546.50","1,572.95","1,572.60","1,565.26",5779807,9046924671.4,142669,2531122.0,43.79
2019-12-10,RELIANCE,EQ,"1,572.60","1,572.05","1,573.60","1,554.15","1,564.90","1,561.95","1,561.68",4650906,7263249188.05,135279,2193614.0,47.17
2019-12-11,RELIANCE,EQ,"1,561.95","1,555.60","1,574.50","1,550.60","1,561.00","1,562.40","1,560.15",5652698,8819046877.75,159685,2602643.0,46.04
2019-12-12,RELIANCE,EQ,"1,562.40","1,570.25","1,573.85","1,556.65","1,571.10","1,568.20","1,564.76",4720977,7387206059.95,134048,2509810.0,53.16
2019-12-13,RELIANCE,EQ,"1,568.20","1,580.00","1,590.00","1,572.40","1,584.05","1,582.90","1,580.61",5791522,9154160089.4,138857,2543114.0,43.91
2019-12-16,RELIANCE,EQ,"1,582.90","1,592.00","1,593.90","1,564.35","1,571.00","1,566.60","1,575.62",5436951,8566568694.2,143743,2335358.0,42.95
2019-12-17,RELIANCE,EQ,"1,566.60","1,566.75","1,579.00","1,555.55","1,567.00","1,562.70","1,564.71",9291724,14538834627.9,188391,5268563.0,56.70
2019-12-18,RELIANCE,EQ,"1,562.70","1,563.00","1,580.00","1,562.00","1,577.15","1,575.85","1,569.63",6739582,10578662434.2,220134,3537553.0,52.49
2019-12-19,RELIANCE,EQ,"1,575.85","1,573.70","1,614.90","1,571.80","1,613.00","1,609.95","1,595.68",9375484,14960269698.6,194045,4087484.0,43.60
2019-12-20,RELIANCE,EQ,"1,609.95","1,615.00","1,617.55","1,596.10","1,600.00","1,599.10","1,604.60",9724619,15604131778.5,164538,4876789.0,50.15
2019-12-23,RELIANCE,EQ,"1,599.10","1,560.10","1,577.55","1,557.80","1,570.95","1,571.40","1,567.33",11478429,17990493039.75,259306,4767846.0,41.54
2019-12-24,RELIANCE,EQ,"1,571.40","1,568.90","1,572.05","1,542.50","1,544.50","1,546.45","1,555.42",8251144,12833955162.85,194127,4099215.0,49.68
2019-12-26,RELIANCE,EQ,"1,546.45","1,541.65","1,552.95","1,510.15","1,515.80","1,515.40","1,527.47",13605737,20782349005.2,208335,5789002.0,42.55
2019-12-27,RELIANCE,EQ,"1,515.40","1,527.00","1,546.20","1,521.30","1,542.00","1,542.35","1,533.58",8081591,12393781504.5,160454,2660881.0,32.93
2019-12-30,RELIANCE,EQ,"1,542.35","1,545.95","1,547.65","1,528.05","1,546.25","1,544.20","1,538.15",7828402,12041287378.85,141979,3041526.0,38.85
2019-12-31,RELIANCE,EQ,"1,544.20","1,542.00","1,543.70","1,508.05","1,516.00","1,514.05","1,525.14",10150467,15480924273.6,220938,5044928.0,49.70
2020-01-01,RELIANCE,EQ,"1,514.05","1,518.00","1,527.10","1,505.50","1,511.80","1,509.60","1,515.23",6402372,9701063103.4,122265,1523290.0,23.79
2020-01-02,RELIANCE,EQ,"1,509.60","1,512.00","1,540.95","1,512.00","1,534.10","1,535.30","1,530.86",8096561,12394709675.75,151727,3386321.0,41.82
2020-01-03,RELIANCE,EQ,"1,535.30","1,533.00","1,541.65","1,523.00","1,536.00","1,537.15","1,532.73",9593498,14704283071.8,149003,5288843.0,55.13
2020-01-06,RELIANCE,EQ,"1,537.15","1,520.00","1,527.90","1,498.00","1,499.90","1,501.50","1,512.57",11209343,16954936799.6,225138,6398638.0,57.08
2020-01-07,RELIANCE,EQ,"1,501.50","1,519.00","1,534.50","1,513.50","1,526.95","1,524.60","1,523.12",7627191,11617096335.05,180713,3049916.0,39.99
2020-01-08,RELIANCE,EQ,"1,524.60","1,515.00","1,534.45","1,510.00","1,514.00","1,513.15","1,518.24",7336561,11138643617.8,169662,2863686.0,39.03
2020-01-09,RELIANCE,EQ,"1,513.15","1,538.60","1,550.00","1,531.25","1,549.50","1,548.00","1,541.76",6849606,10560431962.8,154953,2657056.0,38.79
2020-01-10,RELIANCE,EQ,"1,548.00","1,551.90","1,557.95","1,539.65","1,546.85","1,547.65","1,549.42",5704686,8838954165.35,136340,2546462.0,44.64
2020-01-13,RELIANCE,EQ,"1,547.65","1,545.05","1,558.70","1,538.40","1,539.85","1,543.70","1,548.94",8358090,12946146806.55,143022,5030540.0,60.19
2020-01-14,RELIANCE,EQ,"1,543.70","1,540.00","1,550.00","1,521.85","1,529.10","1,529.40","1,533.76",7230788,11090262628.4,173502,3796096.0,52.50
2020-01-15,RELIANCE,EQ,"1,529.40","1,535.85","1,539.90","1,518.25","1,524.10","1,523.85","1,526.75",7231393,11040550715.0,212172,3990113.0,55.18
2020-01-16,RELIANCE,EQ,"1,523.85","1,529.00","1,543.35","1,528.00","1,538.70","1,537.90","1,535.41",5873662,9018508367.2,164724,2552659.0,43.46
2020-01-17,RELIANCE,EQ,"1,537.90","1,553.50","1,584.95","1,553.20","1,581.00","1,581.00","1,573.00",13469708,21187907268.25,279304,5551881.0,41.22
2020-01-20,RELIANCE,EQ,"1,581.00","1,609.00","1,609.00","1,526.40","1,532.20","1,532.35","1,557.85",14878868,23179100842.45,338270,5239886.0,35.22
2020-01-21,RELIANCE,EQ,"1,532.35","1,528.60","1,545.85","1,522.00","1,535.00","1,533.90","1,535.68",8650831,13284891871.1,233395,3328773.0,38.48
2020-01-22,RELIANCE,EQ,"1,533.90","1,544.00","1,546.75","1,531.10","1,535.25","1,533.35","1,538.16",4719245,7258954215.65,143828,2043807.0,43.31
2020-01-23,RELIANCE,EQ,"1,533.35","1,536.50","1,541.95","1,520.70","1,529.60","1,526.85","1,528.79",5142088,7861187151.2,149239,2364600.0,45.99
2020-01-24,RELIANCE,EQ,"1,526.85","1,527.00","1,536.35","1,518.55","1,524.05","1,521.55","1,525.74",6687633,10203594712.6,152146,3325568.0,49.73
2020-01-27,RELIANCE,EQ,"1,521.55","1,514.90","1,524.45","1,505.00","1,508.00","1,506.55","1,513.43",6120429,9262815086.3,130826,2671210.0,43.64
2020-01-28,RELIANCE,EQ,"1,506.55","1,508.60","1,510.00","1,463.60","1,473.50","1,471.75","1,485.82",11215313,16663988524.4,271852,6064582.0,54.07
2020-01-29,RELIANCE,EQ,"1,471.75","1,474.05","1,494.40","1,464.05","1,480.00","1,479.85","1,479.34",11313297,16736172827.55,254760,4513527.0,39.90
2020-01-30,RELIANCE,EQ,"1,479.85","1,479.00","1,479.70","1,440.00","1,443.00","1,443.75","1,452.40",10241756,14875116667.4,231136,4854357.0,47.40
2020-01-31,RELIANCE,EQ,"1,443.75","1,453.00","1,453.25","1,407.20","1,410.00","1,411.65","1,425.75",15886673,22650374556.8,330774,8885318.0,55.93
2020-02-01,RELIANCE,EQ,"1,411.65","1,405.30","1,426.95","1,371.10","1,372.00","1,383.35","1,402.89",11022901,15463889561.65,243212,3263872.0,29.61
2020-02-03,RELIANCE,EQ,"1,383.35","1,369.90","1,399.95","1,363.05","1,386.00","1,385.50","1,380.77",14040626,19386892660.65,370104,6963618.0,49.60
2020-02-04,RELIANCE,EQ,"1,385.50","1,400.00","1,432.50","1,397.80","1,427.50","1,426.40","1,419.31",11604666,16470598996.6,286666,5299061.0,45.66
2020-02-05,RELIANCE,EQ,"1,426.40","1,434.90","1,452.80","1,430.30","1,446.30","1,448.50","1,442.46",8444823,12181350644.45,242039,3774342.0,44.69
2020-02-06,RELIANCE,EQ,"1,448.50","1,454.10","1,467.00","1,440.10","1,455.00","1,457.80","1,452.93",7103715,10321203995.95,163247,2877846.0,40.51
2020-02-07,RELIANCE,EQ,"1,457.80","1,451.00","1,452.35","1,428.30","1,432.00","1,433.65","1,437.06",5581641,8021138869.45,134128,2493746.0,44.68
2020-02-10,RELIANCE,EQ,"1,433.65","1,428.00","1,445.50","1,410.45","1,442.20","1,435.60","1,424.41",6922631,9860658648.55,143055,3096467.0,44.73
2020-02-11,RELIANCE,EQ,"1,435.60","1,447.40","1,466.20","1,445.05","1,454.50","1,452.75","1,457.22",6400245,9326549622.15,224142,2779570.0,43.43
2020-02-12,RELIANCE,EQ,"1,452.75","1,456.15","1,474.85","1,455.00","1,473.15","1,470.30","1,465.86",6187091,9069380787.6,192511,3063711.0,49.52
2020-02-13,RELIANCE,EQ,"1,470.30","1,477.75","1,477.75","1,462.60","1,470.45","1,474.15","1,470.71",6201763,9120966120.2,116464,2969412.0,47.88
2020-02-14,RELIANCE,EQ,"1,474.15","1,477.25","1,501.45","1,453.10","1,485.85","1,487.60","1,483.41",9704655,14395961760.0,229509,3144368.0,32.40
2020-02-17,RELIANCE,EQ,"1,487.60","1,489.00","1,506.15","1,474.30","1,478.50","1,478.25","1,487.62",6011340,8942610639.0,150631,2236062.0,37.20
2020-02-18,RELIANCE,EQ,"1,478.25","1,475.90","1,475.90","1,457.40","1,466.90","1,467.40","1,465.63",5086964,7455603060.65,142911,2468083.0,48.52
2020-02-19,RELIANCE,EQ,"1,467.40","1,479.35","1,506.45","1,475.10","1,504.50","1,503.80","1,497.34",6438918,9641269216.5,249278,2453851.0,38.11
2020-02-20,RELIANCE,EQ,"1,503.80","1,497.00","1,508.00","1,483.80","1,487.00","1,485.95","1,495.83",7722577,11551669677.25,176470,4689093.0,60.72
2020-02-24,RELIANCE,EQ,"1,485.95","1,469.75","1,477.00","1,439.55","1,447.10","1,444.95","1,462.78",9769743,14291004524.25,237165,6097347.0,62.41
2020-02-25,RELIANCE,EQ,"1,444.95","1,451.40","1,451.40","1,410.00","1,420.00","1,416.40","1,432.47",12684109,18169572259.45,281387,8329207.0,65.67
2020-02-26,RELIANCE,EQ,"1,416.40","1,410.00","1,412.35","1,387.35","1,389.50","1,392.00","1,399.83",13423661,18790808835.5,268512,8145083.0,60.68
2020-02-27,RELIANCE,EQ,"1,392.00","1,388.00","1,393.80","1,369.00","1,380.45","1,386.25","1,381.33",11454300,15822175752.2,240043,6101634.0,53.27
2020-02-28,RELIANCE,EQ,"1,386.25","1,354.90","1,357.00","1,325.00","1,327.00","1,328.65","1,338.96",17973847,24066201012.35,373466,9944010.0,55.32
2020-03-02,RELIANCE,EQ,"1,328.65","1,355.10","1,369.00","1,301.10","1,322.00","1,316.15","1,343.40",13486634,18117990644.9,274282,7208383.0,53.45
2020-03-03,RELIANCE,EQ,"1,316.15","1,329.70","1,353.90","1,322.00","1,346.35","1,342.85","1,339.28",12525809,16775518803.7,275521,6009681.0,47.98
2020-03-04,RELIANCE,EQ,"1,342.85","1,352.00","1,353.80","1,307.90","1,349.00","1,339.70","1,331.24",10105782,13453213011.65,297606,4158028.0,41.15
2020-03-05,RELIANCE,EQ,"1,339.70","1,352.20","1,357.95","1,306.00","1,309.90","1,311.15","1,327.07",13948324,18510367252.8,319378,6943317.0,49.78
2020-03-06,RELIANCE,EQ,"1,311.15","1,270.00","1,288.15","1,241.10","1,269.85","1,271.00","1,271.62",15422068,19610974599.3,389652,9634796.0,62.47
2020-03-09,RELIANCE,EQ,"1,271.00","1,240.05","1,241.00","1,095.00","1,104.50","1,114.15","1,143.56",40317808,46105953148.8,846382,19195053.0,47.61
2020-03-11,RELIANCE,EQ,"1,114.15","1,108.00","1,178.45","1,108.00","1,152.00","1,153.55","1,157.92",27237627,31538987521.1,490124,12424367.0,45.61
2020-03-12,RELIANCE,EQ,"1,153.55","1,085.00","1,101.00","1,048.70","1,059.00","1,063.00","1,076.20",25588170,27538049024.35,646095,13287100.0,51.93
2020-03-13,RELIANCE,EQ,"1,063.00",998.00,"1,140.00",942.40,"1,116.95","1,105.30","1,053.35",33509757,35297404438.2,706395,14587908.0,43.53
2020-03-16,RELIANCE,EQ,"1,105.30","1,060.55","1,079.70","1,005.00","1,012.20","1,015.70","1,046.83",17594729,18418745886.0,441083,8819285.0,50.12
2020-03-17,RELIANCE,EQ,"1,015.70","1,047.25","1,060.00","1,003.20","1,011.50","1,008.00","1,034.68",20777442,21497994559.0,463953,10596500.0,51.00
2020-03-18,RELIANCE,EQ,"1,008.00","1,025.30","1,035.90",961.00,976.45,968.50,992.19,20450497,20290776263.75,499736,8751121.0,42.79
2020-03-19,RELIANCE,EQ,968.50,920.10,967.00,892.20,917.70,917.70,918.86,28072062,25794360273.8,636588,13023488.0,46.39
2020-03-20,RELIANCE,EQ,917.70,939.50,"1,034.90",930.00,"1,028.00","1,017.95",983.98,28967526,28503444361.95,589033,12676996.0,43.76
2020-03-23,RELIANCE,EQ,"1,017.95",916.20,950.00,875.65,891.00,884.05,899.32,18593713,16721615106.25,569206,9759892.0,52.49
2020-03-24,RELIANCE,EQ,884.05,930.00,970.00,895.80,946.00,943.40,934.85,20919322,19556500213.85,590891,8384530.0,40.08
2020-03-25,RELIANCE,EQ,943.40,963.80,"1,151.55",963.25,"1,074.00","1,082.25","1,053.49",33433126,35221338454.85,799060,16920113.0,50.61
2020-03-26,RELIANCE,EQ,"1,082.25","1,095.80","1,116.90","1,042.35","1,069.00","1,066.20","1,074.95",20912934,22480324150.35,592742,8024956.0,38.37
2020-03-27,RELIANCE,EQ,"1,066.20","1,095.00","1,107.30","1,046.20","1,067.95","1,065.60","1,070.06",19044644,20378895930.6,502817,8854044.0,46.49
2020-03-30,RELIANCE,EQ,"1,065.60","1,040.60","1,074.80","1,020.00","1,031.50","1,030.45","1,044.14",13820286,14430304002.65,386770,5108078.0,36.96
2020-03-31,RELIANCE,EQ,"1,030.45","1,073.95","1,129.80","1,048.00","1,100.00","1,113.75","1,093.37",20249909,22140676568.55,506536,8062531.0,39.82
2020-04-01,RELIANCE,EQ,"1,113.75","1,122.25","1,124.60","1,045.20","1,084.00","1,080.45","1,072.84",19017099,20402365414.2,414675,7771573.0,40.87
2020-04-03,RELIANCE,EQ,"1,080.45","1,134.45","1,134.45","1,056.30","1,088.00","1,077.45","1,077.52",18912044,20378095229.65,519365,6471589.0,34.22
2020-04-07,RELIANCE,EQ,"1,077.45","1,102.10","1,214.00","1,100.00","1,211.00","1,206.10","1,161.27",24859057,28867992303.7,556669,9176463.0,36.91
2020-04-08,RELIANCE,EQ,"1,206.10","1,180.00","1,229.00","1,160.00","1,197.00","1,192.15","1,194.60",22803774,27241443067.9,538577,7545325.0,33.09
2020-04-09,RELIANCE,EQ,"1,192.15","1,214.00","1,232.80","1,193.00","1,217.75","1,219.95","1,214.91",15101711,18347214247.3,368355,4543136.0,30.08
2020-04-13,RELIANCE,EQ,"1,219.95","1,203.95","1,215.00","1,180.00","1,192.50","1,189.15","1,191.64",10822871,12896993488.1,263593,,-
2020-04-15,RELIANCE,EQ,"1,189.15","1,197.05","1,236.00","1,143.00","1,157.50","1,149.85","1,191.73",16147959,19243981630.6,404270,5315163.0,32.92
2020-04-16,RELIANCE,EQ,"1,149.85","1,149.85","1,187.45","1,145.00","1,170.00","1,168.05","1,172.19",17123533,20071955511.5,387003,6815679.0,39.80
2020-04-17,RELIANCE,EQ,"1,168.05","1,216.00","1,230.00","1,192.65","1,229.90","1,224.00","1,208.12",15209707,18375116205.0,322391,5515033.0,36.26
2020-04-20,RELIANCE,EQ,"1,224.00","1,226.00","1,257.00","1,202.00","1,248.10","1,243.80","1,228.75",16472339,20240404168.15,365965,3828855.0,23.24
2020-04-21,RELIANCE,EQ,"1,243.80","1,210.00","1,252.00","1,164.00","1,251.50","1,237.35","1,204.07",28057706,33783478000.15,573205,8180117.0,29.15
2020-04-22,RELIANCE,EQ,"1,237.35","1,320.00","1,384.90","1,300.00","1,359.00","1,363.60","1,341.48",65230894,87505942711.4,1194059,15175508.0,23.26
2020-04-23,RELIANCE,EQ,"1,363.60","1,367.35","1,385.85","1,353.30","1,370.15","1,370.90","1,369.10",29928331,40974916120.55,612506,9233839.0,30.85
2020-04-24,RELIANCE,EQ,"1,370.90","1,350.15","1,494.95","1,347.20","1,425.80","1,417.00","1,431.67",61711388,88350296135.65,1154959,9965286.0,16.15
2020-04-27,RELIANCE,EQ,"1,417.00","1,434.00","1,475.00","1,423.00","1,431.00","1,429.75","1,448.31",26736512,38722699504.95,594518,4031654.0,15.08
2020-04-28,RELIANCE,EQ,"1,429.75","1,450.00","1,455.45","1,392.15","1,430.00","1,428.15","1,421.22",35866381,50974111340.65,746066,7100366.0,19.80
2020-04-29,RELIANCE,EQ,"1,428.15","1,444.90","1,453.65","1,420.00","1,427.00","1,426.95","1,436.42",17141540,24622404116.35,389293,4350009.0,25.38
2020-04-30,RELIANCE,EQ,"1,426.95","1,453.95","1,494.95","1,438.05","1,464.00","1,466.00","1,467.88",32617901,47879255960.05,663204,9287707.0,28.47
2020-05-04,RELIANCE,EQ,"1,466.00","1,440.00","1,465.00","1,417.45","1,435.00","1,435.20","1,442.94",24439240,35264364750.75,544309,8018280.0,32.81
2020-05-05,RELIANCE,EQ,"1,435.20","1,453.70","1,479.00","1,447.20","1,462.65","1,460.65","1,464.23",20528706,30058697949.35,412545,4924874.0,23.99
2020-05-06,RELIANCE,EQ,"1,460.65","1,464.00","1,484.95","1,445.50","1,461.50","1,460.75","1,468.54",18510304,27183196663.05,425042,4155906.0,22.45
2020-05-07,RELIANCE,EQ,"1,460.75","1,455.00","1,513.65","1,445.00","1,512.00","1,506.95","1,484.86",22871529,33961065996.95,465254,5286803.0,23.12
2020-05-08,RELIANCE,EQ,"1,506.95","1,545.00","1,579.90","1,537.10","1,559.45","1,561.80","1,560.62",38522385,60118628770.5,727915,12438706.0,32.29
2020-05-11,RELIANCE,EQ,"1,561.80","1,580.00","1,615.00","1,572.30","1,575.00","1,576.80","1,592.89",30670404,48854566347.85,576001,11723342.0,38.22
2020-05-12,RELIANCE,EQ,"1,576.80","1,564.80","1,568.35","1,465.00","1,486.45","1,479.25","1,511.39",46029119,69568011663.15,807575,18435434.0,40.05
2020-05-13,RELIANCE,EQ,"1,479.25","1,527.00","1,527.00","1,454.00","1,492.50","1,496.45","1,481.10",30658051,45407632804.0,615366,6403617.0,20.89
2020-05-14,RELIANCE,EQ,"1,496.45","1,469.00","1,496.70","1,430.05","1,437.00","1,435.95","1,457.61",22736714,33141191470.35,494402,7400518.0,32.55
2020-05-15,RELIANCE,EQ,"1,435.95","1,444.00","1,466.70","1,415.10","1,453.20","1,459.40","1,439.85",28683432,41299828010.1,592403,7448167.0,25.97
2020-05-18,RELIANCE,EQ,"1,459.40","1,470.00","1,482.00","1,428.00","1,442.55","1,440.75","1,452.86",28981620,42106270200.25,575336,5396937.0,18.62
2020-05-19,RELIANCE,EQ,"1,440.75","1,457.00","1,461.70","1,403.25","1,409.10","1,408.90","1,436.68",19529216,28057214575.2,424987,4452799.0,22.80
2020-05-20,RELIANCE,EQ,"1,408.90","1,410.00","1,446.85","1,393.00","1,437.40","1,433.70","1,426.52",25530692,36419940581.5,446373,6638736.0,26.00
2020-05-21,RELIANCE,EQ,"1,433.70","1,435.00","1,461.45","1,425.00","1,440.00","1,441.25","1,443.94",18077196,26102458753.25,353235,5286704.0,29.25
2020-05-22,RELIANCE,EQ,"1,441.25","1,451.80","1,458.00","1,426.50","1,433.00","1,431.55","1,442.31",17458503,25180593225.25,388907,4083814.0,23.39
2020-05-26,RELIANCE,EQ,"1,431.55","1,448.15","1,449.70","1,416.30","1,426.00","1,424.05","1,428.70",15330793,21903166112.45,341795,7437964.0,48.52
2020-05-27,RELIANCE,EQ,"1,424.05","1,431.00","1,454.00","1,412.00","1,449.85","1,445.55","1,430.20",16460764,23542230514.25,348477,6524302.0,39.64
2020-05-28,RELIANCE,EQ,"1,445.55","1,455.00","1,479.75","1,449.00","1,471.05","1,472.25","1,467.50",18519252,27176980636.4,405603,8377100.0,45.23
2020-05-29,RELIANCE,EQ,"1,472.25","1,468.00","1,472.00","1,452.65","1,470.00","1,464.40","1,462.79",18471770,27020285851.4,300018,10292573.0,55.72
2020-06-01,RELIANCE,EQ,"1,464.40","1,480.00","1,538.35","1,475.95","1,521.90","1,520.35","1,512.99",18434065,27890475620.1,354436,5711151.0,30.98
2020-06-02,RELIANCE,EQ,"1,520.35","1,526.00","1,540.00","1,520.80","1,537.95","1,535.70","1,531.68",10224102,15660044883.85,224472,3522633.0,34.45
2020-06-03,RELIANCE,EQ,"1,535.70","1,545.00","1,560.00","1,533.35","1,543.00","1,541.65","1,543.74",11713666,18082824556.4,227825,5197313.0,44.37
2020-06-04,RELIANCE,EQ,"1,541.65","1,544.00","1,589.50","1,541.00","1,576.00","1,579.80","1,570.24",15784612,24785560880.55,356122,4083577.0,25.87
2020-06-05,RELIANCE,EQ,"1,579.80","1,595.00","1,618.00","1,573.70","1,579.20","1,581.70","1,596.41",15270435,24377905391.85,339237,3362416.0,22.02
2020-06-08,RELIANCE,EQ,"1,581.70","1,618.40","1,618.40","1,565.00","1,571.80","1,569.50","1,588.27",14498055,23026897486.7,322987,3584176.0,24.72
2020-06-09,RELIANCE,EQ,"1,569.50","1,560.30","1,583.00","1,533.00","1,535.90","1,537.15","1,555.91",11934073,18568335407.3,307011,2953746.0,24.75
2020-06-10,RELIANCE,EQ,"1,537.15","1,543.10","1,579.55","1,540.05","1,575.00","1,572.15","1,556.73",10214426,15901058050.65,262174,2815033.0,27.56
2020-06-11,RELIANCE,EQ,"1,572.15","1,566.00","1,567.95","1,531.00","1,538.80","1,537.70","1,546.33",9408283,14548302924.85,269490,3034020.0,32.25
2020-06-12,RELIANCE,EQ,"1,537.70","1,500.00","1,593.00","1,497.00","1,588.70","1,588.80","1,552.68",17790565,27623018097.7,337575,4514688.0,25.38
2020-06-15,RELIANCE,EQ,"1,588.80","1,565.00","1,626.95","1,561.10","1,612.30","1,614.55","1,593.39",24509162,39052737198.75,467105,5136354.0,20.96
2020-06-16,RELIANCE,EQ,"1,614.55","1,643.00","1,648.55","1,585.30","1,614.05","1,617.70","1,617.17",23623299,38202982642.7,424919,5774484.0,24.44
2020-06-17,RELIANCE,EQ,"1,617.70","1,608.25","1,635.45","1,602.10","1,611.85","1,615.35","1,618.64",19282519,31211518938.2,299203,7420780.0,38.48
2020-06-18,RELIANCE,EQ,"1,615.35","1,607.00","1,665.00","1,605.60","1,662.90","1,655.90","1,636.40",18677694,30564098282.65,327308,7786788.0,41.69
2020-06-19,RELIANCE,EQ,"1,655.90","1,670.00","1,788.80","1,662.00","1,763.20","1,759.40","1,727.35",48828852,84344321446.8,752773,15752717.0,32.26
2020-06-22,RELIANCE,EQ,"1,759.40","1,773.40","1,804.20","1,735.00","1,752.50","1,746.15","1,771.18",27781772,49206651889.2,613265,7287358.0,26.23
2020-06-23,RELIANCE,EQ,"1,746.15","1,750.00","1,763.75","1,716.10","1,721.70","1,720.90","1,731.86",17521196,30344310521.95,400333,6287909.0,35.89
2020-06-24,RELIANCE,EQ,"1,720.90","1,735.90","1,772.70","1,711.70","1,732.50","1,727.85","1,739.65",23808524,41418523475.35,488048,5829283.0,24.48
2020-06-25,RELIANCE,EQ,"1,727.85","1,727.00","1,749.00","1,713.05","1,719.00","1,717.90","1,728.41",18312705,31651803892.75,318478,6775567.0,37.0
2020-06-26,RELIANCE,EQ,"1,717.90","1,728.80","1,752.00","1,717.00","1,750.00","1,741.65","1,731.91",14270695,24715505750.7,279769,5042368.0,35.33
2020-06-29,RELIANCE,EQ,"1,741.65","1,728.05","1,739.75","1,715.55","1,722.70","1,723.15","1,724.38",11825126,20391055541.05,225499,4609009.0,38.98
2020-06-30,RELIANCE,EQ,"1,723.15","1,737.00","1,741.00","1,695.55","1,707.50","1,704.10","1,718.10",13973038,24007093966.15,277133,5567451.0,39.84
2020-07-01,RELIANCE,EQ,"1,704.10","1,720.00","1,749.00","1,708.05","1,736.25","1,737.60","1,730.01",13136706,22726570310.95,256982,3073568.0,23.4
2020-07-02,RELIANCE,EQ,"1,737.60","1,743.00","1,767.60","1,735.05","1,759.50","1,760.35","1,755.20",13286760,23320864112.3,262833,3239259.0,24.38
2020-07-03,RELIANCE,EQ,"1,760.35","1,779.80","1,793.00","1,768.00","1,788.00","1,787.90","1,781.69",13584004,24202508199.65,254096,3420711.0,25.18
2020-07-06,RELIANCE,EQ,"1,787.90","1,805.00","1,858.00","1,792.10","1,855.00","1,851.80","1,832.66",21698149,39765301081.35,442095,5644923.0,26.02
2020-07-07,RELIANCE,EQ,"1,851.80","1,860.00","1,864.35","1,806.30","1,822.15","1,823.45","1,831.78",16240102,29748224129.05,386666,4751023.0,29.25
2020-07-08,RELIANCE,EQ,"1,823.45","1,824.05","1,834.95","1,790.00","1,795.40","1,798.00","1,812.33",12093523,21917489258.65,285951,4348610.0,35.96
2020-07-09,RELIANCE,EQ,"1,798.00","1,809.00","1,835.00","1,786.25","1,826.75","1,824.25","1,813.36",16807403,30477877599.5,352813,4527046.0,26.93
2020-07-10,RELIANCE,EQ,"1,824.25","1,828.50","1,884.60","1,824.25","1,880.20","1,878.05","1,859.58",20195490,37555184971.7,455198,4248376.0,21.04
2020-07-13,RELIANCE,EQ,"1,878.05","1,903.35","1,947.70","1,900.00","1,938.70","1,935.00","1,927.07",32124397,61905840822.6,615947,6448206.0,20.07
2020-07-14,RELIANCE,EQ,"1,935.00","1,934.00","1,941.70","1,887.30","1,915.00","1,917.00","1,917.96",31073591,59597787128.7,569875,8520789.0,27.42
2020-07-15,RELIANCE,EQ,"1,917.00","1,937.95","1,978.80","1,798.00","1,842.35","1,844.00","1,917.63",64458598,123607955323.25,1285533,10789672.0,16.74
2020-07-16,RELIANCE,EQ,"1,844.00","1,847.00","1,869.00","1,812.45","1,842.05","1,843.40","1,844.01",28133993,51879421165.65,543130,6562839.0,23.33
2020-07-17,RELIANCE,EQ,"1,843.40","1,845.00","1,920.00","1,838.00","1,916.00","1,911.70","1,876.25",22949535,43059161082.3,487421,4591431.0,20.01
2020-07-20,RELIANCE,EQ,"1,911.70","1,917.80","1,932.00","1,899.65","1,921.95","1,919.90","1,916.93",16887752,32372604466.2,339625,3836078.0,22.72
2020-07-21,RELIANCE,EQ,"1,919.90","1,939.00","1,977.00","1,936.50","1,973.50","1,971.55","1,962.43",19463498,38195689330.0,375090,5672596.0,29.14
2020-07-22,RELIANCE,EQ,"1,971.55","1,983.00","2,010.00","1,960.70","2,004.00","2,004.00","1,993.46",27584769,54989120616.6,547567,8711054.0,31.58
2020-07-23,RELIANCE,EQ,"2,004.00","2,003.95","2,079.70","1,991.35","2,076.00","2,057.80","2,035.95",26921058,54810058387.9,498584,9589647.0,35.62
2020-07-24,RELIANCE,EQ,"2,057.80","2,058.00","2,163.00","2,057.80","2,148.40","2,146.15","2,128.53",55656793,118466876312.35,1078097,12522509.0,22.5
2020-07-27,RELIANCE,EQ,"2,146.15","2,178.80","2,198.80","2,127.90","2,154.95","2,156.20","2,169.68",37060949,80410276311.85,781374,5262824.0,14.2
2020-07-28,RELIANCE,EQ,"2,156.20","2,156.20","2,194.00","2,150.65","2,177.00","2,177.70","2,175.67",25435618,55339580393.8,528044,5577191.0,21.93
2020-07-29,RELIANCE,EQ,"2,177.70","2,177.90","2,182.80","2,070.45","2,092.00","2,096.65","2,124.29",33536361,71241119089.5,738739,9443206.0,28.16
2020-07-30,RELIANCE,EQ,"2,096.65","2,099.00","2,139.70","2,072.00","2,101.90","2,108.85","2,111.03",33624516,70982380956.4,663693,6855972.0,20.39
2020-07-31,RELIANCE,EQ,"2,108.85","2,114.50","2,129.00","2,052.80","2,070.00","2,067.10","2,077.02",34593375,71851185919.55,748942,9000404.0,26.02
2020-08-03,RELIANCE,EQ,"2,067.10","2,051.30","2,057.00","2,003.10","2,007.65","2,009.00","2,029.05",21560137,43746668081.0,515571,6839066.0,31.72
2020-08-04,RELIANCE,EQ,"2,009.00","2,020.60","2,167.00","2,000.25","2,158.40","2,150.60","2,098.08",42477225,89120494925.4,827312,7253795.0,17.08
2020-08-05,RELIANCE,EQ,"2,150.60","2,169.00","2,196.00","2,118.30","2,132.10","2,126.45","2,153.72",34405886,74100545221.95,704272,3949479.0,11.48
2020-08-06,RELIANCE,EQ,"2,126.45","2,157.00","2,167.70","2,107.80","2,136.55","2,134.10","2,139.59",22762726,48702811222.25,468092,3095157.0,13.6
2020-08-07,RELIANCE,EQ,"2,134.10","2,129.80","2,157.80","2,120.20","2,146.00","2,146.45","2,141.31",15222384,32595833725.75,329099,3705643.0,24.34
2020-08-10,RELIANCE,EQ,"2,146.45","2,159.10","2,165.00","2,108.10","2,121.60","2,119.85","2,136.58",12441939,26583161118.75,300073,2893247.0,23.25
2020-08-11,RELIANCE,EQ,"2,119.85","2,134.80","2,160.00","2,100.35","2,132.85","2,133.80","2,133.30",21611359,46103431136.35,491594,4174558.0,19.32
2020-08-12,RELIANCE,EQ,"2,133.80","2,121.00","2,145.00","2,106.80","2,126.55","2,127.60","2,129.79",13967529,29747858193.4,308155,2213804.0,15.85
2020-08-13,RELIANCE,EQ,"2,127.60","2,128.00","2,138.90","2,110.00","2,125.80","2,122.05","2,122.69",11459251,24324473969.2,266729,3601994.0,31.43
2020-08-14,RELIANCE,EQ,"2,122.05","2,122.55","2,157.00","2,089.25","2,112.00","2,113.80","2,129.96",15333759,32660268151.55,346390,2362119.0,15.4
2020-08-17,RELIANCE,EQ,"2,113.80","2,105.00","2,105.00","2,070.10","2,094.05","2,091.35","2,085.65",14297224,29819054668.2,324590,2115024.0,14.79
2020-08-18,RELIANCE,EQ,"2,091.35","2,085.00","2,134.30","2,082.35","2,120.20","2,118.55","2,118.58",14097932,29867537548.7,281219,2559498.0,18.16
2020-08-19,RELIANCE,EQ,"2,118.55","2,141.00","2,154.00","2,121.35","2,137.00","2,131.55","2,137.37",15731409,33623807598.55,288995,2518453.0,16.01
2020-08-20,RELIANCE,EQ,"2,131.55","2,120.00","2,123.90","2,088.00","2,098.60","2,097.05","2,109.01",10402292,21938504435.85,267102,2363592.0,22.72
2020-08-21,RELIANCE,EQ,"2,097.05","2,118.00","2,122.00","2,077.00","2,084.75","2,081.85","2,096.99",11667281,24466208119.5,296981,2236600.0,19.17
2020-08-24,RELIANCE,EQ,"2,081.85","2,091.40","2,104.50","2,070.50","2,099.95","2,095.75","2,090.25",15099030,31560709786.1,323471,2697292.0,17.86
2020-08-25,RELIANCE,EQ,"2,095.75","2,106.00","2,111.30","2,078.00","2,082.00","2,082.10","2,089.41",8947709,18695434041.15,202929,2014450.0,22.51
2020-08-26,RELIANCE,EQ,"2,082.10","2,085.00","2,147.95","2,047.00","2,133.70","2,137.30","2,102.41",27631028,58091747446.85,533755,6707265.0,24.27
2020-08-27,RELIANCE,EQ,"2,137.30","2,148.00","2,150.00","2,103.25","2,108.10","2,110.60","2,126.98",12962139,27570185760.1,297474,3408902.0,26.3
2020-08-28,RELIANCE,EQ,"2,110.60","2,120.00","2,132.90","2,106.25","2,116.00","2,116.15","2,118.85",12537684,26565452934.1,267973,2828812.0,22.56
2020-08-31,RELIANCE,EQ,"2,116.15","2,174.00","2,174.00","2,060.35","2,070.00","2,080.70","2,118.64",28649141,60697216688.85,541760,7212259.0,25.17
2020-09-01,RELIANCE,EQ,"2,080.70","2,100.00","2,122.40","2,062.40","2,092.00","2,087.25","2,091.83",17821488,37279521464.5,327904,4956555.0,27.81
2020-09-02,RELIANCE,EQ,"2,087.25","2,092.00","2,138.00","2,085.00","2,128.55","2,128.20","2,119.29",12437209,26358056792.85,281041,3376204.0,27.15
2020-09-03,RELIANCE,EQ,"2,128.20","2,128.00","2,138.75","2,103.00","2,114.00","2,112.10","2,112.86",8577741,18123586030.3,219117,3249170.0,37.88
2020-09-04,RELIANCE,EQ,"2,112.10","2,083.55","2,096.95","2,072.20","2,080.00","2,077.25","2,084.73",13141705,27396936570.55,365456,5968727.0,45.42
2020-09-07,RELIANCE,EQ,"2,077.25","2,084.00","2,105.75","2,044.25","2,099.60","2,082.65","2,071.80",10119099,20964707499.0,255801,2619452.0,25.89
2020-09-08,RELIANCE,EQ,"2,082.65","2,092.00","2,121.00","2,080.50","2,103.10","2,107.10","2,108.01",12643762,26653239816.4,287150,2734033.0,21.62
2020-09-09,RELIANCE,EQ,"2,107.10","2,085.00","2,167.80","2,081.45","2,163.55","2,161.35","2,136.84",25526055,54545044441.0,531323,5716097.0,22.39
2020-09-10,RELIANCE,EQ,"2,161.35","2,183.10","2,344.95","2,175.35","2,319.00","2,314.00","2,275.51",64751766,147343363142.35,1233053,12172158.0,18.8
2020-09-11,RELIANCE,EQ,"2,314.00","2,312.00","2,337.85","2,287.10","2,315.00","2,319.75","2,318.58",27445883,63635412477.45,599768,6427971.0,23.42
2020-09-14,RELIANCE,EQ,"2,319.75","2,325.00","2,360.00","2,282.00","2,296.25","2,302.55","2,323.57",20335480,47250941267.35,450188,3578138.0,17.6
2020-09-15,RELIANCE,EQ,"2,302.55","2,311.95","2,325.75","2,288.15","2,324.00","2,318.85","2,311.23",12543161,28990110978.15,270331,2498608.0,19.92
2020-09-16,RELIANCE,EQ,"2,318.85","2,320.00","2,369.35","2,310.55","2,324.90","2,324.55","2,339.46",15669133,36657370887.95,321651,3528875.0,22.52
2020-09-17,RELIANCE,EQ,"2,324.55","2,320.00","2,333.70","2,291.85","2,296.00","2,298.75","2,310.29",11919991,27538576983.55,286325,3285052.0,27.56
2020-09-18,RELIANCE,EQ,"2,298.75","2,314.25","2,319.45","2,276.55","2,303.60","2,305.70","2,305.10",15264101,35185252645.85,219641,6340779.0,41.54
2020-09-21,RELIANCE,EQ,"2,305.70","2,300.00","2,336.00","2,247.35","2,250.00","2,255.85","2,291.38",15519433,35560977455.15,342489,5046850.0,32.52
2020-09-22,RELIANCE,EQ,"2,255.85","2,277.00","2,277.00","2,201.55","2,220.05","2,211.15","2,225.36",16056621,35731708478.55,348897,6138633.0,38.23
2020-09-23,RELIANCE,EQ,"2,211.15","2,260.00","2,276.75","2,205.30","2,228.00","2,230.80","2,242.58",19839809,44492265342.3,384190,3749875.0,18.9
2020-09-24,RELIANCE,EQ,"2,230.80","2,207.90","2,226.00","2,176.05","2,195.00","2,181.20","2,200.65",13765321,30292605688.25,328090,4092237.0,29.73
2020-09-25,RELIANCE,EQ,"2,181.20","2,189.00","2,212.80","2,167.30","2,198.85","2,201.70","2,191.17",13095950,28695471561.35,329859,2793738.0,21.33
2020-09-28,RELIANCE,EQ,"2,201.70","2,227.00","2,238.00","2,207.05","2,218.00","2,216.25","2,221.39",9076787,20163062603.55,213955,1610375.0,17.74
2020-09-29,RELIANCE,EQ,"2,216.25","2,225.00","2,264.00","2,216.25","2,241.90","2,245.05","2,242.30",11927459,26744967680.5,269649,2301443.0,19.3
2020-09-30,RELIANCE,EQ,"2,245.05","2,260.00","2,267.00","2,225.00","2,231.00","2,234.35","2,251.01",11291280,25416740703.85,232560,2777751.0,24.6
2020-10-01,RELIANCE,EQ,"2,234.35","2,263.80","2,263.80","2,214.00","2,229.05","2,225.25","2,237.62",9591467,21462014627.7,237645,2356434.0,24.57
2020-10-05,RELIANCE,EQ,"2,225.25","2,244.00","2,249.15","2,206.00","2,215.00","2,212.20","2,222.94",8732890,19412649755.8,237138,1671283.0,19.14
2020-10-06,RELIANCE,EQ,"2,212.20","2,225.25","2,233.90","2,201.65","2,213.00","2,210.35","2,213.64",8497352,18810040908.25,230575,2565411.0,30.19
2020-10-07,RELIANCE,EQ,"2,210.35","2,235.00","2,309.00","2,220.00","2,259.40","2,257.50","2,276.27",24538620,55856495761.45,542898,3167121.0,12.91
2020-10-08,RELIANCE,EQ,"2,257.50","2,259.00","2,268.00","2,222.10","2,241.50","2,239.25","2,242.24",9727508,21811437285.25,251543,2761519.0,28.39
2020-10-09,RELIANCE,EQ,"2,239.25","2,235.00","2,253.00","2,217.10","2,239.00","2,233.45","2,232.05",8558747,19103582648.4,215729,2908038.0,33.98
2020-10-12,RELIANCE,EQ,"2,233.45","2,235.00","2,255.75","2,226.25","2,236.00","2,237.05","2,239.55",6565525,14703804367.1,146831,1868691.0,28.46
2020-10-13,RELIANCE,EQ,"2,237.05","2,230.60","2,285.75","2,225.85","2,279.00","2,280.70","2,259.76",10666280,24103209104.25,255851,3449962.0,32.34
2020-10-14,RELIANCE,EQ,"2,280.70","2,278.90","2,304.00","2,268.50","2,283.00","2,287.50","2,284.78",12341487,28197589496.85,281008,4373851.0,35.44
2020-10-15,RELIANCE,EQ,"2,287.50","2,290.00","2,290.00","2,195.00","2,203.25","2,206.50","2,241.04",9246893,20722639246.6,265699,3100443.0,33.53
2020-10-16,RELIANCE,EQ,"2,206.50","2,215.00","2,232.50","2,172.65","2,178.00","2,175.80","2,197.33",9961080,21887776009.8,287579,2106731.0,21.15
2020-10-19,RELIANCE,EQ,"2,175.80","2,190.05","2,228.70","2,155.15","2,175.50","2,176.20","2,189.75",14399062,31530332262.55,363717,3772907.0,26.2
2020-10-20,RELIANCE,EQ,"2,176.20","2,179.00","2,193.00","2,152.25","2,155.85","2,155.90","2,166.54",8529621,18479742687.7,275082,2119328.0,24.85
2020-10-21,RELIANCE,EQ,"2,155.90","2,168.00","2,192.00","2,097.75","2,122.65","2,124.60","2,143.87",15729989,33723125351.95,399065,3975978.0,25.28
2020-10-22,RELIANCE,EQ,"2,124.60","2,127.40","2,132.50","2,091.00","2,111.90","2,106.95","2,107.04",14215255,29952115114.75,391498,5836281.0,41.06
2020-10-23,RELIANCE,EQ,"2,106.95","2,106.00","2,135.00","2,096.40","2,112.00","2,113.05","2,118.90",10809383,22904053633.9,265187,3551502.0,32.86
2020-10-26,RELIANCE,EQ,"2,113.05","2,101.95","2,101.95","2,018.50","2,034.90","2,029.10","2,052.69",17225340,35358322555.55,581238,6324776.0,36.72
2020-10-27,RELIANCE,EQ,"2,029.10","2,034.90","2,059.85","2,005.00","2,034.40","2,034.50","2,026.38",16835011,34114088505.6,462764,5199796.0,30.89
2020-10-28,RELIANCE,EQ,"2,034.50","2,041.80","2,057.70","2,007.40","2,008.90","2,011.45","2,026.02",13810054,27979442354.8,413849,4822048.0,34.92
2020-10-29,RELIANCE,EQ,"2,011.45","1,997.00","2,042.00","1,991.00","2,029.05","2,026.90","2,019.57",14147681,28572185905.9,382087,3346100.0,23.65
2020-10-30,RELIANCE,EQ,"2,026.90","2,033.50","2,065.10","2,021.80","2,064.35","2,054.50","2,040.66",15701123,32040607252.3,349177,3880807.0,24.72
2020-11-02,RELIANCE,EQ,"2,054.50","2,027.00","2,027.00","1,859.15","1,876.00","1,877.45","1,927.55",45857806,88393320147.2,1428490,12596880.0,27.47
2020-11-03,RELIANCE,EQ,"1,877.45","1,890.00","1,909.00","1,835.10","1,854.50","1,850.40","1,873.92",40931170,76701761539.15,990935,11064654.0,27.03
2020-11-04,RELIANCE,EQ,"1,850.40","1,837.00","1,929.00","1,837.00","1,910.50","1,913.20","1,893.24",37003111,70055655614.2,888904,6665864.0,18.01
2020-11-05,RELIANCE,EQ,"1,913.20","1,954.95","1,960.95","1,932.00","1,956.80","1,955.00","1,949.03",17170274,33465297065.5,448665,5252804.0,30.59
2020-11-06,RELIANCE,EQ,"1,955.00","1,990.00","2,040.00","1,978.15","2,025.00","2,029.15","2,015.72",30770080,62023880104.2,649196,8468704.0,27.52
2020-11-09,RELIANCE,EQ,"2,029.15","2,062.10","2,069.00","2,036.00","2,051.00","2,050.70","2,051.91",16539467,33937502974.2,384188,6258441.0,37.84
2020-11-10,RELIANCE,EQ,"2,050.70","2,077.00","2,090.00","2,041.20","2,089.00","2,084.55","2,071.86",17045147,35315160450.8,399073,6458474.0,37.89
2020-11-11,RELIANCE,EQ,"2,084.55","2,089.00","2,095.00","1,978.10","1,999.80","1,997.20","2,027.80",26178477,53084610845.15,647679,9063191.0,34.62
2020-11-12,RELIANCE,EQ,"1,997.20","1,981.00","2,008.45","1,965.00","1,981.75","1,980.00","1,987.14",18481466,36725218562.6,440630,6746860.0,36.51
2020-11-13,RELIANCE,EQ,"1,980.00","1,982.00","2,036.65","1,981.75","2,000.05","1,996.40","2,007.38",20946864,42048268831.65,507695,5280992.0,25.21
2020-11-14,RELIANCE,EQ,"1,996.40","2,014.90","2,015.30","1,995.35","2,001.55","2,002.30","2,005.96",2411900,4838163827.65,99484,621485.0,25.77
2020-11-17,RELIANCE,EQ,"2,002.30","2,085.00","2,085.00","1,985.00","1,994.80","1,993.25","2,013.16",21479385,43241364015.15,462630,5819797.0,27.09
2020-11-18,RELIANCE,EQ,"1,993.25","1,993.25","2,006.50","1,960.10","1,991.20","1,987.20","1,979.95",14030652,27780020120.45,410607,3601706.0,25.67
2020-11-19,RELIANCE,EQ,"1,987.20","1,987.20","2,010.45","1,968.20","1,972.00","1,973.15","1,987.24",12828008,25492281433.3,307890,3570924.0,27.84
2020-11-20,RELIANCE,EQ,"1,973.15","1,975.00","1,983.80","1,895.00","1,901.00","1,899.50","1,923.27",26522972,51010821672.6,794436,7772176.0,29.3
2020-11-23,RELIANCE,EQ,"1,899.50","1,951.00","1,970.00","1,926.25","1,955.20","1,950.70","1,952.18",20918665,40837042219.85,497781,5148955.0,24.61
2020-11-24,RELIANCE,EQ,"1,950.70","1,964.00","1,974.00","1,932.00","1,971.05","1,964.05","1,952.11",14277083,27870435599.6,362587,3213843.0,22.51
2020-11-25,RELIANCE,EQ,"1,964.05","1,980.00","1,992.95","1,942.20","1,947.50","1,947.80","1,969.06",15062376,29658744015.65,356793,3040444.0,20.19
2020-11-26,RELIANCE,EQ,"1,947.80","1,953.05","1,965.00","1,930.05","1,957.00","1,952.60","1,946.67",11924527,23213094743.9,266412,3406506.0,28.57
2020-11-27,RELIANCE,EQ,"1,952.60","1,940.50","1,956.10","1,921.40","1,940.50","1,929.80","1,935.45",21845931,42281637552.75,314085,12489338.0,57.17
2020-12-01,RELIANCE,EQ,"1,929.80","1,940.35","1,966.25","1,930.05","1,954.10","1,954.90","1,950.09",9114939,17774977230.85,272346,3073957.0,33.72
2020-12-02,RELIANCE,EQ,"1,954.90","1,958.50","1,962.00","1,935.00","1,959.00","1,958.15","1,947.77",10240168,19945469659.25,236641,3885070.0,37.94
2020-12-03,RELIANCE,EQ,"1,958.15","1,972.00","1,981.10","1,958.65","1,960.80","1,964.05","1,969.94",12822945,25260374206.8,270788,6151159.0,47.97
2020-12-04,RELIANCE,EQ,"1,964.05","1,969.00","1,969.00","1,940.00","1,947.70","1,946.75","1,948.72",8521388,16605763758.95,286109,3771228.0,44.26
2020-12-07,RELIANCE,EQ,"1,946.75","1,940.60","1,965.00","1,940.60","1,958.35","1,958.20","1,955.62",8418767,16463893633.45,267040,3706525.0,44.03
2020-12-08,RELIANCE,EQ,"1,958.20","1,961.15","2,014.25","1,950.00","1,992.45","1,993.75","1,995.12",20030506,39963227133.6,460158,5692600.0,28.42
2020-12-09,RELIANCE,EQ,"1,993.75","2,009.95","2,033.80","1,999.25","2,026.00","2,026.95","2,019.89",13464375,27196561520.3,303801,4861192.0,36.1
2020-12-10,RELIANCE,EQ,"2,026.95","2,021.60","2,028.50","2,001.00","2,008.00","2,007.00","2,010.18",7414229,14903949695.8,212910,2670339.0,36.02
2020-12-11,RELIANCE,EQ,"2,007.00","2,013.00","2,038.00","1,974.25","1,999.40","2,005.80","2,015.50",12434745,25062187257.95,265002,3553151.0,28.57
2020-12-14,RELIANCE,EQ,"2,005.80","2,007.95","2,015.00","1,986.35","1,993.50","1,991.30","1,997.46",7989830,15959361790.3,248928,2832392.0,35.45
2020-12-15,RELIANCE,EQ,"1,991.30","1,989.70","1,989.70","1,961.10","1,973.60","1,974.35","1,973.54",8561406,16896273508.6,240918,3108604.0,36.31
2020-12-16,RELIANCE,EQ,"1,974.35","1,988.00","1,994.95","1,965.70","1,977.55","1,976.55","1,977.57",8565904,16939660870.95,233001,3281219.0,38.31
2020-12-17,RELIANCE,EQ,"1,976.55","1,984.50","2,005.00","1,977.15","1,985.50","1,985.60","1,989.37",9346460,18593553236.8,280068,3368996.0,36.05
2020-12-18,RELIANCE,EQ,"1,985.60","1,980.10","2,004.90","1,965.00","1,998.10","1,991.55","1,981.58",8522215,16887433569.45,226069,3412555.0,40.04
2020-12-21,RELIANCE,EQ,"1,991.55","2,010.00","2,022.00","1,855.25","1,935.00","1,939.70","1,976.82",20368545,40264899448.0,514099,5751990.0,28.24
2020-12-22,RELIANCE,EQ,"1,939.70","1,949.00","1,958.90","1,888.45","1,935.00","1,936.70","1,921.80",12986606,24957654770.3,374827,3386829.0,26.08
2020-12-23,RELIANCE,EQ,"1,936.70","1,930.00","1,951.45","1,920.65","1,947.00","1,943.85","1,938.16",8999898,17443231403.3,282444,3128219.0,34.76
2020-12-24,RELIANCE,EQ,"1,943.85","1,947.00","1,998.80","1,945.90","1,992.95","1,994.15","1,976.20",9588577,18948962895.7,250116,2141157.0,22.33
2020-12-28,RELIANCE,EQ,"1,994.15","2,006.70","2,018.00","1,995.30","2,002.00","2,003.30","2,006.71",7947719,15948771620.1,214898,1821777.0,22.92
2020-12-29,RELIANCE,EQ,"2,003.30","2,009.00","2,012.30","1,982.55","1,987.00","1,990.05","1,992.97",8589407,17118416326.3,242433,3009732.0,35.04
2020-12-30,RELIANCE,EQ,"1,990.05","1,995.25","2,007.20","1,975.55","1,994.35","1,995.50","1,991.60",10173132,20260786998.35,234486,3159950.0,31.06
2020-12-31,RELIANCE,EQ,"1,995.50","1,993.50","2,011.90","1,978.60","1,981.80","1,985.30","1,995.67",8667516,17297504921.3,226094,2538214.0,29.28
2021-01-01,RELIANCE,EQ,"1,985.30","1,988.00","1,997.00","1,982.00","1,988.00","1,987.50","1,989.50",4622002,9195480292.0,139680,1013314.0,21.92
2021-01-04,RELIANCE,EQ,"1,987.50","1,995.10","1,998.90","1,968.00","1,990.25","1,990.85","1,982.61",11312992,22429227856.7,316871,3869604.0,34.2
2021-01-05,RELIANCE,EQ,"1,990.85","1,969.00","1,983.60","1,956.00","1,965.00","1,966.10","1,968.87",11132803,21919019062.85,300233,5208047.0,46.78
2021-01-06,RELIANCE,EQ,"1,966.10","1,965.90","1,966.00","1,905.15","1,915.50","1,914.25","1,928.17",21414270,41290368153.15,659284,9038101.0,42.21
2021-01-07,RELIANCE,EQ,"1,914.25","1,920.50","1,945.00","1,905.15","1,912.80","1,911.15","1,919.86",14918406,28641263321.1,454695,6452659.0,43.25
2021-01-08,RELIANCE,EQ,"1,911.15","1,918.00","1,938.40","1,912.10","1,934.00","1,933.70","1,923.06",12709792,24441751752.65,270966,5303550.0,41.73
2021-01-11,RELIANCE,EQ,"1,933.70","1,938.80","1,938.80","1,892.50","1,899.00","1,897.25","1,910.26",15371556,29363709013.0,479137,7697815.0,50.08
2021-01-12,RELIANCE,EQ,"1,897.25","1,903.00","1,960.00","1,899.90","1,955.50","1,957.05","1,935.51",18996047,36766988575.55,417387,8987850.0,47.31
2021-01-13,RELIANCE,EQ,"1,957.05","1,963.55","1,974.95","1,918.45","1,936.00","1,938.80","1,948.25",12284876,23934034447.75,304901,4368602.0,35.56
2021-01-14,RELIANCE,EQ,"1,938.80","1,945.00","1,966.90","1,939.05","1,958.10","1,960.60","1,957.17",9946818,19467651412.35,287671,5225648.0,52.54
2021-01-15,RELIANCE,EQ,"1,960.60","1,960.60","1,973.80","1,920.05","1,937.90","1,937.45","1,952.72",9503790,18558204988.2,264152,3947767.0,41.54
2021-01-18,RELIANCE,EQ,"1,937.45","1,949.10","1,997.00","1,923.35","1,972.80","1,983.95","1,967.71",16198856,31874686564.55,399642,6014603.0,37.13
2021-01-19,RELIANCE,EQ,"1,983.95","1,994.65","2,031.00","1,994.65","2,015.00","2,016.40","2,018.21",14771048,29811112716.2,411707,6055057.0,40.99
2021-01-20,RELIANCE,EQ,"2,016.40","2,021.40","2,058.00","2,001.40","2,053.00","2,054.70","2,036.58",14271669,29065337315.85,456106,6676332.0,46.78
2021-01-21,RELIANCE,EQ,"2,054.70","2,082.00","2,120.00","2,075.00","2,107.00","2,099.40","2,102.61",18038987,37928961934.6,483168,6386636.0,35.4
2021-01-22,RELIANCE,EQ,"2,099.40","2,111.00","2,115.35","2,035.15","2,047.95","2,049.60","2,070.96",14090818,29181582565.45,388593,3512524.0,24.93
2021-01-25,RELIANCE,EQ,"2,049.60","2,034.95","2,034.95","1,932.00","1,935.15","1,941.00","1,966.36",25016570,49191602456.1,723194,9041658.0,36.14
2021-01-27,RELIANCE,EQ,"1,941.00","1,925.00","1,925.00","1,888.00","1,890.00","1,895.00","1,904.59",19553809,37241980448.4,637355,9587173.0,49.03
2021-01-28,RELIANCE,EQ,"1,895.00","1,880.15","1,923.30","1,870.00","1,876.35","1,876.55","1,895.32",15722291,29798806093.7,446576,4697008.0,29.87
2021-01-29,RELIANCE,EQ,"1,876.55","1,894.30","1,913.10","1,830.00","1,844.95","1,841.95","1,871.72",20173258,37758612331.5,472678,9106845.0,45.14
2021-02-01,RELIANCE,EQ,"1,841.95","1,859.40","1,905.00","1,848.00","1,898.15","1,895.30","1,874.03",15774504,29561820671.2,370120,7864911.0,49.86
2021-02-02,RELIANCE,EQ,"1,895.30","1,914.25","1,940.00","1,854.95","1,936.00","1,925.80","1,889.81",19138414,36168052850.9,561567,7369471.0,38.51
2021-02-03,RELIANCE,EQ,"1,925.80","1,928.30","1,952.00","1,900.00","1,928.50","1,930.65","1,931.87",13984228,27015673442.65,345625,4832689.0,34.56
2021-02-04,RELIANCE,EQ,"1,930.65","1,924.00","1,940.00","1,905.00","1,921.50","1,924.30","1,923.71",11826848,22751381754.25,332784,5411559.0,45.76
2021-02-05,RELIANCE,EQ,"1,924.30","1,930.05","1,944.65","1,920.00","1,924.30","1,923.75","1,929.36",9344470,18028883267.5,263144,3564531.0,38.15
2021-02-08,RELIANCE,EQ,"1,923.75","1,933.05","1,969.00","1,929.05","1,951.40","1,951.45","1,954.84",9776136,19110816694.8,287247,3553415.0,36.35
2021-02-09,RELIANCE,EQ,"1,951.45","1,961.95","1,989.60","1,952.30","1,954.50","1,956.15","1,974.29",9047308,17861994119.3,254384,3417112.0,37.77
2021-02-10,RELIANCE,EQ,"1,956.15","1,953.75","1,984.75","1,927.30","1,980.35","1,974.30","1,955.63",9799560,19164292386.25,288994,3630351.0,37.05
2021-02-11,RELIANCE,EQ,"1,974.30","1,980.00","2,064.20","1,972.25","2,061.80","2,055.70","2,028.11",19631870,39815594030.25,546129,5981796.0,30.47
2021-02-12,RELIANCE,EQ,"2,055.70","2,055.50","2,078.00","2,015.40","2,040.00","2,041.60","2,049.91",14074374,28851163932.35,369938,2446469.0,17.38
2021-02-15,RELIANCE,EQ,"2,041.60","2,048.05","2,061.30","2,025.00","2,034.00","2,032.60","2,043.13",7287590,14889502308.25,222500,1339156.0,18.38
2021-02-16,RELIANCE,EQ,"2,032.60","2,039.75","2,079.40","2,035.00","2,058.50","2,059.50","2,061.23",9886093,20377537336.5,274329,2429172.0,24.57
2021-02-17,RELIANCE,EQ,"2,059.50","2,060.00","2,095.95","2,050.60","2,079.20","2,083.25","2,076.99",10957388,22758423346.25,257784,2784713.0,25.41
2021-02-18,RELIANCE,EQ,"2,083.25","2,085.00","2,108.40","2,059.10","2,063.50","2,067.70","2,085.18",8605531,17944045241.05,228157,2460456.0,28.59
2021-02-19,RELIANCE,EQ,"2,067.70","2,057.00","2,104.95","2,053.30","2,080.00","2,080.30","2,088.14",10800704,22553356631.0,279181,3029362.0,28.05
2021-02-22,RELIANCE,EQ,"2,080.30","2,080.00","2,089.90","1,994.95","1,999.10","2,008.10","2,036.88",10985697,22376599862.25,309112,4112030.0,37.43
2021-02-23,RELIANCE,EQ,"2,008.10","2,048.00","2,052.90","2,013.60","2,026.15","2,023.45","2,034.50",11834752,24077795769.25,275466,4422097.0,37.37
2021-02-24,RELIANCE,EQ,"2,023.45","2,030.00","2,065.25","2,026.15","2,060.55","2,061.00","2,048.89",4987735,10219330132.75,135224,1950596.0,39.11
2021-02-25,RELIANCE,EQ,"2,061.00","2,076.00","2,152.00","2,073.00","2,147.00","2,144.35","2,120.59",16085897,34111575087.7,452535,5714928.0,35.53
2021-02-26,RELIANCE,EQ,"2,144.35","2,117.00","2,133.90","2,070.70","2,079.50","2,085.80","2,096.69",17297575,36267601929.1,489066,7330239.0,42.38
2021-03-01,RELIANCE,EQ,"2,085.80","2,110.20","2,112.00","2,062.50","2,103.00","2,101.70","2,092.87",8159670,17077101153.2,266082,2970300.0,36.4
2021-03-02,RELIANCE,EQ,"2,101.70","2,122.00","2,130.00","2,089.10","2,108.00","2,106.00","2,107.78",7915073,16683250358.5,244565,2910860.0,36.78
2021-03-03,RELIANCE,EQ,"2,106.00","2,121.05","2,219.90","2,107.20","2,207.10","2,202.10","2,161.54",14733134,31846213370.25,326092,6380700.0,43.31
2021-03-04,RELIANCE,EQ,"2,202.10","2,180.00","2,189.95","2,157.70","2,174.00","2,175.85","2,175.57",9892597,21522070320.9,259806,3808559.0,38.5
2021-03-05,RELIANCE,EQ,"2,175.85","2,156.00","2,211.95","2,153.05","2,174.55","2,178.70","2,184.35",11773630,25717685129.45,312784,3896896.0,33.1
2021-03-08,RELIANCE,EQ,"2,178.70","2,168.50","2,231.90","2,168.00","2,193.00","2,191.10","2,205.66",9002404,19856244553.3,300037,2389286.0,26.54
2021-03-09,RELIANCE,EQ,"2,191.10","2,200.00","2,213.80","2,146.60","2,190.55","2,191.05","2,181.47",6993792,15256736215.6,227932,2047400.0,29.27
2021-03-10,RELIANCE,EQ,"2,191.05","2,207.00","2,215.10","2,170.25","2,179.40","2,181.95","2,187.67",5316182,11630074902.15,163700,1461484.0,27.49
2021-03-12,RELIANCE,EQ,"2,181.95","2,195.00","2,206.40","2,123.90","2,136.90","2,137.60","2,160.60",7783173,16816345899.25,244889,2820317.0,36.24
2021-03-15,RELIANCE,EQ,"2,137.60","2,140.05","2,148.90","2,080.50","2,105.00","2,108.90","2,103.37",7706302,16209190175.6,268696,3083696.0,40.02
2021-03-16,RELIANCE,EQ,"2,108.90","2,114.00","2,126.00","2,095.50","2,100.75","2,100.60","2,107.19",6402757,13491841404.75,235823,2426737.0,37.9
2021-03-17,RELIANCE,EQ,"2,100.60","2,098.05","2,103.00","2,035.10","2,054.50","2,055.35","2,065.89",8865521,18315233171.3,241456,4179353.0,47.14
2021-03-18,RELIANCE,EQ,"2,055.35","2,072.90","2,084.80","2,001.00","2,010.00","2,009.10","2,038.79",9528809,19427231150.25,295771,4198315.0,44.06
2021-03-19,RELIANCE,EQ,"2,009.10","1,991.00","2,095.85","1,982.80","2,078.10","2,082.00","2,047.50",19284892,39485840254.0,431829,9334589.0,48.4
2021-03-22,RELIANCE,EQ,"2,082.00","2,071.00","2,074.00","2,033.20","2,061.00","2,062.40","2,050.93",8571196,17578960666.3,234534,2866751.0,33.45
2021-03-23,RELIANCE,EQ,"2,062.40","2,061.95","2,109.70","2,056.00","2,079.90","2,087.50","2,086.63",8039865,16776188634.65,220527,2152080.0,26.77
2021-03-24,RELIANCE,EQ,"2,087.50","2,079.75","2,079.75","2,040.40","2,048.55","2,047.30","2,055.87",7763726,15961211345.55,222445,2970460.0,38.26
2021-03-25,RELIANCE,EQ,"2,047.30","2,054.00","2,054.00","1,985.00","1,993.95","1,991.45","2,011.25",10153757,20421743790.45,292881,4074888.0,40.13
2021-03-26,RELIANCE,EQ,"1,991.45","2,012.00","2,013.70","1,973.70","1,994.00","1,994.65","1,995.09",9313160,18580559230.9,296946,3226521.0,34.64
2021-03-30,RELIANCE,EQ,"1,994.65","2,008.00","2,048.90","1,991.55","2,031.90","2,029.30","2,026.44",9433850,19117149421.75,230499,3802211.0,40.3
2021-03-31,RELIANCE,EQ,"2,029.30","2,018.00","2,049.90","1,999.00","2,005.65","2,003.10","2,017.21",7499740,15128527745.25,193340,2904680.0,38.73
2021-04-01,RELIANCE,EQ,"2,003.10","2,018.00","2,030.00","2,003.15","2,020.00","2,021.85","2,017.89",5410307,10917411938.75,140946,1895300.0,35.03
2021-04-05,RELIANCE,EQ,"2,021.85","2,024.95","2,025.00","1,962.10","1,992.00","1,992.60","1,986.24",6864856,13635237475.5,246459,2208186.0,32.17
2021-04-06,RELIANCE,EQ,"1,992.60","2,004.00","2,004.95","1,969.00","1,986.20","1,984.30","1,984.99",6465241,12833469592.4,209903,2136383.0,33.04
2021-04-07,RELIANCE,EQ,"1,984.30","2,000.00","2,046.90","1,993.30","2,001.55","2,002.85","2,019.21",11198918,22613014349.45,286779,4098798.0,36.6
2021-04-08,RELIANCE,EQ,"2,002.85","2,011.00","2,022.00","1,993.00","2,006.40","2,005.35","2,006.16",7092878,14229431685.15,191800,2633682.0,37.13
2021-04-09,RELIANCE,EQ,"2,005.35","1,998.45","2,006.35","1,980.00","1,983.45","1,982.05","1,989.08",6478482,12886234947.4,234390,2807275.0,43.33
2021-04-12,RELIANCE,EQ,"1,982.05","1,959.00","1,961.40","1,900.25","1,915.65","1,911.15","1,922.99",9646031,18549212834.6,330605,4432542.0,45.95
2021-04-13,RELIANCE,EQ,"1,911.15","1,924.00","1,940.60","1,917.85","1,932.30","1,931.80","1,931.39",8958261,17301890369.2,206237,4960483.0,55.37
2021-04-15,RELIANCE,EQ,"1,931.80","1,926.30","1,961.00","1,913.00","1,943.00","1,944.30","1,933.33",9102492,17598148869.55,189159,4483830.0,49.26
2021-04-16,RELIANCE,EQ,"1,944.30","1,936.60","1,949.90","1,926.45","1,929.00","1,932.10","1,935.23",7225679,13983364354.95,206958,3583568.0,49.59
2021-04-19,RELIANCE,EQ,"1,932.10","1,904.00","1,916.40","1,890.00","1,903.05","1,901.70","1,902.57",8527967,16225059561.75,271570,3886582.0,45.57
2021-04-20,RELIANCE,EQ,"1,901.70","1,910.50","1,919.00","1,890.45","1,905.00","1,901.15","1,906.74",7939490,15138541714.75,202431,4616077.0,58.14
2021-04-22,RELIANCE,EQ,"1,901.15","1,892.25","1,914.45","1,876.70","1,905.10","1,906.40","1,898.59",6687573,12696948264.6,209895,3155063.0,47.18
2021-04-23,RELIANCE,EQ,"1,906.40","1,906.00","1,918.90","1,895.35","1,903.35","1,904.35","1,907.47",5459016,10412893969.95,171621,2589266.0,47.43
2021-04-26,RELIANCE,EQ,"1,904.35","1,920.00","1,962.00","1,911.50","1,938.00","1,937.85","1,941.32",9620785,18676994629.3,259137,4276703.0,44.45
2021-04-27,RELIANCE,EQ,"1,937.85","1,940.00","1,997.20","1,938.25","1,990.00","1,988.65","1,978.64",9226547,18256021294.4,291197,3772144.0,40.88
2021-04-28,RELIANCE,EQ,"1,988.65","1,997.85","2,008.00","1,980.15","1,993.15","1,997.30","1,997.60",7902002,15785076087.6,247331,3921560.0,49.63
2021-04-29,RELIANCE,EQ,"1,997.30","2,022.90","2,044.50","2,007.30","2,020.00","2,024.05","2,024.21",8035915,16266339428.25,213153,2834103.0,35.27
2021-04-30,RELIANCE,EQ,"2,024.05","2,008.50","2,036.00","1,987.55","1,995.90","1,994.50","2,010.20",9150974,18395321175.1,288687,3902504.0,42.65
2021-05-03,RELIANCE,EQ,"1,994.50","1,966.00","1,979.00","1,943.10","1,956.00","1,959.05","1,958.46",10909942,21366639469.15,343806,3800598.0,34.84
2021-05-04,RELIANCE,EQ,"1,959.05","1,950.00","1,967.80","1,911.00","1,918.00","1,916.60","1,935.83",10083693,19520330406.15,325798,4435071.0,43.98
2021-05-05,RELIANCE,EQ,"1,916.60","1,923.35","1,938.50","1,908.05","1,921.50","1,920.10","1,923.26",5719649,11000363969.3,190990,1762417.0,30.81
2021-05-06,RELIANCE,EQ,"1,920.10","1,921.85","1,935.00","1,906.60","1,932.00","1,931.00","1,920.95",6749281,12965019708.85,221666,2830835.0,41.94
2021-05-07,RELIANCE,EQ,"1,931.00","1,937.75","1,955.65","1,926.00","1,926.80","1,931.75","1,940.01",5671163,11002130529.15,188670,2418447.0,42.64
2021-05-10,RELIANCE,EQ,"1,931.75","1,939.00","1,946.80","1,920.95","1,927.10","1,926.20","1,932.02",6433879,12430361106.65,197986,2996697.0,46.58
2021-05-11,RELIANCE,EQ,"1,926.20","1,915.00","1,938.55","1,910.00","1,933.90","1,933.15","1,929.40",6220217,12001288654.2,175976,3035544.0,48.8
2021-05-12,RELIANCE,EQ,"1,933.15","1,930.10","1,932.90","1,907.00","1,913.05","1,913.15","1,915.34",6081627,11648380362.0,212378,2760797.0,45.4
2021-05-14,RELIANCE,EQ,"1,913.15","1,928.05","1,942.00","1,906.00","1,937.00","1,937.30","1,925.20",6134079,11809311727.55,227142,2202511.0,35.91
2021-05-17,RELIANCE,EQ,"1,937.30","1,937.30","1,963.45","1,930.40","1,958.85","1,960.35","1,950.25",5479424,10686267806.3,164252,2006899.0,36.63
2021-05-18,RELIANCE,EQ,"1,960.35","1,981.00","2,002.60","1,972.50","1,986.00","1,987.95","1,987.92",5567958,11068682258.5,184906,1952871.0,35.07
2021-05-19,RELIANCE,EQ,"1,987.95","1,980.00","2,016.45","1,972.00","1,993.00","1,997.05","1,998.55",7530294,15049677721.4,198257,2310132.0,30.68
2021-05-20,RELIANCE,EQ,"1,997.05","1,997.90","2,010.90","1,981.00","1,982.00","1,985.40","1,991.75",5271497,10499527489.65,158144,2175806.0,41.27
2021-05-21,RELIANCE,EQ,"1,985.40","1,992.00","2,009.60","1,986.00","1,999.60","2,002.55","1,999.87",4977555,9954441992.3,182141,1909912.0,38.37
2021-05-24,RELIANCE,EQ,"2,002.55","2,008.00","2,009.80","1,982.00","1,985.05","1,985.65","1,994.09",3946636,7869936694.65,130059,1599399.0,40.53
2021-05-25,RELIANCE,EQ,"1,985.65","1,996.40","1,997.00","1,960.00","1,964.00","1,963.15","1,974.34",6821015,13466976071.4,208558,4040447.0,59.24
2021-05-26,RELIANCE,EQ,"1,963.15","1,975.00","1,979.50","1,965.30","1,967.00","1,970.05","1,972.33",3452113,6808700908.6,118469,1452399.0,42.07
2021-05-27,RELIANCE,EQ,"1,970.05","1,970.30","1,993.00","1,962.25","1,990.00","1,976.10","1,977.57",12377100,24476588080.35,219255,7857043.0,63.48
2021-05-28,RELIANCE,EQ,"1,976.10","1,990.00","2,105.00","1,990.00","2,094.45","2,094.80","2,067.42",26060864,53878791589.65,642384,7383808.0,28.33
2021-05-31,RELIANCE,EQ,"2,094.80","2,102.00","2,191.70","2,085.05","2,153.50","2,160.30","2,154.29",27285782,58781421578.65,624166,7125331.0,26.11
2021-06-01,RELIANCE,EQ,"2,160.30","2,166.00","2,202.00","2,146.50","2,164.30","2,168.90","2,176.52",12928379,28138892609.0,390299,3398513.0,26.29
2021-06-02,RELIANCE,EQ,"2,168.90","2,157.00","2,209.50","2,157.00","2,207.00","2,201.25","2,178.64",11366816,24764187584.75,258490,5460571.0,48.04
2021-06-03,RELIANCE,EQ,"2,201.25","2,221.00","2,250.00","2,196.10","2,208.00","2,209.65","2,221.49",11064116,24578878322.8,341728,3241763.0,29.30
2021-06-04,RELIANCE,EQ,"2,209.65","2,214.80","2,216.45","2,184.25","2,186.90","2,190.50","2,197.67",6677278,14674474225.95,219435,2770956.0,41.50
2021-06-07,RELIANCE,EQ,"2,190.50","2,202.00","2,242.00","2,185.00","2,225.05","2,227.40","2,214.78",7539326,16697958781.5,227808,2439654.0,32.36
2021-06-08,RELIANCE,EQ,"2,227.40","2,226.60","2,227.15","2,198.15","2,211.50","2,214.60","2,213.34",4464889,9882332305.85,147771,1548468.0,34.68
2021-06-09,RELIANCE,EQ,"2,214.60","2,219.00","2,221.00","2,157.95","2,178.00","2,175.00","2,189.57",5265326,11528803336.15,167739,1817182.0,34.51
2021-06-10,RELIANCE,EQ,"2,175.00","2,193.40","2,230.00","2,177.55","2,184.80","2,183.00","2,199.39",6532832,14368272855.15,215752,1927662.0,29.51
2021-06-11,RELIANCE,EQ,"2,183.00","2,182.90","2,228.00","2,180.10","2,215.80","2,213.15","2,214.24",6351520,14063817595.1,226319,1955394.0,30.79
2021-06-14,RELIANCE,EQ,"2,213.15","2,215.00","2,258.25","2,195.05","2,245.00","2,244.90","2,232.14",9383416,20945097794.9,284426,2698433.0,28.76
2021-06-15,RELIANCE,EQ,"2,244.90","2,261.00","2,274.90","2,240.30","2,244.00","2,250.00","2,257.44",7002898,15808611100.25,215805,2501188.0,35.72
2021-06-16,RELIANCE,EQ,"2,250.00","2,244.90","2,247.05","2,205.85","2,209.55","2,211.60","2,223.78",4982975,11081047107.15,163887,1901607.0,38.16
2021-06-17,RELIANCE,EQ,"2,211.60","2,200.00","2,235.00","2,179.90","2,214.15","2,215.65","2,212.43",7266765,16077176562.55,225832,2716466.0,37.38
2021-06-18,RELIANCE,EQ,"2,215.65","2,225.50","2,235.00","2,184.35","2,224.15","2,225.65","2,216.48",13553801,30041725159.95,221167,6806773.0,50.22
2021-06-21,RELIANCE,EQ,"2,225.65","2,203.50","2,247.50","2,200.15","2,238.95","2,237.25","2,225.60",5624044,12516852291.5,180220,1583246.0,28.15
2021-06-22,RELIANCE,EQ,"2,237.25","2,254.00","2,261.00","2,219.35","2,225.00","2,225.75","2,245.45",5940386,13338860847.1,180362,2507156.0,42.21
2021-06-23,RELIANCE,EQ,"2,225.75","2,250.00","2,250.60","2,201.70","2,208.15","2,205.35","2,217.44",7685796,17042762228.55,214835,3994464.0,51.97
2021-06-24,RELIANCE,EQ,"2,205.35","2,206.85","2,214.60","2,140.00","2,147.80","2,153.50","2,174.85",42209687,91799804632.6,755278,15742153.0,37.30
2021-06-25,RELIANCE,EQ,"2,153.50","2,153.50","2,153.50","2,081.10","2,104.50","2,104.45","2,106.02",25546334,53801077040.15,629847,9894247.0,38.73
2021-06-28,RELIANCE,EQ,"2,104.45","2,122.00","2,126.50","2,081.00","2,089.00","2,086.00","2,100.31",9357852,19654379828.1,286857,4383331.0,46.84
2021-06-29,RELIANCE,EQ,"2,086.00","2,089.50","2,109.00","2,084.10","2,090.00","2,087.80","2,091.92",12526981,26205456482.8,267376,6733274.0,53.75
2021-06-30,RELIANCE,EQ,"2,087.80","2,096.25","2,122.65","2,091.05","2,112.00","2,110.65","2,107.86",9120556,19224881425.1,251722,4591548.0,50.34
2021-07-01,RELIANCE,EQ,"2,110.65","2,118.00","2,123.15","2,095.00","2,101.50","2,097.95","2,109.37",5784627,12201907893.3,196897,2924644.0,50.56
2021-07-02,RELIANCE,EQ,"2,097.95","2,097.00","2,132.90","2,092.95","2,131.55","2,129.05","2,120.31",6500973,13784074726.2,187794,3363482.0,51.74
2021-07-05,RELIANCE,EQ,"2,129.05","2,136.45","2,153.55","2,131.50","2,150.00","2,150.20","2,145.57",5400604,11587348896.6,175055,3073627.0,56.91
2021-07-06,RELIANCE,EQ,"2,150.20","2,144.95","2,148.90","2,120.20","2,127.85","2,124.80","2,136.74",4647361,9930224311.45,125408,2476450.0,53.29
2021-07-07,RELIANCE,EQ,"2,124.80","2,127.75","2,127.75","2,098.00","2,112.00","2,110.05","2,109.85",4824931,10179875556.55,227151,2480476.0,51.41
2021-07-08,RELIANCE,EQ,"2,110.05","2,116.95","2,116.95","2,081.00","2,091.00","2,092.60","2,097.58",5162088,10827897142.35,223120,2689326.0,52.10
2021-07-09,RELIANCE,EQ,"2,092.60","2,088.00","2,091.70","2,066.10","2,071.95","2,071.20","2,074.82",4170886,8653818441.75,169203,2009477.0,48.18
2021-07-12,RELIANCE,EQ,"2,071.20","2,079.75","2,101.50","2,074.50","2,081.95","2,084.10","2,088.16",3962111,8273507305.5,140597,1592814.0,40.20
2021-07-13,RELIANCE,EQ,"2,084.10","2,100.00","2,103.05","2,088.05","2,099.00","2,099.70","2,097.12",3099956,6500981050.55,106030,1601381.0,51.66
2021-07-14,RELIANCE,EQ,"2,099.70","2,100.35","2,106.85","2,081.25","2,083.55","2,086.00","2,090.03",3937768,8230064622.0,169306,2134737.0,54.21
2021-07-15,RELIANCE,EQ,"2,086.00","2,095.00","2,095.00","2,078.50","2,080.75","2,082.35","2,086.62",4360415,9098550274.55,148981,2715754.0,62.28
2021-07-16,RELIANCE,EQ,"2,082.35","2,087.75","2,114.75","2,087.60","2,110.00","2,112.40","2,104.60",4074206,8574569194.5,126660,1881604.0,46.18
2021-07-19,RELIANCE,EQ,"2,112.40","2,100.00","2,124.00","2,092.25","2,097.95","2,098.95","2,108.57",3855577,8129763377.95,129037,1752416.0,45.45
2021-07-20,RELIANCE,BL,"1,375.45","2,098.95","2,098.95","2,098.95","2,098.95","2,098.95","2,098.95",86189,180906401.55,1,,-
2021-07-22,RELIANCE,EQ,"2,093.80","2,119.00","2,123.90","2,098.15","2,121.50","2,120.70","2,111.60",3679260,7769110029.9,133510,1995464.0,54.24
2021-07-23,RELIANCE,EQ,"2,120.70","2,134.45","2,134.45","2,102.05","2,104.00","2,105.70","2,119.06",4585938,9717885501.1,143981,2219555.0,48.40
2021-07-26,RELIANCE,EQ,"2,105.70","2,108.00","2,121.00","2,071.10","2,073.90","2,076.85","2,092.34",5717830,11963623196.15,193266,2229836.0,39.00
2021-07-27,RELIANCE,EQ,"2,076.85","2,076.80","2,083.70","2,042.00","2,054.00","2,055.00","2,062.00",4995516,10300736942.35,196342,2415095.0,48.35
2021-07-28,RELIANCE,EQ,"2,055.00","2,058.00","2,058.00","2,016.25","2,035.00","2,037.35","2,033.86",5952355,12106241436.45,222240,3270667.0,54.95
2021-07-29,RELIANCE,EQ,"2,037.35","2,054.00","2,074.40","2,043.40","2,054.30","2,053.25","2,057.20",6352886,13069140427.4,203791,3910056.0,61.55
2021-07-30,RELIANCE,EQ,"2,053.25","2,058.00","2,067.95","2,031.10","2,037.00","2,035.30","2,049.03",5238304,10733444604.55,158088,3003800.0,57.34
2021-08-02,RELIANCE,EQ,"2,035.30","2,054.30","2,079.40","2,041.15","2,068.50","2,072.50","2,067.46",5041934,10424020795.65,164715,2991501.0,59.33
2021-08-03,RELIANCE,EQ,"2,072.50","2,090.00","2,091.00","2,064.20","2,090.00","2,087.75","2,078.84",5453682,11337335626.5,137882,2965050.0,54.37
2021-08-04,RELIANCE,EQ,"2,087.75","2,094.40","2,114.00","2,087.00","2,105.00","2,103.75","2,103.18",6077861,12782821702.95,188340,3542035.0,58.28
2021-08-05,RELIANCE,EQ,"2,103.75","2,114.30","2,154.80","2,104.25","2,131.00","2,134.25","2,127.24",9807831,20863638485.35,249218,4572290.0,46.62
2021-08-06,RELIANCE,EQ,"2,134.25","2,129.95","2,146.95","2,078.75","2,090.00","2,089.05","2,101.07",7670583,16116399922.15,225682,3217925.0,41.95
2021-08-09,RELIANCE,EQ,"2,089.05","2,081.00","2,089.80","2,066.50","2,078.50","2,077.15","2,075.98",3458546,7179873286.45,147892,1588798.0,45.94
2021-08-10,RELIANCE,EQ,"2,077.15","2,082.00","2,113.00","2,073.75","2,085.00","2,088.05","2,095.18",5500708,11524960575.4,171235,2144258.0,38.98
2021-08-11,RELIANCE,EQ,"2,088.05","2,096.95","2,120.00","2,083.40","2,115.00","2,117.30","2,103.58",4238859,8916794682.95,138291,2089484.0,49.29
2021-08-12,RELIANCE,EQ,"2,117.30","2,124.90","2,126.20","2,105.00","2,109.80","2,110.50","2,115.11",3755507,7943326100.05,114345,1900505.0,50.61
2021-08-13,RELIANCE,EQ,"2,110.50","2,117.30","2,149.90","2,108.95","2,143.00","2,145.65","2,132.45",5898384,12578027784.1,187810,3269124.0,55.42
2021-08-16,RELIANCE,EQ,"2,145.65","2,149.35","2,203.00","2,128.15","2,169.00","2,173.50","2,177.41",10123204,22042343431.7,290119,4185061.0,41.34
2021-08-17,RELIANCE,EQ,"2,173.50","2,168.85","2,185.20","2,147.85","2,163.00","2,164.25","2,167.16",5841743,12659986994.25,190350,3057597.0,52.34
2021-08-18,RELIANCE,EQ,"2,164.25","2,174.00","2,186.80","2,152.60","2,168.00","2,172.65","2,170.19",4650008,10091414052.7,146613,2287876.0,49.20
2021-08-20,RELIANCE,EQ,"2,172.65","2,143.00","2,172.00","2,137.00","2,140.10","2,148.25","2,155.63",4350228,9377502601.9,147112,1877339.0,43.15
2021-08-23,RELIANCE,EQ,"2,148.25","2,174.00","2,174.00","2,132.30","2,161.15","2,162.35","2,156.97",4547802,9809454490.65,143268,2336976.0,51.39
2021-08-24,RELIANCE,EQ,"2,162.35","2,165.05","2,192.00","2,155.60","2,178.00","2,183.70","2,174.28",5475452,11905165196.9,173479,3050200.0,55.71
2021-08-25,RELIANCE,EQ,"2,183.70","2,185.40","2,220.00","2,180.10","2,201.00","2,202.60","2,204.22",6175126,13611364533.6,198304,2434419.0,39.42
2021-08-26,RELIANCE,EQ,"2,202.60","2,208.00","2,244.90","2,205.00","2,232.00","2,230.45","2,230.28",8579105,19133818233.65,248660,4241826.0,49.44
2021-08-27,RELIANCE,EQ,"2,230.45","2,237.00","2,242.75","2,216.05","2,225.00","2,227.40","2,228.28",4836812,10777769127.85,152317,2665237.0,55.10
2021-08-30,RELIANCE,EQ,"2,227.40","2,250.00","2,275.85","2,236.80","2,273.75","2,270.25","2,261.25",6473487,14638152005.7,206768,3861994.0,59.66
2021-08-31,RELIANCE,EQ,"2,270.25","2,276.90","2,283.75","2,242.25","2,257.00","2,258.15","2,257.63",12223037,27595093541.45,206759,6602508.0,54.02
2021-09-01,RELIANCE,EQ,"2,258.15","2,273.00","2,292.90","2,263.00","2,266.00","2,267.10","2,274.28",5143640,11698056162.6,173178,2684394.0,52.19
2021-09-02,RELIANCE,EQ,"2,267.10","2,255.00","2,307.80","2,255.00","2,293.00","2,294.40","2,288.72",4595048,10516781284.45,206002,2278475.0,49.59
2021-09-03,RELIANCE,EQ,"2,294.40","2,310.00","2,395.00","2,302.50","2,389.65","2,388.50","2,356.29",14151629,33345403715.9,446968,4903229.0,34.65
2021-09-06,RELIANCE,EQ,"2,388.50","2,413.00","2,480.00","2,412.00","2,429.00","2,425.60","2,445.46",15525644,37967265940.3,496545,5627874.0,36.25
2021-09-07,RELIANCE,EQ,"2,425.60","2,430.00","2,458.00","2,412.00","2,439.00","2,440.90","2,437.65",8006968,19518192088.85,256461,3224702.0,40.27
2021-09-08,RELIANCE,EQ,"2,440.90","2,452.00","2,454.00","2,406.65","2,430.00","2,431.35","2,429.20",6600210,16033248252.3,213942,3515264.0,53.26
2021-09-09,RELIANCE,EQ,"2,431.35","2,427.90","2,437.85","2,416.10","2,424.10","2,425.60","2,424.34",4136538,10028369652.2,194645,2406762.0,58.18
2021-09-13,RELIANCE,EQ,"2,425.60","2,433.00","2,433.00","2,368.05","2,369.80","2,371.55","2,381.94",7527598,17930286910.15,327407,4414702.0,58.65
2021-09-14,RELIANCE,EQ,"2,371.55","2,375.00","2,394.00","2,366.00","2,370.50","2,368.45","2,377.55",4111205,9774584167.8,153291,2491875.0,60.61
2021-09-15,RELIANCE,EQ,"2,368.45","2,368.50","2,395.75","2,368.50","2,379.40","2,378.30","2,380.39",4186300,9965045382.75,168130,2310144.0,55.18
2021-09-16,RELIANCE,EQ,"2,378.30","2,381.55","2,436.75","2,367.00","2,424.00","2,428.20","2,408.55",6206657,14949050569.95,214010,2473588.0,39.85
2021-09-17,RELIANCE,EQ,"2,428.20","2,446.00","2,455.85","2,375.60","2,387.00","2,390.55","2,410.13",16098099,38798580126.85,278098,9460717.0,58.77
2021-09-20,RELIANCE,EQ,"2,390.55","2,372.10","2,418.35","2,370.00","2,391.85","2,394.35","2,398.57",5436385,13039553487.25,171011,3042705.0,55.97
2021-09-21,RELIANCE,EQ,"2,394.35","2,405.00","2,416.60","2,384.00","2,400.00","2,404.70","2,401.93",4576111,10991510851.65,149803,2365643.0,51.70
2021-09-22,RELIANCE,EQ,"2,404.70","2,408.00","2,442.00","2,398.25","2,430.80","2,430.50","2,426.47",5074612,12313409794.1,179090,2811116.0,55.40
2021-09-23,RELIANCE,EQ,"2,430.50","2,447.40","2,497.00","2,445.50","2,488.10","2,489.90","2,475.75",7267883,17993432142.75,255176,3910090.0,53.80
2021-09-24,RELIANCE,EQ,"2,489.90","2,503.55","2,505.45","2,472.00","2,479.00","2,482.70","2,488.36",7011181,17446321055.45,234214,4228344.0,60.31
2021-09-27,RELIANCE,EQ,"2,482.70","2,487.00","2,529.90","2,475.30","2,527.00","2,524.45","2,510.93",7095022,17815116544.95,224209,4184695.0,58.98
2021-09-28,RELIANCE,EQ,"2,524.45","2,534.00","2,564.90","2,512.80","2,545.00","2,548.05","2,539.99",8323269,21141019462.35,229286,4321030.0,51.92
2021-09-29,RELIANCE,EQ,"2,548.05","2,570.00","2,570.00","2,520.05","2,530.00","2,527.85","2,536.91",4485721,11379866281.2,166259,2223603.0,49.57
2021-09-30,RELIANCE,EQ,"2,527.85","2,525.00","2,534.60","2,500.35","2,511.00","2,519.25","2,517.46",6272085,15789702474.85,173121,3408378.0,54.34
2021-10-01,RELIANCE,EQ,"2,519.25","2,501.95","2,539.80","2,495.00","2,525.00","2,523.70","2,521.05",4134544,10423389476.2,144149,2032482.0,49.16
2021-10-04,RELIANCE,EQ,"2,523.70","2,553.00","2,574.85","2,537.05","2,558.00","2,556.15","2,556.97",5038910,12884346776.35,163519,2674027.0,53.07
2021-10-05,RELIANCE,EQ,"2,556.15","2,555.10","2,612.00","2,547.35","2,610.25","2,609.20","2,582.03",6245770,16126767140.45,190163,3235964.0,51.81
2021-10-06,RELIANCE,EQ,"2,609.20","2,619.95","2,619.95","2,551.10","2,554.00","2,559.85","2,585.47",4734472,12240833224.7,175209,2432010.0,51.37
2021-10-07,RELIANCE,EQ,"2,559.85","2,595.00","2,598.75","2,567.70","2,572.00","2,572.40","2,583.27",2924370,7554440823.0,122777,1479822.0,50.60
2021-10-08,RELIANCE,EQ,"2,572.40","2,585.25","2,684.40","2,581.50","2,669.20","2,671.25","2,642.81",7279003,19237049930.2,253640,2953704.0,40.58
2021-10-11,RELIANCE,EQ,"2,671.25","2,701.40","2,720.00","2,645.35","2,655.00","2,652.65","2,682.21",6815737,18281209273.0,247361,3863950.0,56.69
2021-10-12,RELIANCE,EQ,"2,652.65","2,645.00","2,683.00","2,641.25","2,668.00","2,667.80","2,661.50",3083747,8207402615.65,145888,1584484.0,51.38
2021-10-13,RELIANCE,EQ,"2,667.80","2,679.00","2,719.50","2,669.30","2,698.00","2,694.95","2,691.35",4596429,12370607840.5,205663,2360789.0,51.36
2021-10-14,RELIANCE,EQ,"2,694.95","2,700.35","2,717.45","2,687.20","2,701.00","2,700.40","2,700.84",3979730,10748597410.0,144964,2254495.0,56.65
2021-10-18,RELIANCE,EQ,"2,700.40","2,668.60","2,745.00","2,662.30","2,707.80","2,707.60","2,713.78",6273850,17025855506.65,274696,3527305.0,56.22
2021-10-19,RELIANCE,EQ,"2,707.60","2,723.80","2,751.35","2,708.00","2,730.80","2,731.85","2,733.67",4076617,11144119425.1,203192,1855378.0,45.51
2021-10-20,RELIANCE,EQ,"2,731.85","2,742.75","2,742.75","2,691.50","2,703.50","2,700.40","2,710.54",5865926,15899837285.85,186061,3785182.0,64.53
2021-10-21,RELIANCE,EQ,"2,700.40","2,727.40","2,728.00","2,603.20","2,635.00","2,622.50","2,642.91",9613812,25408416389.2,356400,6238985.0,64.90
2021-10-22,RELIANCE,EQ,"2,622.50","2,620.00","2,664.90","2,611.50","2,625.75","2,627.40","2,635.21",5089178,13411067863.0,209472,2398678.0,47.13
2021-10-25,RELIANCE,EQ,"2,627.40","2,680.00","2,680.00","2,570.00","2,607.00","2,601.80","2,611.17",7937067,20725006859.3,317548,2950789.0,37.18
2021-10-26,RELIANCE,EQ,"2,601.80","2,617.10","2,668.90","2,603.15","2,666.30","2,661.05","2,635.70",4499706,11859859536.85,199021,2113316.0,46.97
2021-10-27,RELIANCE,EQ,"2,661.05","2,652.00","2,676.80","2,619.95","2,622.30","2,627.40","2,652.28",4567140,12113330049.05,176020,2090011.0,45.76
2021-10-28,RELIANCE,EQ,"2,627.40","2,620.00","2,637.95","2,590.50","2,598.00","2,598.60","2,610.69",4562471,11911187008.75,170822,2460989.0,53.94
2021-10-29,RELIANCE,EQ,"2,598.60","2,596.15","2,596.15","2,501.70","2,540.00","2,536.25","2,548.04",6568539,16736893522.25,277855,3111491.0,47.37
2021-11-01,RELIANCE,EQ,"2,536.25","2,536.25","2,556.00","2,494.10","2,538.10","2,537.80","2,523.59",7144532,18029885097.9,273829,4144630.0,58.01
2021-11-02,RELIANCE,EQ,"2,537.80","2,545.00","2,548.00","2,495.25","2,503.05","2,500.80","2,510.10",4877652,12243384395.6,225933,2997092.0,61.45
2021-11-03,RELIANCE,EQ,"2,500.80","2,506.05","2,520.00","2,461.00","2,483.00","2,483.60","2,487.70",5533120,13764733320.45,240878,3207104.0,57.96
2021-11-04,RELIANCE,EQ,"2,483.60","2,492.95","2,504.90","2,490.00","2,503.00","2,498.85","2,497.33",787160,1965800892.45,63285,402932.0,51.19
2021-11-08,RELIANCE,EQ,"2,498.85","2,519.40","2,520.00","2,456.40","2,502.90","2,501.95","2,483.27",9385607,23306981380.1,456493,6743994.0,71.85
2021-11-09,RELIANCE,EQ,"2,501.95","2,505.00","2,528.90","2,487.05","2,528.60","2,521.70","2,508.11",7237470,18152375051.0,205289,4623106.0,63.88
2021-11-10,RELIANCE,EQ,"2,521.70","2,516.70","2,558.00","2,503.65","2,546.45","2,549.90","2,538.63",4731975,12012742203.0,168600,2429050.0,51.33
2021-11-11,RELIANCE,EQ,"2,549.90","2,540.05","2,570.50","2,535.55","2,556.00","2,554.55","2,551.89",4948422,12627828736.25,216865,2846346.0,57.52
2021-11-12,RELIANCE,EQ,"2,554.55","2,562.90","2,598.75","2,557.00","2,588.00","2,593.10","2,582.61",4020744,10384009844.25,149602,2336224.0,58.10
2021-11-15,RELIANCE,EQ,"2,593.10","2,600.00","2,602.20","2,570.00","2,574.50","2,577.80","2,581.57",2216708,5722594256.7,107475,1054022.0,47.55
2021-11-16,RELIANCE,EQ,"2,577.80","2,572.05","2,575.00","2,495.00","2,497.25","2,517.90","2,536.01",5232292,13269127406.1,209557,2660951.0,50.86
2021-11-17,RELIANCE,EQ,"2,517.90","2,498.95","2,498.95","2,461.00","2,462.80","2,464.00","2,479.92",4708235,11676042764.7,240722,2537105.0,53.89
2021-11-18,RELIANCE,EQ,"2,464.00","2,460.00","2,489.00","2,450.05","2,473.00","2,473.30","2,467.65",3925345,9686386834.65,218820,1573249.0,40.08
2021-11-22,RELIANCE,EQ,"2,473.30","2,436.10","2,449.00","2,351.00","2,365.65","2,363.75","2,380.24",11133364,26500112857.5,469744,6257212.0,56.20
2021-11-23,RELIANCE,EQ,"2,363.75","2,333.05","2,401.25","2,309.00","2,389.95","2,385.85","2,362.47",11688406,27613501135.6,393864,7161105.0,61.27
2021-11-24,RELIANCE,EQ,"2,385.85","2,380.00","2,409.90","2,343.55","2,343.55","2,351.40","2,376.12",7762564,18444768823.8,291051,4345352.0,55.98
2021-11-25,RELIANCE,EQ,"2,351.40","2,373.00","2,502.00","2,357.15","2,501.00","2,492.95","2,452.67",19568487,47994998310.55,497536,9245255.0,47.25
2021-11-26,RELIANCE,EQ,"2,492.95","2,467.80","2,477.60","2,401.50","2,405.10","2,412.60","2,433.36",7274686,17701896486.35,306992,2921250.0,40.16
2021-11-29,RELIANCE,EQ,"2,412.60","2,439.10","2,500.00","2,399.10","2,437.70","2,441.50","2,464.20",11226147,27663493598.0,375905,4117378.0,36.68
2021-11-30,RELIANCE,EQ,"2,441.50","2,468.00","2,475.90","2,388.85","2,401.20","2,405.40","2,424.91",14847511,36003821297.3,381257,8601779.0,57.93
2021-12-01,RELIANCE,EQ,"2,405.40","2,433.00","2,474.00","2,425.10","2,467.75","2,467.00","2,449.60",4663276,11423147561.65,202787,1687324.0,36.18
2021-12-02,RELIANCE,EQ,"2,467.00","2,469.70","2,496.20","2,461.60","2,481.95","2,482.85","2,482.51",5870468,14573515872.05,248052,3156679.0,53.77
2021-12-03,RELIANCE,EQ,"2,482.85","2,498.40","2,498.50","2,400.00","2,413.15","2,408.25","2,436.10",8871172,21611045769.4,283259,4898098.0,55.21
2021-12-06,RELIANCE,EQ,"2,408.25","2,416.00","2,425.00","2,357.15","2,365.95","2,362.60","2,388.06",4768334,11387071064.7,210176,1750877.0,36.72
2021-12-07,RELIANCE,EQ,"2,362.60","2,376.15","2,404.00","2,360.00","2,382.00","2,381.85","2,387.87",5185007,12381107849.3,233720,2782548.0,53.67
2021-12-08,RELIANCE,EQ,"2,381.85","2,424.10","2,431.80","2,406.30","2,420.95","2,418.10","2,418.81",4035437,9760953632.95,175071,1712929.0,42.45
2021-12-09,RELIANCE,EQ,"2,418.10","2,435.00","2,474.90","2,425.00","2,453.00","2,456.45","2,453.15",6098050,14959457280.85,248350,2655912.0,43.55
2021-12-10,RELIANCE,EQ,"2,456.45","2,440.25","2,466.00","2,430.35","2,457.25","2,458.95","2,443.62",3860176,9432810632.75,177038,1988951.0,51.52
2021-12-13,RELIANCE,EQ,"2,458.95","2,473.50","2,474.10","2,404.00","2,411.45","2,409.65","2,425.30",5954148,14440614208.2,240510,3289988.0,55.26
2021-12-14,RELIANCE,EQ,"2,409.65","2,380.00","2,406.00","2,373.40","2,382.50","2,380.15","2,386.78",5995586,14310134060.6,248926,3370468.0,56.22
2021-12-15,RELIANCE,EQ,"2,380.15","2,384.00","2,405.00","2,361.10","2,369.90","2,373.20","2,379.84",4322855,10287701638.5,199178,1991411.0,46.07
2021-12-16,RELIANCE,EQ,"2,373.20","2,405.70","2,415.50","2,368.65","2,413.95","2,403.90","2,392.29",4504829,10776855117.15,187830,2041248.0,45.31
2021-12-17,RELIANCE,EQ,"2,403.90","2,398.05","2,408.00","2,320.00","2,343.40","2,340.45","2,346.72",9714489,22797150333.5,301459,5156114.0,53.08
2021-12-20,RELIANCE,EQ,"2,340.45","2,317.85","2,317.85","2,247.10","2,276.80","2,277.35","2,277.67",6611376,15058513385.6,331211,3744186.0,56.63
2021-12-21,RELIANCE,EQ,"2,277.35","2,311.35","2,346.00","2,292.20","2,313.00","2,311.25","2,317.69",5924071,13730177504.2,241858,2954613.0,49.87
2021-12-22,RELIANCE,EQ,"2,311.25","2,324.90","2,371.90","2,322.00","2,365.00","2,366.10","2,346.81",8149415,19125125458.7,222615,5325994.0,65.35
2021-12-23,RELIANCE,EQ,"2,366.10","2,374.00","2,380.00","2,358.05","2,365.00","2,365.25","2,367.28",4186912,9911598013.55,173393,2364993.0,56.49
2021-12-24,RELIANCE,EQ,"2,365.25","2,370.00","2,392.00","2,337.55","2,367.15","2,372.80","2,360.96",3639616,8592980567.85,159321,1160672.0,31.89
2021-12-27,RELIANCE,EQ,"2,372.80","2,361.55","2,378.00","2,348.10","2,371.00","2,370.25","2,366.87",1853948,4388054040.05,89509,532328.0,28.71
2021-12-28,RELIANCE,EQ,"2,370.25","2,375.60","2,404.85","2,373.05","2,404.00","2,398.40","2,389.02",2941883,7028226280.45,121810,1230092.0,41.81
2021-12-29,RELIANCE,EQ,"2,398.40","2,391.00","2,419.00","2,382.10","2,398.00","2,402.50","2,400.08",7118779,17085610789.25,169024,4190091.0,58.86
2021-12-30,RELIANCE,EQ,"2,402.50","2,400.00","2,404.95","2,345.60","2,364.00","2,359.10","2,366.88",13537254,32041015240.7,226181,7709766.0,56.95
2021-12-31,RELIANCE,EQ,"2,359.10","2,373.00","2,383.90","2,360.00","2,368.50","2,368.15","2,370.53",4373768,10368136137.7,138728,2109083.0,48.22
2022-01-03,RELIANCE,EQ,"2,368.15","2,365.00","2,407.95","2,363.55","2,407.95","2,403.85","2,392.64",2502073,5986568510.1,105190,1082865.0,43.28
2022-01-04,RELIANCE,EQ,"2,403.85","2,415.90","2,461.00","2,404.00","2,460.00","2,458.10","2,437.26",5006225,12201491701.65,208647,2421857.0,48.38
2022-01-05,RELIANCE,EQ,"2,458.10","2,462.00","2,477.00","2,432.95","2,461.85","2,469.60","2,455.69",5373618,13195934862.5,210976,2963957.0,55.16
2022-01-06,RELIANCE,EQ,"2,469.60","2,451.20","2,454.00","2,409.00","2,419.15","2,416.50","2,423.21",6667483,16156735762.35,227953,3950375.0,59.25
2022-01-07,RELIANCE,EQ,"2,416.50","2,430.95","2,458.05","2,411.55","2,439.90","2,436.00","2,436.73",6051239,14745214277.8,191088,3342839.0,55.24
2022-01-10,RELIANCE,EQ,"2,436.00","2,452.00","2,457.00","2,416.05","2,440.20","2,438.00","2,432.54",4267365,10380527641.0,214098,2152906.0,50.45
2022-01-11,RELIANCE,EQ,"2,438.00","2,436.00","2,474.95","2,435.00","2,455.80","2,455.55","2,459.51",7478681,18393912175.85,209712,4746648.0,63.47
2022-01-12,RELIANCE,EQ,"2,455.55","2,471.30","2,524.95","2,465.00","2,518.00","2,521.10","2,505.89",6830402,17116227265.6,267056,3238315.0,47.41
2022-01-13,RELIANCE,EQ,"2,521.10","2,521.25","2,541.00","2,508.40","2,536.25","2,535.30","2,525.55",5471871,13819465157.0,186278,3115794.0,56.94
2022-01-14,RELIANCE,EQ,"2,535.30","2,535.00","2,567.30","2,525.85","2,537.00","2,539.00","2,545.66",9197773,23414360751.05,195865,5804124.0,63.1
2022-01-17,RELIANCE,EQ,"2,539.00","2,538.00","2,565.00","2,537.00","2,553.00","2,552.25","2,555.10",3708822,9476427091.05,160043,2207498.0,59.52
2022-01-18,RELIANCE,EQ,"2,552.25","2,554.75","2,562.35","2,515.75","2,523.00","2,521.80","2,540.02",2868235,7285364914.75,158330,1312810.0,45.77
2022-01-19,RELIANCE,EQ,"2,521.80","2,530.00","2,542.00","2,509.00","2,521.40","2,521.60","2,522.72",4502155,11357696261.65,153189,2589631.0,57.52
2022-01-20,RELIANCE,EQ,"2,521.60","2,500.05","2,509.95","2,455.00","2,482.10","2,477.45","2,480.98",7612203,18885733850.8,251195,5220672.0,68.58
2022-01-21,RELIANCE,EQ,"2,477.45","2,452.00","2,502.25","2,452.00","2,476.05","2,477.85","2,475.83",6155759,15240631432.55,236838,3203303.0,52.04
2022-01-24,RELIANCE,EQ,"2,477.85","2,475.00","2,504.75","2,355.10","2,379.90","2,377.90","2,418.60",10092511,24409735846.55,399996,4847529.0,48.03
2022-01-25,RELIANCE,EQ,"2,377.90","2,349.55","2,388.65","2,305.00","2,368.10","2,373.25","2,343.88",11311456,26512743789.9,482175,6446850.0,56.99
2022-01-27,RELIANCE,EQ,"2,373.25","2,336.00","2,356.10","2,311.05","2,347.00","2,338.10","2,333.67",9239426,21561779760.1,315266,5271565.0,57.06
2022-01-28,RELIANCE,EQ,"2,338.10","2,365.00","2,375.90","2,328.40","2,336.00","2,335.85","2,347.94",6769154,15893536411.75,255535,4021895.0,59.42
2022-01-31,RELIANCE,EQ,"2,335.85","2,360.20","2,406.40","2,356.20","2,384.05","2,386.60","2,388.27",5604308,13384612779.6,268776,2989691.0,53.35
2022-02-01,RELIANCE,EQ,"2,386.60","2,408.00","2,420.60","2,347.10","2,382.80","2,378.70","2,394.79",6092033,14589169629.6,227599,2933488.0,48.15
2022-02-02,RELIANCE,EQ,"2,378.70","2,407.00","2,407.00","2,375.10","2,385.00","2,383.55","2,384.84",4623163,11025484207.55,153391,2821709.0,61.03
2022-02-03,RELIANCE,EQ,"2,383.55","2,392.00","2,401.45","2,347.20","2,348.45","2,352.75","2,367.01",4417864,10457143007.15,236441,2596474.0,58.77
2022-02-04,RELIANCE,EQ,"2,352.75","2,341.00","2,348.45","2,321.10","2,330.50","2,331.30","2,334.17",5104761,11915365723.15,230586,2346527.0,45.97
2022-02-07,RELIANCE,EQ,"2,331.30","2,342.00","2,356.80","2,305.00","2,319.40","2,317.10","2,330.89",4944725,11525587391.7,243702,2190778.0,44.31
2022-02-08,RELIANCE,EQ,"2,317.10","2,330.65","2,360.00","2,310.00","2,357.50","2,356.05","2,338.32",5566080,13015260812.95,186348,2963152.0,53.24
2022-02-09,RELIANCE,EQ,"2,356.05","2,371.15","2,387.20","2,358.00","2,384.00","2,383.50","2,373.06",5300891,12579355094.55,180905,3104784.0,58.57
2022-02-10,RELIANCE,EQ,"2,383.50","2,395.70","2,395.70","2,365.10","2,376.95","2,381.05","2,381.99",5752361,13702086540.0,210155,3608073.0,62.72
2022-02-11,RELIANCE,EQ,"2,381.05","2,373.25","2,384.50","2,344.10","2,372.55","2,376.40","2,367.97",7357863,17423186717.85,283837,4905802.0,66.67
2022-02-14,RELIANCE,EQ,"2,376.40","2,340.25","2,354.95","2,313.00","2,332.00","2,338.55","2,338.11",4947109,11566867666.2,219862,2751275.0,55.61
2022-02-15,RELIANCE,EQ,"2,338.55","2,351.20","2,423.90","2,335.70","2,415.10","2,417.95","2,381.19",5174646,12321814147.55,261746,2563105.0,49.53
2022-02-16,RELIANCE,EQ,"2,417.95","2,430.00","2,433.00","2,395.95","2,407.65","2,412.95","2,417.77",4796294,11596325561.15,190438,2607957.0,54.37
2022-02-17,RELIANCE,EQ,"2,412.95","2,420.10","2,454.90","2,410.00","2,441.00","2,443.50","2,439.61",5931774,14471212589.25,211881,2872619.0,48.43
2022-02-18,RELIANCE,EQ,"2,443.50","2,444.40","2,456.40","2,420.15","2,427.30","2,424.40","2,440.25",3126873,7630367399.75,158691,1216161.0,38.89
2022-02-21,RELIANCE,EQ,"2,424.40","2,412.00","2,437.50","2,384.60","2,399.60","2,399.90","2,409.12",5125968,12349078484.55,226214,2888548.0,56.35
2022-02-22,RELIANCE,EQ,"2,399.90","2,352.90","2,395.90","2,347.15","2,389.75","2,389.00","2,372.16",6227901,14773584971.0,197401,3920789.0,62.96
2022-02-23,RELIANCE,EQ,"2,389.00","2,401.10","2,406.55","2,368.00","2,371.25","2,374.05","2,391.23",3373615,8067102258.45,195350,1928054.0,57.15
2022-02-24,RELIANCE,EQ,"2,374.05","2,305.00","2,339.90","2,243.40","2,250.00","2,255.75","2,291.15",11466725,26272008237.55,493459,7266877.0,63.37
2022-02-25,RELIANCE,EQ,"2,255.75","2,280.10","2,307.95","2,276.25","2,283.00","2,283.95","2,290.84",6724094,15403844188.65,281047,3670287.0,54.58
2022-02-28,RELIANCE,EQ,"2,283.95","2,243.00","2,367.35","2,243.00","2,355.00","2,359.55","2,328.64",9828768,22887683561.4,240020,5321030.0,54.14
2022-03-02,RELIANCE,EQ,"2,359.55","2,334.45","2,401.00","2,329.20","2,399.25","2,398.55","2,376.69",9909226,23551157613.65,309328,6277829.0,63.35
2022-03-03,RELIANCE,EQ,"2,398.55","2,400.00","2,414.85","2,370.05","2,382.00","2,378.30","2,392.27",4701183,11246476348.75,230143,2479449.0,52.74
2022-03-04,RELIANCE,EQ,"2,378.30","2,353.00","2,364.30","2,320.35","2,327.95","2,325.55","2,338.20",4986814,11660149352.95,219860,2754095.0,55.23
2022-03-07,RELIANCE,EQ,"2,325.55","2,278.70","2,312.10","2,222.00","2,240.05","2,239.55","2,256.84",8299295,18730168161.15,372828,4962748.0,59.8
2022-03-08,RELIANCE,EQ,"2,239.55","2,211.50","2,246.00","2,180.00","2,235.05","2,235.50","2,220.15",9825043,21813021864.7,428117,5602260.0,57.02
2022-03-09,RELIANCE,EQ,"2,235.50","2,236.00","2,367.00","2,234.15","2,358.30","2,354.10","2,316.35",9421163,21822706477.9,325395,4647153.0,49.33
2022-03-10,RELIANCE,EQ,"2,354.10","2,400.00","2,405.00","2,360.00","2,387.00","2,392.25","2,386.79",8297995,19805599252.7,278083,4102149.0,49.44
2022-03-11,RELIANCE,EQ,"2,392.25","2,376.05","2,411.00","2,376.05","2,393.15","2,399.15","2,396.11",5656799,13554290818.7,199494,3028604.0,53.54
2022-03-14,RELIANCE,EQ,"2,399.15","2,386.90","2,424.40","2,374.00","2,422.20","2,418.85","2,401.52",3849222,9243998854.25,160500,1800381.0,46.77
2022-03-15,RELIANCE,EQ,"2,418.85","2,427.95","2,427.95","2,340.85","2,362.00","2,363.45","2,386.09",7349740,17537136611.95,257511,3924279.0,53.39
2022-03-16,RELIANCE,EQ,"2,363.45","2,382.00","2,407.90","2,377.10","2,401.50","2,403.35","2,396.17",5145644,12329854279.3,185464,2824434.0,54.89
2022-03-17,RELIANCE,EQ,"2,403.35","2,432.75","2,497.40","2,415.10","2,487.50","2,481.70","2,456.66",9886295,24287296550.4,274442,5961590.0,60.3
2022-03-21,RELIANCE,EQ,"2,481.70","2,444.00","2,484.00","2,439.00","2,463.00","2,467.40","2,465.17",5537752,13651502305.15,235063,3019258.0,54.52
2022-03-22,RELIANCE,EQ,"2,467.40","2,460.10","2,534.95","2,453.60","2,528.00","2,531.15","2,508.41",10410082,26112751091.55,314410,5753732.0,55.27
2022-03-23,RELIANCE,EQ,"2,531.15","2,523.00","2,564.85","2,523.00","2,535.00","2,539.20","2,546.52",7135797,18171479956.25,235853,4321837.0,60.57
2022-03-24,RELIANCE,EQ,"2,539.20","2,510.00","2,584.15","2,510.00","2,572.00","2,578.65","2,557.80",6077153,15544115850.2,221309,3208900.0,52.8
2022-03-25,RELIANCE,EQ,"2,578.65","2,582.50","2,616.00","2,577.00","2,600.90","2,595.85","2,596.66",6563676,17043606171.05,276908,3821279.0,58.22
2022-03-28,RELIANCE,EQ,"2,595.85","2,610.00","2,629.75","2,586.50","2,617.00","2,621.95","2,611.69",4564891,11922093056.05,183261,2149565.0,47.09
2022-03-29,RELIANCE,EQ,"2,621.95","2,638.00","2,638.00","2,607.40","2,618.00","2,622.55","2,623.00",4007695,10512198455.7,203830,2280912.0,56.91
2022-03-30,RELIANCE,EQ,"2,622.55","2,639.90","2,688.00","2,617.10","2,658.70","2,672.95","2,661.36",7297028,19420019029.3,219316,4259734.0,58.38
2022-03-31,RELIANCE,EQ,"2,672.95","2,664.95","2,669.70","2,628.60","2,636.00","2,634.75","2,642.00",6102744,16123465625.4,249443,3893403.0,63.8
2022-04-01,RELIANCE,EQ,"2,634.75","2,636.00","2,665.15","2,622.00","2,661.00","2,655.85","2,641.48",3656408,9658325026.6,163060,1845831.0,50.48
2022-04-04,RELIANCE,EQ,"2,655.85","2,655.45","2,675.00","2,641.65","2,660.65","2,663.70","2,658.17",3659307,9727052260.3,167593,1859891.0,50.83
2022-04-05,RELIANCE,EQ,"2,663.70","2,651.10","2,669.90","2,620.70","2,626.00","2,626.05","2,636.90",6068663,16002466152.1,204933,3962890.0,65.3
2022-04-06,RELIANCE,EQ,"2,626.05","2,587.10","2,634.50","2,587.10","2,616.00","2,619.05","2,613.61",5656703,14784387493.6,163311,3640461.0,64.36
2022-04-07,RELIANCE,EQ,"2,619.05","2,595.10","2,606.00","2,567.00","2,572.20","2,572.85","2,583.10",7151632,18473348627.45,233582,4936384.0,69.02
2022-04-08,RELIANCE,EQ,"2,572.85","2,560.00","2,625.00","2,560.00","2,617.95","2,615.65","2,602.86",6992874,18201444976.8,213226,4458242.0,63.75
2022-04-11,RELIANCE,EQ,"2,615.65","2,600.00","2,638.55","2,583.00","2,610.95","2,610.20","2,606.45",4270816,11131687285.25,195602,2103573.0,49.25
2022-04-12,RELIANCE,EQ,"2,610.20","2,587.00","2,602.60","2,555.40","2,560.00","2,561.05","2,571.18",6099986,15684139811.0,277354,4019726.0,65.9
2022-04-13,RELIANCE,EQ,"2,561.05","2,574.50","2,592.60","2,545.50","2,551.90","2,551.65","2,565.29",4778478,12258158723.0,192467,3009160.0,62.97
2022-04-18,RELIANCE,EQ,"2,551.65","2,533.00","2,559.80","2,521.80","2,540.20","2,543.85","2,538.38",4603103,11684440905.45,222881,3079230.0,66.89
2022-04-19,RELIANCE,EQ,"2,543.85","2,558.00","2,668.00","2,551.05","2,626.00","2,640.80","2,628.35",12064446,31709558937.8,459863,6735937.0,55.83
2022-04-20,RELIANCE,EQ,"2,640.80","2,657.10","2,734.00","2,649.10","2,717.50","2,718.45","2,710.69",11570835,31364925329.3,461685,5767347.0,49.84
2022-04-21,RELIANCE,EQ,"2,718.45","2,750.90","2,789.00","2,732.00","2,782.00","2,782.10","2,773.48",10018531,27786222124.3,352010,5151153.0,51.42
2022-04-22,RELIANCE,EQ,"2,782.10","2,758.90","2,802.00","2,744.20","2,762.00","2,758.80","2,768.55",6947490,19234486953.0,221036,3113096.0,44.81
2022-04-25,RELIANCE,EQ,"2,758.80","2,742.40","2,758.40","2,663.65","2,696.00","2,695.00","2,711.20",7874671,21349802724.25,282246,4210856.0,53.47
2022-04-26,RELIANCE,EQ,"2,695.00","2,710.00","2,795.00","2,707.70","2,788.20","2,775.65","2,744.48",5643066,15487283096.85,215190,2382379.0,42.22
2022-04-27,RELIANCE,EQ,"2,775.65","2,755.85","2,828.00","2,755.05","2,776.00","2,778.35","2,794.98",8924920,24944937712.6,380463,4014016.0,44.98
2022-04-28,RELIANCE,EQ,"2,778.35","2,809.95","2,851.00","2,786.10","2,810.00","2,819.85","2,823.91",11820892,33381106175.2,361970,6937716.0,58.69
2022-04-29,RELIANCE,EQ,"2,819.85","2,856.15","2,856.15","2,777.30","2,799.70","2,790.25","2,817.63",8406156,23685432933.45,231044,4308908.0,51.26
2022-05-02,RELIANCE,EQ,"2,790.25","2,762.00","2,805.50","2,758.05","2,780.90","2,780.45","2,783.29",4369022,12160268319.9,189251,1939501.0,44.39
2022-05-04,RELIANCE,EQ,"2,780.45","2,785.00","2,790.00","2,676.30","2,692.00","2,693.65","2,728.03",8882792,24232482662.45,277638,4758487.0,53.57
2022-05-05,RELIANCE,EQ,"2,693.65","2,723.50","2,730.00","2,632.00","2,643.00","2,640.90","2,677.81",7942721,21269098539.05,256514,4135949.0,52.07
2022-05-06,RELIANCE,EQ,"2,640.90","2,612.20","2,659.00","2,593.55","2,628.00","2,620.65","2,619.88",9068448,23758282132.9,291431,4117945.0,45.41
2022-05-09,RELIANCE,EQ,"2,620.65","2,574.95","2,597.10","2,507.00","2,508.00","2,518.30","2,540.75",8345649,21204215137.35,344258,3496083.0,41.89
2022-05-10,RELIANCE,EQ,"2,518.30","2,495.00","2,526.60","2,458.00","2,461.70","2,474.65","2,495.14",9004636,22467846480.75,329083,4214002.0,46.8
2022-05-11,RELIANCE,EQ,"2,474.65","2,472.65","2,484.95","2,421.95","2,450.75","2,449.30","2,454.29",7681157,18851760949.05,325039,3471644.0,45.2
2022-05-12,RELIANCE,EQ,"2,449.30","2,427.50","2,434.85","2,370.00","2,403.50","2,399.40","2,400.60",9456280,22700752366.95,359540,5344949.0,56.52
2022-05-13,RELIANCE,EQ,"2,399.40","2,426.00","2,478.00","2,415.35","2,431.45","2,426.60","2,451.67",8910998,21846799849.4,408746,4652716.0,52.21
2022-05-16,RELIANCE,EQ,"2,426.60","2,434.45","2,481.00","2,416.65","2,428.05","2,427.20","2,444.28",6201594,15158412714.25,244925,3089139.0,49.81
2022-05-17,RELIANCE,EQ,"2,427.20","2,435.10","2,539.90","2,432.00","2,533.50","2,529.15","2,501.03",7638666,19104526814.4,278980,4085578.0,53.49
2022-05-18,RELIANCE,EQ,"2,529.15","2,539.65","2,570.00","2,508.25","2,542.25","2,538.35","2,535.87",7973235,20219114283.45,293806,3948750.0,49.53
2022-05-19,RELIANCE,EQ,"2,538.35","2,484.00","2,512.50","2,466.05","2,477.90","2,479.85","2,494.14",6783641,16919358308.2,266213,3713450.0,54.74
2022-05-20,RELIANCE,EQ,"2,479.85","2,512.50","2,644.40","2,502.00","2,628.85","2,624.45","2,569.30",10057508,25840801772.2,366921,5198311.0,51.69
2022-05-23,RELIANCE,EQ,"2,624.45","2,631.50","2,653.55","2,593.00","2,602.50","2,606.90","2,617.90",7039144,18427794860.95,256879,3078691.0,43.74
2022-05-24,RELIANCE,EQ,"2,606.90","2,607.00","2,638.00","2,597.70","2,615.05","2,615.85","2,619.42",6243086,16353268081.5,238049,3094755.0,49.57
2022-05-25,RELIANCE,EQ,"2,615.85","2,635.00","2,656.70","2,601.50","2,613.40","2,612.00","2,625.82",5867760,15407680360.4,224077,2740033.0,46.7
2022-05-26,RELIANCE,EQ,"2,612.00","2,624.40","2,634.90","2,548.00","2,589.00","2,587.10","2,587.30",8252551,21351851439.7,295460,3568836.0,43.25
2022-05-27,RELIANCE,EQ,"2,587.10","2,593.05","2,605.15","2,540.10","2,575.30","2,575.10","2,574.11",7624888,19627294687.95,223459,3519149.0,46.15
2022-05-30,RELIANCE,EQ,"2,575.10","2,615.00","2,674.00","2,594.20","2,668.00","2,664.80","2,640.57",6393341,16882083950.05,176733,2716871.0,42.50
2022-05-31,RELIANCE,EQ,"2,664.80","2,641.40","2,678.80","2,615.70","2,623.60","2,632.65","2,638.54",32591420,85993898870.0,309551,19734107.0,60.55
2022-06-01,RELIANCE,EQ,"2,632.65","2,634.30","2,655.20","2,616.20","2,635.00","2,633.50","2,638.15",4512079,11903542973.55,165071,2072536.0,45.93
2022-06-02,RELIANCE,EQ,"2,633.50","2,634.00","2,732.45","2,634.00","2,728.30","2,724.30","2,701.30",10211408,27584103887.4,297958,4788206.0,46.89
2022-06-03,RELIANCE,EQ,"2,724.30","2,744.00","2,817.35","2,742.00","2,778.00","2,779.50","2,793.34",11048210,30861449556.9,353834,5136072.0,46.49
2022-06-06,RELIANCE,EQ,"2,779.50","2,780.00","2,814.00","2,751.80","2,766.25","2,767.55","2,775.79",5119488,14210599849.75,217253,1680712.0,32.83
2022-06-07,RELIANCE,EQ,"2,767.55","2,769.90","2,791.10","2,752.05","2,767.05","2,772.75","2,773.03",5703333,15815485543.85,232290,2712556.0,47.56
2022-06-08,RELIANCE,EQ,"2,772.75","2,772.75","2,781.00","2,716.30","2,722.00","2,724.05","2,741.07",5759172,15786294151.3,241691,3012536.0,52.31
2022-06-09,RELIANCE,EQ,"2,724.05","2,710.00","2,803.00","2,710.00","2,796.05","2,798.75","2,763.87",7973935,22038890334.1,281501,4301647.0,53.95
2022-06-10,RELIANCE,EQ,"2,798.75","2,771.90","2,789.90","2,701.50","2,713.90","2,714.25","2,740.01",8349943,22878943836.3,278759,4608963.0,55.20
2022-06-13,RELIANCE,EQ,"2,714.25","2,650.00","2,672.80","2,616.30","2,668.00","2,662.90","2,646.30",8131998,21519668179.5,303540,4242241.0,52.17
2022-06-14,RELIANCE,EQ,"2,662.90","2,650.05","2,671.85","2,613.45","2,627.75","2,628.10","2,637.47",6790653,17910140469.65,237522,3299932.0,48.60
2022-06-15,RELIANCE,EQ,"2,628.10","2,617.55","2,637.30","2,584.40","2,595.80","2,596.30","2,613.39",5166738,13502708125.15,214934,1888736.0,36.56
2022-06-16,RELIANCE,EQ,"2,596.30","2,623.00","2,659.05","2,554.00","2,555.10","2,560.00","2,603.56",7896943,20560173723.7,282387,3664860.0,46.41
2022-06-17,RELIANCE,EQ,"2,560.00","2,560.00","2,624.85","2,556.10","2,605.05","2,590.00","2,592.42",11286988,29260639914.3,287827,5410573.0,47.94
2022-06-20,RELIANCE,EQ,"2,590.00","2,605.00","2,617.10","2,521.10","2,542.90","2,543.05","2,552.96",5568825,14216989371.65,228914,2410448.0,43.28
2022-06-21,RELIANCE,EQ,"2,543.05","2,560.00","2,593.40","2,528.30","2,582.00","2,584.10","2,562.46",5408801,13859827576.2,219641,1906058.0,35.24
2022-06-22,RELIANCE,EQ,"2,584.10","2,558.10","2,558.30","2,501.00","2,502.00","2,505.60","2,524.18",4899839,12368075581.25,229961,2129069.0,43.45
2022-06-23,RELIANCE,EQ,"2,505.60","2,515.05","2,525.00","2,445.00","2,469.00","2,464.95","2,485.55",8974475,22306490549.05,400081,4049346.0,45.12
2022-06-24,RELIANCE,EQ,"2,464.95","2,480.00","2,511.00","2,468.00","2,497.55","2,500.05","2,491.97",6571866,16376908912.2,258066,3440303.0,52.35
2022-06-27,RELIANCE,EQ,"2,500.05","2,544.95","2,544.95","2,481.55","2,495.60","2,492.65","2,511.81",7141493,17938104628.25,245447,4127406.0,57.79
2022-06-28,RELIANCE,EQ,"2,492.65","2,482.10","2,533.95","2,482.10","2,530.00","2,527.70","2,515.75",6263867,15758339977.0,279432,2590698.0,41.36
2022-06-29,RELIANCE,EQ,"2,527.70","2,507.20","2,597.00","2,501.00","2,576.00","2,580.15","2,559.16",8863172,22682290935.35,383990,3617967.0,40.82
2022-06-30,RELIANCE,EQ,"2,580.15","2,580.00","2,615.90","2,566.00","2,589.00","2,595.65","2,596.11",10666627,27691790169.9,321110,5419202.0,50.81
2022-07-01,RELIANCE,EQ,"2,595.65","2,574.90","2,592.00","2,365.00","2,406.00","2,408.70","2,434.35",37841671,92119994931.8,1165095,16124097.0,42.61
2022-07-04,RELIANCE,EQ,"2,408.70","2,378.95","2,442.00","2,366.10","2,413.00","2,413.70","2,412.08",19317335,46594929825.6,525122,8925205.0,46.20
2022-07-05,RELIANCE,EQ,"2,413.70","2,423.00","2,464.90","2,417.10","2,431.55","2,433.25","2,440.39",8144239,19875158179.6,351338,3241427.0,39.80
2022-07-06,RELIANCE,EQ,"2,433.25","2,420.10","2,441.95","2,388.00","2,415.00","2,411.85","2,410.61",11050026,26637248724.35,392094,5356881.0,48.48
2022-07-07,RELIANCE,EQ,"2,411.85","2,425.90","2,433.25","2,375.00","2,391.00","2,388.10","2,392.12",10753423,25723462115.35,388023,6400200.0,59.52
2022-07-08,RELIANCE,EQ,"2,388.10","2,418.00","2,418.00","2,382.55","2,391.00","2,391.40","2,393.99",8773162,21002872434.25,310810,5266144.0,60.03
2022-07-11,RELIANCE,EQ,"2,391.40","2,376.50","2,428.80","2,370.00","2,421.50","2,423.90","2,400.92",6390604,15343320840.2,224208,2790542.0,43.67
2022-07-12,RELIANCE,EQ,"2,423.90","2,404.00","2,439.70","2,404.00","2,418.80","2,420.45","2,424.68",4974502,12061561234.2,203393,2091493.0,42.04
2022-07-13,RELIANCE,EQ,"2,420.45","2,427.30","2,434.00","2,373.00","2,379.00","2,377.55","2,398.49",6564435,15744718033.45,263635,3820557.0,58.20
2022-07-14,RELIANCE,EQ,"2,377.55","2,388.00","2,433.95","2,376.95","2,399.00","2,397.15","2,398.08",7831798,18781243733.65,257217,3162562.0,40.38
2022-07-15,RELIANCE,EQ,"2,397.15","2,415.00","2,415.00","2,383.10","2,401.15","2,401.80","2,397.18",4431880,10623995556.2,137878,2013822.0,45.44
2022-07-18,RELIANCE,EQ,"2,401.80","2,421.00","2,425.00","2,392.30","2,423.00","2,422.25","2,408.23",6996757,16849806027.65,212210,3641338.0,52.04
2022-07-19,RELIANCE,EQ,"2,422.25","2,400.30","2,447.00","2,400.30","2,433.00","2,437.10","2,429.46",7587006,18432314366.2,213280,3280412.0,43.24
2022-07-20,RELIANCE,EQ,"2,437.10","2,540.00","2,542.50","2,486.25","2,499.00","2,503.00","2,506.66",11041036,27676129582.85,325796,5571093.0,50.46
2022-07-21,RELIANCE,EQ,"2,503.00","2,494.00","2,500.00","2,467.30","2,486.00","2,486.30","2,482.92",7625468,18933428050.1,197537,4032523.0,52.88
2022-07-22,RELIANCE,EQ,"2,486.30","2,500.00","2,516.30","2,495.00","2,502.95","2,503.10","2,504.62",5062651,12679994866.3,172852,2374481.0,46.90
2022-07-25,RELIANCE,EQ,"2,503.10","2,467.45","2,467.45","2,403.00","2,417.40","2,420.40","2,422.67",10665470,25838870736.65,450900,5024203.0,47.11
2022-07-26,RELIANCE,EQ,"2,420.40","2,421.10","2,443.90","2,411.35","2,419.40","2,421.50","2,430.94",5216466,12680927214.1,188181,2368186.0,45.40
2022-07-27,RELIANCE,EQ,"2,421.50","2,419.95","2,427.00","2,402.00","2,422.00","2,419.20","2,416.05",3994321,9650459374.8,165700,2097378.0,52.51
2022-07-28,RELIANCE,EQ,"2,419.20","2,436.00","2,467.95","2,421.00","2,453.60","2,457.10","2,446.73",5766936,14110146776.35,207490,2973888.0,51.57
2022-07-29,RELIANCE,EQ,"2,457.10","2,474.70","2,517.10","2,464.00","2,507.20","2,509.45","2,494.30",6982808,17417222455.45,270354,3783646.0,54.19
2022-08-01,RELIANCE,EQ,"2,509.45","2,519.15","2,587.75","2,507.60","2,569.00","2,574.85","2,560.47",7245568,18552037709.1,262991,3695549.0,51.00
2022-08-02,RELIANCE,EQ,"2,574.85","2,572.50","2,607.80","2,561.55","2,575.50","2,584.65","2,583.64",6423115,16594994133.95,230608,3420282.0,53.25
2022-08-03,RELIANCE,EQ,"2,584.65","2,600.00","2,610.00","2,567.45","2,606.20","2,606.35","2,591.04",6576824,17040829415.65,250247,3725408.0,56.64
2022-08-04,RELIANCE,EQ,"2,606.35","2,610.00","2,617.75","2,535.00","2,570.00","2,571.90","2,569.27",6676577,17153907762.65,309213,3215051.0,48.15
2022-08-05,RELIANCE,EQ,"2,571.90","2,576.00","2,578.80","2,526.95","2,532.90","2,534.00","2,543.41",6434433,16365407365.9,249464,4106312.0,63.82
2022-08-08,RELIANCE,BL,"2,503.10","2,534.00","2,534.00","2,534.00","2,534.00","2,534.00","2,534.00",4131769,10469902646.0,1,,-
2022-08-10,RELIANCE,EQ,"2,567.15","2,576.90","2,589.90","2,557.05","2,578.95","2,582.50","2,574.23",4949442,12741005921.3,183157,2941793.0,59.44
2022-08-11,RELIANCE,EQ,"2,582.50","2,603.10","2,609.90","2,580.20","2,586.70","2,591.10","2,593.04",3783480,9810722225.4,171131,2296573.0,60.70
2022-08-12,RELIANCE,EQ,"2,591.10","2,590.30","2,641.35","2,582.20","2,632.00","2,633.00","2,626.23",5838244,15332563329.35,256139,2683554.0,45.97
2022-08-16,RELIANCE,EQ,"2,633.00","2,646.20","2,657.30","2,627.30","2,656.00","2,651.30","2,643.49",3049304,8060790553.15,140058,1436439.0,47.11
2022-08-17,RELIANCE,EQ,"2,651.30","2,665.00","2,676.90","2,655.55","2,661.70","2,665.15","2,666.17",3044037,8115922559.35,121433,1476684.0,48.51
2022-08-18,RELIANCE,EQ,"2,665.15","2,660.00","2,669.00","2,640.20","2,662.00","2,661.30","2,654.44",3419730,9077457998.05,131393,1529502.0,44.73
2022-08-19,RELIANCE,EQ,"2,661.30","2,650.00","2,661.70","2,604.95","2,609.80","2,613.85","2,631.57",4366123,11489747684.6,159356,2043043.0,46.79
2022-08-22,RELIANCE,EQ,"2,613.85","2,617.00","2,631.30","2,586.00","2,602.50","2,606.60","2,606.47",4371179,11393340723.5,193858,2185175.0,49.99
2022-08-23,RELIANCE,EQ,"2,606.60","2,594.00","2,653.20","2,591.35","2,649.00","2,646.80","2,630.64",4466619,11750046560.2,173321,2211602.0,49.51
2022-08-24,RELIANCE,EQ,"2,646.80","2,640.10","2,670.00","2,635.35","2,645.00","2,639.75","2,648.95",4785579,12676750456.45,168584,2382456.0,49.78
2022-08-25,RELIANCE,EQ,"2,639.75","2,648.95","2,662.90","2,622.60","2,628.00","2,632.05","2,648.65",3632902,9622300857.85,133033,1783626.0,49.10
2022-08-26,RELIANCE,EQ,"2,632.05","2,633.00","2,650.00","2,607.00","2,623.00","2,618.00","2,622.30",4957449,12999929105.55,191312,2885652.0,58.21
2022-08-29,RELIANCE,EQ,"2,618.00","2,585.00","2,655.00","2,578.05","2,600.00","2,597.65","2,614.34",9155684,23936068091.8,326003,3737011.0,40.82
2022-08-30,RELIANCE,EQ,"2,597.65","2,614.00","2,645.25","2,576.60","2,642.00","2,637.95","2,614.74",10678670,27921981356.7,285656,5624355.0,52.67
2022-09-01,RELIANCE,EQ,"2,637.95","2,582.65","2,604.95","2,550.70","2,564.00","2,560.40","2,580.13",9188434,23707362824.55,346414,5658983.0,61.59
2022-09-02,RELIANCE,EQ,"2,560.40","2,560.40","2,575.35","2,525.70","2,527.95","2,530.50","2,546.24",5999196,15275378547.55,266158,3185305.0,53.10
2022-09-05,RELIANCE,EQ,"2,530.50","2,531.00","2,581.50","2,531.00","2,567.15","2,569.80","2,563.92",5227785,13403622183.4,189614,2658456.0,50.85
2022-09-06,RELIANCE,EQ,"2,569.80","2,573.00","2,606.00","2,572.00","2,594.00","2,596.85","2,592.68",5030172,13041646173.55,174426,2588620.0,51.46
2022-09-07,RELIANCE,EQ,"2,596.85","2,575.00","2,594.90","2,570.00","2,580.50","2,581.75","2,580.95",3455942,8919602471.35,117855,1724115.0,49.89
2022-09-08,RELIANCE,EQ,"2,581.75","2,588.25","2,598.00","2,571.00","2,583.05","2,585.40","2,583.54",3256840,8414188239.0,116529,1821103.0,55.92
2022-09-09,RELIANCE,EQ,"2,585.40","2,610.00","2,610.00","2,564.00","2,568.90","2,569.30","2,577.69",3837302,9891379842.8,185947,2149444.0,56.01
2022-09-12,RELIANCE,EQ,"2,569.30","2,570.55","2,612.00","2,570.55","2,597.60","2,598.05","2,596.44",3431445,8909527157.5,123802,1612795.0,47.00
2022-09-13,RELIANCE,EQ,"2,598.05","2,618.00","2,629.70","2,601.00","2,619.00","2,619.75","2,617.12",4102114,10735722213.8,155135,2170824.0,52.92
2022-09-14,RELIANCE,EQ,"2,619.75","2,575.00","2,610.00","2,572.75","2,589.15","2,588.35","2,595.02",4004997,10393065929.1,156954,2191578.0,54.72
2022-09-15,RELIANCE,EQ,"2,588.35","2,583.00","2,603.55","2,556.75","2,563.00","2,562.70","2,573.85",4783723,12312602615.9,181399,2838610.0,59.34
2022-09-16,RELIANCE,EQ,"2,562.70","2,543.75","2,553.00","2,491.00","2,498.00","2,499.20","2,509.51",9330469,23414892723.8,311718,5587220.0,59.88
2022-09-19,RELIANCE,EQ,"2,499.20","2,499.20","2,522.70","2,481.35","2,502.40","2,502.45","2,506.17",3498286,8767314647.0,137901,1678286.0,47.97
2022-09-20,RELIANCE,EQ,"2,502.45","2,522.45","2,537.70","2,494.70","2,497.85","2,502.85","2,518.24",3881882,9775496109.2,178557,1776953.0,45.78
2022-09-21,RELIANCE,EQ,"2,502.85","2,496.75","2,533.00","2,495.00","2,507.70","2,509.75","2,515.30",4249172,10687928437.35,146056,2095628.0,49.32
2022-09-22,RELIANCE,EQ,"2,509.75","2,486.00","2,503.00","2,472.10","2,487.95","2,486.10","2,488.77",4757219,11839611958.3,207678,2669635.0,56.12
2022-09-23,RELIANCE,EQ,"2,486.10","2,485.00","2,495.95","2,436.10","2,438.80","2,439.50","2,455.68",4397194,10798121356.15,246646,2491690.0,56.67
2022-09-26,RELIANCE,EQ,"2,439.50","2,394.05","2,417.80","2,375.15","2,378.15","2,377.35","2,392.03",5759298,13776401753.7,334638,3259263.0,56.59
2022-09-27,RELIANCE,EQ,"2,377.35","2,394.00","2,426.00","2,360.10","2,394.00","2,396.25","2,390.70",7455448,17823738488.0,295538,4199383.0,56.33
2022-09-28,RELIANCE,EQ,"2,396.25","2,360.35","2,378.00","2,327.10","2,330.50","2,332.45","2,353.58",7844140,18461791856.3,387724,4421083.0,56.36
2022-09-29,RELIANCE,EQ,"2,332.45","2,360.00","2,367.50","2,313.00","2,328.00","2,325.30","2,334.53",6771046,15807234115.85,288225,4318113.0,63.77
2022-09-30,RELIANCE,EQ,"2,325.30","2,311.00","2,402.00","2,311.00","2,376.15","2,377.75","2,371.60",8589908,20371810194.0,264760,5032369.0,58.58
2022-10-03,RELIANCE,EQ,"2,377.75","2,391.50","2,416.95","2,363.00","2,367.05","2,369.50","2,382.06",5470030,13029923334.8,230794,2717072.0,49.67
2022-10-04,RELIANCE,EQ,"2,369.50","2,397.80","2,418.00","2,390.15","2,412.90","2,413.20","2,406.73",4129893,9939556462.2,152496,2069006.0,50.10
2022-10-06,RELIANCE,EQ,"2,413.20","2,429.00","2,450.00","2,418.15","2,422.50","2,422.10","2,433.70",6162021,14996487081.5,212103,4293494.0,69.68
2022-10-07,RELIANCE,EQ,"2,422.10","2,414.65","2,443.90","2,414.65","2,431.95","2,432.35","2,431.89",3560167,8657940132.2,119485,1945241.0,54.64
2022-10-10,RELIANCE,EQ,"2,432.35","2,405.00","2,417.60","2,388.00","2,407.00","2,405.80","2,403.20",2921076,7019927774.65,136725,1453561.0,49.76
2022-10-11,RELIANCE,EQ,"2,405.80","2,414.00","2,414.00","2,351.10","2,353.55","2,357.90","2,377.84",4252803,10112492555.1,197213,2480007.0,58.31
2022-10-12,RELIANCE,EQ,"2,357.90","2,352.00","2,381.70","2,343.10","2,377.00","2,375.25","2,368.06",3422992,8105861297.4,158484,1914563.0,55.93
2022-10-13,RELIANCE,EQ,"2,375.25","2,371.40","2,394.00","2,360.10","2,381.00","2,382.80","2,379.51",3382098,8047737069.2,163282,1976668.0,58.45
2022-10-14,RELIANCE,EQ,"2,382.80","2,415.00","2,416.35","2,369.10","2,371.75","2,370.70","2,392.60",4202459,10054822904.25,178804,2676992.0,63.70
2022-10-17,RELIANCE,BL,"2,377.75","2,370.70","2,370.70","2,370.70","2,370.70","2,370.70","2,370.70",3936069,9331238778.3,1,,-
2022-10-18,RELIANCE,EQ,"2,408.75","2,422.00","2,463.00","2,420.15","2,453.35","2,451.25","2,450.34",5729899,14040201497.4,193197,3210585.0,56.03
2022-10-19,RELIANCE,EQ,"2,451.25","2,454.50","2,527.85","2,441.70","2,496.00","2,493.90","2,499.51",8882553,22202063579.3,260623,3768892.0,42.43
2022-10-20,RELIANCE,EQ,"2,493.90","2,485.00","2,519.00","2,485.00","2,496.05","2,500.60","2,502.71",4022919,10068197552.85,152697,1994838.0,49.59
2022-10-21,RELIANCE,EQ,"2,500.60","2,507.70","2,516.80","2,467.00","2,470.00","2,471.60","2,491.53",3804352,9478648257.95,164406,1689855.0,44.42
2022-10-24,RELIANCE,EQ,"2,471.60","2,460.00","2,502.50","2,455.30","2,480.80","2,479.85","2,481.80",1555270,3859866818.15,68811,436975.0,28.10
2022-10-25,RELIANCE,EQ,"2,479.85","2,499.00","2,499.00","2,438.00","2,441.80","2,441.55","2,465.38",5645639,13918629427.8,199350,3473856.0,61.53
2022-10-27,RELIANCE,EQ,"2,441.55","2,458.00","2,468.45","2,432.80","2,459.20","2,451.15","2,448.82",5774775,14141365856.2,197403,3320289.0,57.50
2022-10-28,RELIANCE,EQ,"2,451.15","2,465.00","2,535.00","2,459.45","2,527.00","2,526.15","2,508.14",8126824,20383247305.2,313227,4021804.0,49.49
2022-10-31,RELIANCE,EQ,"2,526.15","2,541.00","2,560.95","2,532.20","2,545.80","2,549.60","2,548.29",5731802,14606311320.1,207585,3167712.0,55.27
2022-11-01,RELIANCE,EQ,"2,549.60","2,600.00","2,600.00","2,508.00","2,531.70","2,529.85","2,543.76",6443999,16391994975.9,243797,3434726.0,53.30
2022-11-02,RELIANCE,EQ,"2,529.85","2,532.30","2,550.20","2,515.00","2,542.55","2,545.65","2,535.59",4145144,10510378542.4,202520,2187290.0,52.77
2022-11-03,RELIANCE,EQ,"2,545.65","2,529.85","2,559.55","2,525.05","2,552.00","2,555.15","2,546.83",3089026,7867209428.75,122250,1536115.0,49.73
2022-11-04,RELIANCE,EQ,"2,555.15","2,553.90","2,600.00","2,551.10","2,594.20","2,592.75","2,582.57",5803737,14988568897.45,172676,3807151.0,65.60
2022-11-07,RELIANCE,EQ,"2,592.75","2,591.00","2,610.30","2,574.00","2,604.00","2,606.60","2,595.94",5440967,14124430758.45,195001,3275176.0,60.19
2022-11-09,RELIANCE,EQ,"2,606.60","2,610.30","2,621.95","2,590.05","2,593.70","2,604.00","2,610.46",5193814,13558251214.2,166982,3330006.0,64.11
2022-11-10,RELIANCE,EQ,"2,604.00","2,590.00","2,596.55","2,563.00","2,572.35","2,572.50","2,575.91",2753420,7092562040.1,133955,1524085.0,55.35
2022-11-11,RELIANCE,EQ,"2,572.50","2,600.00","2,636.00","2,588.00","2,630.00","2,631.80","2,614.60",5681124,14853880989.55,216539,3238628.0,57.01
2022-11-14,RELIANCE,EQ,"2,631.80","2,630.75","2,642.00","2,605.15","2,614.65","2,619.05","2,624.26",4173395,10952068321.5,185791,2400549.0,57.52
2022-11-15,RELIANCE,EQ,"2,619.05","2,622.30","2,626.40","2,590.00","2,607.20","2,607.30","2,603.39",3270388,8514100480.75,157977,1852654.0,56.65
2022-11-16,RELIANCE,EQ,"2,607.30","2,610.00","2,615.95","2,581.35","2,592.95","2,592.35","2,601.87",4484007,11666807298.05,145159,2919028.0,65.10
2022-11-17,RELIANCE,EQ,"2,592.35","2,584.95","2,613.00","2,580.00","2,598.95","2,599.05","2,599.58",3074259,7991793077.85,115328,1594081.0,51.85
2022-11-18,RELIANCE,EQ,"2,599.05","2,606.75","2,609.00","2,571.10","2,597.05","2,597.65","2,589.31",2447425,6337149845.85,104090,1215602.0,49.67
2022-11-21,RELIANCE,EQ,"2,597.65","2,588.00","2,588.00","2,543.10","2,548.00","2,550.90","2,556.28",2949108,7538748417.35,131742,1549394.0,52.54
2022-11-22,RELIANCE,EQ,"2,550.90","2,545.00","2,568.50","2,536.50","2,564.90","2,565.05","2,556.94",3051201,7801736581.0,138342,1643928.0,53.88
2022-11-23,RELIANCE,EQ,"2,565.05","2,575.00","2,577.90","2,552.25","2,557.50","2,557.05","2,561.22",2959787,7580660698.9,121346,1873450.0,63.30
2022-11-24,RELIANCE,EQ,"2,557.05","2,566.00","2,594.00","2,548.20","2,588.00","2,579.10","2,564.10",4333225,11110842573.85,154377,2723781.0,62.86
2022-11-25,RELIANCE,EQ,"2,579.10","2,589.00","2,624.90","2,582.10","2,612.75","2,617.60","2,605.35",3391988,8837331953.3,128621,1578251.0,46.53
2022-11-28,RELIANCE,EQ,"2,617.60","2,608.90","2,721.05","2,502.00","2,706.00","2,707.55","2,686.06",14549929,39081953191.85,322273,6794072.0,46.69
2022-11-29,RELIANCE,EQ,"2,707.55","2,703.95","2,731.65","2,694.00","2,708.35","2,712.20","2,713.16",5103687,13847136356.65,217704,2852331.0,55.89
2022-11-30,RELIANCE,EQ,"2,712.20","2,712.50","2,745.45","2,698.20","2,733.05","2,731.35","2,727.09",12075137,32929988867.0,276976,7780847.0,64.44
2022-12-01,RELIANCE,EQ,"2,731.35","2,741.80","2,755.00","2,716.00","2,725.25","2,723.30","2,738.93",4377696,11990209635.6,177158,2538726.0,57.99
2022-12-02,RELIANCE,EQ,"2,723.30","2,730.00","2,748.00","2,700.60","2,727.00","2,722.15","2,725.02",5348595,14575017227.75,204222,2999370.0,56.08
2022-12-05,RELIANCE,EQ,"2,722.15","2,712.00","2,716.75","2,678.00","2,682.00","2,682.45","2,694.53",6843367,18439668158.05,227194,4861671.0,71.04
2022-12-06,RELIANCE,EQ,"2,682.45","2,665.10","2,697.00","2,661.00","2,689.45","2,690.20","2,685.66",3966243,10651999752.8,156158,2204998.0,55.59
2022-12-07,RELIANCE,EQ,"2,690.20","2,685.00","2,695.00","2,642.15","2,647.00","2,650.50","2,665.31",3905263,10408739251.4,158784,2425575.0,62.11
2022-12-08,RELIANCE,EQ,"2,650.50","2,660.00","2,665.00","2,640.10","2,649.00","2,649.25","2,651.78",3579858,9492988488.55,144130,2190085.0,61.18
2022-12-09,RELIANCE,EQ,"2,649.25","2,646.00","2,660.00","2,601.85","2,609.50","2,609.10","2,627.54",5840633,15346488528.0,172574,3927269.0,67.24
2022-12-12,RELIANCE,EQ,"2,609.10","2,585.50","2,623.00","2,585.00","2,617.00","2,613.10","2,607.23",4374946,11406508900.6,151760,2439231.0,55.75
2022-12-13,RELIANCE,EQ,"2,613.10","2,613.10","2,633.00","2,606.70","2,622.00","2,625.00","2,622.04",3845839,10083940253.45,136575,2171219.0,56.46
2022-12-14,RELIANCE,EQ,"2,625.00","2,637.65","2,638.95","2,611.00","2,613.50","2,615.50","2,620.85",3354618,8791939261.6,149123,2135521.0,63.66
2022-12-15,RELIANCE,EQ,"2,615.50","2,602.50","2,615.00","2,571.00","2,580.00","2,578.35","2,590.74",4009765,10388261664.65,175220,2629878.0,65.59
2022-12-16,RELIANCE,EQ,"2,578.35","2,571.00","2,618.80","2,558.15","2,567.90","2,565.60","2,583.46",7308934,18882367676.1,216883,3995069.0,54.66
2022-12-19,RELIANCE,EQ,"2,565.60","2,581.00","2,604.00","2,566.70","2,603.00","2,599.30","2,582.95",3567363,9214319519.75,174281,1881722.0,52.75
2022-12-20,RELIANCE,EQ,"2,599.30","2,583.90","2,626.00","2,566.00","2,619.95","2,621.80","2,594.80",3446291,8942420886.85,165894,1567590.0,45.49
2022-12-21,RELIANCE,EQ,"2,621.80","2,621.00","2,633.00","2,576.10","2,583.20","2,584.50","2,601.19",3935463,10236889380.75,142775,1677915.0,42.64
2022-12-22,RELIANCE,EQ,"2,584.50","2,598.00","2,604.65","2,566.75","2,577.00","2,577.80","2,582.55",3438692,8880581065.9,149770,1490951.0,43.36
2022-12-23,RELIANCE,EQ,"2,577.80","2,563.30","2,590.50","2,492.25","2,508.50","2,502.20","2,540.02",4733657,12023588105.45,231798,2070781.0,43.75
2022-12-26,RELIANCE,EQ,"2,502.20","2,514.75","2,542.00","2,492.40","2,525.00","2,524.05","2,523.81",2764496,6977059265.3,117927,1225057.0,44.31
2022-12-27,RELIANCE,EQ,"2,524.05","2,530.00","2,548.80","2,515.25","2,542.70","2,544.70","2,534.62",2659749,6741452650.05,138609,1246382.0,46.86
2022-12-28,RELIANCE,EQ,"2,544.70","2,538.00","2,549.80","2,521.50","2,542.00","2,544.45","2,537.68",3442509,8735979365.75,158888,1908597.0,55.44
2022-12-29,RELIANCE,EQ,"2,544.45","2,527.00","2,548.90","2,525.50","2,544.95","2,543.30","2,536.86",3198493,8114144680.25,124496,1608415.0,50.29
2022-12-30,RELIANCE,EQ,"2,543.30","2,545.10","2,577.00","2,541.10","2,547.00","2,547.20","2,559.73",3364092,8611163857.75,147642,1557651.0,46.3
2023-01-02,RELIANCE,EQ,"2,547.20","2,550.00","2,579.00","2,548.20","2,577.90","2,575.90","2,564.68",2453414,6292210762.05,97175,1251899.0,51.03
2023-01-03,RELIANCE,EQ,"2,575.90","2,565.05","2,573.00","2,547.80","2,555.80","2,557.05","2,558.48",3534596,9043199290.7,135268,1876879.0,53.1
2023-01-04,RELIANCE,EQ,"2,557.05","2,557.00","2,561.05","2,514.00","2,516.65","2,518.55","2,529.71",4275746,10816399502.15,182754,2633647.0,61.6
2023-01-05,RELIANCE,EQ,"2,518.55","2,523.50","2,536.40","2,504.00","2,521.80","2,514.05","2,516.50",6293519,15837639744.3,197434,4398483.0,69.89
2023-01-06,RELIANCE,EQ,"2,514.05","2,526.65","2,547.95","2,518.30","2,537.00","2,536.90","2,534.90",2930338,7428125091.15,157118,1277644.0,43.6
2023-01-09,RELIANCE,EQ,"2,536.90","2,545.30","2,602.00","2,543.35","2,594.00","2,596.80","2,582.50",4948549,12779628419.65,254220,3120482.0,63.06
2023-01-10,RELIANCE,EQ,"2,596.80","2,606.00","2,606.00","2,546.00","2,561.95","2,558.40","2,568.83",3713755,9539991868.55,234537,2057669.0,55.41
2023-01-11,RELIANCE,EQ,"2,558.40","2,552.50","2,558.00","2,521.10","2,525.00","2,526.15","2,533.89",5311657,13459164952.45,208828,3471261.0,65.35
2023-01-12,RELIANCE,EQ,"2,526.15","2,524.85","2,532.50","2,465.00","2,475.00","2,471.60","2,487.49",8163366,20306272476.25,340401,5251960.0,64.34
2023-01-13,RELIANCE,EQ,"2,471.60","2,458.40","2,472.90","2,434.60","2,467.90","2,467.60","2,454.77",9515473,23358292572.35,328122,6324627.0,66.47
2023-01-16,RELIANCE,EQ,"2,467.60","2,472.70","2,479.65","2,427.00","2,444.50","2,444.10","2,445.10",6287407,15373325638.55,174901,4495622.0,71.5
2023-01-17,RELIANCE,EQ,"2,444.10","2,458.00","2,483.00","2,450.60","2,478.40","2,478.80","2,466.88",4961585,12239650262.85,205841,3003139.0,60.53
2023-01-18,RELIANCE,EQ,"2,478.80","2,473.50","2,491.10","2,460.35","2,474.70","2,474.70","2,476.84",6206382,15372236749.05,185546,4205017.0,67.75
2023-01-19,RELIANCE,EQ,"2,474.70","2,472.90","2,481.15","2,456.65","2,469.00","2,472.05","2,472.43",5510333,13623898939.8,153940,3731869.0,67.72
2023-01-20,RELIANCE,EQ,"2,472.05","2,475.00","2,475.00","2,437.25","2,443.00","2,442.65","2,452.37",6890325,16897629055.85,229958,4017843.0,58.31
2023-01-23,RELIANCE,EQ,"2,442.65","2,449.00","2,466.20","2,425.00","2,428.00","2,430.30","2,440.34",5055324,12336710126.65,218454,2919027.0,57.74
2023-01-24,RELIANCE,EQ,"2,430.30","2,440.00","2,443.65","2,387.35","2,413.00","2,415.95","2,414.29",7609558,18371644661.35,232964,4390622.0,57.7
2023-01-25,RELIANCE,EQ,"2,415.95","2,412.45","2,414.70","2,380.00","2,384.00","2,382.55","2,392.49",5715684,13674734133.05,334425,4112953.0,71.96
2023-01-27,RELIANCE,EQ,"2,382.55","2,384.40","2,387.35","2,311.65","2,339.00","2,337.35","2,337.64",11920991,27866937052.4,456285,8175005.0,68.58
2023-01-30,RELIANCE,EQ,"2,337.35","2,331.70","2,371.90","2,301.00","2,363.55","2,359.75","2,340.91",10047822,23521008144.6,312077,7139843.0,71.06
2023-01-31,RELIANCE,EQ,"2,359.75","2,382.00","2,387.65","2,341.00","2,356.65","2,353.85","2,354.47",10472167,24656384337.05,348674,7564934.0,72.24
2023-02-01,RELIANCE,EQ,"2,353.85","2,379.95","2,379.95","2,305.00","2,340.00","2,339.90","2,351.35",8929007,20995229704.3,312582,5772174.0,64.65
2023-02-02,RELIANCE,EQ,"2,339.90","2,318.00","2,348.00","2,311.00","2,325.00","2,326.95","2,324.91",6305317,14659321464.4,275957,4153622.0,65.87
2023-02-03,RELIANCE,EQ,"2,326.95","2,349.00","2,349.00","2,293.00","2,330.00","2,329.00","2,318.88",11398850,26432510094.95,406488,7973555.0,69.95
2023-02-06,RELIANCE,EQ,"2,329.00","2,315.00","2,321.00","2,305.80","2,312.90","2,311.45","2,311.92",6847679,15831318495.45,293805,5191602.0,75.82
2023-02-07,RELIANCE,EQ,"2,311.45","2,312.00","2,327.40","2,293.00","2,304.30","2,305.90","2,312.27",6985001,16151225520.2,281342,4749078.0,67.99
2023-02-08,RELIANCE,EQ,"2,305.90","2,313.00","2,359.90","2,307.00","2,349.65","2,351.95","2,344.97",9765490,22899822662.1,283018,6767529.0,69.3
2023-02-09,RELIANCE,EQ,"2,351.95","2,353.45","2,370.85","2,334.00","2,353.60","2,356.05","2,354.91",6079228,14316005705.25,264097,3862283.0,63.53
2023-02-10,RELIANCE,EQ,"2,356.05","2,354.90","2,354.90","2,321.30","2,336.50","2,336.65","2,331.77",4979789,11611724209.05,188258,2634108.0,52.9
2023-02-13,RELIANCE,EQ,"2,336.65","2,340.20","2,350.00","2,313.55","2,324.60","2,323.35","2,323.49",4777674,11100881219.9,151763,2780205.0,58.19
2023-02-14,RELIANCE,EQ,"2,323.35","2,329.95","2,381.90","2,323.65","2,380.00","2,378.10","2,365.58",6609564,15635420227.95,227277,4049724.0,61.27
2023-02-15,RELIANCE,EQ,"2,378.10","2,376.00","2,437.20","2,373.00","2,435.05","2,431.95","2,417.55",15461902,37379921255.85,338567,11644633.0,75.31
2023-02-16,RELIANCE,EQ,"2,431.95","2,449.45","2,463.80","2,425.05","2,427.50","2,430.05","2,445.33",7967558,19483314957.8,320609,5539874.0,69.53
2023-02-17,RELIANCE,EQ,"2,430.05","2,420.00","2,447.50","2,410.60","2,438.00","2,440.20","2,433.17",5450092,13260980980.85,172321,3430691.0,62.95
2023-02-20,RELIANCE,EQ,"2,440.20","2,445.00","2,449.75","2,410.10","2,414.70","2,414.40","2,429.58",4078245,9908416474.3,169244,2228609.0,54.65
2023-02-21,RELIANCE,EQ,"2,414.40","2,424.00","2,446.80","2,412.35","2,435.20","2,434.10","2,428.09",6143298,14916458652.9,190616,3795226.0,61.78
2023-02-22,RELIANCE,EQ,"2,434.10","2,425.95","2,430.00","2,375.05","2,377.00","2,378.90","2,395.74",5087729,12188888236.7,204778,3193068.0,62.76
2023-02-23,RELIANCE,EQ,"2,378.90","2,378.00","2,394.75","2,361.35","2,366.50","2,367.50","2,377.10",4546655,10807833963.95,176202,2500479.0,55.0
2023-02-24,RELIANCE,EQ,"2,367.50","2,372.00","2,396.15","2,368.00","2,387.90","2,383.70","2,381.54",4353814,10368796539.4,157064,2464268.0,56.6
2023-02-27,RELIANCE,EQ,"2,383.70","2,382.00","2,389.65","2,351.70","2,365.05","2,367.85","2,366.20",5168667,12230093429.05,193653,3233733.0,62.56
2023-02-28,RELIANCE,EQ,"2,367.85","2,356.10","2,367.00","2,313.65","2,319.95","2,322.55","2,333.98",10150245,23690436663.8,313946,6372032.0,62.78
2023-03-01,RELIANCE,EQ,"2,322.55","2,344.00","2,345.50","2,323.25","2,345.40","2,343.90","2,336.64",5330852,12456284409.25,230019,3103711.0,58.22
2023-03-02,RELIANCE,EQ,"2,343.90","2,337.00","2,351.65","2,321.60","2,329.40","2,326.05","2,333.58",4307425,10051732048.9,188182,2422136.0,56.23
2023-03-03,RELIANCE,EQ,"2,326.05","2,349.15","2,393.45","2,341.55","2,382.00","2,385.40","2,366.67",6758115,15994200481.7,197227,4146741.0,61.36
2023-03-06,RELIANCE,EQ,"2,385.40","2,400.00","2,424.60","2,400.00","2,409.70","2,408.70","2,412.27",4694338,11324034037.1,155650,2606276.0,55.52
2023-03-08,RELIANCE,EQ,"2,408.70","2,408.70","2,419.00","2,385.00","2,416.50","2,417.35","2,407.08",7283694,17532425276.0,182199,4111112.0,56.44
2023-03-09,RELIANCE,EQ,"2,417.35","2,416.00","2,416.90","2,355.10","2,360.00","2,359.25","2,377.08",7492509,17810328720.9,232305,4508290.0,60.17
2023-03-10,RELIANCE,EQ,"2,359.25","2,341.50","2,344.00","2,315.05","2,326.00","2,322.70","2,324.06",6153681,14301540668.5,257596,3300623.0,53.64
2023-03-13,RELIANCE,EQ,"2,322.70","2,329.00","2,344.00","2,275.00","2,288.00","2,284.50","2,307.72",5894088,13601904297.45,256526,2674835.0,45.38
2023-03-14,RELIANCE,EQ,"2,284.50","2,280.00","2,304.95","2,269.05","2,279.00","2,275.95","2,285.47",7396699,16904904240.65,266523,3419876.0,46.24
2023-03-15,RELIANCE,EQ,"2,275.95","2,284.10","2,298.30","2,227.40","2,237.45","2,237.05","2,263.32",10027725,22695925219.15,371953,6137251.0,61.2
2023-03-16,RELIANCE,EQ,"2,237.05","2,243.00","2,254.00","2,202.20","2,229.50","2,225.90","2,229.58",8474595,18894758462.15,366871,4738415.0,55.91
2023-03-17,RELIANCE,EQ,"2,225.90","2,244.75","2,251.95","2,212.70","2,224.40","2,223.10","2,226.05",15697554,34943597049.6,302341,11467951.0,73.06
2023-03-20,RELIANCE,EQ,"2,223.10","2,215.00","2,220.00","2,180.00","2,211.15","2,201.25","2,194.09",9010595,19770027745.25,369095,5060920.0,56.17
2023-03-21,RELIANCE,EQ,"2,201.25","2,218.95","2,274.00","2,217.00","2,272.00","2,269.70","2,256.48",9876263,22285572145.65,342611,5172557.0,52.37
2023-03-22,RELIANCE,EQ,"2,269.70","2,285.00","2,291.45","2,270.00","2,274.30","2,276.60","2,281.22",5039622,11496491661.4,195193,3089805.0,61.31
2023-03-23,RELIANCE,EQ,"2,276.60","2,268.00","2,269.90","2,243.05","2,247.60","2,247.80","2,253.68",7499082,16900552054.3,187678,5254204.0,70.06
2023-03-24,RELIANCE,EQ,"2,247.80","2,245.25","2,250.00","2,198.00","2,204.90","2,203.30","2,221.83",5711497,12689975563.6,231777,3521704.0,61.66
2023-03-27,RELIANCE,EQ,"2,203.30","2,217.50","2,254.00","2,200.20","2,238.80","2,237.55","2,237.36",6486068,14511643743.5,217981,3399932.0,52.42
2023-03-28,RELIANCE,EQ,"2,237.55","2,245.00","2,256.50","2,237.00","2,247.05","2,248.00","2,246.61",5804018,13039373592.9,200011,3651674.0,62.92
2023-03-29,RELIANCE,EQ,"2,248.00","2,239.00","2,244.80","2,211.10","2,242.20","2,234.70","2,228.64",8678073,19340293216.9,294929,5360948.0,61.78
2023-03-31,RELIANCE,EQ,"2,234.70","2,255.00","2,343.45","2,254.70","2,330.95","2,331.05","2,315.77",13001005,30107314074.9,446320,8037003.0,61.82
2023-04-03,RELIANCE,EQ,"2,331.05","2,345.00","2,349.00","2,315.00","2,331.05","2,331.45","2,327.86",4750238,11057879559.9,192147,2598875.0,54.71
2023-04-05,RELIANCE,EQ,"2,331.45","2,348.00","2,348.00","2,308.55","2,324.10","2,325.85","2,325.64",7505339,17454736439.85,215635,3286758.0,43.79
2023-04-06,RELIANCE,EQ,"2,325.85","2,318.15","2,354.00","2,318.15","2,340.15","2,341.45","2,341.09",8507771,19917429621.5,201019,3066395.0,36.04
2023-04-10,RELIANCE,EQ,"2,341.45","2,350.00","2,350.40","2,321.55","2,324.05","2,324.85","2,337.29",5981688,13980969369.4,146678,2497661.0,41.76
2023-04-11,RELIANCE,EQ,"2,324.85","2,334.00","2,341.00","2,324.05","2,334.10","2,336.35","2,333.10",4865301,11351255127.75,151084,3237435.0,66.54
2023-04-12,RELIANCE,EQ,"2,336.35","2,336.35","2,367.80","2,330.05","2,346.70","2,346.65","2,347.57",8389646,19695262387.55,187546,5437346.0,64.81
2023-04-13,RELIANCE,EQ,"2,346.65","2,353.00","2,365.80","2,342.00","2,356.00","2,355.50","2,354.04",5712541,13447564946.75,173375,3283242.0,57.47
2023-04-17,RELIANCE,EQ,"2,355.50","2,424.95","2,424.95","2,349.05","2,367.35","2,367.45","2,371.58",8274452,19623493252.4,198022,5243193.0,63.37
2023-04-18,RELIANCE,EQ,"2,367.45","2,377.00","2,377.00","2,326.00","2,340.40","2,340.35","2,341.54",4802172,11244458267.8,159024,2150217.0,44.78
2023-04-19,RELIANCE,EQ,"2,340.35","2,339.05","2,357.90","2,332.20","2,348.80","2,352.00","2,347.73",5664207,13298039126.0,146728,2562595.0,45.24
2023-04-20,RELIANCE,EQ,"2,352.00","2,354.10","2,359.00","2,332.10","2,345.00","2,346.05","2,342.63",3233882,7575782937.9,142307,1328115.0,41.07
2023-04-21,RELIANCE,EQ,"2,346.05","2,350.65","2,361.00","2,336.40","2,351.00","2,349.00","2,348.70",3529236,8289102461.7,151695,1901194.0,53.87
2023-04-24,RELIANCE,EQ,"2,349.00","2,375.00","2,380.90","2,348.00","2,360.50","2,358.00","2,360.70",5970048,14093509408.65,217965,2751711.0,46.09
2023-04-25,RELIANCE,EQ,"2,358.00","2,366.00","2,380.60","2,350.50","2,373.45","2,376.05","2,365.75",4262471,10083930491.2,151700,2086689.0,48.95
2023-04-26,RELIANCE,EQ,"2,376.05","2,379.00","2,386.10","2,354.05","2,361.90","2,362.10","2,363.34",3977129,9399318934.15,159924,2098237.0,52.76
2023-04-27,RELIANCE,EQ,"2,362.10","2,375.00","2,384.00","2,364.00","2,381.70","2,377.05","2,373.05",4230627,10039493207.75,151491,2032293.0,48.04
2023-04-28,RELIANCE,EQ,"2,377.05","2,382.00","2,423.90","2,381.75","2,419.90","2,420.50","2,409.46",7183342,17307947047.8,226856,4054041.0,56.44
2023-05-02,RELIANCE,EQ,"2,420.50","2,436.20","2,445.80","2,428.10","2,440.20","2,441.05","2,438.83",5991101,14611250968.3,213010,3888221.0,64.9
2023-05-03,RELIANCE,EQ,"2,441.05","2,445.00","2,445.00","2,413.05","2,418.00","2,420.10","2,423.03",3259053,7896775124.85,122949,1826435.0,56.04
2023-05-04,RELIANCE,EQ,"2,420.10","2,421.15","2,452.85","2,414.60","2,445.95","2,448.00","2,438.20",3985159,9716626291.25,148384,1741751.0,43.71
2023-05-05,RELIANCE,EQ,"2,448.00","2,441.00","2,461.35","2,436.00","2,441.00","2,441.75","2,447.86",4036548,9880900102.3,171662,1538067.0,38.1
2023-05-08,RELIANCE,EQ,"2,441.75","2,450.00","2,483.65","2,444.15","2,471.00","2,471.90","2,468.41",4224469,10427725788.55,169304,2401148.0,56.84
2023-05-09,RELIANCE,EQ,"2,471.90","2,475.00","2,486.80","2,463.25","2,476.70","2,479.55","2,476.94",2983468,7389873116.3,167950,1471944.0,49.34
2023-05-10,RELIANCE,EQ,"2,479.55","2,490.00","2,499.85","2,481.20","2,492.00","2,496.60","2,493.65",5017544,12512018443.7,147588,2795603.0,55.72
2023-05-11,RELIANCE,EQ,"2,496.60","2,498.95","2,509.50","2,476.55","2,482.00","2,480.30","2,494.02",4872451,12151966094.1,190308,2018589.0,41.43
2023-05-12,RELIANCE,EQ,"2,480.30","2,469.80","2,487.40","2,456.50","2,481.90","2,484.35","2,473.50",3209889,7939658229.75,116311,1662095.0,51.78
2023-05-15,RELIANCE,EQ,"2,484.35","2,489.90","2,504.55","2,473.15","2,484.75","2,489.25","2,492.24",3153587,7859481400.85,139761,1640574.0,52.02
2023-05-16,RELIANCE,EQ,"2,489.25","2,494.00","2,499.60","2,450.15","2,454.55","2,453.80","2,474.17",4023000,9953570679.5,202246,2154699.0,53.56
2023-05-17,RELIANCE,EQ,"2,453.80","2,463.00","2,465.00","2,429.00","2,442.00","2,439.30","2,444.63",4060722,9926961637.2,155508,1602975.0,39.48
2023-05-18,RELIANCE,EQ,"2,439.30","2,449.55","2,457.00","2,427.15","2,433.00","2,434.05","2,443.67",4857531,11870219947.45,145659,1004981.0,20.69
2023-05-19,RELIANCE,EQ,"2,434.05","2,434.05","2,445.95","2,418.85","2,444.00","2,441.95","2,432.71",3715280,9038204553.15,118264,1398819.0,37.65
2023-05-22,RELIANCE,EQ,"2,441.95","2,435.00","2,466.00","2,432.35","2,454.50","2,455.00","2,455.77",3431208,8426266009.2,122501,1202296.0,35.04
2023-05-23,RELIANCE,EQ,"2,455.00","2,460.65","2,468.00","2,451.45","2,453.00","2,454.55","2,460.13",2811473,6916583531.4,121065,1484525.0,52.8
2023-05-24,RELIANCE,EQ,"2,454.55","2,445.90","2,464.00","2,433.45","2,441.00","2,440.25","2,447.77",3743804,9163984988.7,132191,1828787.0,48.85
2023-05-25,RELIANCE,EQ,"2,440.25","2,433.90","2,449.00","2,416.05","2,444.85","2,439.95","2,430.14",5301647,12883732875.05,136521,2232701.0,42.11
2023-05-26,RELIANCE,EQ,"2,439.95","2,458.00","2,509.00","2,450.75","2,508.80","2,506.50","2,489.54",5827017,14506612501.75,197182,2889346.0,49.59
2023-05-29,RELIANCE,EQ,"2,506.50","2,521.00","2,530.00","2,507.20","2,518.20","2,520.60","2,519.76",4619754,11640658051.85,184530,2505419.0,54.23
2023-05-30,RELIANCE,EQ,"2,520.60","2,520.60","2,537.70","2,514.35","2,520.55","2,519.95","2,524.94",5234564,13216961279.0,173212,2645328.0,50.54
2023-05-31,RELIANCE,EQ,"2,519.95","2,500.00","2,509.85","2,461.00","2,466.95","2,469.90","2,477.34",12510304,30992295693.45,289027,8730857.0,69.79
2023-06-01,RELIANCE,EQ,"2,469.90","2,480.15","2,484.90","2,458.00","2,467.00","2,463.25","2,472.06",6734525,16648139919.55,216233,4083929.0,60.64
2023-06-02,RELIANCE,EQ,"2,463.25","2,471.00","2,482.85","2,451.00","2,455.25","2,455.20","2,459.32",7291995,17933384336.15,160655,5068213.0,69.50
2023-06-05,RELIANCE,EQ,"2,455.20","2,467.20","2,483.75","2,458.45","2,479.95","2,477.25","2,470.14",5034355,12435536493.3,161758,3413545.0,67.81
2023-06-06,RELIANCE,EQ,"2,477.25","2,483.45","2,487.70","2,462.00","2,483.80","2,479.35","2,473.70",3458161,8554457378.7,167754,1830127.0,52.92
2023-06-07,RELIANCE,EQ,"2,479.35","2,487.00","2,500.00","2,472.60","2,498.00","2,498.15","2,487.06",4759238,11836509766.3,187387,2501664.0,52.56
2023-06-08,RELIANCE,EQ,"2,498.15","2,506.00","2,516.85","2,491.00","2,505.00","2,499.65","2,504.11",5570815,13949925583.1,176663,2355465.0,42.28
2023-06-09,RELIANCE,EQ,"2,499.65","2,507.00","2,508.55","2,478.00","2,482.00","2,481.95","2,493.99",2712243,6764300003.7,154585,1259707.0,46.45
2023-06-12,RELIANCE,EQ,"2,481.95","2,475.50","2,489.20","2,465.00","2,488.00","2,484.15","2,479.76",2949893,7315018537.5,155197,1674191.0,56.75
2023-06-13,RELIANCE,EQ,"2,484.15","2,495.00","2,523.45","2,486.25","2,517.90","2,520.85","2,509.06",5190958,13024409119.2,179929,3392279.0,65.35
2023-06-14,RELIANCE,EQ,"2,520.85","2,521.00","2,555.00","2,517.00","2,546.25","2,551.85","2,541.35",6127509,15572120760.55,255684,4043667.0,65.99
2023-06-15,RELIANCE,EQ,"2,551.85","2,551.80","2,562.55","2,535.50","2,550.15","2,552.55","2,551.63",5451926,13911315989.45,193503,2960975.0,54.31
2023-06-16,RELIANCE,EQ,"2,552.55","2,560.20","2,582.40","2,560.20","2,575.00","2,577.40","2,574.79",11155180,28722202805.5,237630,8075240.0,72.39
2023-06-19,RELIANCE,EQ,"2,577.40","2,584.00","2,584.00","2,542.65","2,550.50","2,551.80","2,555.84",3137532,8019025286.3,130037,1688183.0,53.81
2023-06-20,RELIANCE,EQ,"2,551.80","2,547.55","2,564.00","2,535.00","2,561.50","2,557.10","2,548.60",3194085,8140454943.7,119189,2150522.0,67.33
2023-06-21,RELIANCE,EQ,"2,557.10","2,557.00","2,569.85","2,548.00","2,564.90","2,564.30","2,561.96",3212779,8231021944.9,135010,1972217.0,61.39
2023-06-22,RELIANCE,EQ,"2,564.30","2,556.00","2,573.30","2,532.00","2,539.00","2,535.50","2,551.25",3516244,8970824759.4,179274,1838674.0,52.29
2023-06-23,RELIANCE,EQ,"2,535.50","2,528.90","2,533.40","2,512.00","2,517.80","2,514.75","2,521.55",3059084,7713644596.4,136010,1521122.0,49.72
2023-06-26,RELIANCE,EQ,"2,514.75","2,507.00","2,515.40","2,488.70","2,495.25","2,495.55","2,500.04",5833893,14584960042.7,140793,4605047.0,78.94
2023-06-27,RELIANCE,EQ,"2,495.55","2,496.55","2,509.50","2,486.65","2,495.00","2,496.45","2,496.25",4471687,11162430554.95,157574,3361328.0,75.17
2023-06-28,RELIANCE,EQ,"2,496.45","2,513.00","2,537.85","2,497.85","2,530.35","2,529.50","2,525.48",5239872,13233213873.0,190293,3123960.0,59.62
2023-06-30,RELIANCE,EQ,"2,529.50","2,546.40","2,556.65","2,533.45","2,553.35","2,550.25","2,543.75",5146441,13091251360.2,223168,3324585.0,64.60
2023-07-03,RELIANCE,EQ,"2,550.25","2,558.05","2,622.00","2,555.35","2,612.00","2,615.70","2,596.46",5609248,14564207451.25,205284,2874114.0,51.24
2023-07-04,RELIANCE,EQ,"2,615.70","2,625.00","2,625.00","2,573.25","2,588.00","2,588.75","2,588.64",3720447,9630911136.45,157756,1904092.0,51.18
2023-07-05,RELIANCE,EQ,"2,588.75","2,609.00","2,609.00","2,575.80","2,588.00","2,584.50","2,585.90",4729479,12229954790.4,163146,3256582.0,68.86
2023-07-06,RELIANCE,EQ,"2,584.50","2,576.05","2,644.45","2,576.05","2,633.30","2,638.75","2,628.55",8822948,23191525858.6,242971,4669172.0,52.92
2023-07-07,RELIANCE,EQ,"2,638.75","2,635.00","2,664.95","2,628.00","2,629.00","2,633.60","2,645.39",6172684,16329164522.95,231715,3347628.0,54.23
2023-07-10,RELIANCE,EQ,"2,633.60","2,688.90","2,756.00","2,675.00","2,735.25","2,735.05","2,729.55",15340262,41871995571.75,452960,8433744.0,54.98
2023-07-11,RELIANCE,EQ,"2,735.05","2,752.90","2,770.00","2,737.60","2,769.00","2,764.70","2,755.34",9262001,25519975405.9,306208,6363890.0,68.71
2023-07-12,RELIANCE,EQ,"2,764.70","2,766.30","2,802.00","2,761.65","2,765.00","2,767.75","2,781.60",8645662,24048764830.55,348082,5463716.0,63.20
2023-07-13,RELIANCE,EQ,"2,767.75","2,783.90","2,799.00","2,737.25","2,748.00","2,743.00","2,774.19",6776172,18798357651.3,254196,3888690.0,57.39
2023-07-14,RELIANCE,EQ,"2,743.00","2,750.00","2,760.90","2,725.10","2,751.00","2,740.70","2,739.02",6979790,19117813181.4,201319,4176465.0,59.84
2023-07-17,RELIANCE,EQ,"2,740.70","2,747.00","2,815.05","2,728.00","2,795.20","2,796.70","2,780.30",10254545,28510731060.6,386729,5821720.0,56.77
2023-07-18,RELIANCE,EQ,"2,796.70","2,817.00","2,837.45","2,793.00","2,822.60","2,820.45","2,814.75",11937761,33601845465.45,332862,7444962.0,62.36
2023-07-19,RELIANCE,EQ,"2,820.45","2,830.00","2,856.00","2,797.00","2,853.00","2,841.85","2,826.91",18054869,51039578142.75,441824,12100679.0,67.02
2023-07-20,RELIANCE,EQ,"2,841.85","2,580.00","2,630.95","2,580.00","2,623.00","2,619.85","2,614.00",19358812,50603956720.15,415393,13384709.0,69.14
2023-07-21,RELIANCE,EQ,"2,619.85","2,609.00","2,614.90","2,523.60","2,555.00","2,538.75","2,549.83",15124619,38565157004.35,457107,8224861.0,54.38
2023-07-24,RELIANCE,EQ,"2,538.75","2,481.00","2,514.95","2,469.30","2,488.00","2,487.40","2,491.60",11863933,29560118805.0,441158,7852002.0,66.18
2023-07-25,RELIANCE,EQ,"2,487.40","2,494.00","2,505.20","2,480.00","2,484.00","2,485.80","2,492.71",6013010,14988681530.35,242346,4192118.0,69.72
2023-07-26,RELIANCE,EQ,"2,485.80","2,485.00","2,547.00","2,485.00","2,526.00","2,526.20","2,526.43",6455506,16309370484.5,255390,3254913.0,50.42
2023-07-27,RELIANCE,EQ,"2,526.20","2,534.05","2,537.65","2,490.35","2,515.00","2,502.70","2,509.19",8613449,21612819116.55,299635,6048843.0,70.23
2023-07-28,RELIANCE,EQ,"2,502.70","2,512.05","2,542.85","2,500.55","2,528.20","2,527.85","2,518.80",10413926,26230615302.1,333806,4514438.0,43.35
2023-07-31,RELIANCE,EQ,"2,527.85","2,527.85","2,553.90","2,517.95","2,546.00","2,549.25","2,540.69",4275587,10862927967.25,169076,2741873.0,64.13
2023-08-01,RELIANCE,EQ,"2,549.25","2,555.00","2,559.00","2,505.30","2,517.70","2,513.20","2,524.85",4768316,12039288137.45,198132,3178513.0,66.66
2023-08-02,RELIANCE,EQ,"2,513.20","2,509.20","2,512.00","2,463.60","2,484.05","2,486.35","2,485.51",6374107,15842903032.05,330411,4010715.0,62.92
2023-08-03,RELIANCE,EQ,"2,486.35","2,475.30","2,500.90","2,458.05","2,474.50","2,475.90","2,474.27",5084175,12579630763.1,227047,2499801.0,49.17
2023-08-04,RELIANCE,EQ,"2,475.90","2,498.80","2,516.00","2,471.60","2,508.00","2,509.55","2,497.26",11442805,28575603699.1,292077,5497151.0,48.04
2023-08-07,RELIANCE,EQ,"2,509.55","2,521.00","2,528.40","2,505.00","2,523.50","2,523.85","2,518.85",2991435,7534973865.1,144288,1730550.0,57.85
2023-08-08,RELIANCE,EQ,"2,523.85","2,528.00","2,534.45","2,499.55","2,503.75","2,508.65","2,514.67",4922036,12377291186.25,199690,3612658.0,73.40
2023-08-09,RELIANCE,EQ,"2,508.65","2,504.85","2,529.00","2,481.10","2,522.00","2,525.20","2,499.68",5743293,14356384371.85,269092,3631495.0,63.23
2023-08-10,RELIANCE,EQ,"2,525.20","2,524.95","2,550.00","2,508.45","2,536.00","2,536.45","2,533.24",7735299,19595355860.3,257586,5062180.0,65.44
2023-08-11,RELIANCE,EQ,"2,536.45","2,532.45","2,558.85","2,512.35","2,542.00","2,547.15","2,535.53",11089665,28118225498.75,247074,4776599.0,43.07
2023-08-14,RELIANCE,EQ,"2,547.15","2,539.00","2,582.30","2,525.00","2,573.20","2,577.25","2,563.04",4787906,12271588459.95,248402,2648259.0,55.31
2023-08-16,RELIANCE,EQ,"2,577.25","2,551.00","2,582.80","2,551.00","2,571.95","2,575.15","2,568.15",5101556,13101545280.6,157128,3198471.0,62.70
2023-08-17,RELIANCE,EQ,"2,575.15","2,567.10","2,578.10","2,532.85","2,534.05","2,538.00","2,550.82",6836872,17439652935.65,305866,4207479.0,61.54
2023-08-18,RELIANCE,EQ,"2,538.00","2,531.25","2,577.60","2,508.55","2,551.05","2,556.80","2,543.13",9319989,23701983763.1,293106,3643586.0,39.09
2023-08-21,RELIANCE,EQ,"2,556.80","2,539.95","2,555.45","2,515.65","2,519.50","2,520.00","2,528.76",4610873,11659793136.25,186604,2428001.0,52.66
2023-08-22,RELIANCE,EQ,"2,520.00","2,516.90","2,537.95","2,499.00","2,523.00","2,519.40","2,522.49",3856522,9728035039.3,234127,1947489.0,50.50
2023-08-23,RELIANCE,EQ,"2,519.40","2,524.20","2,542.85","2,516.95","2,518.20","2,522.20","2,528.38",4758976,12032500977.45,186890,1994368.0,41.91
2023-08-24,RELIANCE,EQ,"2,522.20","2,539.90","2,539.90","2,471.00","2,475.80","2,479.80","2,505.26",7070010,17712228152.35,277360,3581724.0,50.66
2023-08-25,RELIANCE,EQ,"2,479.80","2,456.00","2,505.00","2,442.60","2,461.90","2,468.35","2,475.31",11111200,27503665768.5,309987,4889628.0,44.01
2023-08-28,RELIANCE,EQ,"2,468.35","2,472.00","2,484.00","2,431.10","2,436.95","2,443.75","2,465.38",6290413,15508240986.2,248985,2619323.0,41.64
2023-08-29,RELIANCE,EQ,"2,443.75","2,452.05","2,453.45","2,408.15","2,422.00","2,420.35","2,425.23",8438322,20464839388.1,319838,4978720.0,59.00
2023-08-30,RELIANCE,EQ,"2,420.35","2,432.00","2,443.00","2,415.00","2,419.40","2,418.05","2,426.59",6084473,14764544103.55,220096,3522177.0,57.89
2023-08-31,RELIANCE,EQ,"2,418.05","2,423.00","2,425.00","2,399.90","2,408.00","2,407.00","2,410.24",10819300,26077096813.9,263614,7136660.0,65.96
2023-09-01,RELIANCE,EQ,"2,407.00","2,406.55","2,425.65","2,401.65","2,411.40","2,412.65","2,413.40",9056421,21856799694.25,285753,2515754.0,27.78
2023-09-04,RELIANCE,EQ,"2,412.65","2,412.65","2,423.65","2,405.30","2,411.05","2,410.70","2,413.56",4673813,11280512429.6,167154,3008596.0,64.37
2023-09-05,RELIANCE,EQ,"2,410.70","2,420.00","2,433.95","2,412.45","2,426.00","2,423.60","2,423.22",4337938,10511762468.35,160296,2371462.0,54.67
2023-09-06,RELIANCE,EQ,"2,423.60","2,421.10","2,436.15","2,417.25","2,426.35","2,428.70","2,427.46",4100185,9953029723.5,168907,2493776.0,60.82
2023-09-07,RELIANCE,EQ,"2,428.70","2,421.70","2,438.25","2,411.00","2,431.00","2,432.00","2,424.86",6826286,16552769825.75,176371,2366188.0,34.66
2023-09-08,RELIANCE,EQ,"2,432.00","2,440.00","2,456.00","2,422.95","2,451.00","2,448.20","2,435.83",11554644,28145173638.3,203161,4939162.0,42.75
2023-09-11,RELIANCE,EQ,"2,448.20","2,452.00","2,476.85","2,452.00","2,473.05","2,474.60","2,468.87",6635537,16382249910.1,216515,4578581.0,69.00
2023-09-12,RELIANCE,EQ,"2,474.60","2,483.00","2,483.00","2,435.95","2,437.00","2,438.85","2,451.73",8127833,19927245602.5,230277,5195321.0,63.92
2023-09-13,RELIANCE,EQ,"2,438.85","2,440.00","2,462.65","2,426.25","2,450.10","2,451.05","2,451.78",6401669,15695491695.65,153034,4355322.0,68.03
2023-09-14,RELIANCE,EQ,"2,451.05","2,460.00","2,465.80","2,445.00","2,456.00","2,453.30","2,454.20",4604818,11301141212.65,259706,1647002.0,35.77
2023-09-15,RELIANCE,EQ,"2,453.30","2,468.00","2,468.00","2,449.50","2,452.50","2,457.85","2,458.32",12734296,31304996690.8,172228,6408116.0,50.32
2023-09-18,RELIANCE,EQ,"2,457.85","2,440.05","2,451.00","2,432.05","2,434.00","2,436.45","2,442.35",3758150,9178715239.4,135713,2612554.0,69.52
2023-09-20,RELIANCE,EQ,"2,436.45","2,423.05","2,427.60","2,355.00","2,380.65","2,382.15","2,377.79",28540942,67864489357.8,350883,22544832.0,78.99
2023-09-21,RELIANCE,EQ,"2,382.15","2,374.95","2,390.10","2,360.00","2,365.00","2,364.80","2,370.70",6113091,14492294094.8,292445,2946892.0,48.21
2023-09-22,RELIANCE,EQ,"2,364.80","2,376.00","2,382.45","2,350.00","2,356.50","2,354.95","2,363.47",9588393,22661897562.05,302933,4157657.0,43.36
2023-09-25,RELIANCE,EQ,"2,354.95","2,350.40","2,360.70","2,335.10","2,339.50","2,340.45","2,343.52",7127442,16703285186.15,266745,5016282.0,70.38
2023-09-26,RELIANCE,EQ,"2,340.45","2,338.55","2,350.20","2,335.60","2,340.00","2,342.50","2,342.35",5043891,11814581030.5,168749,3432787.0,68.06
2023-09-27,RELIANCE,EQ,"2,342.50","2,343.50","2,371.80","2,338.50","2,371.00","2,368.90","2,355.73",5861389,13807821671.35,233089,3763425.0,64.21
2023-09-28,RELIANCE,EQ,"2,368.90","2,383.00","2,383.00","2,325.00","2,339.00","2,334.10","2,352.03",7259173,17073806729.35,283992,4008145.0,55.21
2023-09-29,RELIANCE,EQ,"2,334.10","2,341.80","2,369.10","2,334.10","2,342.05","2,345.00","2,350.92",6171007,14507525911.6,178898,2643270.0,42.83
2023-10-03,RELIANCE,EQ,"2,345.00","2,329.95","2,335.60","2,316.00","2,318.40","2,318.15","2,322.04",4429528,10285526678.7,192207,2868867.0,64.77
2023-10-04,RELIANCE,EQ,"2,318.15","2,309.00","2,319.00","2,295.10","2,314.10","2,314.15","2,304.24",5143193,11851141943.5,261511,3355575.0,65.24
2023-10-05,RELIANCE,EQ,"2,314.15","2,319.25","2,329.40","2,309.00","2,312.90","2,314.10","2,317.43",5476841,12692181391.5,220239,2561741.0,46.77
2023-10-06,RELIANCE,EQ,"2,314.10","2,317.05","2,324.80","2,312.05","2,317.65","2,318.00","2,318.80",2715513,6296730156.55,165579,1427644.0,52.57
2023-10-09,RELIANCE,EQ,"2,318.00","2,308.10","2,311.95","2,295.00","2,295.15","2,298.25","2,302.95",3788439,8724597410.05,215473,2577507.0,68.04
2023-10-10,RELIANCE,EQ,"2,298.25","2,306.55","2,317.90","2,303.75","2,310.30","2,308.40","2,309.03",5118016,11817666201.85,240623,3955663.0,77.29
2023-10-11,RELIANCE,EQ,"2,308.40","2,314.45","2,349.70","2,313.00","2,345.75","2,345.05","2,333.86",4907059,11452367310.5,199005,3096183.0,63.10
2023-10-12,RELIANCE,EQ,"2,345.05","2,343.85","2,359.35","2,338.15","2,347.35","2,349.40","2,350.76",6277225,14756275104.15,231306,3727893.0,59.39
2023-10-13,RELIANCE,EQ,"2,349.40","2,340.00","2,357.50","2,329.15","2,344.95","2,349.30","2,344.56",5075158,11898999931.9,196532,2618430.0,51.59
2023-10-16,RELIANCE,EQ,"2,349.30","2,345.00","2,354.55","2,336.00","2,345.80","2,344.05","2,346.59",2964518,6956522674.05,174031,1762828.0,59.46
2023-10-17,RELIANCE,EQ,"2,344.05","2,356.00","2,359.70","2,341.30","2,356.20","2,355.25","2,350.51",3964090,9317649591.75,132520,2678581.0,67.57
2023-10-18,RELIANCE,EQ,"2,355.25","2,355.25","2,367.00","2,321.00","2,321.40","2,324.00","2,341.91",4459160,10442944805.7,197131,2539983.0,56.96
2023-10-19,RELIANCE,EQ,"2,324.00","2,312.00","2,321.80","2,301.00","2,304.65","2,306.15","2,310.08",6016278,13898102710.85,306999,3493259.0,58.06
2023-10-20,RELIANCE,EQ,"2,306.15","2,300.00","2,314.70","2,296.30","2,296.60","2,299.10","2,302.59",4456656,10261859218.6,236801,2928079.0,65.70
2023-10-23,RELIANCE,EQ,"2,299.10","2,290.00","2,306.25","2,255.25","2,262.90","2,263.20","2,283.24",3926981,8966223109.05,229519,2480829.0,63.17
2023-10-25,RELIANCE,EQ,"2,263.20","2,250.05","2,281.20","2,243.00","2,256.00","2,257.95","2,261.49",5810344,13140035999.6,276253,3242064.0,55.80
2023-10-26,RELIANCE,EQ,"2,257.95","2,251.00","2,258.00","2,220.30","2,223.00","2,226.50","2,232.86",7611267,16994910102.9,349499,5001208.0,65.71
2023-10-27,RELIANCE,EQ,"2,226.50","2,240.00","2,273.50","2,235.95","2,266.15","2,265.80","2,262.35",5885542,13315143153.75,247495,3669399.0,62.35
2023-10-30,RELIANCE,EQ,"2,265.80","2,274.00","2,325.00","2,269.95","2,309.00","2,312.50","2,310.35",8406652,19422270423.05,352375,4926931.0,58.61
2023-10-31,RELIANCE,EQ,"2,312.50","2,328.00","2,328.00","2,282.90","2,289.00","2,287.90","2,302.76",6404219,14747354996.7,285198,4244985.0,66.28
2023-11-01,RELIANCE,EQ,"2,287.90","2,289.15","2,317.50","2,275.20","2,294.70","2,297.40","2,301.86",5154595,11865133915.6,172384,2999329.0,58.19
2023-11-02,RELIANCE,EQ,"2,297.40","2,313.95","2,324.30","2,307.95","2,319.00","2,320.20","2,316.45",5281052,12233275556.75,156658,2620521.0,49.62
2023-11-03,RELIANCE,EQ,"2,320.20","2,327.20","2,334.95","2,315.75","2,319.00","2,319.70","2,325.94",4425078,10292487339.95,157991,2740838.0,61.94
2023-11-06,RELIANCE,EQ,"2,319.70","2,332.30","2,340.00","2,325.60","2,339.00","2,339.00","2,334.20",5323652,12426455971.7,159387,3982611.0,74.81
2023-11-07,RELIANCE,EQ,"2,339.00","2,334.05","2,339.10","2,319.55","2,323.10","2,323.80","2,328.29",3480102,8102678736.35,164587,2282754.0,65.59
2023-11-08,RELIANCE,EQ,"2,323.80","2,332.00","2,341.00","2,321.75","2,333.75","2,335.90","2,335.80",3942247,9208287625.15,150160,2830151.0,71.79
2023-11-09,RELIANCE,BL,"2,841.85","2,335.90","2,335.90","2,335.90","2,335.90","2,335.90","2,335.90",347411,811517354.9,1,,-
2023-11-10,RELIANCE,EQ,"2,310.55","2,305.55","2,316.35","2,298.05","2,315.90","2,314.90","2,308.66",3867477,8928695452.35,144846,2272363.0,58.76
2023-11-12,RELIANCE,EQ,"2,314.90","2,326.05","2,332.00","2,322.50","2,330.90","2,330.65","2,328.71",709922,1653202914.45,54331,464151.0,65.38
2023-11-13,RELIANCE,EQ,"2,330.65","2,322.90","2,324.60","2,311.70","2,315.10","2,314.60","2,316.15",1927405,4464162629.45,101023,1287215.0,66.78
2023-11-15,RELIANCE,EQ,"2,314.60","2,340.00","2,361.95","2,327.00","2,356.10","2,356.45","2,346.76",6110324,14339487044.5,188402,4422539.0,72.38
2023-11-16,RELIANCE,EQ,"2,356.45","2,351.10","2,374.15","2,346.95","2,358.00","2,360.70","2,363.74",6567455,15523761404.1,179828,3345345.0,50.94
2023-11-17,RELIANCE,EQ,"2,360.70","2,352.90","2,373.25","2,352.05","2,354.85","2,355.55","2,363.50",3879317,9168751612.0,140454,2277019.0,58.70
2023-11-20,RELIANCE,EQ,"2,355.55","2,348.55","2,358.40","2,336.40","2,349.00","2,349.35","2,346.96",2245093,5269153540.0,117438,1388002.0,61.82
2023-11-21,RELIANCE,EQ,"2,349.35","2,366.00","2,388.00","2,360.20","2,377.00","2,378.90","2,377.09",4107225,9763257904.05,163809,2633039.0,64.11
2023-11-22,RELIANCE,EQ,"2,378.90","2,375.00","2,394.45","2,372.20","2,387.00","2,388.20","2,385.76",4267407,10181003165.9,177755,2762388.0,64.73
2023-11-23,RELIANCE,EQ,"2,388.20","2,388.20","2,400.00","2,388.20","2,393.90","2,395.50","2,395.76",4265771,10219770255.8,151936,2370901.0,55.58
2023-11-24,RELIANCE,EQ,"2,395.50","2,391.60","2,402.60","2,391.05","2,394.25","2,393.90","2,397.29",3374743,8090226237.15,182231,2009729.0,59.55
2023-11-28,RELIANCE,EQ,"2,393.90","2,393.90","2,399.70","2,375.25","2,395.15","2,394.40","2,383.04",6896087,16433674720.45,221537,4884834.0,70.83
2023-11-29,RELIANCE,EQ,"2,394.40","2,408.00","2,411.95","2,398.05","2,400.00","2,400.70","2,406.54",6265653,15078554701.8,161091,4989032.0,79.63
2023-11-30,RELIANCE,EQ,"2,400.70","2,394.70","2,400.70","2,369.90","2,379.00","2,377.45","2,382.58",14219992,33880261609.25,368003,11370920.0,79.96
2023-12-01,RELIANCE,EQ,"2,377.45","2,378.00","2,396.40","2,377.60","2,393.00","2,394.30","2,389.47",7171421,17135906079.4,218016,4801676.0,66.96
2023-12-04,RELIANCE,EQ,"2,394.30","2,450.00","2,450.00","2,398.60","2,421.00","2,420.20","2,417.16",7795495,18842940784.8,249010,4855968.0,62.29
2023-12-05,RELIANCE,EQ,"2,420.20","2,439.00","2,440.85","2,421.65","2,437.15","2,437.75","2,435.32",6346812,15456491179.15,270813,4643536.0,73.16
2023-12-06,RELIANCE,EQ,"2,437.75","2,447.10","2,472.95","2,435.00","2,462.00","2,461.10","2,459.66",8211221,20196820469.5,203350,6075935.0,74.0
2023-12-07,RELIANCE,EQ,"2,461.10","2,460.00","2,460.95","2,442.00","2,456.15","2,457.05","2,453.62",4071048,9988795871.3,169328,2350086.0,57.73
2023-12-08,RELIANCE,EQ,"2,457.05","2,463.85","2,476.70","2,445.00","2,451.00","2,455.75","2,457.48",5102447,12539153828.9,193898,2581396.0,50.59
2023-12-11,RELIANCE,EQ,"2,455.75","2,456.00","2,467.60","2,452.40","2,460.90","2,459.35","2,459.80",3533069,8690654768.25,148258,2651027.0,75.03
2023-12-12,RELIANCE,EQ,"2,459.35","2,460.00","2,464.95","2,420.15","2,424.00","2,424.05","2,442.73",4598562,11233058046.6,164611,3226060.0,70.15
2023-12-13,RELIANCE,EQ,"2,424.05","2,422.00","2,438.35","2,406.30","2,432.05","2,433.95","2,422.37",5015591,12149635536.75,203903,3156741.0,62.94
2023-12-14,RELIANCE,EQ,"2,433.95","2,454.00","2,474.95","2,442.65","2,463.55","2,464.15","2,464.76",8486177,20916413095.3,308013,5807295.0,68.43
2023-12-15,RELIANCE,EQ,"2,464.15","2,478.00","2,500.00","2,470.05","2,492.00","2,495.60","2,487.92",7966076,19818994725.95,219982,5016104.0,62.97
2023-12-18,RELIANCE,EQ,"2,495.60","2,495.60","2,534.90","2,490.95","2,520.00","2,521.00","2,521.89",7082594,17861536572.75,253336,4855424.0,68.55
2023-12-19,RELIANCE,EQ,"2,521.00","2,555.00","2,573.90","2,525.20","2,556.50","2,558.10","2,553.63",8410302,21476799671.65,331728,5518449.0,65.62
2023-12-20,RELIANCE,EQ,"2,558.10","2,571.05","2,598.85","2,520.00","2,529.40","2,527.15","2,563.63",8868361,22735194766.35,372595,5342862.0,60.25
2023-12-21,RELIANCE,EQ,"2,527.15","2,527.00","2,573.50","2,518.25","2,561.00","2,562.55","2,551.74",6882727,17562946483.4,235158,3479632.0,50.56
2023-12-22,RELIANCE,EQ,"2,562.55","2,559.60","2,580.90","2,547.65","2,561.00","2,565.05","2,559.79",8270892,21171713990.35,274088,4733005.0,57.22
2023-12-26,RELIANCE,EQ,"2,565.05","2,568.00","2,591.95","2,562.70","2,579.00","2,578.05","2,579.88",3732832,9630262624.25,188513,2354231.0,63.07
2023-12-27,RELIANCE,EQ,"2,578.05","2,582.00","2,599.90","2,573.10","2,583.35","2,586.85","2,586.56",4602078,11903547787.85,191497,2850871.0,61.95
2023-12-28,RELIANCE,EQ,"2,586.85","2,589.80","2,612.00","2,586.85","2,605.00","2,605.55","2,602.58",6151318,16009295262.65,228625,4061975.0,66.03
2023-12-29,RELIANCE,EQ,"2,605.55","2,611.10","2,614.00","2,579.30","2,587.00","2,584.95","2,589.61",5432292,14067490670.9,248419,3415339.0,62.87
2024-01-01,RELIANCE,EQ,"2,584.95","2,580.55","2,606.85","2,573.15","2,588.45","2,590.25","2,588.14",2015270,5215808110.05,115559,877801.0,43.56
2024-01-02,RELIANCE,EQ,"2,590.25","2,585.00","2,615.00","2,573.00","2,609.00","2,611.70","2,596.75",3724400,9671331567.5,175872,2059678.0,55.3
2024-01-03,RELIANCE,EQ,"2,611.70","2,610.00","2,634.00","2,577.20","2,580.75","2,583.30","2,606.46",4518768,11778006447.25,198303,2706158.0,59.89
2024-01-04,RELIANCE,EQ,"2,583.30","2,588.00","2,609.85","2,579.10","2,600.00","2,596.65","2,597.37",4806389,12483971502.55,267185,3003090.0,62.48
2024-01-05,RELIANCE,EQ,"2,596.65","2,602.90","2,619.85","2,598.00","2,609.00","2,607.70","2,606.82",4043203,10539886698.05,211413,2280572.0,56.41
2024-01-08,RELIANCE,EQ,"2,607.70","2,610.00","2,631.95","2,568.95","2,586.00","2,587.35","2,600.55",3867326,10057168474.15,171169,2208577.0,57.11
2024-01-09,RELIANCE,EQ,"2,587.35","2,600.00","2,606.80","2,577.20","2,580.50","2,580.50","2,592.44",2701537,7003571441.95,130706,1658627.0,61.4
2024-01-10,RELIANCE,EQ,"2,580.50","2,577.00","2,659.00","2,575.05","2,655.00","2,650.10","2,616.79",5551370,14526742701.55,179441,3339874.0,60.16
2024-01-11,RELIANCE,EQ,"2,650.10","2,659.00","2,725.00","2,657.00","2,716.00","2,719.80","2,695.73",11862926,31979289599.9,581952,7993082.0,67.38
2024-01-12,RELIANCE,EQ,"2,719.80","2,719.80","2,746.65","2,691.50","2,740.50","2,741.45","2,729.49",7506082,20487745085.4,434055,4597780.0,61.25
2024-01-15,RELIANCE,EQ,"2,741.45","2,750.00","2,792.90","2,732.00","2,786.00","2,788.25","2,768.73",4305297,11920219926.15,237252,2544119.0,59.09
2024-01-16,RELIANCE,EQ,"2,788.25","2,779.95","2,792.60","2,741.00","2,746.80","2,749.25","2,770.68",4534512,12563673259.4,235619,2748547.0,60.61
2024-01-17,RELIANCE,EQ,"2,749.25","2,719.00","2,772.55","2,710.05","2,723.50","2,723.15","2,738.75",6098691,16702784157.5,312203,3890087.0,63.79
2024-01-18,RELIANCE,EQ,"2,723.15","2,702.80","2,742.00","2,702.50","2,734.75","2,735.90","2,724.93",5139719,14005371079.55,253448,3023891.0,58.83
2024-01-19,RELIANCE,EQ,"2,735.90","2,752.00","2,752.00","2,718.00","2,736.45","2,734.90","2,732.29",5211352,14238941782.6,275902,2977206.0,57.13
2024-01-20,RELIANCE,EQ,"2,734.90","2,730.00","2,766.95","2,700.00","2,716.00","2,713.30","2,734.20",3641697,9957110928.55,128579,1348080.0,37.02
2024-01-23,RELIANCE,EQ,"2,713.30","2,743.50","2,743.50","2,645.10","2,656.75","2,657.15","2,674.90",10027710,26823081585.3,337484,7588796.0,75.68
2024-01-24,RELIANCE,EQ,"2,657.15","2,670.45","2,699.00","2,647.85","2,694.90","2,687.75","2,664.32",10959564,29199812068.1,253093,8488857.0,77.46
2024-01-25,RELIANCE,EQ,"2,687.75","2,685.90","2,728.30","2,670.40","2,711.00","2,706.15","2,697.07",5904436,15924681035.8,199408,3349043.0,56.72
2024-01-29,RELIANCE,EQ,"2,706.15","2,729.00","2,905.00","2,720.35","2,890.10","2,896.10","2,842.26",11946719,33955652629.4,464414,5523879.0,46.24
2024-01-30,RELIANCE,EQ,"2,896.10","2,919.90","2,919.95","2,808.85","2,818.25","2,815.25","2,854.34",7046989,20114536190.8,314728,3688941.0,52.35
2024-01-31,RELIANCE,EQ,"2,815.25","2,808.00","2,868.50","2,805.00","2,850.00","2,853.25","2,847.99",7565113,21545402809.0,343623,4639003.0,61.32
2024-02-01,RELIANCE,EQ,"2,853.25","2,870.00","2,886.70","2,836.10","2,851.50","2,853.30","2,857.88",6674681,19075409129.85,259110,3409296.0,51.08
2024-02-02,RELIANCE,EQ,"2,853.30","2,866.35","2,949.80","2,866.35","2,913.00","2,915.40","2,913.44",9826294,28628319858.85,420949,4552813.0,46.33
2024-02-05,RELIANCE,EQ,"2,915.40","2,921.50","2,941.00","2,863.05","2,879.45","2,878.05","2,907.30",4407216,12813104310.25,197343,2269459.0,51.49
2024-02-06,RELIANCE,EQ,"2,878.05","2,883.70","2,883.70","2,839.65","2,854.75","2,855.60","2,859.49",4523992,12936328247.7,240512,2753486.0,60.86
2024-02-07,RELIANCE,EQ,"2,855.60","2,871.85","2,899.00","2,858.50","2,885.00","2,884.30","2,876.04",4648284,13368650630.75,228951,2582820.0,55.57
2024-02-08,RELIANCE,EQ,"2,884.30","2,900.00","2,918.95","2,855.05","2,916.00","2,900.25","2,882.90",7347317,21181603384.9,320055,3335852.0,45.4
2024-02-09,RELIANCE,EQ,"2,900.25","2,908.00","2,943.95","2,901.90","2,917.30","2,921.50","2,924.38",6278399,18360429342.9,248252,3187415.0,50.77
2024-02-12,RELIANCE,EQ,"2,921.50","2,921.50","2,922.00","2,884.70","2,904.00","2,904.70","2,900.64",3337215,9680050427.5,170350,1894566.0,56.77
2024-02-13,RELIANCE,EQ,"2,904.70","2,911.00","2,958.00","2,908.00","2,926.20","2,930.20","2,934.72",3857797,11321554002.65,178755,1892852.0,49.07
2024-02-14,RELIANCE,EQ,"2,930.20","2,915.00","2,967.30","2,915.00","2,963.60","2,962.75","2,943.59",3558944,10476084977.75,200869,1953682.0,54.89
2024-02-15,RELIANCE,EQ,"2,962.75","2,966.70","2,969.45","2,933.05","2,944.50","2,941.20","2,946.03",5003391,14740128065.85,236768,2241593.0,44.8
2024-02-16,RELIANCE,EQ,"2,941.20","2,952.95","2,954.00","2,917.10","2,925.00","2,921.15","2,932.13",4883749,14319775078.35,170212,3086745.0,63.2
2024-02-19,RELIANCE,EQ,"2,921.15","2,924.10","2,959.00","2,907.05","2,940.00","2,948.00","2,934.52",3364914,9874395305.15,143935,1875370.0,55.73
2024-02-20,RELIANCE,EQ,"2,948.00","2,950.05","2,951.00","2,923.60","2,941.45","2,942.05","2,937.06",3558748,10452264180.75,172812,2272438.0,63.85
2024-02-21,RELIANCE,EQ,"2,942.05","2,948.00","2,977.05","2,915.10","2,932.05","2,935.40","2,949.30",6360146,18757966311.65,289896,4235202.0,66.59
2024-02-22,RELIANCE,EQ,"2,935.40","2,936.30","2,969.90","2,916.00","2,962.20","2,963.50","2,944.65",9246864,27228762576.2,273105,4981085.0,53.87
2024-02-23,RELIANCE,EQ,"2,963.50","2,979.00","2,995.10","2,966.70","2,986.55","2,987.25","2,982.96",7219292,21534840027.25,255210,4263991.0,59.06
2024-02-26,RELIANCE,EQ,"2,987.25","2,987.10","2,989.05","2,965.00","2,975.10","2,974.65","2,974.31",3756553,11173163735.6,141799,2728420.0,72.63
2024-02-27,RELIANCE,EQ,"2,974.65","2,966.05","2,999.90","2,956.10","2,971.00","2,971.30","2,974.38",5413022,16100408443.55,197414,3845450.0,71.04
2024-02-28,RELIANCE,EQ,"2,971.30","2,966.00","2,982.55","2,900.35","2,915.00","2,911.25","2,931.01",4323975,12673607274.5,216192,2449550.0,56.65
2024-02-29,RELIANCE,EQ,"2,911.25","2,930.00","2,957.95","2,909.05","2,930.75","2,921.60","2,927.13",11814488,34582493286.65,298691,7842843.0,66.38
2024-03-01,RELIANCE,EQ,"2,921.60","2,927.00","3,000.00","2,925.00","2,977.00","2,984.25","2,966.96",6066463,17998957520.55,272154,3234333.0,53.31
2024-03-02,RELIANCE,EQ,"2,984.25","2,984.00","3,000.90","2,976.00","2,980.95","2,982.15","2,989.65",358150,1070743614.7,18856,159244.0,44.46
2024-03-04,RELIANCE,EQ,"2,982.15","2,980.95","3,024.90","2,974.45","3,010.00","3,014.80","3,003.93",5012210,15056320911.1,240680,2891870.0,57.7
2024-03-05,RELIANCE,EQ,"3,014.80","3,011.55","3,014.80","2,972.10","2,996.00","3,000.40","2,992.50",3553834,10634836947.9,213477,2215644.0,62.35
2024-03-06,RELIANCE,EQ,"3,000.40","2,986.90","3,018.00","2,957.00","3,002.85","3,006.00","2,991.36",3902838,11674786490.95,205634,1985212.0,50.87
2024-03-07,RELIANCE,EQ,"3,006.00","3,005.95","3,006.20","2,951.10","2,957.00","2,957.85","2,973.36",4157863,12362839422.1,195070,2219130.0,53.37
2024-03-11,RELIANCE,EQ,"2,957.85","2,978.00","2,978.00","2,927.00","2,928.00","2,933.20","2,950.20",5638565,16634894693.1,255615,3999900.0,70.94
2024-03-12,RELIANCE,EQ,"2,933.20","2,933.20","2,976.00","2,930.05","2,953.50","2,950.85","2,956.49",4716339,13943814809.4,178946,2876783.0,61.0
2024-03-13,RELIANCE,EQ,"2,950.85","2,959.55","2,966.20","2,855.55","2,873.20","2,864.35","2,889.98",6761067,19539320816.8,255973,4493232.0,66.46
2024-03-14,RELIANCE,EQ,"2,864.35","2,879.40","2,897.05","2,851.00","2,870.00","2,862.95","2,871.07",9285551,26659495810.0,343017,5105534.0,54.98
2024-03-15,RELIANCE,EQ,"2,862.95","2,851.90","2,866.45","2,825.80","2,838.00","2,836.45","2,839.66",9611909,27294538070.95,249827,6460151.0,67.21
2024-03-18,RELIANCE,EQ,"2,836.45","2,840.00","2,883.45","2,833.05","2,874.00","2,878.95","2,858.10",4584696,13103538361.45,228224,2879547.0,62.81
2024-03-19,RELIANCE,EQ,"2,878.95","2,857.50","2,875.20","2,834.50","2,849.15","2,850.50","2,848.79",4137882,11787973196.45,196658,2711695.0,65.53
2024-03-20,RELIANCE,EQ,"2,850.50","2,855.90","2,890.00","2,848.05","2,886.25","2,887.50","2,874.53",4244403,12200651007.8,208132,2734110.0,64.42
2024-03-21,RELIANCE,EQ,"2,887.50","2,905.05","2,915.80","2,889.35","2,900.05","2,901.95","2,903.52",6503468,18882974161.4,244846,3099861.0,47.66
2024-03-22,RELIANCE,EQ,"2,901.95","2,899.95","2,920.00","2,894.70","2,906.55","2,910.05","2,909.59",9763804,28408677998.2,286746,5930597.0,60.74
2024-03-26,RELIANCE,EQ,"2,910.05","2,890.00","2,904.80","2,878.00","2,886.70","2,883.15","2,887.28",5707953,16480430505.15,174805,3826158.0,67.03
2024-03-27,RELIANCE,EQ,"2,883.15","2,896.00","3,000.00","2,894.00","2,983.75","2,985.70","2,972.19",8163322,24262983466.45,299800,4360696.0,53.42
2024-03-28,RELIANCE,EQ,"2,985.70","2,985.75","3,011.90","2,957.30","2,970.30","2,971.70","2,988.81",10927182,32659243942.2,289271,5303114.0,48.53
2024-04-01,RELIANCE,EQ,"2,971.70","2,984.95","2,987.95","2,965.00","2,974.80","2,969.55","2,973.78",2506940,7455079986.05,128873,1619370.0,64.6
2024-04-02,RELIANCE,EQ,"2,969.55","2,968.00","2,988.00","2,950.00","2,977.00","2,973.90","2,964.64",4455083,13207726108.3,144866,2867632.0,64.37
2024-04-03,RELIANCE,EQ,"2,973.90","2,964.15","2,968.90","2,937.80","2,944.95","2,943.20","2,950.91",3504146,10340431852.2,152022,2151384.0,61.4
2024-04-04,RELIANCE,EQ,"2,943.20","2,959.50","2,959.50","2,900.00","2,931.00","2,925.85","2,924.41",7245136,21187769929.5,305593,2179244.0,30.08
2024-04-05,RELIANCE,EQ,"2,925.85","2,921.75","2,941.60","2,912.00","2,925.95","2,920.20","2,924.97",3721149,10884250027.9,138742,1892949.0,50.87
2024-04-08,RELIANCE,EQ,"2,920.20","2,925.95","2,981.95","2,922.00","2,970.00","2,971.95","2,967.76",4178559,12400963621.65,144054,2278607.0,54.53
2024-04-09,RELIANCE,EQ,"2,971.95","2,978.00","2,979.60","2,925.00","2,931.90","2,927.30","2,942.09",3535707,10402378582.0,166238,2346545.0,66.37
2024-04-10,RELIANCE,EQ,"2,927.30","2,932.70","2,974.00","2,932.70","2,955.00","2,959.15","2,956.51",4569165,13508781489.15,247782,2635664.0,57.68
2024-04-12,RELIANCE,EQ,"2,959.15","2,951.75","2,972.95","2,926.15","2,937.15","2,934.30","2,950.89",7775506,22944647360.8,318190,3829205.0,49.25
2024-04-15,RELIANCE,EQ,"2,934.30","2,922.00","2,964.25","2,892.65","2,931.00","2,929.65","2,937.49",6451031,18949808687.3,278625,3781784.0,58.62
2024-04-16,RELIANCE,EQ,"2,929.65","2,906.70","2,942.35","2,901.85","2,936.50","2,931.50","2,922.76",4683092,13687564159.45,202013,2926710.0,62.5
2024-04-18,RELIANCE,EQ,"2,931.50","2,927.00","2,972.00","2,918.70","2,925.00","2,928.65","2,940.33",9502846,27941531144.35,292105,4922394.0,51.8
2024-04-19,RELIANCE,EQ,"2,928.65","2,913.55","2,948.00","2,886.05","2,943.05","2,940.25","2,922.72",7870889,23004385019.15,257506,3977520.0,50.53
2024-04-22,RELIANCE,EQ,"2,940.25","2,944.90","2,965.65","2,935.60","2,962.90","2,959.70","2,950.88",5175181,15271348793.5,163758,3178709.0,61.42
2024-04-23,RELIANCE,EQ,"2,959.70","2,958.00","2,987.00","2,911.10","2,919.50","2,918.65","2,944.51",7302777,21503128837.35,339439,3761791.0,51.51
2024-04-24,RELIANCE,EQ,"2,918.65","2,927.00","2,937.10","2,899.00","2,901.45","2,900.35","2,917.88",5231388,15264581699.05,186848,3466158.0,66.26
2024-04-25,RELIANCE,EQ,"2,900.35","2,885.00","2,935.95","2,883.00","2,917.70","2,919.95","2,914.62",7971963,23235272655.3,236911,3642640.0,45.69
2024-04-26,RELIANCE,EQ,"2,919.95","2,927.90","2,930.00","2,900.00","2,908.50","2,905.10","2,911.85",4706924,13705873642.8,208164,2204091.0,46.83
2024-04-29,RELIANCE,EQ,"2,905.10","2,900.00","2,935.80","2,900.00","2,927.50","2,930.05","2,926.58",3623987,10605875230.6,158806,2166495.0,59.78
2024-04-30,RELIANCE,EQ,"2,930.05","2,936.00","2,966.15","2,925.75","2,932.00","2,934.00","2,947.60",5737131,16910777825.2,210901,3980936.0,69.39
2024-05-02,RELIANCE,EQ,"2,934.00","2,944.00","2,954.65","2,928.25","2,938.10","2,933.10","2,941.23",7256323,21342518418.9,306721,3287714.0,45.31
2024-05-03,RELIANCE,EQ,"2,933.10","2,942.00","2,949.90","2,832.30","2,871.00","2,868.00","2,876.27",8613479,24774710139.9,358280,4048315.0,47.0
2024-05-06,RELIANCE,EQ,"2,868.00","2,871.00","2,880.00","2,836.00","2,843.40","2,839.05","2,851.80",3697104,10543411394.4,168077,2453033.0,66.35
2024-05-07,RELIANCE,EQ,"2,839.05","2,831.95","2,841.50","2,784.00","2,808.00","2,802.95","2,804.43",7258736,20356596310.45,308242,5307006.0,73.11
2024-05-08,RELIANCE,EQ,"2,802.95","2,795.00","2,865.90","2,795.00","2,834.25","2,837.10","2,834.70",4719501,13378380314.55,191054,2397954.0,50.81
2024-05-09,RELIANCE,EQ,"2,837.10","2,826.00","2,847.50","2,780.00","2,785.00","2,788.25","2,800.69",5504806,15417256016.7,280459,2811418.0,51.07
2024-05-10,RELIANCE,EQ,"2,788.25","2,793.50","2,820.00","2,776.15","2,808.00","2,814.85","2,800.80",5252548,14711341390.8,238752,2592880.0,49.36
2024-05-13,RELIANCE,EQ,"2,814.85","2,799.80","2,813.95","2,768.00","2,805.00","2,805.40","2,795.26",4228310,11819208707.95,200542,2754958.0,65.16
2024-05-14,RELIANCE,EQ,"2,805.40","2,801.95","2,854.15","2,800.05","2,839.00","2,840.15","2,834.55",3594150,10187793904.1,248782,2158301.0,60.05
2024-05-15,RELIANCE,EQ,"2,840.15","2,841.00","2,859.95","2,826.05","2,831.70","2,832.55","2,841.94",2523267,7170975946.2,147326,1309376.0,51.89
2024-05-16,RELIANCE,EQ,"2,832.55","2,837.10","2,855.00","2,796.05","2,851.00","2,850.70","2,830.30",7355887,20819370913.85,359411,3356155.0,45.63
2024-05-17,RELIANCE,EQ,"2,850.70","2,846.10","2,874.40","2,826.50","2,870.10","2,871.40","2,859.68",5458238,15608799277.7,200677,2881542.0,52.79
2024-05-18,RELIANCE,EQ,"2,871.40","2,875.00","2,879.00","2,865.40","2,869.50","2,869.65","2,871.38",213020,611660842.0,9456,90530.0,42.5
2024-05-21,RELIANCE,EQ,"2,869.65","2,851.20","2,883.65","2,851.20","2,867.95","2,872.25","2,867.19",5588064,16022037765.6,303596,3914279.0,70.05
2024-05-22,RELIANCE,EQ,"2,872.25","2,872.55","2,937.55","2,872.55","2,921.00","2,921.30","2,918.56",5140802,15003755079.7,241909,2463482.0,47.92
2024-05-23,RELIANCE,EQ,"2,921.30","2,917.10","2,984.45","2,910.00","2,969.00","2,972.10","2,956.98",7304130,21598131626.7,254418,3847085.0,52.67
2024-05-24,RELIANCE,EQ,"2,972.10","2,967.25","2,977.00","2,952.20","2,959.00","2,960.50","2,962.79",3547388,10510170789.4,142807,1990641.0,56.12
2024-05-27,RELIANCE,EQ,"2,960.50","2,960.45","2,969.80","2,923.10","2,934.90","2,932.50","2,944.31",3314505,9758927330.85,142936,2038448.0,61.5
2024-05-28,RELIANCE,EQ,"2,932.50","2,936.00","2,957.00","2,905.50","2,911.00","2,912.40","2,930.70",3910081,11459272719.5,177899,2573753.0,65.82
2024-05-29,RELIANCE,EQ,"2,912.40","2,893.00","2,916.00","2,876.90","2,881.05","2,881.55","2,892.28",3691778,10677649558.6,166778,2316089.0,62.74
2024-05-30,RELIANCE,EQ,"2,881.55","2,871.00","2,880.80","2,840.20","2,859.10","2,849.70","2,853.56",6603429,18843310309.75,248791,4420496.0,66.94
2024-05-31,RELIANCE,EQ,"2,849.70","2,862.60","2,884.50","2,844.50","2,859.00","2,860.80","2,859.97",15534916,44429352174.1,291018,9187285.0,59.14
2024-06-03,RELIANCE,EQ,"2,860.80","2,966.00","3,029.00","2,918.00","3,027.75","3,020.65","2,978.07",10763971,32055904968.1,527552,6199702.0,57.6
2024-06-04,RELIANCE,EQ,"3,020.65","2,996.10","2,996.10","2,718.60","2,816.45","2,794.55","2,840.81",18354549,52141856366.9,687198,9982307.0,54.39
2024-06-05,RELIANCE,EQ,"2,794.55","2,844.00","2,862.30","2,768.20","2,838.85","2,841.50","2,821.32",8732445,24637003697.65,474290,5103076.0,58.44
2024-06-06,RELIANCE,EQ,"2,841.50","2,870.00","2,887.40","2,842.70","2,872.00","2,863.20","2,860.47",8927861,25537885916.05,361277,3382329.0,37.89
2024-06-07,RELIANCE,EQ,"2,863.20","2,857.00","2,944.00","2,853.00","2,931.10","2,939.90","2,917.34",9279348,27071000141.85,344744,4562543.0,49.17
2024-06-10,RELIANCE,EQ,"2,939.90","2,939.90","2,986.70","2,936.15","2,944.05","2,942.80","2,961.63",4625880,13700144470.7,213285,2334693.0,50.47
2024-06-11,RELIANCE,EQ,"2,942.80","2,938.00","2,947.35","2,909.35","2,915.05","2,913.35","2,927.47",5887451,17235309310.25,210257,4001727.0,67.97
2024-06-12,RELIANCE,EQ,"2,913.35","2,915.00","2,952.00","2,910.35","2,924.50","2,926.65","2,933.93",5040871,14789562953.35,194907,2648229.0,52.54
2024-06-13,RELIANCE,EQ,"2,926.65","2,944.00","2,944.50","2,920.20","2,927.60","2,930.50","2,932.52",4590580,13461977299.9,150823,2387206.0,52.0
2024-06-14,RELIANCE,EQ,"2,930.50","2,940.00","2,959.35","2,914.45","2,951.45","2,955.10","2,944.28",4078999,12009735003.5,150934,2250406.0,55.17
2024-06-18,RELIANCE,EQ,"2,955.10","2,974.70","2,974.80","2,942.70","2,959.90","2,962.05","2,956.95",3598383,10640238520.1,228749,2137177.0,59.39
2024-06-19,RELIANCE,EQ,"2,962.05","2,975.00","2,975.00","2,912.00","2,917.00","2,917.30","2,935.27",4362937,12806397074.45,181800,2395420.0,54.9
2024-06-20,RELIANCE,EQ,"2,917.30","2,918.00","2,965.70","2,900.20","2,949.00","2,947.40","2,945.61",8056888,23732484114.9,219372,3570538.0,44.32
2024-06-21,RELIANCE,EQ,"2,947.40","2,947.25","2,949.40","2,881.15","2,912.00","2,908.40","2,909.13",15585180,45339357875.0,338377,8287080.0,53.17
2024-06-24,RELIANCE,EQ,"2,908.40","2,891.05","2,899.00","2,875.00","2,885.00","2,882.95","2,885.46",4439193,12809105423.85,204050,2855921.0,64.33
2024-06-25,RELIANCE,EQ,"2,882.95","2,886.00","2,911.85","2,882.00","2,905.05","2,908.30","2,897.19",3522693,10205907632.15,143772,2190920.0,62.19
2024-06-26,RELIANCE,EQ,"2,908.30","2,892.10","3,037.95","2,890.25","3,021.10","3,028.05","2,984.44",11007441,32850999298.6,355204,5733584.0,52.09
2024-06-27,RELIANCE,EQ,"3,028.05","3,027.50","3,075.00","3,012.00","3,057.10","3,061.10","3,056.99",14191515,43383260604.4,437882,6500132.0,45.8
2024-06-28,RELIANCE,EQ,"3,061.10","3,062.05","3,162.00","3,062.05","3,128.25","3,130.80","3,120.51",14478668,45180850345.25,484009,6589495.0,45.51
2024-07-01,RELIANCE,EQ,"3,130.80","3,125.05","3,158.80","3,111.35","3,123.00","3,120.30","3,126.53",3862153,12075137299.45,186641,2085115.0,53.99
2024-07-02,RELIANCE,EQ,"3,120.30","3,139.00","3,147.00","3,114.00","3,126.20","3,130.35","3,129.71",3874623,12126429929.15,179115,1979657.0,51.09
2024-07-03,RELIANCE,EQ,"3,130.35","3,132.65","3,150.00","3,085.55","3,109.00","3,104.85","3,104.97",4524810,14049406822.65,185754,2429008.0,53.68
2024-07-04,RELIANCE,EQ,"3,104.85","3,114.00","3,135.00","3,101.60","3,106.00","3,108.05","3,116.99",3418588,10655715706.45,173336,1453692.0,42.52
2024-07-05,RELIANCE,EQ,"3,108.05","3,107.65","3,197.00","3,096.00","3,189.90","3,177.25","3,149.82",6134855,19323716027.9,261494,2332341.0,38.02
2024-07-08,RELIANCE,EQ,"3,177.25","3,178.00","3,217.60","3,165.05","3,201.50","3,201.80","3,195.83",4750403,15181479272.55,240527,2927071.0,61.62
2024-07-09,RELIANCE,EQ,"3,201.80","3,195.20","3,201.00","3,161.00","3,176.30","3,180.55","3,178.56",3480001,11061403124.6,159638,2208053.0,63.45
2024-07-10,RELIANCE,EQ,"3,180.55","3,190.00","3,195.00","3,126.30","3,164.00","3,168.45","3,154.77",3567289,11253968347.05,182113,1741440.0,48.82
2024-07-11,RELIANCE,EQ,"3,168.45","3,175.00","3,208.50","3,141.00","3,170.00","3,161.30","3,169.61",5970473,18924071474.55,246252,2520003.0,42.21
2024-07-12,RELIANCE,EQ,"3,161.30","3,169.00","3,210.30","3,149.00","3,195.00","3,193.45","3,186.07",6462392,20589634191.2,246838,2805611.0,43.41
2024-07-15,RELIANCE,EQ,"3,193.45","3,208.90","3,211.70","3,171.00","3,193.60","3,194.45","3,191.40",2664844,8504591755.0,187867,1399220.0,52.51
2024-07-16,RELIANCE,EQ,"3,194.45","3,187.00","3,200.00","3,138.25","3,148.30","3,152.50","3,166.04",4693419,14859548266.1,230262,3080601.0,65.64
2024-07-18,RELIANCE,EQ,"3,152.50","3,152.00","3,187.80","3,115.65","3,170.60","3,173.35","3,155.52",6149187,19403909511.4,212178,2935862.0,47.74
2024-07-19,RELIANCE,EQ,"3,173.35","3,172.00","3,179.95","3,105.60","3,116.95","3,110.30","3,128.40",6570195,20554178349.45,213186,4048947.0,61.63
2024-07-22,RELIANCE,EQ,"3,110.30","3,074.50","3,075.00","2,998.55","3,004.00","3,001.35","3,016.24",9837188,29671339998.45,465224,5972016.0,60.71
2024-07-23,RELIANCE,EQ,"3,001.35","3,002.00","3,011.50","2,926.00","2,970.05","2,975.80","2,969.60",9026022,26803649945.6,384359,5111782.0,56.63
2024-07-24,RELIANCE,EQ,"2,975.80","2,970.00","3,019.00","2,952.80","2,988.00","2,991.40","2,987.68",5956681,17796651407.6,232120,2733402.0,45.89
2024-07-25,RELIANCE,EQ,"2,991.40","2,962.00","3,000.95","2,954.15","2,988.35","2,984.80","2,980.72",6259938,18659122151.4,221753,3729490.0,59.58
2024-07-26,RELIANCE,EQ,"2,984.80","2,984.80","3,024.85","2,980.70","3,018.60","3,018.05","3,012.08",4929970,14849480970.8,180757,2396373.0,48.61
2024-07-29,RELIANCE,EQ,"3,018.05","3,023.90","3,055.00","3,023.55","3,038.25","3,040.20","3,038.43",3769275,11452661155.4,170155,2206938.0,58.55
2024-07-30,RELIANCE,EQ,"3,040.20","3,034.05","3,050.00","3,020.00","3,023.00","3,026.30","3,033.38",4114104,12479637390.3,184296,2414027.0,58.68
2024-07-31,RELIANCE,EQ,"3,026.30","3,008.00","3,020.90","3,002.30","3,009.00","3,010.85","3,010.83",5028673,15140471169.85,201961,3224303.0,64.12
2024-08-01,RELIANCE,EQ,"3,010.85","3,024.00","3,036.00","3,008.60","3,035.90","3,030.60","3,025.50",5382111,16283566572.3,219081,3647873.0,67.78
2024-08-02,RELIANCE,EQ,"3,030.60","3,010.00","3,018.65","2,986.55","2,992.00","2,998.65","3,001.82",5134124,15411692078.15,176635,3186337.0,62.06
2024-08-05,RELIANCE,EQ,"2,998.65","2,960.00","2,967.80","2,866.50","2,896.00","2,894.65","2,901.81",8523352,24733128212.0,448630,5550149.0,65.12
2024-08-06,RELIANCE,EQ,"2,894.65","2,910.30","2,955.00","2,902.65","2,915.55","2,912.10","2,929.53",5118093,14993589440.05,197549,2651919.0,51.81
2024-08-07,RELIANCE,EQ,"2,912.10","2,938.00","2,945.00","2,923.00","2,930.00","2,929.65","2,930.89",4087284,11979363870.55,276362,2597947.0,63.56
2024-08-08,RELIANCE,EQ,"2,929.65","2,915.05","2,930.00","2,891.85","2,896.45","2,898.25","2,905.69",6193596,17996662105.65,255138,3734582.0,60.3
2024-08-09,RELIANCE,EQ,"2,898.25","2,920.00","2,953.00","2,912.00","2,946.10","2,948.60","2,939.20",3124888,9184680574.05,150169,1406089.0,45.0
2024-08-12,RELIANCE,EQ,"2,948.60","2,940.00","2,946.00","2,915.50","2,923.00","2,921.25","2,929.82",4092292,11989680025.65,188301,2640196.0,64.52
2024-08-13,RELIANCE,EQ,"2,921.25","2,921.50","2,940.15","2,916.00","2,925.00","2,927.25","2,928.29",3132532,9172971802.7,134517,1757602.0,56.11
2024-08-14,RELIANCE,EQ,"2,927.25","2,927.10","2,944.00","2,907.40","2,920.10","2,923.70","2,925.78",3133733,9168616380.8,185733,1748077.0,55.78
2024-08-16,RELIANCE,EQ,"2,923.70","2,937.30","2,960.80","2,916.10","2,957.75","2,956.40","2,944.77",4708451,13865325209.75,187365,2141288.0,45.48
2024-08-19,RELIANCE,EQ,"2,956.40","2,965.00","2,996.60","2,961.00","2,979.00","2,976.80","2,980.25",6898871,20560327724.6,200328,4627354.0,67.07
2024-08-20,RELIANCE,EQ,"2,976.80","2,994.45","3,007.85","2,980.05","2,986.50","2,991.90","2,996.98",4205904,12605024714.4,175516,2765914.0,65.76
2024-08-21,RELIANCE,EQ,"2,991.90","2,986.50","3,015.75","2,980.00","2,999.00","2,997.35","3,001.42",3884998,11660526038.6,141353,2516019.0,64.76
2024-08-22,RELIANCE,EQ,"2,997.35","3,006.00","3,013.00","2,981.30","2,996.50","2,996.25","2,994.88",5222891,15641935953.2,233216,3222286.0,61.7
2024-08-23,RELIANCE,EQ,"2,996.25","3,007.50","3,022.65","2,996.85","2,996.85","2,999.95","3,007.21",4624827,13907842193.3,168002,2466304.0,53.33
2024-08-26,RELIANCE,EQ,"2,999.95","3,013.95","3,046.00","3,006.00","3,021.20","3,025.20","3,028.80",4408057,13351114538.35,237540,2704777.0,61.36
2024-08-27,RELIANCE,EQ,"3,025.20","3,021.00","3,026.95","2,998.90","3,001.00","3,000.90","3,008.12",3125578,9402108149.05,101024,2014932.0,64.47
2024-08-28,RELIANCE,EQ,"3,000.90","3,010.00","3,014.95","2,986.00","2,999.00","2,996.60","2,999.57",4805143,14413356125.8,200883,3480824.0,72.44
2024-08-29,RELIANCE,EQ,"2,996.60","3,006.20","3,074.00","2,988.00","3,042.90","3,041.85","3,038.57",19167679,58242337590.95,570843,7984285.0,41.65
2024-08-30,RELIANCE,EQ,"3,041.85","3,068.00","3,079.45","3,006.65","3,024.95","3,019.25","3,026.71",20810365,62987009675.8,599570,11910770.0,57.23
2024-09-02,RELIANCE,EQ,"3,019.25","3,021.75","3,053.60","3,013.25","3,034.40","3,032.50","3,034.10",5620426,17052933370.55,280541,3403958.0,60.56
2024-09-03,RELIANCE,EQ,"3,032.50","3,042.50","3,046.00","3,015.00","3,018.90","3,018.25","3,026.09",5461900,16528193207.35,226578,3988825.0,73.03
2024-09-04,RELIANCE,EQ,"3,018.25","3,001.40","3,035.00","2,999.00","3,031.95","3,029.10","3,023.30",5991652,18114582555.9,252191,4296024.0,71.7
2024-09-05,RELIANCE,EQ,"3,029.10","3,038.10","3,051.55","2,974.10","2,991.00","2,985.95","3,007.10",8132084,24453950049.65,343225,4897259.0,60.22
2024-09-06,RELIANCE,EQ,"2,985.95","2,985.00","2,994.00","2,923.25","2,930.95","2,929.65","2,938.97",9697114,28499495837.1,447718,5484238.0,56.56
2024-09-09,RELIANCE,EQ,"2,929.65","2,933.00","2,939.85","2,911.20","2,927.00","2,924.90","2,923.84",4505149,13172342172.8,179506,2868460.0,63.67
2024-09-10,RELIANCE,EQ,"2,924.90","2,921.00","2,944.10","2,915.15","2,924.00","2,923.05","2,928.75",5384130,15768777163.0,186858,3307014.0,61.42
2024-09-11,RELIANCE,EQ,"2,923.05","2,926.10","2,937.50","2,895.10","2,904.45","2,903.00","2,917.10",4880101,14235732813.0,254431,2998632.0,61.45
2024-09-12,RELIANCE,EQ,"2,903.00","2,914.00","2,972.00","2,891.75","2,953.00","2,959.60","2,930.24",11174688,32744474466.75,365694,5688113.0,50.9
2024-09-13,RELIANCE,EQ,"2,959.60","2,952.80","2,966.30","2,939.00","2,946.50","2,945.25","2,951.65",4355664,12856398757.55,133244,2293496.0,52.66
2024-09-16,RELIANCE,EQ,"2,945.25","2,955.10","2,961.80","2,929.50","2,944.35","2,942.70","2,944.45",2740887,8070408899.55,127429,1650005.0,60.2
2024-09-17,RELIANCE,EQ,"2,942.70","2,948.00","2,954.95","2,933.25","2,945.00","2,944.60","2,943.09",2967664,8734102749.7,148458,1962511.0,66.13
2024-09-18,RELIANCE,EQ,"2,944.60","2,940.00","2,964.00","2,921.10","2,923.00","2,926.90","2,939.96",4287357,12604650688.95,179852,2716778.0,63.37
2024-09-19,RELIANCE,EQ,"2,926.90","2,932.50","2,953.00","2,911.10","2,940.00","2,939.35","2,934.14",8477951,24875502062.25,259931,5162238.0,60.89
2024-09-20,RELIANCE,EQ,"2,939.35","2,948.00","2,990.00","2,942.75","2,972.10","2,971.85","2,970.54",15448660,45890894255.5,379677,8564168.0,55.44
2024-09-23,RELIANCE,EQ,"2,971.85","2,982.00","3,003.00","2,977.90","2,985.00","2,986.75","2,990.93",4416157,13208420985.1,146805,2766969.0,62.66
2024-09-24,RELIANCE,EQ,"2,986.75","2,977.00","3,001.00","2,975.75","2,980.50","2,978.75","2,986.14",8568722,25587444695.3,201586,6926041.0,80.83
2024-09-25,RELIANCE,EQ,"2,978.75","2,967.80","2,993.00","2,960.40","2,988.05","2,987.90","2,976.46",3534501,10520289097.25,154120,2170405.0,61.41
2024-09-26,RELIANCE,EQ,"2,987.90","2,981.30","3,008.00","2,976.10","3,008.00","2,995.90","2,994.82",9409499,28179760605.2,259792,6388610.0,67.9
2024-09-27,RELIANCE,EQ,"2,995.90","2,998.00","3,066.95","2,984.00","3,047.05","3,052.35","3,024.87",10298739,31152328126.2,328612,7192739.0,69.84
2024-09-30,RELIANCE,EQ,"3,052.35","3,038.80","3,049.95","2,948.80","2,958.00","2,953.15","2,977.44",13504407,40208625079.45,431656,9772452.0,72.36
2024-10-01,RELIANCE,EQ,"2,953.15","2,961.30","2,975.90","2,925.65","2,927.00","2,929.65","2,938.60",8215821,24142992536.6,330546,5833186.0,71.0
2024-10-03,RELIANCE,EQ,"2,929.65","2,873.15","2,898.80","2,804.15","2,813.95","2,813.95","2,846.93",18878647,53746234225.65,689559,13301627.0,70.46
2024-10-04,RELIANCE,EQ,"2,813.95","2,807.85","2,834.70","2,763.55","2,771.50","2,773.05","2,796.15",18536438,51830708670.55,534690,10930510.0,58.97
2024-10-07,RELIANCE,EQ,"2,773.05","2,787.00","2,793.00","2,722.75","2,740.70","2,741.45","2,750.92",11090670,30509518408.05,423167,7880470.0,71.05
2024-10-08,RELIANCE,EQ,"2,741.45","2,745.95","2,802.00","2,730.20","2,798.95","2,794.70","2,768.60",8510404,23561905588.15,358981,5245628.0,61.64
2024-10-09,RELIANCE,EQ,"2,794.70","2,795.05","2,801.95","2,745.00","2,748.00","2,749.20","2,773.49",7155305,19845168137.95,358324,4624596.0,64.63
2024-10-10,RELIANCE,EQ,"2,749.20","2,760.05","2,772.00","2,738.85","2,742.50","2,742.10","2,749.69",11179323,30739675824.55,364305,8088422.0,72.35
2024-10-11,RELIANCE,EQ,"2,742.10","2,740.00","2,766.55","2,737.65","2,749.00","2,744.20","2,751.19",3990061,10977431923.95,197702,1859446.0,46.6
2024-10-14,RELIANCE,EQ,"2,744.20","2,758.90","2,760.15","2,736.50","2,745.50","2,745.05","2,746.12",6110716,16780732590.05,233903,4147617.0,67.87
2024-10-15,RELIANCE,EQ,"2,745.05","2,717.05","2,743.40","2,681.40","2,688.60","2,688.05","2,708.71",16881397,45726823453.35,602869,11151853.0,66.06
2024-10-16,RELIANCE,EQ,"2,688.05","2,680.00","2,728.00","2,675.25","2,709.40","2,708.15","2,696.84",10017219,27014852678.0,356705,6261479.0,62.51
2024-10-17,RELIANCE,EQ,"2,708.15","2,731.40","2,736.90","2,704.10","2,713.30","2,712.85","2,718.84",7771830,21130392926.65,383984,4906216.0,63.13
2024-10-18,RELIANCE,EQ,"2,712.85","2,704.35","2,736.85","2,682.65","2,717.00","2,718.60","2,713.87",6041226,16395116698.5,295032,3108315.0,51.45
2024-10-21,RELIANCE,EQ,"2,718.60","2,734.25","2,748.00","2,715.45","2,736.00","2,738.40","2,734.41",7033704,19233063988.4,228845,4705858.0,66.9
2024-10-22,RELIANCE,EQ,"2,738.40","2,738.40","2,752.00","2,680.45","2,684.15","2,686.70","2,707.80",7915980,21434871569.75,363161,5147016.0,65.02
2024-10-23,RELIANCE,EQ,"2,686.70","2,675.00","2,714.95","2,670.00","2,682.35","2,677.05","2,688.32",8607371,23139346660.1,337356,5462528.0,63.46
2024-10-24,RELIANCE,EQ,"2,677.05","2,670.55","2,687.40","2,646.25","2,678.90","2,679.60","2,668.53",11077967,29561935442.55,345601,7270549.0,65.63
2024-10-25,RELIANCE,EQ,"2,679.60","2,687.00","2,688.70","2,644.00","2,656.30","2,655.70","2,659.80",9298748,24732826126.1,388238,5955260.0,64.04
2024-10-28,RELIANCE,EQ,"2,655.70","1,337.00","1,353.00","1,322.10","1,335.00","1,334.35","1,337.70",10824350,14479733719.25,368817,6528553.0,60.31
2024-10-29,RELIANCE,EQ,"1,334.35","1,328.10","1,343.20","1,320.30","1,340.00","1,340.00","1,331.46",12008361,15988683034.0,436915,7868884.0,65.53
2024-10-30,RELIANCE,EQ,"1,340.00","1,335.00","1,350.00","1,325.35","1,344.85","1,343.90","1,341.16",11984423,16073073274.15,295954,7501497.0,62.59
2024-10-31,RELIANCE,EQ,"1,343.90","1,340.00","1,343.00","1,326.15","1,332.00","1,332.05","1,334.14",9331650,12449744606.9,414741,6120942.0,65.59
2024-11-01,RELIANCE,EQ,"1,332.05","1,333.05","1,341.95","1,333.00","1,338.40","1,338.65","1,338.89",2127335,2848264119.8,127374,1496974.0,70.37
2024-11-04,RELIANCE,EQ,"1,338.65","1,337.85","1,340.00","1,285.10","1,298.50","1,302.15","1,301.44",19796890,25764450096.55,554958,10830488.0,54.71
2024-11-05,RELIANCE,EQ,"1,302.15","1,293.00","1,309.55","1,286.15","1,307.50","1,305.30","1,297.87",16267479,21113119455.5,371758,9388843.0,57.72
2024-11-06,RELIANCE,EQ,"1,305.30","1,310.00","1,328.30","1,300.20","1,326.00","1,325.35","1,315.57",21625209,28449504045.35,349627,13815044.0,63.88
2024-11-07,RELIANCE,EQ,"1,325.35","1,324.00","1,324.00","1,302.60","1,305.00","1,305.65","1,308.97",9611974,12581800339.0,261277,5753322.0,59.86
2024-11-08,RELIANCE,EQ,"1,305.65","1,297.65","1,301.65","1,275.00","1,280.20","1,283.75","1,284.01",19814406,25441900935.6,477001,12381972.0,62.49
2024-11-11,RELIANCE,EQ,"1,283.75","1,278.95","1,286.00","1,267.00","1,273.40","1,272.70","1,275.44",9056552,11551068872.5,286019,5020499.0,55.43
2024-11-12,RELIANCE,EQ,"1,272.70","1,275.55","1,289.30","1,267.50","1,269.50","1,274.25","1,277.82",10671091,13635694812.3,299780,5661871.0,53.06
2024-11-13,RELIANCE,EQ,"1,274.25","1,270.25","1,275.45","1,249.50","1,252.70","1,252.05","1,258.62",14633633,18418208535.9,469215,9321511.0,63.7
2024-11-14,RELIANCE,EQ,"1,252.05","1,253.60","1,272.60","1,251.10","1,266.90","1,267.60","1,263.73",12612633,15938929092.75,301253,6976289.0,55.31
2024-11-18,RELIANCE,EQ,"1,267.60","1,267.60","1,272.90","1,243.90","1,259.15","1,260.75","1,258.64",13620611,17143501436.4,301906,8367305.0,61.43
2024-11-19,RELIANCE,EQ,"1,260.75","1,260.75","1,281.50","1,235.15","1,237.40","1,241.65","1,265.50",14183746,17949463404.35,355649,8727273.0,61.53
2024-11-21,RELIANCE,EQ,"1,241.65","1,241.65","1,243.95","1,217.25","1,220.45","1,223.00","1,224.92",19433843,23804902094.9,553410,11829284.0,60.87
2024-11-22,RELIANCE,EQ,"1,223.00","1,229.40","1,268.85","1,222.45","1,264.00","1,265.40","1,247.09",20471957,25530460769.3,323219,12948565.0,63.25
2024-11-25,RELIANCE,EQ,"1,265.40","1,290.00","1,304.45","1,282.45","1,290.95","1,287.00","1,291.52",28923341,37355089803.05,390544,17423873.0,60.24
2024-11-26,RELIANCE,EQ,"1,287.00","1,294.95","1,297.85","1,284.20","1,295.60","1,295.70","1,292.03",9247557,11948133607.6,218738,5567334.0,60.2
2024-11-27,RELIANCE,EQ,"1,295.70","1,293.50","1,303.85","1,286.00","1,293.40","1,293.20","1,293.84",9572746,12385614506.45,196614,5187301.0,54.19
2024-11-28,RELIANCE,EQ,"1,293.20","1,289.95","1,296.60","1,269.05","1,272.75","1,270.80","1,280.74",15027412,19246153609.3,311959,9097251.0,60.54
2024-11-29,RELIANCE,EQ,"1,270.80","1,280.00","1,299.50","1,275.25","1,291.50","1,292.20","1,290.83",13202307,17041975591.7,280529,7350281.0,55.67
2024-12-02,RELIANCE,EQ,"1,292.20","1,288.00","1,311.35","1,277.05","1,310.60","1,309.15","1,298.60",11024152,14315972962.55,272825,5090869.0,46.18
2024-12-03,RELIANCE,EQ,"1,309.15","1,317.00","1,326.80","1,307.00","1,325.05","1,323.30","1,320.68",16869482,22279247257.55,349204,12230775.0,72.5
2024-12-04,RELIANCE,EQ,"1,323.30","1,326.00","1,328.40","1,304.05","1,309.50","1,308.95","1,310.74",19608540,25701743568.8,250873,14047215.0,71.64
2024-12-05,RELIANCE,EQ,"1,308.95","1,314.35","1,329.95","1,306.15","1,320.90","1,322.05","1,319.78",16858723,22249886629.55,309667,7909470.0,46.92
2024-12-06,RELIANCE,EQ,"1,322.05","1,323.90","1,323.90","1,310.00","1,311.60","1,311.55","1,314.49",9037514,11879701933.9,193736,5546164.0,61.37
2024-12-09,RELIANCE,EQ,"1,311.55","1,303.00","1,315.00","1,293.10","1,296.40","1,295.15","1,304.10",14650002,19105110924.9,202850,9986486.0,68.17
2024-12-10,RELIANCE,EQ,"1,295.15","1,289.25","1,294.90","1,280.20","1,285.95","1,284.85","1,286.46",16043729,20639594557.2,456341,11783897.0,73.45
2024-12-11,RELIANCE,EQ,"1,284.85","1,285.00","1,290.00","1,276.05","1,279.00","1,278.20","1,282.33",11724373,15034457832.65,272365,8134158.0,69.38
2024-12-12,RELIANCE,EQ,"1,278.20","1,270.00","1,278.20","1,260.60","1,261.30","1,262.90","1,265.58",20906813,26459166488.55,363205,13808070.0,66.05
2024-12-13,RELIANCE,EQ,"1,262.90","1,260.00","1,275.20","1,239.60","1,274.45","1,272.85","1,257.50",28630222,36002621429.3,482467,17792504.0,62.15
2024-12-16,RELIANCE,EQ,"1,272.85","1,275.00","1,281.00","1,266.55","1,268.40","1,268.30","1,271.94",9486781,12066629924.3,224571,5573377.0,58.75
2024-12-17,RELIANCE,EQ,"1,268.30","1,261.05","1,263.90","1,242.80","1,244.70","1,245.30","1,249.22",17462791,21814794516.85,481698,11118567.0,63.67
2024-12-18,RELIANCE,EQ,"1,245.30","1,240.65","1,259.95","1,240.65","1,254.35","1,253.25","1,252.58",12670179,15870398087.1,266155,6988693.0,55.16
2024-12-19,RELIANCE,EQ,"1,253.25","1,239.00","1,244.90","1,229.00","1,230.50","1,230.45","1,235.73",14244653,17602540036.0,503893,9361064.0,65.72
2024-12-20,RELIANCE,EQ,"1,230.45","1,224.00","1,239.50","1,201.50","1,206.00","1,205.30","1,215.95",20312896,24699497247.5,499900,12454242.0,61.31
2024-12-23,RELIANCE,EQ,"1,205.30","1,215.00","1,227.20","1,213.20","1,223.85","1,222.30","1,219.77",10052824,12262091651.05,258756,6131121.0,60.99
2024-12-24,RELIANCE,EQ,"1,222.30","1,222.30","1,233.55","1,221.00","1,224.20","1,222.75","1,227.14",6734917,8264675853.25,207746,3447162.0,51.18
2024-12-26,RELIANCE,EQ,"1,222.75","1,224.25","1,227.70","1,214.25","1,217.00","1,216.55","1,219.74",10016178,12217176986.8,256436,6229245.0,62.19
2024-12-27,RELIANCE,EQ,"1,216.55","1,218.30","1,227.90","1,217.00","1,221.50","1,221.05","1,223.20",7000397,8562895530.2,174882,4147537.0,59.25
2024-12-30,RELIANCE,EQ,"1,221.05","1,216.40","1,223.20","1,208.10","1,211.50","1,210.70","1,214.71",8818766,10712229377.5,308317,5371141.0,60.91
2024-12-31,RELIANCE,EQ,"1,210.70","1,208.00","1,219.10","1,206.15","1,216.40","1,215.45","1,213.08",6405475,7770338353.9,180916,3353131.0,52.35
2025-01-01,RELIANCE,EQ,"1,215.45","1,214.85","1,226.30","1,211.60","1,222.75","1,221.25","1,221.01",5892590,7194899836.45,138528,2746921.0,46.62
2025-01-02,RELIANCE,EQ,"1,221.25","1,221.25","1,244.45","1,220.00","1,240.55","1,241.80","1,234.32",15486276,19115027208.35,271108,9771015.0,63.09
2025-01-03,RELIANCE,EQ,"1,241.80","1,243.90","1,262.05","1,235.50","1,249.85","1,251.15","1,250.34",15521102,19406715598.75,277290,9035649.0,58.22
2025-01-06,RELIANCE,EQ,"1,251.15","1,253.95","1,262.00","1,215.00","1,216.25","1,218.00","1,235.67",14816766,18308652263.95,317843,8815355.0,59.50
2025-01-07,RELIANCE,EQ,"1,218.00","1,222.00","1,244.50","1,221.25","1,239.95","1,240.85","1,237.63",10070505,12463597633.45,216620,6359466.0,63.15
2025-01-08,RELIANCE,EQ,"1,240.85","1,249.00","1,271.05","1,245.35","1,261.35","1,265.50","1,263.24",19346579,24439345120.55,531488,12339259.0,63.78
2025-01-09,RELIANCE,EQ,"1,265.50","1,267.00","1,269.75","1,248.05","1,256.80","1,254.75","1,257.46",12794704,16088882554.2,390501,7866010.0,61.48
2025-01-10,RELIANCE,EQ,"1,254.75","1,253.85","1,256.75","1,236.00","1,245.55","1,241.90","1,245.97",8120332,10117685547.7,340024,5157757.0,63.52
2025-01-13,RELIANCE,EQ,"1,241.90","1,230.00","1,245.25","1,226.40","1,240.75","1,239.85","1,238.10",13764861,17042274859.85,398257,9783488.0,71.08
2025-01-14,RELIANCE,EQ,"1,239.85","1,244.10","1,253.35","1,227.25","1,239.00","1,238.75","1,236.46",13095266,16191765836.2,278977,8016799.0,61.22
2025-01-15,RELIANCE,EQ,"1,238.75","1,244.95","1,257.00","1,241.85","1,252.00","1,252.20","1,250.11",9578856,11974600753.05,220174,6244396.0,65.19
2025-01-16,RELIANCE,EQ,"1,252.20","1,258.90","1,275.00","1,251.30","1,275.00","1,266.45","1,262.86",14117603,17828486685.9,207451,9306492.0,65.92
2025-01-17,RELIANCE,EQ,"1,266.45","1,322.25","1,326.00","1,285.00","1,300.00","1,302.35","1,300.80",29366277,38199728794.4,594018,15634926.0,53.24
2025-01-20,RELIANCE,EQ,"1,302.35","1,316.00","1,316.00","1,300.25","1,304.00","1,305.45","1,307.82",14040244,18362047246.7,280553,10632935.0,75.73
2025-01-21,RELIANCE,EQ,"1,305.45","1,310.50","1,313.00","1,270.20","1,277.60","1,273.70","1,284.79",14562976,18710366859.1,325783,6749191.0,46.34
2025-01-22,RELIANCE,EQ,"1,273.70","1,278.30","1,282.90","1,268.70","1,278.00","1,277.10","1,276.09",10273590,13110004094.65,239816,6718929.0,65.40
2025-01-23,RELIANCE,BL,"2,393.90","1,263.20","1,263.20","1,263.20","1,263.20","1,263.20","1,263.20",1096295,1384839844.0,1,,-
2025-01-24,RELIANCE,EQ,"1,263.65","1,266.00","1,273.00","1,243.50","1,244.45","1,246.30","1,252.27",14235970,17827272395.0,263461,10050105.0,70.60
2025-01-27,RELIANCE,EQ,"1,246.30","1,239.10","1,240.45","1,220.00","1,229.00","1,229.35","1,229.35",9536019,11723127883.65,368025,5619689.0,58.93
2025-01-28,RELIANCE,EQ,"1,229.35","1,238.00","1,244.75","1,218.50","1,235.00","1,234.40","1,232.65",10568025,13026673067.35,286863,5069011.0,47.97
2025-01-29,RELIANCE,EQ,"1,234.40","1,236.00","1,242.75","1,228.05","1,237.25","1,235.50","1,236.66",5928156,7331119895.8,167073,3043758.0,51.34
2025-01-30,RELIANCE,EQ,"1,235.50","1,235.55","1,257.00","1,232.40","1,253.15","1,253.05","1,249.15",9269259,11578693152.95,227871,4851304.0,52.34
2025-01-31,RELIANCE,EQ,"1,253.05","1,255.85","1,267.00","1,249.00","1,266.00","1,265.10","1,261.32",6584612,8305291978.45,169481,3946480.0,59.93
2025-02-01,RELIANCE,EQ,"1,265.10","1,265.10","1,270.55","1,241.00","1,264.00","1,264.60","1,260.42",7118453,8972248877.35,143258,3897425.0,54.75
2025-02-03,RELIANCE,EQ,"1,264.60","1,251.00","1,256.00","1,237.55","1,247.00","1,245.90","1,247.14",9252345,11538963041.0,268425,5857587.0,63.31
2025-02-04,RELIANCE,EQ,"1,245.90","1,248.05","1,288.80","1,246.60","1,282.90","1,285.20","1,273.65",16691069,21258496964.75,323415,11061482.0,66.27
2025-02-05,RELIANCE,EQ,"1,285.20","1,282.65","1,290.50","1,276.70","1,278.50","1,278.20","1,281.97",10112028,12963336513.05,219550,6985210.0,69.08
2025-02-06,RELIANCE,EQ,"1,278.20","1,273.70","1,288.00","1,270.35","1,283.00","1,281.55","1,279.27",9956001,12736385821.45,217888,4937305.0,49.59
2025-02-07,RELIANCE,EQ,"1,281.55","1,276.15","1,283.70","1,262.00","1,266.50","1,266.70","1,270.98",8764283,11139240963.05,174531,5591594.0,63.80
2025-02-10,RELIANCE,EQ,"1,266.70","1,264.50","1,266.50","1,245.55","1,254.65","1,253.65","1,251.52",6970972,8724286360.55,173316,4194326.0,60.17
2025-02-11,RELIANCE,EQ,"1,253.65","1,264.55","1,264.55","1,230.10","1,237.55","1,234.85","1,244.26",8859714,11023757522.95,240683,3930056.0,44.36
2025-02-12,RELIANCE,EQ,"1,234.85","1,219.45","1,226.90","1,193.35","1,217.05","1,216.55","1,211.39",21131654,25598619531.25,404276,11959395.0,56.59
2025-02-13,RELIANCE,EQ,"1,216.55","1,217.05","1,228.00","1,212.00","1,216.20","1,216.10","1,219.60",8511216,10380276762.25,266249,4274015.0,50.22
2025-02-14,RELIANCE,EQ,"1,216.10","1,219.00","1,224.00","1,205.45","1,214.75","1,217.25","1,215.10",10298145,12513277266.75,202314,6613749.0,64.22
2025-02-17,RELIANCE,EQ,"1,217.25","1,211.10","1,227.50","1,204.50","1,225.45","1,224.90","1,219.62",8166683,9960241446.85,220670,4447866.0,54.46
2025-02-18,RELIANCE,EQ,"1,224.90","1,224.85","1,229.90","1,216.10","1,223.95","1,225.40","1,223.94",6673250,8167661853.95,181273,3655419.0,54.78
2025-02-19,RELIANCE,EQ,"1,225.40","1,219.50","1,232.75","1,217.55","1,226.30","1,227.45","1,226.67",6217338,7626601753.25,178165,3446716.0,55.44
2025-02-20,RELIANCE,EQ,"1,227.45","1,223.95","1,239.35","1,222.00","1,232.00","1,233.00","1,233.94",7795582,9619277166.5,162561,5439316.0,69.77
2025-02-21,RELIANCE,EQ,"1,233.00","1,228.70","1,240.00","1,222.15","1,226.90","1,228.15","1,231.37",6904025,8501382497.7,213824,4160538.0,60.26
2025-02-24,RELIANCE,EQ,"1,228.15","1,216.55","1,223.25","1,210.50","1,215.00","1,214.55","1,215.90",7172498,8721021715.35,200264,4272207.0,59.56
2025-02-25,RELIANCE,EQ,"1,214.55","1,211.00","1,221.00","1,201.50","1,202.00","1,204.00","1,209.60",11552182,13973492939.8,213192,6716903.0,58.14
2025-02-27,RELIANCE,EQ,"1,204.00","1,212.80","1,215.00","1,200.65","1,208.00","1,207.10","1,206.31",11509215,13883637029.45,236188,7994875.0,69.46
2025-02-28,RELIANCE,EQ,"1,207.10","1,202.00","1,217.35","1,193.30","1,198.00","1,200.10","1,205.62",23007298,27738125737.6,355378,15267608.0,66.36
2025-03-03,RELIANCE,EQ,"1,200.10","1,204.00","1,206.45","1,156.00","1,174.00","1,171.25","1,168.57",17944938,20969945818.55,682013,10838548.0,60.40
2025-03-04,RELIANCE,EQ,"1,171.25","1,162.20","1,174.00","1,159.55","1,160.45","1,161.90","1,164.92",11377373,13253711939.15,275459,7203207.0,63.31
2025-03-05,RELIANCE,EQ,"1,161.90","1,161.00","1,183.00","1,157.00","1,177.15","1,175.60","1,173.40",8664095,10166451492.55,196774,4498908.0,51.93
2025-03-06,RELIANCE,EQ,"1,175.60","1,197.00","1,213.95","1,185.15","1,211.50","1,209.60","1,199.05",14468014,17347917723.2,250467,6191944.0,42.80
2025-03-07,RELIANCE,EQ,"1,209.60","1,216.00","1,254.80","1,212.00","1,246.40","1,249.80","1,243.95",16474965,20494065096.8,424924,8740655.0,53.05
2025-03-10,RELIANCE,EQ,"1,249.80","1,245.00","1,258.00","1,235.40","1,237.70","1,238.40","1,245.85",11931051,14864340065.65,288299,7659549.0,64.20
2025-03-11,RELIANCE,EQ,"1,238.40","1,240.00","1,249.50","1,229.75","1,247.25","1,247.30","1,241.71",10089838,12528623904.2,155065,6603639.0,65.45
2025-03-12,RELIANCE,EQ,"1,247.30","1,258.00","1,263.00","1,244.00","1,255.95","1,257.05","1,252.97",11977555,15007514668.9,161536,7908748.0,66.03
2025-03-13,RELIANCE,EQ,"1,257.05","1,260.05","1,264.15","1,243.85","1,246.65","1,247.90","1,254.23",9505270,11921766653.8,194588,5926669.0,62.35
2025-03-17,RELIANCE,EQ,"1,247.90","1,242.15","1,257.40","1,233.10","1,241.55","1,238.85","1,239.76",16640952,20630843725.15,269824,11622060.0,69.84
2025-03-18,RELIANCE,BL,"1,263.20","1,238.85","1,238.85","1,238.85","1,238.85","1,238.85","1,238.85",170000,210604500.0,1,,-
2025-03-19,RELIANCE,EQ,"1,238.80","1,241.05","1,253.25","1,238.80","1,248.00","1,247.15","1,247.22",16162399,20158006340.6,217782,11344685.0,70.19
2025-03-20,RELIANCE,EQ,"1,247.15","1,251.85","1,273.00","1,250.05","1,268.20","1,269.15","1,262.54",15971477,20164561988.35,219527,10572577.0,66.20
2025-03-21,RELIANCE,EQ,"1,269.15","1,275.00","1,281.00","1,270.10","1,277.50","1,276.35","1,276.34",21780769,27799653516.4,230001,16903830.0,77.61
2025-03-24,RELIANCE,EQ,"1,276.35","1,291.00","1,306.00","1,284.25","1,302.65","1,302.10","1,297.38",20299319,26335901171.15,347056,15093135.0,74.35
2025-03-25,RELIANCE,EQ,"1,302.10","1,307.70","1,307.70","1,282.60","1,285.25","1,285.45","1,290.63",13713899,17699568389.85,271251,7410789.0,54.04
2025-03-26,RELIANCE,EQ,"1,285.45","1,291.00","1,293.80","1,268.75","1,270.90","1,273.05","1,279.04",12074747,15444062345.35,292138,8121899.0,67.26
2025-03-27,RELIANCE,EQ,"1,273.05","1,278.15","1,285.00","1,271.30","1,280.00","1,278.20","1,278.90",15028056,19219399902.9,224828,9893824.0,65.84
2025-03-28,RELIANCE,EQ,"1,278.20","1,280.00","1,295.75","1,269.00","1,274.00","1,275.10","1,278.15",18147129,23194774030.9,265113,9848533.0,54.27
2025-04-01,RELIANCE,EQ,"1,275.10","1,264.60","1,277.90","1,249.30","1,254.00","1,252.60","1,260.72",12099648,15254261046.8,260862,6434612.0,53.18
2025-04-02,RELIANCE,EQ,"1,252.60","1,247.55","1,255.55","1,243.90","1,252.00","1,251.15","1,251.04",10142590,12688802512.15,177979,7214275.0,71.13
2025-04-03,RELIANCE,EQ,"1,251.15","1,233.05","1,251.80","1,233.05","1,248.50","1,248.70","1,246.31",7434366,9265530670.85,146316,4603545.0,61.92
2025-04-04,RELIANCE,EQ,"1,248.70","1,241.10","1,245.45","1,193.15","1,205.90","1,204.70","1,206.62",17908652,21608977995.1,542347,11344617.0,63.35
2025-04-07,RELIANCE,EQ,"1,204.70","1,132.20","1,171.25","1,114.85","1,171.25","1,165.70","1,150.54",22156106,25491501838.9,677564,14572975.0,65.77
2025-04-08,RELIANCE,EQ,"1,165.70","1,172.00","1,196.60","1,163.30","1,181.05","1,182.20","1,179.50",19555040,23065209423.0,314171,10471288.0,53.55
2025-04-09,RELIANCE,EQ,"1,182.20","1,169.50","1,189.80","1,168.00","1,187.50","1,185.35","1,183.08",10223104,12094749463.2,193325,5995139.0,58.64
2025-04-11,RELIANCE,EQ,"1,185.35","1,195.15","1,222.65","1,195.15","1,220.00","1,218.95","1,214.05",11224242,13626831085.65,187059,6266581.0,55.83
2025-04-15,RELIANCE,EQ,"1,218.95","1,251.00","1,251.00","1,237.10","1,239.60","1,240.10","1,242.83",13378535,16627177949.1,199888,9193395.0,68.72
2025-04-16,RELIANCE,EQ,"1,240.10","1,234.10","1,240.90","1,229.00","1,238.00","1,239.30","1,235.61",8248464,10191864641.7,164065,5188216.0,62.90
2025-04-17,RELIANCE,EQ,"1,239.30","1,240.20","1,280.20","1,227.60","1,273.00","1,274.50","1,260.38",15398401,19407871411.0,321235,8657714.0,56.22
2025-04-21,RELIANCE,EQ,"1,274.50","1,270.00","1,300.90","1,267.00","1,295.20","1,295.50","1,291.47",10429964,13469949890.0,257857,6583600.0,63.12
2025-04-22,RELIANCE,EQ,"1,295.50","1,300.00","1,303.90","1,286.30","1,289.00","1,291.20","1,295.99",13051707,16914900850.3,229331,9226837.0,70.69
2025-04-23,RELIANCE,EQ,"1,291.20","1,297.00","1,306.00","1,285.40","1,297.00","1,300.00","1,297.08",10480888,13594597555.0,232149,6681779.0,63.75
2025-04-24,RELIANCE,EQ,"1,300.00","1,292.40","1,304.50","1,290.30","1,303.50","1,301.60","1,298.32",10468940,13592084385.0,181309,7034174.0,67.19
2025-04-25,RELIANCE,EQ,"1,301.60","1,303.50","1,325.20","1,288.10","1,301.00","1,300.40","1,303.30",14431012,18807907514.7,307093,6943157.0,48.11
2025-04-28,RELIANCE,EQ,"1,300.40","1,340.00","1,374.60","1,320.20","1,366.30","1,368.80","1,355.02",31104496,42147123069.0,893347,17939278.0,57.67
2025-04-29,RELIANCE,EQ,"1,368.80","1,371.00","1,410.90","1,370.00","1,398.90","1,399.70","1,395.77",32538970,45417061104.5,680195,21685829.0,66.65
2025-04-30,RELIANCE,EQ,"1,399.70","1,402.00","1,412.40","1,369.00","1,395.00","1,405.00","1,404.87",25480745,35797220282.0,598769,18305940.0,71.84
2025-05-02,RELIANCE,EQ,"1,405.00","1,414.00","1,426.70","1,409.10","1,422.50","1,422.40","1,419.65",17535402,24894140200.0,378385,11323037.0,64.57
2025-05-05,RELIANCE,EQ,"1,422.40","1,431.00","1,439.50","1,426.90","1,430.00","1,431.30","1,432.00",12685649,18165843553.0,204503,9447755.0,74.48
2025-05-06,RELIANCE,EQ,"1,431.30","1,431.00","1,432.00","1,410.60","1,418.00","1,420.90","1,419.01",14084117,19985559677.4,226761,10124390.0,71.89
2025-05-07,RELIANCE,EQ,"1,420.90","1,420.90","1,424.40","1,402.70","1,405.90","1,406.00","1,412.79",13440169,18988126278.3,222903,9934849.0,73.92
2025-05-08,RELIANCE,EQ,"1,406.00","1,404.10","1,420.80","1,398.00","1,398.00","1,407.00","1,410.51",16106175,22717878064.3,231342,9993501.0,62.05
2025-05-09,RELIANCE,EQ,"1,407.00","1,385.50","1,394.80","1,374.50","1,379.50","1,377.20","1,382.39",13668904,18895751340.1,388013,10191308.0,74.56
2025-05-12,RELIANCE,EQ,"1,377.20","1,400.00","1,439.00","1,400.00","1,436.90","1,436.50","1,426.35",10674081,15224970250.5,310602,6995270.0,65.54
2025-05-13,RELIANCE,EQ,"1,436.50","1,433.50","1,447.70","1,412.40","1,416.50","1,415.70","1,423.23",11407896,16236102678.9,281992,5936423.0,52.04
2025-05-14,RELIANCE,EQ,"1,415.70","1,420.00","1,429.90","1,415.50","1,425.20","1,424.40","1,423.31",5570160,7928045614.7,145014,3082135.0,55.33
2025-05-15,RELIANCE,EQ,"1,424.40","1,425.00","1,461.40","1,412.70","1,453.00","1,454.20","1,441.41",20177211,29083683834.8,314261,11162761.0,55.32
2025-05-16,RELIANCE,EQ,"1,454.20","1,453.20","1,461.00","1,447.30","1,454.80","1,456.40","1,455.16",9036695,13149797875.4,196322,6326662.0,70.01
2025-05-19,RELIANCE,EQ,"1,456.40","1,452.10","1,454.60","1,438.20","1,442.90","1,440.80","1,443.67",6195791,8944705922.3,144606,3890227.0,62.79
2025-05-20,RELIANCE,EQ,"1,440.80","1,438.20","1,445.00","1,421.80","1,424.50","1,424.60","1,429.91",11270560,16115906328.3,182531,8038555.0,71.32
2025-05-21,RELIANCE,EQ,"1,424.60","1,423.90","1,436.20","1,418.10","1,428.20","1,429.20","1,427.75",6136364,8761209045.9,232529,3499009.0,57.02
2025-05-22,RELIANCE,EQ,"1,429.20","1,421.20","1,423.80","1,396.90","1,411.50","1,409.40","1,406.85",12134466,17071402011.9,228031,7420006.0,61.15
2025-05-23,RELIANCE,EQ,"1,409.40","1,406.60","1,433.80","1,406.60","1,426.00","1,426.80","1,424.63",6474883,9224312172.6,135371,3788597.0,58.51
2025-05-26,RELIANCE,EQ,"1,426.80","1,432.00","1,441.00","1,425.10","1,435.90","1,434.80","1,437.16",4842944,6960105851.4,171837,2806268.0,57.95
2025-05-27,RELIANCE,EQ,"1,434.80","1,426.10","1,437.00","1,413.90","1,424.20","1,422.10","1,421.81",12640414,17972211281.7,211047,6965099.0,55.10
2025-05-28,RELIANCE,EQ,"1,422.10","1,420.10","1,422.60","1,410.70","1,412.80","1,412.90","1,414.99",5944611,8411575745.5,169185,3712454.0,62.45
2025-05-29,RELIANCE,EQ,"1,412.90","1,412.10","1,420.00","1,408.60","1,419.50","1,417.80","1,414.72",13771917,19483424681.6,265116,9632471.0,69.94
2025-05-30,RELIANCE,EQ,"1,417.80","1,418.00","1,430.60","1,409.70","1,417.90","1,420.90","1,419.89",13788484,19578154095.0,155127,8340438.0,60.49
2025-06-02,RELIANCE,EQ,"1,420.90","1,412.10","1,417.50","1,395.60","1,412.60","1,413.70","1,407.75",8098668,11400864785.0,189977,4754923.0,58.71
2025-06-03,RELIANCE,EQ,"1,413.70","1,422.30","1,426.50","1,403.40","1,405.40","1,405.50","1,412.34",11252626,15892572174.1,230110,7359424.0,65.40
2025-06-04,RELIANCE,EQ,"1,405.50","1,414.70","1,425.70","1,406.10","1,421.00","1,423.50","1,415.78",8126827,11505806730.5,152064,5920673.0,72.85
2025-06-05,RELIANCE,EQ,"1,423.50","1,428.00","1,454.70","1,423.60","1,442.70","1,442.40","1,442.72",13716817,19789468217.0,304069,7477692.0,54.51
2025-06-06,RELIANCE,EQ,"1,442.40","1,441.00","1,451.50","1,437.00","1,443.00","1,443.50","1,444.22",8182161,11816875426.1,179734,4679792.0,57.20
2025-06-09,RELIANCE,EQ,"1,443.50","1,457.00","1,457.50","1,445.30","1,447.20","1,448.80","1,449.95",7885125,11433033631.8,159916,5967583.0,75.68
2025-06-10,RELIANCE,EQ,"1,448.80","1,450.00","1,453.90","1,436.00","1,437.30","1,438.50","1,442.59",7913181,11415476580.5,167203,5070083.0,64.07
2025-06-11,RELIANCE,EQ,"1,438.50","1,445.80","1,468.60","1,443.10","1,448.00","1,448.90","1,456.11",8195700,11933850942.7,184593,4318503.0,52.69
2025-06-12,RELIANCE,EQ,"1,448.90","1,453.50","1,457.00","1,434.40","1,439.50","1,441.60","1,444.32",8828114,12750612321.3,190194,3478490.0,39.40
2025-06-13,RELIANCE,EQ,"1,441.60","1,424.00","1,435.50","1,414.30","1,427.50","1,427.90","1,423.95",9757276,13893905321.3,202256,6138313.0,62.91
2025-06-16,RELIANCE,EQ,"1,427.90","1,426.90","1,442.40","1,424.40","1,436.90","1,437.80","1,436.42",8458093,12149412490.7,213623,6127753.0,72.45
2025-06-17,RELIANCE,EQ,"1,437.80","1,448.00","1,448.00","1,425.80","1,430.00","1,431.20","1,432.15",10366599,14846517402.4,191173,5667420.0,54.67
2025-06-18,RELIANCE,EQ,"1,431.20","1,430.00","1,442.80","1,425.70","1,429.70","1,430.10","1,431.31",6681735,9563629434.0,138211,4052693.0,60.65
2025-06-19,RELIANCE,EQ,"1,430.10","1,430.10","1,439.90","1,425.70","1,428.00","1,433.30","1,433.80",10007230,14348370217.6,179473,4737355.0,47.34
2025-06-20,RELIANCE,EQ,"1,433.30","1,431.00","1,471.00","1,428.10","1,464.10","1,466.20","1,462.68",29010635,42433300495.6,276278,22729686.0,78.35
2025-06-23,RELIANCE,EQ,"1,466.20","1,453.00","1,463.80","1,442.00","1,456.00","1,456.80","1,453.48",5989078,8705005211.5,226309,3305165.0,55.19
2025-06-24,RELIANCE,EQ,"1,456.80","1,465.00","1,475.00","1,443.10","1,456.80","1,450.80","1,456.68",16402744,23893522923.2,284313,9541159.0,58.17
2025-06-25,RELIANCE,EQ,"1,450.80","1,464.00","1,472.40","1,460.50","1,467.60","1,467.30","1,467.46",7525851,11043861535.4,197720,4892013.0,65.00
2025-06-26,RELIANCE,EQ,"1,467.30","1,469.10","1,498.80","1,465.10","1,495.30","1,495.30","1,488.16",14657893,21813325246.1,247215,8878317.0,60.57
2025-06-27,RELIANCE,EQ,"1,495.30","1,499.40","1,522.00","1,496.90","1,514.00","1,515.40","1,511.99",11117052,16808908375.4,269877,6718471.0,60.43
2025-06-30,RELIANCE,EQ,"1,515.40","1,513.80","1,524.80","1,496.00","1,499.90","1,500.60","1,509.28",8409527,12692329820.1,242195,4974592.0,59.15
2025-07-01,RELIANCE,EQ,"1,500.60","1,500.60","1,531.40","1,500.10","1,526.80","1,528.40","1,522.95",10368523,15790750945.4,232573,5760652.0,55.56
2025-07-02,RELIANCE,EQ,"1,528.40","1,528.40","1,530.00","1,508.70","1,517.10","1,518.80","1,518.29",6361002,9657844399.4,183873,3082049.0,48.45
2025-07-03,RELIANCE,EQ,"1,518.80","1,520.80","1,531.90","1,513.00","1,515.00","1,517.80","1,520.57",11283291,17156979936.8,258008,4004213.0,35.49
2025-07-04,RELIANCE,EQ,"1,517.80","1,524.00","1,530.00","1,517.20","1,528.10","1,527.30","1,523.57",6603501,10060908691.0,167255,3984058.0,60.33
2025-07-07,RELIANCE,EQ,"1,527.30","1,526.60","1,544.80","1,525.00","1,540.50","1,541.50","1,539.06",7251074,11159858745.5,205134,4790308.0,66.06
2025-07-08,RELIANCE,EQ,"1,541.50","1,536.00","1,544.90","1,530.20","1,538.00","1,537.60","1,536.23",7171261,11016684351.6,191265,4236138.0,59.07
2025-07-09,RELIANCE,EQ,"1,537.60","1,536.70","1,551.00","1,510.10","1,520.50","1,519.00","1,532.97",8870660,13598441338.6,254524,5273816.0,59.45
2025-07-10,RELIANCE,EQ,"1,519.00","1,519.70","1,524.70","1,507.50","1,515.20","1,517.20","1,516.20",10047129,15233458376.4,289035,5054620.0,50.31
2025-07-11,RELIANCE,EQ,"1,517.20","1,512.00","1,515.00","1,490.30","1,495.00","1,495.20","1,496.06",7234991,10823982872.2,178490,5235926.0,72.37
2025-07-14,RELIANCE,EQ,"1,495.20","1,492.20","1,500.00","1,479.10","1,486.40","1,483.70","1,487.76",10311846,15341529534.7,186122,7980365.0,77.39
2025-07-15,RELIANCE,EQ,"1,483.70","1,486.20","1,496.50","1,482.40","1,488.50","1,485.40","1,487.92",8132454,12100448372.9,173756,5361113.0,65.92
2025-07-16,RELIANCE,EQ,"1,485.40","1,473.00","1,491.00","1,471.50","1,486.20","1,485.60","1,481.43",10409983,15421636574.6,191598,7155850.0,68.74
2025-07-17,RELIANCE,EQ,"1,485.60","1,487.40","1,489.60","1,473.90","1,478.70","1,476.40","1,479.78",11854613,17542205685.8,189733,7988502.0,67.39
2025-07-18,RELIANCE,EQ,"1,476.40","1,484.80","1,484.80","1,469.10","1,476.00","1,476.00","1,475.20",10296318,15189104342.0,222241,7806111.0,75.81
2025-07-21,RELIANCE,EQ,"1,476.00","1,465.00","1,476.00","1,423.10","1,428.20","1,428.60","1,435.24",22442744,32210751693.5,630358,15300469.0,68.18
2025-07-22,RELIANCE,EQ,"1,428.60","1,427.40","1,431.90","1,410.70","1,413.80","1,412.80","1,417.05",20396320,28902700383.4,504145,16046485.0,78.67
2025-07-23,RELIANCE,EQ,"1,412.80","1,426.00","1,426.00","1,414.40","1,425.00","1,424.60","1,421.41",8354596,11875315134.7,225103,5799080.0,69.41
2025-07-24,RELIANCE,EQ,"1,424.60","1,419.20","1,423.00","1,396.00","1,402.80","1,402.90","1,407.06",14740507,20740788758.3,314670,10145972.0,68.83
2025-07-25,RELIANCE,T0,"1,402.90","1,402.90","1,402.90","1,402.90","1,402.90","1,391.70","1,402.90",2,2805.8,2,1.0,50.00
2025-07-28,RELIANCE,EQ,"1,391.70","1,392.30","1,407.80","1,385.00","1,387.10","1,387.60","1,394.17",7748361,10802552328.1,198421,4903748.0,63.29
2025-07-29,RELIANCE,EQ,"1,387.60","1,383.00","1,420.20","1,383.00","1,416.60","1,417.10","1,402.99",10750072,15082211933.3,187813,7178436.0,66.78
2025-07-30,RELIANCE,EQ,"1,417.10","1,418.10","1,423.30","1,401.30","1,409.70","1,410.10","1,411.50",7209849,10176719970.8,167311,3930581.0,54.52
2025-07-31,RELIANCE,EQ,"1,410.10","1,388.10","1,402.60","1,382.20","1,390.00","1,390.20","1,392.63",17065827,23766374015.3,373516,11458014.0,67.14
2025-08-01,RELIANCE,EQ,"1,390.20","1,386.90","1,405.90","1,384.30","1,394.10","1,393.70","1,397.47",10321171,14423488951.8,208431,7159472.0,69.37
2025-08-04,RELIANCE,EQ,"1,393.70","1,395.10","1,416.10","1,391.70","1,410.20","1,411.50","1,410.61",6312820,8904907900.6,188246,3963011.0,62.78
2025-08-05,RELIANCE,EQ,"1,411.50","1,411.00","1,411.00","1,388.10","1,390.00","1,391.70","1,394.50",9315972,12991163046.8,238858,6109843.0,65.58
2025-08-06,RELIANCE,EQ,"1,391.70","1,391.90","1,395.90","1,383.30","1,393.00","1,392.80","1,390.57",5834312,8113006686.0,156725,3610090.0,61.88
2025-08-07,RELIANCE,EQ,"1,392.80","1,387.70","1,393.70","1,366.00","1,391.00","1,389.40","1,381.52",9976705,13783047743.5,293767,5609828.0,56.23
2025-08-08,RELIANCE,EQ,"1,389.40","1,385.00","1,397.20","1,365.00","1,366.20","1,367.80","1,374.93",8793606,12090591567.6,208137,5902434.0,67.12
2025-08-11,RELIANCE,EQ,"1,367.80","1,370.00","1,388.00","1,361.20","1,384.60","1,386.20","1,375.78",9997486,13754351256.5,226304,6307917.0,63.10
2025-08-12,RELIANCE,EQ,"1,386.20","1,381.90","1,401.90","1,375.20","1,381.00","1,380.40","1,386.76",12244664,16980368560.1,179433,7293929.0,59.57
2025-08-13,RELIANCE,EQ,"1,380.40","1,388.00","1,391.80","1,377.50","1,384.00","1,382.60","1,384.19",7457021,10321969058.7,208576,4902944.0,65.75
2025-08-14,RELIANCE,EQ,"1,382.60","1,377.30","1,380.70","1,370.10","1,372.90","1,373.80","1,375.17",7126128,9799629519.9,175588,3769500.0,52.90
2025-08-18,RELIANCE,EQ,"1,373.80","1,390.00","1,394.90","1,377.00","1,382.90","1,381.70","1,384.21",11785109,16313018769.8,319844,8114028.0,68.85
2025-08-19,RELIANCE,EQ,"1,381.70","1,390.00","1,421.00","1,389.10","1,421.00","1,420.10","1,413.60",14384719,20334296972.4,288664,7972340.0,55.42
2025-08-20,RELIANCE,EQ,"1,420.10","1,413.00","1,424.90","1,410.00","1,412.00","1,413.00","1,418.58",8725641,12377983949.7,196554,5538212.0,63.47
2025-08-21,RELIANCE,EQ,"1,413.00","1,425.00","1,431.90","1,420.30","1,424.30","1,424.80","1,427.55",11021323,15733474504.4,231863,5857893.0,53.15
2025-08-22,RELIANCE,EQ,"1,424.80","1,420.00","1,423.40","1,407.90","1,409.90","1,409.20","1,414.00",5818868,8227876997.3,137165,3228389.0,55.48
2025-08-25,RELIANCE,EQ,"1,409.20","1,414.70","1,419.50","1,405.70","1,413.70","1,412.60","1,412.48",5979407,8445789682.3,184067,3304471.0,55.26
2025-08-26,RELIANCE,EQ,"1,412.60","1,408.00","1,410.00","1,381.60","1,383.80","1,384.90","1,390.78",12145259,16891359345.3,201578,8289888.0,68.26
2025-08-28,RELIANCE,EQ,"1,384.90","1,389.90","1,392.20","1,366.50","1,390.90","1,385.90","1,380.78",13161813,18173599832.0,252423,7761123.0,58.97
2025-08-29,RELIANCE,EQ,"1,385.90","1,381.10","1,403.50","1,350.00","1,356.00","1,357.20","1,375.14",18758842,25796085387.6,348532,9144810.0,48.75
2025-09-01,RELIANCE,EQ,"1,357.20","1,356.00","1,363.20","1,340.60","1,355.00","1,353.90","1,353.99",11232238,15208377268.5,249574,6277512.0,55.89
2025-09-02,RELIANCE,EQ,"1,353.90","1,354.80","1,384.50","1,354.50","1,367.50","1,366.50","1,374.28",11517006,15827620364.3,235433,4433317.0,38.49
2025-09-03,RELIANCE,EQ,"1,366.50","1,369.70","1,376.50","1,360.50","1,372.00","1,372.60","1,368.85",7847563,10742161678.4,209277,4186363.0,53.35
2025-09-04,RELIANCE,EQ,"1,372.60","1,371.80","1,374.00","1,357.10","1,359.10","1,359.30","1,363.97",13223177,18035988833.7,200473,6433957.0,48.66
2025-09-05,RELIANCE,EQ,"1,359.30","1,363.00","1,381.00","1,359.30","1,375.70","1,375.00","1,370.36",5777575,7917373815.6,142951,2689378.0,46.55
2025-09-08,RELIANCE,BL,"1,238.85","1,375.00","1,375.00","1,375.00","1,375.00","1,375.00","1,375.00",517192,711139000.0,1,,-
2025-09-09,RELIANCE,EQ,"1,378.50","1,376.60","1,381.20","1,368.70","1,376.10","1,376.20","1,375.44",9754452,13416675656.7,209637,5172686.0,53.03
2025-09-10,RELIANCE,EQ,"1,376.20","1,383.90","1,388.50","1,374.10","1,377.50","1,377.00","1,380.12",7790815,10752266849.2,222655,5000359.0,64.18
2025-09-11,RELIANCE,EQ,"1,377.00","1,376.00","1,385.50","1,375.00","1,382.10","1,383.30","1,382.49",9766072,13501479258.5,173431,3885694.0,39.79
2025-09-12,RELIANCE,EQ,"1,383.30","1,383.30","1,396.30","1,380.50","1,395.00","1,395.00","1,392.69",7403368,10310608459.5,156369,4799871.0,64.83
2025-09-15,RELIANCE,EQ,"1,395.00","1,393.00","1,400.80","1,388.60","1,399.30","1,399.30","1,395.97",5396697,7533635758.2,130728,2686847.0,49.79
2025-09-16,RELIANCE,EQ,"1,399.30","1,404.70","1,408.00","1,398.20","1,405.90","1,405.30","1,404.00",8686961,12196451860.1,170452,3785461.0,43.58
2025-09-17,RELIANCE,EQ,"1,405.30","1,407.00","1,416.20","1,406.90","1,413.00","1,413.80","1,412.05",7519417,10617806261.0,189638,4026871.0,53.55
2025-09-18,RELIANCE,EQ,"1,413.80","1,420.40","1,422.00","1,410.70","1,415.00","1,415.00","1,415.31",9332642,13208589778.1,182559,4990691.0,53.48
2025-09-19,RELIANCE,EQ,"1,415.00","1,414.90","1,417.00","1,403.60","1,407.60","1,407.40","1,408.43",13461373,18959342246.1,143644,9215393.0,68.46
2025-09-22,RELIANCE,EQ,"1,407.40","1,403.90","1,410.70","1,388.00","1,390.90","1,390.60","1,400.91",7757970,10868228760.6,136991,4210604.0,54.27
2025-09-23,RELIANCE,EQ,"1,390.60","1,391.00","1,395.00","1,376.80","1,390.50","1,389.80","1,387.57",14014702,19446355038.7,210931,5947857.0,42.44
2025-09-24,RELIANCE,EQ,"1,389.80","1,385.30","1,396.00","1,380.40","1,381.10","1,383.00","1,387.32",5922759,8216778017.5,120399,3042640.0,51.37
2025-09-25,RELIANCE,EQ,"1,383.00","1,381.30","1,384.50","1,369.00","1,374.80","1,372.40","1,375.53",11411143,15696373894.0,155102,5524953.0,48.42
2025-09-26,RELIANCE,EQ,"1,372.40","1,372.00","1,382.70","1,366.00","1,379.00","1,377.60","1,376.37",9879109,13597342647.0,148644,5814241.0,58.85
2025-09-29,RELIANCE,EQ,"1,377.60","1,381.60","1,389.00","1,368.00","1,376.00","1,372.80","1,375.78",14231999,19580110793.7,213268,7813128.0,54.90
2025-09-30,RELIANCE,EQ,"1,372.80","1,377.10","1,377.10","1,362.80","1,364.00","1,364.00","1,366.52",14604684,19957582304.9,223375,7034845.0,48.17
2025-10-01,RELIANCE,EQ,"1,364.00","1,367.00","1,378.60","1,362.70","1,370.00","1,368.70","1,369.56",12045916,16497635567.1,258017,6626990.0,55.01
2025-10-03,RELIANCE,EQ,"1,368.70","1,363.20","1,371.60","1,356.90","1,363.30","1,363.40","1,362.13",12842347,17492914973.8,216161,8125598.0,63.27
2025-10-06,RELIANCE,EQ,"1,363.40","1,360.00","1,377.40","1,359.00","1,374.90","1,375.00","1,367.85",12396580,16956655218.3,184550,8559342.0,69.05
2025-10-07,RELIANCE,EQ,"1,375.00","1,376.00","1,395.90","1,375.90","1,384.50","1,384.80","1,386.79",11244040,15593176402.2,196055,4161773.0,37.01
2025-10-08,RELIANCE,EQ,"1,384.80","1,384.80","1,389.00","1,364.50","1,367.30","1,367.40","1,371.62",8525081,11693212975.1,214245,4418059.0,51.82
2025-10-09,RELIANCE,EQ,"1,367.40","1,374.00","1,380.00","1,369.10","1,376.50","1,377.80","1,376.25",8826633,12147669213.5,217890,4061507.0,46.01
2025-10-10,RELIANCE,EQ,"1,377.80","1,377.80","1,388.00","1,375.10","1,380.90","1,381.70","1,383.21",6373084,8815317323.1,193985,3342511.0,52.45
2025-10-13,RELIANCE,EQ,"1,381.70","1,376.90","1,377.70","1,367.80","1,376.00","1,375.00","1,372.70",7600682,10433492493.5,175585,2953669.0,38.86
2025-10-14,RELIANCE,EQ,"1,375.00","1,380.00","1,388.00","1,370.10","1,374.90","1,375.90","1,377.47",9768174,13455395764.8,164937,3550018.0,36.34
2025-10-15,RELIANCE,EQ,"1,375.90","1,383.00","1,384.00","1,372.70","1,374.70","1,374.30","1,377.15",10882743,14987155897.3,239811,6860468.0,63.04
2025-10-16,RELIANCE,EQ,"1,374.30","1,375.10","1,400.50","1,375.00","1,398.50","1,398.30","1,387.20",12315932,17084636046.8,287913,7090367.0,57.57
2025-10-17,RELIANCE,EQ,"1,398.30","1,401.00","1,423.30","1,399.10","1,419.10","1,416.80","1,413.78",19335561,27336205033.0,350761,10690779.0,55.29
2025-10-20,RELIANCE,EQ,"1,416.80","1,440.00","1,473.80","1,433.30","1,467.90","1,466.80","1,461.76",24721978,36137673257.5,512798,13700787.0,55.42
2025-10-21,RELIANCE,EQ,"1,466.80","1,468.00","1,474.00","1,460.00","1,461.00","1,465.20","1,467.87",2066169,3032861642.8,86819,1001878.0,48.49
2025-10-23,RELIANCE,EQ,"1,465.20","1,475.00","1,482.90","1,444.60","1,448.00","1,448.40","1,464.71",18707090,27400374842.5,376220,10338619.0,55.27
2025-10-24,RELIANCE,EQ,"1,448.40","1,450.00","1,459.80","1,441.00","1,451.10","1,451.60","1,450.25",9700837,14068622023.2,221258,4990318.0,51.44
2025-10-27,RELIANCE,EQ,"1,451.60","1,463.00","1,485.00","1,458.00","1,483.20","1,484.10","1,480.24",14113867,20891882342.5,274839,9657852.0,68.43
2025-10-28,RELIANCE,EQ,"1,484.10","1,484.10","1,492.00","1,477.60","1,489.70","1,486.90","1,484.96",17631577,26182248923.9,314894,8669771.0,49.17
2025-10-29,RELIANCE,EQ,"1,486.90","1,490.00","1,508.30","1,488.10","1,504.00","1,504.20","1,502.67",11884745,17858800582.6,219504,6117995.0,51.48
2025-10-30,RELIANCE,EQ,"1,504.20","1,500.00","1,503.10","1,484.00","1,489.50","1,488.50","1,492.27",9318663,13905920959.9,276397,4083872.0,43.82
2025-10-31,RELIANCE,EQ,"1,488.50","1,490.40","1,497.50","1,482.30","1,487.00","1,486.40","1,487.80",8758053,13030257785.3,206898,5197373.0,59.34
2025-11-03,RELIANCE,EQ,"1,486.40","1,486.00","1,495.00","1,479.30","1,487.30","1,484.70","1,488.29",8452085,12579161982.9,245664,4106209.0,48.58
2025-11-04,RELIANCE,EQ,"1,484.70","1,483.90","1,492.80","1,470.10","1,471.10","1,473.10","1,480.96",10007806,14821144472.7,218103,4092497.0,40.89
2025-11-06,RELIANCE,EQ,"1,473.10","1,484.00","1,501.60","1,476.20","1,494.80","1,496.10","1,494.08",16772678,25059656533.3,269902,9133200.0,54.45
2025-11-07,RELIANCE,EQ,"1,496.10","1,494.60","1,498.40","1,475.90","1,480.00","1,478.00","1,486.71",7821765,11628733264.1,139608,4772863.0,61.02
2025-11-10,RELIANCE,EQ,"1,478.00","1,477.90","1,501.00","1,475.50","1,490.10","1,489.30","1,492.69",7068438,10550978254.3,154602,4298505.0,60.81
2025-11-11,RELIANCE,EQ,"1,489.30","1,497.00","1,498.80","1,480.20","1,493.80","1,493.40","1,489.58",7127506,10616976771.8,149607,3557777.0,49.92
2025-11-12,RELIANCE,EQ,"1,493.40","1,505.00","1,524.70","1,500.00","1,511.80","1,511.50","1,515.00",12384459,18762517172.2,252417,7862490.0,63.49
2025-11-13,RELIANCE,EQ,"1,511.50","1,515.00","1,522.10","1,506.80","1,512.10","1,510.90","1,514.35",7196443,10897956389.7,209774,4619589.0,64.19
2025-11-14,RELIANCE,EQ,"1,510.90","1,505.50","1,520.90","1,505.50","1,518.20","1,518.90","1,516.51",7682823,11651084505.3,194941,5426632.0,70.63
2025-11-17,RELIANCE,EQ,"1,518.90","1,520.90","1,523.70","1,511.50","1,518.00","1,518.30","1,516.89",5871416,8906294222.3,123473,3191232.0,54.35
2025-11-18,RELIANCE,EQ,"1,518.30","1,521.70","1,527.80","1,510.50","1,520.00","1,519.40","1,520.18",11045042,16790505249.5,165850,5992310.0,54.25
2025-11-19,RELIANCE,EQ,"1,519.40","1,517.40","1,522.30","1,512.00","1,519.00","1,518.90","1,518.64",5692366,8644640452.7,131481,3425018.0,60.17
2025-11-20,RELIANCE,EQ,"1,518.90","1,530.00","1,550.90","1,526.70","1,549.50","1,549.10","1,543.57",18171724,28049306041.5,246552,12259441.0,67.46
2025-11-21,RELIANCE,BL,"1,519.40","1,534.00","1,534.00","1,534.00","1,534.00","1,534.00","1,534.00",352107,540132138.0,1,,-
2025-11-24,RELIANCE,EQ,"1,546.60","1,550.00","1,550.00","1,531.80","1,534.90","1,535.90","1,537.26",18433951,28337841303.4,198313,12818848.0,69.54
2025-11-25,RELIANCE,EQ,"1,535.90","1,535.90","1,559.60","1,525.10","1,540.00","1,539.70","1,546.34",15033482,23246909829.7,299805,7863116.0,52.30
2025-11-26,RELIANCE,EQ,"1,539.70","1,542.30","1,571.60","1,540.50","1,569.60","1,569.90","1,562.98",14054299,21966588733.9,285274,8561296.0,60.92
2025-11-27,RELIANCE,EQ,"1,569.90","1,575.00","1,575.50","1,556.00","1,564.80","1,563.40","1,563.68",9794643,15315704900.9,278929,5655438.0,57.74
2025-11-28,RELIANCE,EQ,"1,563.40","1,568.00","1,581.30","1,563.00","1,569.00","1,567.50","1,571.94",8959508,14083838960.4,229373,4892138.0,54.60
2025-12-01,RELIANCE,EQ,"1,567.50","1,575.00","1,577.50","1,563.60","1,566.50","1,566.10","1,571.31",8920233,14016486649.5,292601,4919907.0,55.15
2025-12-02,RELIANCE,EQ,"1,566.10","1,561.10","1,567.50","1,542.00","1,548.30","1,546.30","1,550.62",11389150,17660297036.3,323713,7433861.0,65.27
2025-12-03,RELIANCE,EQ,"1,546.30","1,545.20","1,552.40","1,533.00","1,539.10","1,538.80","1,539.45",6090883,9376593978.9,156721,4053636.0,66.55
2025-12-04,RELIANCE,EQ,"1,538.80","1,536.00","1,560.50","1,517.60","1,525.30","1,535.60","1,543.73",11867930,18320833054.6,203260,7707822.0,64.95
2025-12-05,RELIANCE,EQ,"1,535.60","1,530.40","1,545.80","1,520.60","1,544.60","1,540.60","1,534.80",10183266,15629290582.5,181528,6539615.0,64.22
2025-12-08,RELIANCE,EQ,"1,540.60","1,539.20","1,551.00","1,535.00","1,539.90","1,543.00","1,540.71",11301491,17412309977.7,182756,6613331.0,58.52
2025-12-09,RELIANCE,EQ,"1,543.00","1,540.30","1,542.50","1,520.10","1,532.40","1,529.40","1,530.00",11503971,17601083501.2,205129,6492653.0,56.44
2025-12-10,RELIANCE,EQ,"1,529.40","1,534.00","1,547.50","1,531.40","1,533.50","1,536.90","1,539.72",7991629,12304893787.5,202989,5365813.0,67.14
2025-12-11,RELIANCE,EQ,"1,536.90","1,536.90","1,550.00","1,524.00","1,543.00","1,545.00","1,540.61",4706197,7250428118.4,168155,2212402.0,47.01
2025-12-12,RELIANCE,EQ,"1,545.00","1,550.80","1,559.80","1,546.10","1,554.30","1,556.50","1,555.21",5106655,7941940758.5,139702,3405248.0,66.68
2025-12-15,RELIANCE,EQ,"1,556.50","1,551.20","1,558.60","1,546.50","1,557.00","1,556.20","1,553.69",5774543,8971836560.7,185872,3925713.0,67.98
2025-12-16,RELIANCE,EQ,"1,556.20","1,545.00","1,551.70","1,538.80","1,540.70","1,542.30","1,544.30",11731856,18117538818.1,246980,4405594.0,37.55
2025-12-17,RELIANCE,EQ,"1,542.30","1,550.00","1,550.00","1,539.30","1,545.10","1,544.40","1,544.14",7116649,10989103491.9,176852,3802545.0,53.43
2025-12-18,RELIANCE,EQ,"1,544.40","1,535.20","1,551.50","1,535.20","1,543.50","1,544.40","1,545.30",6580829,10169353778.0,175814,3202789.0,48.67
2025-12-19,RELIANCE,EQ,"1,544.40","1,554.40","1,574.20","1,551.00","1,564.90","1,565.10","1,566.60",13937275,21834130206.8,279233,9411406.0,67.53
2025-12-22,RELIANCE,EQ,"1,565.10","1,573.50","1,577.50","1,565.30","1,577.00","1,575.40","1,571.96",10184852,16010206159.5,371017,6779085.0,66.56
2025-12-23,RELIANCE,EQ,"1,575.40","1,580.90","1,580.90","1,568.10","1,569.00","1,570.70","1,573.01",7506564,11807916323.5,179265,2344588.0,31.23
2025-12-24,RELIANCE,EQ,"1,570.70","1,572.70","1,575.70","1,553.60","1,560.60","1,558.20","1,559.55",8815745,13748600530.9,243970,4392605.0,49.83
2025-12-26,RELIANCE,EQ,"1,558.20","1,554.70","1,561.00","1,554.30","1,560.00","1,559.20","1,558.05",2311495,3601435338.7,81976,1282416.0,55.48
2025-12-29,RELIANCE,EQ,"1,559.20","1,554.90","1,558.10","1,543.60","1,546.70","1,545.60","1,547.80",5972105,9243616142.3,158162,2987586.0,50.03
2025-12-30,RELIANCE,EQ,"1,545.60","1,547.00","1,553.60","1,537.80","1,541.00","1,539.80","1,543.21",8815884,13604745435.0,199428,4965382.0,56.32
2025-12-31,RELIANCE,EQ,"1,539.80","1,541.00","1,577.00","1,541.00","1,569.00","1,570.40","1,566.86",5771830,9043650348.5,141792,2978159.0,51.6
2026-01-01,RELIANCE,EQ,"1,570.40","1,573.70","1,592.50","1,571.10","1,572.90","1,575.60","1,578.67",6408128,10116346867.1,134062,2100118.0,32.77
2026-01-02,RELIANCE,EQ,"1,575.60","1,580.00","1,594.60","1,578.20","1,593.00","1,592.30","1,589.16",6602230,10491999169.4,156023,4876895.0,73.87
2026-01-05,RELIANCE,EQ,"1,592.30","1,593.00","1,611.80","1,575.30","1,577.00","1,578.10","1,589.36",8704973,13835333400.1,227204,5829320.0,66.97
2026-01-06,RELIANCE,EQ,"1,578.10","1,569.00","1,569.00","1,496.30","1,508.90","1,507.60","1,516.17",27417125,41569080602.2,583917,13827457.0,50.43
2026-01-07,RELIANCE,EQ,"1,507.60","1,510.00","1,520.00","1,498.00","1,505.10","1,504.20","1,506.81",11199340,16875253099.5,302077,6718330.0,59.99
2026-01-08,RELIANCE,EQ,"1,504.20","1,500.00","1,503.90","1,468.80","1,470.70","1,470.60","1,477.72",16518684,24410037550.1,443727,11541052.0,69.87
2026-01-09,RELIANCE,EQ,"1,470.60","1,465.00","1,479.90","1,465.00","1,476.00","1,475.30","1,472.13",8335311,12270672520.9,237412,4678450.0,56.13
2026-01-12,RELIANCE,EQ,"1,475.30","1,475.30","1,485.30","1,451.00","1,484.00","1,483.20","1,469.79",8883745,13057259395.4,236827,4884119.0,54.98
2026-01-13,RELIANCE,EQ,"1,483.20","1,485.00","1,485.80","1,444.70","1,456.90","1,452.80","1,457.67",13499760,19678131155.4,289198,5901025.0,43.71
2026-01-14,RELIANCE,EQ,"1,452.80","1,444.00","1,467.00","1,440.20","1,458.80","1,458.80","1,458.22",8321764,12134950551.2,167816,3893699.0,46.79
2026-01-16,RELIANCE,EQ,"1,458.80","1,458.80","1,480.00","1,455.10","1,461.00","1,457.90","1,464.15",17167161,25135247618.0,289037,11151787.0,64.96
2026-01-19,RELIANCE,EQ,"1,457.90","1,450.60","1,450.60","1,403.30","1,413.20","1,413.60","1,415.36",20392765,28863128634.1,569720,10847268.0,53.19
2026-01-20,RELIANCE,EQ,"1,413.60","1,410.70","1,416.00","1,390.00","1,392.40","1,394.00","1,401.05",13189498,18479164578.5,382470,6601674.0,50.05
2026-01-21,RELIANCE,EQ,"1,394.00","1,389.50","1,412.90","1,373.00","1,407.50","1,404.60","1,399.14",17352720,24278965746.3,412452,8416217.0,48.5
2026-01-22,RELIANCE,EQ,"1,404.60","1,410.10","1,419.50","1,395.00","1,404.10","1,402.50","1,403.80",15721693,22070150220.1,391641,7029268.0,44.71
2026-01-23,RELIANCE,EQ,"1,402.50","1,401.80","1,407.00","1,381.00","1,387.00","1,386.10","1,391.32",9837802,13687560136.7,263283,5041469.0,51.25
2026-01-27,RELIANCE,EQ,"1,386.10","1,380.00","1,391.60","1,368.00","1,384.00","1,380.50","1,381.87",26302396,36346567203.1,337571,16574037.0,63.01
2026-01-28,RELIANCE,EQ,"1,380.50","1,385.00","1,409.90","1,384.90","1,398.50","1,396.70","1,396.85",11121657,15535335257.6,209556,6458005.0,58.07
2026-01-29,RELIANCE,EQ,"1,396.70","1,402.90","1,402.90","1,384.00","1,386.90","1,391.00","1,393.55",20846683,29050818209.0,295986,13114958.0,62.91
2026-01-30,RELIANCE,EQ,"1,391.00","1,382.60","1,398.00","1,378.50","1,397.00","1,395.40","1,391.25",11239835,15637418399.5,159638,8394885.0,74.69
2026-02-01,RELIANCE,EQ,"1,395.40","1,396.00","1,411.00","1,335.00","1,342.80","1,347.00","1,377.13",9714528,13378145108.7,236369,4472543.0,46.04
2026-02-02,RELIANCE,EQ,"1,347.00","1,340.00","1,392.90","1,335.50","1,388.00","1,390.40","1,373.27",15711165,21575643258.5,379997,9829010.0,62.56
2026-02-03,RELIANCE,EQ,"1,390.40","1,473.90","1,489.50","1,430.20","1,438.00","1,437.10","1,445.70",25456171,36802006349.1,360494,15456249.0,60.72
2026-02-04,RELIANCE,EQ,"1,437.10","1,444.00","1,464.00","1,440.30","1,455.40","1,456.80","1,455.35",8333387,12127957783.7,189873,4811817.0,57.74
2026-02-05,RELIANCE,EQ,"1,456.80","1,457.00","1,461.50","1,439.50","1,441.90","1,443.40","1,444.91",11763658,16997446034.9,206465,6022075.0,51.19
2026-02-06,RELIANCE,EQ,"1,443.40","1,441.50","1,452.80","1,433.50","1,451.00","1,450.80","1,442.78",8277304,11942366313.0,133331,3361089.0,40.61
2026-02-09,RELIANCE,EQ,"1,450.80","1,458.00","1,465.90","1,453.00","1,461.20","1,461.60","1,462.26",5775864,8445811902.3,127171,3769208.0,65.26
2026-02-10,RELIANCE,EQ,"1,461.60","1,471.00","1,471.00","1,452.20","1,456.20","1,458.50","1,459.23",10259630,14971196098.3,181163,3096776.0,30.18
2026-02-11,RELIANCE,EQ,"1,458.50","1,459.60","1,470.00","1,453.60","1,469.00","1,468.70","1,465.14",7106877,10412535997.8,200342,4110465.0,57.84
2026-02-12,RELIANCE,EQ,"1,468.70","1,470.00","1,473.00","1,445.50","1,449.90","1,448.90","1,453.64",11135399,16186860274.5,195451,4230307.0,37.99
2026-02-13,RELIANCE,EQ,"1,448.90","1,445.50","1,450.70","1,416.30","1,418.60","1,419.60","1,423.73",10755693,15313221949.7,182348,6850399.0,63.69
2026-02-16,RELIANCE,EQ,"1,419.60","1,420.10","1,439.60","1,409.30","1,434.10","1,437.10","1,426.07",5896514,8408865413.3,160094,2667845.0,45.24
2026-02-17,RELIANCE,EQ,"1,437.10","1,431.10","1,431.80","1,418.60","1,424.20","1,423.00","1,423.10",10731630,15272175589.4,189670,3002495.0,27.98
2026-02-18,RELIANCE,EQ,"1,423.00","1,427.00","1,442.10","1,419.20","1,441.00","1,441.30","1,432.14",5521096,7906956447.4,121784,2260500.0,40.94
2026-02-19,RELIANCE,EQ,"1,441.30","1,443.00","1,443.00","1,400.00","1,407.20","1,409.50","1,415.94",11884664,16827934160.1,221944,2827496.0,23.79
2026-02-20,RELIANCE,EQ,"1,409.50","1,409.50","1,427.40","1,406.10","1,419.10","1,419.40","1,420.00",8177670,11612283011.4,161489,3391951.0,41.48
2026-02-23,RELIANCE,EQ,"1,419.40","1,425.00","1,434.90","1,418.30","1,425.00","1,428.00","1,425.50",7758856,11060270073.7,140217,3421775.0,44.1
2026-02-24,RELIANCE,EQ,"1,428.00","1,425.30","1,433.30","1,415.00","1,431.10","1,428.80","1,424.96",12529409,17853917144.1,196324,5007284.0,39.96
2026-02-25,RELIANCE,EQ,"1,428.80","1,435.00","1,440.50","1,393.50","1,400.80","1,398.50","1,414.07",10728792,15171307392.7,204165,5011078.0,46.71
2026-02-26,RELIANCE,EQ,"1,398.50","1,398.50","1,412.90","1,391.90","1,409.00","1,406.80","1,404.01",16683858,23424295896.5,242404,3827331.0,22.94
2026-02-27,RELIANCE,EQ,"1,406.80","1,398.00","1,410.40","1,388.10","1,394.90","1,393.90","1,397.46",12031440,16813512507.2,195405,7376442.0,61.31
2026-03-02,RELIANCE,EQ,"1,393.90","1,375.50","1,378.60","1,341.50","1,360.00","1,358.00","1,358.19",23728722,32228124369.6,384813,10106057.0,42.59
2026-03-04,RELIANCE,EQ,"1,358.00","1,330.00","1,352.80","1,307.00","1,345.20","1,345.00","1,334.60",32495007,43367943821.3,643399,20714128.0,63.75
2026-03-05,RELIANCE,EQ,"1,345.00","1,353.10","1,399.00","1,353.10","1,386.40","1,389.40","1,383.03",25957532,35899997226.1,339169,12618188.0,48.61
2026-03-06,RELIANCE,EQ,"1,389.40","1,396.50","1,424.30","1,390.30","1,407.00","1,404.80","1,412.87",19311971,27285257299.5,291792,10743452.0,55.63
2026-03-09,RELIANCE,EQ,"1,404.80","1,375.00","1,429.40","1,370.00","1,418.60","1,424.00","1,404.08",24870822,34920585822.3,363998,11723015.0,47.14
2026-03-10,RELIANCE,EQ,"1,424.00","1,430.60","1,431.50","1,400.60","1,410.90","1,408.80","1,410.92",18071259,25497167382.5,266712,6133565.0,33.94
2026-03-11,RELIANCE,EQ,"1,408.80","1,424.90","1,434.00","1,383.60","1,386.80","1,390.20","1,402.95",21848087,30651692543.4,358595,9837323.0,45.03
2026-03-12,RELIANCE,EQ,"1,390.20","1,390.00","1,410.90","1,381.10","1,390.00","1,392.20","1,397.56",20939959,29264877793.7,370385,8971814.0,42.85
2026-03-13,RELIANCE,EQ,"1,392.20","1,385.20","1,400.80","1,378.40","1,382.10","1,380.70","1,388.25",17265090,23968236254.7,315335,8282491.0,47.97
2026-03-16,RELIANCE,EQ,"1,380.70","1,380.00","1,397.30","1,363.50","1,394.00","1,395.10","1,384.52",22837802,31619378231.5,293132,12205501.0,53.44
2026-03-17,RELIANCE,EQ,"1,395.10","1,399.00","1,405.90","1,388.20","1,394.80","1,397.60","1,398.21",19007744,26576882526.6,273340,6726169.0,35.39
2026-03-18,RELIANCE,EQ,"1,397.60","1,397.20","1,412.90","1,397.20","1,407.20","1,408.10","1,408.59",9559327,13465178867.7,212371,5294209.0,55.38
2026-03-19,RELIANCE,EQ,"1,408.10","1,388.00","1,415.70","1,376.10","1,392.00","1,384.80","1,394.72",16498373,23010687830.5,305792,6933893.0,42.03
2026-03-20,RELIANCE,EQ,"1,384.80","1,398.00","1,430.00","1,396.10","1,413.60","1,414.40","1,418.94",22994918,32628466606.5,315139,12900815.0,56.1
2026-03-23,RELIANCE,EQ,"1,414.40","1,400.00","1,415.60","1,391.00","1,404.00","1,407.80","1,404.46",18979554,26655971496.8,385355,12347858.0,65.06
2026-03-24,RELIANCE,EQ,"1,407.80","1,420.00","1,422.40","1,406.60","1,414.00","1,411.80","1,413.20",18620893,26315089062.4,304313,9406770.0,50.52
2026-03-25,RELIANCE,EQ,"1,411.80","1,420.00","1,430.50","1,408.40","1,413.80","1,413.10","1,418.75",19041331,27014940455.5,313024,9035741.0,47.45
2026-03-27,RELIANCE,EQ,"1,413.10","1,401.00","1,404.70","1,345.00","1,348.00","1,348.10","1,359.97",23266517,31641734742.5,546051,12576544.0,54.05
2026-03-30,RELIANCE,EQ,"1,348.10","1,335.00","1,365.00","1,334.10","1,348.30","1,343.90","1,347.25",24393861,32864544984.7,426526,11425618.0,46.84
2026-04-01,RELIANCE,EQ,"1,343.90","1,384.20","1,384.40","1,362.90","1,369.50","1,369.20","1,372.02",14404619,19763387955.3,241179,7282785.0,50.56
2026-04-02,RELIANCE,EQ,"1,369.20","1,357.00","1,358.20","1,328.00","1,350.90","1,350.50","1,346.65",21280051,28656873097.2,335321,8175832.0,38.42
2026-04-06,RELIANCE,EQ,"1,350.50","1,359.00","1,359.00","1,290.00","1,306.00","1,304.70","1,306.37",29274881,38243783551.0,584670,14516258.0,49.59
2026-04-07,RELIANCE,EQ,"1,304.70","1,295.00","1,308.30","1,291.00","1,307.30","1,304.60","1,298.73",28388922,36869641751.6,364146,13097750.0,46.14
2026-04-08,RELIANCE,EQ,"1,304.60","1,349.00","1,350.60","1,326.20","1,349.40","1,347.80","1,343.02",21817543,29301422736.4,434059,10468433.0,47.98
2026-04-09,RELIANCE,EQ,"1,347.80","1,346.00","1,350.00","1,326.30","1,330.00","1,330.00","1,333.26",20725390,27632249237.2,277395,7504004.0,36.21
2026-04-10,RELIANCE,EQ,"1,330.00","1,337.00","1,352.30","1,331.50","1,350.00","1,350.20","1,346.97",19364461,26083304335.7,228260,11281336.0,58.26
2026-04-13,RELIANCE,EQ,"1,350.20","1,321.20","1,327.60","1,310.00","1,314.00","1,315.10","1,316.46",28753269,37852516273.6,456747,14244342.0,49.54
2026-04-15,RELIANCE,EQ,"1,315.10","1,337.00","1,347.00","1,334.20","1,342.90","1,344.10","1,340.02",15313779,20520818325.6,259818,7805326.0,50.97
2026-04-16,RELIANCE,EQ,"1,344.10","1,352.00","1,353.80","1,330.00","1,345.90","1,343.30","1,338.46",30211012,40436195396.3,333177,8252499.0,27.32
2026-04-17,RELIANCE,EQ,"1,343.30","1,340.00","1,368.40","1,340.00","1,364.90","1,365.00","1,359.14",13869105,18850089777.3,226433,6045217.0,43.59
2026-04-20,RELIANCE,EQ,"1,365.00","1,363.20","1,373.00","1,352.80","1,361.10","1,363.30","1,365.92",13614733,18596570380.6,240331,5936535.0,43.6
2026-04-21,RELIANCE,EQ,"1,363.30","1,359.00","1,369.80","1,350.10","1,354.90","1,353.30","1,356.60",27293629,37026449570.4,297701,13024765.0,47.72
2026-04-22,RELIANCE,EQ,"1,353.30","1,350.30","1,366.00","1,349.10","1,362.00","1,362.10","1,360.40",9525953,12959100398.9,153909,5874226.0,61.67
2026-04-23,RELIANCE,T0,"1,362.10","1,346.00","1,346.00","1,346.00","1,346.00","1,343.40","1,346.00",1,1346.0,1,1.0,100.0
2026-04-24,RELIANCE,EQ,"1,343.40","1,340.00","1,345.90","1,325.00","1,331.00","1,327.80","1,333.01",11744802,15655932416.2,197088,8024498.0,68.32
2026-04-27,RELIANCE,EQ,"1,327.80","1,313.00","1,371.60","1,311.00","1,370.00","1,365.80","1,346.48",24673098,33221715766.8,301732,15984680.0,64.79
2026-04-28,RELIANCE,EQ,"1,365.80","1,358.00","1,395.20","1,357.00","1,393.00","1,388.90","1,380.39",41027699,56634360964.6,371160,26885393.0,65.53
2026-04-29,RELIANCE,EQ,"1,388.90","1,392.00","1,433.80","1,391.30","1,430.00","1,425.40","1,418.23",30542143,43315858969.9,377101,20507763.0,67.15
2026-04-30,RELIANCE,EQ,"1,425.40","1,409.00","1,437.00","1,393.10","1,436.00","1,430.80","1,416.42",30957881,43849430496.9,364569,16283197.0,52.6
2026-05-04,RELIANCE,EQ,"1,430.80","1,433.40","1,467.40","1,433.40","1,467.20","1,463.10","1,454.00",24035700,34947863091.0,417403,16691429.0,69.44
2026-05-05,RELIANCE,EQ,"1,463.10","1,460.00","1,473.40","1,450.00","1,462.50","1,463.60","1,461.45",23543341,34407523385.1,312401,10544782.0,44.79
2026-05-06,RELIANCE,EQ,"1,463.60","1,463.00","1,473.30","1,427.50","1,438.70","1,437.90","1,444.41",14221786,20542051719.1,282129,6769167.0,47.6
2026-05-07,RELIANCE,EQ,"1,437.90","1,438.80","1,449.50","1,430.30","1,435.50","1,436.20","1,438.64",19816903,28509373904.5,286996,4261570.0,21.5
2026-05-08,RELIANCE,EQ,"1,436.20","1,426.00","1,442.80","1,417.50","1,436.00","1,435.20","1,428.37",8663105,12374131086.6,173992,4635608.0,53.51
2026-05-11,RELIANCE,EQ,"1,435.20","1,420.00","1,428.00","1,382.00","1,385.30","1,388.20","1,402.78",15261787,21408932295.6,240591,9376027.0,61.43
2026-05-12,RELIANCE,EQ,"1,388.20","1,392.00","1,393.50","1,360.30","1,366.50","1,364.00","1,375.76",24357500,33509995739.5,405245,10240938.0,42.04
2026-05-13,RELIANCE,EQ,"1,364.00","1,361.40","1,372.40","1,352.40","1,361.20","1,358.80","1,360.83",13797989,18776783797.9,253418,8419138.0,61.02
2026-05-14,RELIANCE,EQ,"1,358.80","1,365.20","1,378.00","1,358.40","1,368.50","1,361.80","1,365.93",17303059,23634693081.4,312686,8049788.0,46.52
2026-05-15,RELIANCE,EQ,"1,361.80","1,356.80","1,364.80","1,329.20","1,339.00","1,336.40","1,339.37",19976192,26755567751.4,276450,13447636.0,67.32
